id,name,category,price,stock,description,indication,dosage,ingredients,benefits,side_effects,expiry,type,photo,is_active,tags
1771,Stimuno Gummy,Vitamin & Suplemen,116666.0,168,Ekstrak Phyllanthus niruri,Memelihara daya tahan tubuh,Dosis sesuai anjuran dokter. Dexa Medica,Ekstrak Phyllanthus niruri,Memelihara daya tahan tubuh,Mual ringan,2028-03-15,Tablet,,True,[]
1772,Betadine Solution 10,Obat Kulit & Luka,65431.0,296,Povidone Iodine 10%,Antiseptik luka ringan,Dosis sesuai anjuran dokter. Mundipharma,Povidone Iodine 10%,Antiseptik luka ringan,Iritasi lokal; rasa perih,2028-03-15,Tablet,,True,[]
1773,Bejo Jahe Merah Sirup,Herbal & Tradisional,15307.0,247,Jahe merah; Herbal extract,Masuk angin; tenggorokan tidak nyaman,Dosis sesuai anjuran dokter. Bintang Toedjoe,Jahe merah; Herbal extract,Masuk angin; tenggorokan tidak nyaman,Rasa hangat di lambung,2028-03-15,Tablet,,True,[]
1774,Siladex Mucolytic Sachet,Obat Batuk,28366.0,75,Bromhexine; Guaifenesin,Batuk berdahak,Dosis sesuai anjuran dokter. Konimex,Bromhexine; Guaifenesin,Batuk berdahak,Mual; pusing; gangguan lambung,2026-12-31,Tablet,,True,[]
1775,Mebo Ointment Salep,Obat Kulit & Luka,22359.0,130,Herbal burn ointment,Luka bakar ringan; kulit iritasi,Dosis sesuai anjuran dokter. Mebo,Herbal burn ointment,Luka bakar ringan; kulit iritasi,Iritasi lokal jarang,2027-11-20,Tablet,,True,[]
1776,Biogesic Tablet,Nyeri & Demam,26917.0,146,Paracetamol 500mg,Demam; nyeri ringan,Dosis sesuai anjuran dokter. Kalbe,Paracetamol 500mg,Demam; nyeri ringan,Mual; ruam alergi jarang,2027-11-20,Tablet,,True,[]
1777,Voltaren Emulgel 30,Obat Oles Nyeri,16571.0,262,Diclofenac Diethylamine,Nyeri otot dan sendi ringan,Dosis sesuai anjuran dokter. GSK,Diclofenac Diethylamine,Nyeri otot dan sendi ringan,Iritasi kulit; kemerahan,2027-06-30,Tablet,,True,[]
1778,Waisan Sachet,Lambung & Maag,44138.0,280,Antasida; Sodium Bicarbonate,Maag; perih lambung,Dosis sesuai anjuran dokter. Bintang Toedjoe,Antasida; Sodium Bicarbonate,Maag; perih lambung,Sendawa; perut terasa penuh,2027-11-20,Tablet,,True,[]
1779,Salep 88 Solution,Antijamur & Kulit,21817.0,141,Salicylic Acid; Benzoic Acid; Sulfur,Panu; kurap; gatal jamur,Dosis sesuai anjuran dokter. Meccaya,Salicylic Acid; Benzoic Acid; Sulfur,Panu; kurap; gatal jamur,Iritasi lokal; rasa panas,2028-03-15,Tablet,,True,[]
1780,Adem Sari Sirup,Herbal & Tradisional,24094.0,292,Citrus aurantifolia; Vitamin C; Mineral,Panas dalam; sariawan ringan,Dosis sesuai anjuran dokter. Sari Enesis,Citrus aurantifolia; Vitamin C; Mineral,Panas dalam; sariawan ringan,Nyeri lambung ringan,2027-06-30,Tablet,,True,[]
1781,Enkasari Troches,Mulut & Tenggorokan,37110.0,124,Ekstrak herbal,Sariawan; bau mulut,Dosis sesuai anjuran dokter. Konimex,Ekstrak herbal,Sariawan; bau mulut,Alergi herbal jarang,2027-11-20,Tablet,,True,[]
1782,Sofra-Tulle Cair,Obat Kulit & Luka,43111.0,111,Framycetin Sulfate dressing,Penutup luka dengan antibiotik topikal,Dosis sesuai anjuran dokter. Sanofi,Framycetin Sulfate dressing,Penutup luka dengan antibiotik topikal,Alergi lokal,2028-03-15,Tablet,,True,[]
1783,Rivanol Solution,Obat Kulit & Luka,51635.0,166,Ethacridine Lactate,Membersihkan luka ringan,Dosis sesuai anjuran dokter. Generic,Ethacridine Lactate,Membersihkan luka ringan,Iritasi lokal jarang,2026-12-31,Tablet,,True,[]
1784,CTM Bedak,Alergi & Gatal,14813.0,63,Chlorpheniramine Maleate 4mg,Alergi ringan; gatal; pilek alergi,Dosis sesuai anjuran dokter. Generic,Chlorpheniramine Maleate 4mg,Alergi ringan; gatal; pilek alergi,Mengantuk; mulut kering,2027-06-30,Tablet,,True,[]
1785,Oskadon Sirup,Nyeri & Demam,28005.0,228,Paracetamol; Caffeine,Sakit kepala; nyeri ringan,Dosis sesuai anjuran dokter. Supra Ferbindo,Paracetamol; Caffeine,Sakit kepala; nyeri ringan,Berdebar; sulit tidur; mual,2027-06-30,Tablet,,True,[]
1786,OBH Combi Batuk Berdahak Anak,Obat Batuk,33650.0,79,Succus liquiritiae; Ammonium chloride,Batuk berdahak; membantu mengencerkan dahak,Dosis sesuai anjuran dokter. Combiphar,Succus liquiritiae; Ammonium chloride,Batuk berdahak; membantu mengencerkan dahak,Mual; mengantuk; berdebar pada sebagian orang,2028-03-15,Tablet,,True,[]
1787,Insto Regular Tetes Telinga,Mata & Telinga,66696.0,56,Tetrahydrozoline HCl,Mata merah karena iritasi ringan,Dosis sesuai anjuran dokter. Sterling,Tetrahydrozoline HCl,Mata merah karena iritasi ringan,Perih sementara; mata kering,2028-03-15,Tablet,,True,[]
1788,Otopain Eye Drops,Mata & Telinga,60661.0,117,Phenazone; Lidocaine HCl,Nyeri telinga ringan sesuai petunjuk,Dosis sesuai anjuran dokter. Generic,Phenazone; Lidocaine HCl,Nyeri telinga ringan sesuai petunjuk,Iritasi lokal; tidak nyaman,2027-11-20,Tablet,,True,[]
1789,Alleron Cream,Alergi & Gatal,34472.0,237,Chlorpheniramine Maleate,Alergi ringan; gatal; bersin,Dosis sesuai anjuran dokter. Mecosin,Chlorpheniramine Maleate,Alergi ringan; gatal; bersin,Mengantuk; mulut kering,2028-03-15,Tablet,,True,[]
1790,Betadine Ointment Cair,Obat Kulit & Luka,40692.0,57,Povidone Iodine 10%,Antiseptik luka ringan; lecet,Dosis sesuai anjuran dokter. Mundipharma,Povidone Iodine 10%,Antiseptik luka ringan; lecet,Iritasi lokal; alergi jarang,2026-12-31,Tablet,,True,[]
1791,Vitacimin Gummy,Vitamin & Suplemen,27086.0,105,Vitamin C 500mg,Suplemen vitamin C; sariawan ringan,Dosis sesuai anjuran dokter. Takeda,Vitamin C 500mg,Suplemen vitamin C; sariawan ringan,Nyeri lambung bila sebelum makan,2027-11-20,Tablet,,True,[]
1792,Neozep Forte Kaplet 52,Flu & Pilek,20805.0,82,Paracetamol; Phenylephrine HCl; Chlorpheniramine,Flu; pilek; hidung tersumbat,Dosis sesuai anjuran dokter. Konimex,Paracetamol; Phenylephrine HCl; Chlorpheniramine,Flu; pilek; hidung tersumbat,Mengantuk; mulut kering; berdebar,2027-06-30,Tablet,,True,[]
1793,Komix Kering,Obat Batuk,12276.0,162,Dextromethorphan HBr; Guaifenesin,Batuk ringan; batuk berdahak,Dosis sesuai anjuran dokter. Bintang Toedjoe,Dextromethorphan HBr; Guaifenesin,Batuk ringan; batuk berdahak,Mengantuk; mual; pusing ringan,2028-03-15,Tablet,,True,[]
1794,Mebo Ointment Cream,Obat Kulit & Luka,48547.0,76,Herbal burn ointment,Luka bakar ringan; kulit iritasi,Dosis sesuai anjuran dokter. Mebo,Herbal burn ointment,Luka bakar ringan; kulit iritasi,Iritasi lokal jarang,2028-03-15,Tablet,,True,[]
1795,FG Troches Gargle,Mulut & Tenggorokan,27433.0,259,Fradiomycin; Gramicidin,Radang tenggorokan ringan sesuai petunjuk,Dosis sesuai anjuran dokter. Meiji,Fradiomycin; Gramicidin,Radang tenggorokan ringan sesuai petunjuk,Alergi; gangguan pencernaan ringan,2027-11-20,Tablet,,True,[]
1796,Cetirizine 10mg Kaplet,Alergi & Gatal,31735.0,174,Cetirizine HCl 10mg,Alergi; gatal; bersin karena alergi,Dosis sesuai anjuran dokter. Generic,Cetirizine HCl 10mg,Alergi; gatal; bersin karena alergi,Mengantuk ringan; mulut kering,2027-06-30,Tablet,,True,[]
1797,Woods Expectorant Sachet,Obat Batuk,11198.0,85,Bromhexine HCl; Guaifenesin,Batuk berdahak,Dosis sesuai anjuran dokter. Kalbe,Bromhexine HCl; Guaifenesin,Batuk berdahak,Mual; pusing; gangguan lambung ringan,2027-11-20,Tablet,,True,[]
1798,Cetirizine 10mg Tablet,Alergi & Gatal,31108.0,100,Cetirizine HCl 10mg,Alergi; gatal; bersin karena alergi,Dosis sesuai anjuran dokter. Generic,Cetirizine HCl 10mg,Alergi; gatal; bersin karena alergi,Mengantuk ringan; mulut kering,2027-06-30,Tablet,,True,[]
1799,Fatigon Gummy,Vitamin & Suplemen,109328.0,130,Vitamin B Complex; Vitamin E; Mineral,Membantu mengurangi lelah,Dosis sesuai anjuran dokter. Kalbe,Vitamin B Complex; Vitamin E; Mineral,Membantu mengurangi lelah,Mual ringan,2028-03-15,Tablet,,True,[]
1800,Hot In Cream 31,Obat Oles Nyeri,25026.0,241,Methyl Salicylate; Menthol; Camphor,Pegal linu; nyeri otot,Dosis sesuai anjuran dokter. Bintang Toedjoe,Methyl Salicylate; Menthol; Camphor,Pegal linu; nyeri otot,Rasa panas; iritasi lokal,2028-03-15,Tablet,,True,[]
1801,SP Troches Spray,Mulut & Tenggorokan,9802.0,295,Dequalinium Chloride,Sariawan; tenggorokan tidak nyaman,Dosis sesuai anjuran dokter. Meiji,Dequalinium Chloride,Sariawan; tenggorokan tidak nyaman,Iritasi mulut jarang,2027-06-30,Tablet,,True,[]
1802,Cetirizine 10mg Sirup,Alergi & Gatal,41582.0,258,Cetirizine HCl 10mg,Alergi; gatal; bersin karena alergi,Dosis sesuai anjuran dokter. Generic,Cetirizine HCl 10mg,Alergi; gatal; bersin karena alergi,Mengantuk ringan; mulut kering,2027-11-20,Tablet,,True,[]
1803,Alleron Bedak,Alergi & Gatal,51464.0,209,Chlorpheniramine Maleate,Alergi ringan; gatal; bersin,Dosis sesuai anjuran dokter. Mecosin,Chlorpheniramine Maleate,Alergi ringan; gatal; bersin,Mengantuk; mulut kering,2028-03-15,Tablet,,True,[]
1804,Tantum Verde Gargle,Mulut & Tenggorokan,37102.0,121,Benzydamine HCl,Sakit tenggorokan; radang ringan,Dosis sesuai anjuran dokter. Angelini,Benzydamine HCl,Sakit tenggorokan; radang ringan,Mulut terasa kebas; iritasi ringan,2026-12-31,Tablet,,True,[]
1805,SP Troches Gel,Mulut & Tenggorokan,17051.0,144,Dequalinium Chloride,Sariawan; tenggorokan tidak nyaman,Dosis sesuai anjuran dokter. Meiji,Dequalinium Chloride,Sariawan; tenggorokan tidak nyaman,Iritasi mulut jarang,2027-06-30,Tablet,,True,[]
1806,Adem Sari Tablet,Herbal & Tradisional,25088.0,130,Citrus aurantifolia; Vitamin C; Mineral,Panas dalam; sariawan ringan,Dosis sesuai anjuran dokter. Sari Enesis,Citrus aurantifolia; Vitamin C; Mineral,Panas dalam; sariawan ringan,Nyeri lambung ringan,2026-12-31,Tablet,,True,[]
1807,Lodia Tablet,Pencernaan & Diare,38992.0,161,Loperamide HCl,Diare akut tertentu,Dosis sesuai anjuran dokter. Sanbe Farma,Loperamide HCl,Diare akut tertentu,Sembelit; mual; pusing,2027-06-30,Tablet,,True,[]
1808,Fungiderm Cream,Antijamur & Kulit,78646.0,147,Clotrimazole,Panu; kurap; kutu air,Dosis sesuai anjuran dokter. Konimex,Clotrimazole,Panu; kurap; kutu air,Iritasi lokal,2026-12-31,Tablet,,True,[]
1809,Siladex Antitussive Kering,Obat Batuk,37814.0,129,Dextromethorphan HBr; Diphenhydramine HCl,Batuk kering,Dosis sesuai anjuran dokter. Konimex,Dextromethorphan HBr; Diphenhydramine HCl,Batuk kering,Mengantuk; pusing; mulut kering,2027-06-30,Tablet,,True,[]
1810,Kalpanax Powder,Antijamur & Kulit,16426.0,274,Miconazole Nitrate,Jamur kulit; panu; kurap; kutu air,Dosis sesuai anjuran dokter. Kalbe,Miconazole Nitrate,Jamur kulit; panu; kurap; kutu air,Iritasi lokal; rasa panas ringan,2028-03-15,Tablet,,True,[]
1811,Enervon C Plus,Vitamin & Suplemen,78031.0,91,Vitamin C; Vitamin B Complex; Niacinamide,Menjaga daya tahan tubuh,Dosis sesuai anjuran dokter. Darya-Varia,Vitamin C; Vitamin B Complex; Niacinamide,Menjaga daya tahan tubuh,Mual ringan; urin kuning terang,2027-06-30,Tablet,,True,[]
1812,Enervon C Forte,Vitamin & Suplemen,29023.0,265,Vitamin C; Vitamin B Complex; Niacinamide,Menjaga daya tahan tubuh,Dosis sesuai anjuran dokter. Darya-Varia,Vitamin C; Vitamin B Complex; Niacinamide,Menjaga daya tahan tubuh,Mual ringan; urin kuning terang,2028-03-15,Tablet,,True,[]
1813,Visine Original Eye Drops,Mata & Telinga,55646.0,175,Tetrahydrozoline HCl,Mata merah karena iritasi ringan,Dosis sesuai anjuran dokter. Johnson & Johnson,Tetrahydrozoline HCl,Mata merah karena iritasi ringan,Mata kering; perih sementara,2027-06-30,Tablet,,True,[]
1814,Mylanta Tablet Kunyah,Lambung & Maag,41204.0,129,Aluminium Hydroxide; Magnesium Hydroxide; Simethicone,Asam lambung; maag; kembung,Dosis sesuai anjuran dokter. Johnson & Johnson,Aluminium Hydroxide; Magnesium Hydroxide; Simethicone,Asam lambung; maag; kembung,Sembelit ringan; diare ringan,2026-12-31,Tablet,,True,[]
1815,Bedak Herocyn Bedak,Alergi & Gatal,30125.0,102,Menthol; Sulfur; Salicylic Acid,Gatal ringan; biang keringat,Dosis sesuai anjuran dokter. Coronet Crown,Menthol; Sulfur; Salicylic Acid,Gatal ringan; biang keringat,Iritasi kulit pada sebagian orang,2027-06-30,Tablet,,True,[]
1816,Kuldon Sirup,Herbal & Tradisional,28926.0,83,Ekstrak herbal; Glycyrrhizae radix; Menthae folium,Panas dalam; sariawan ringan,Dosis sesuai anjuran dokter. Deltomed,Ekstrak herbal; Glycyrrhizae radix; Menthae folium,Panas dalam; sariawan ringan,Alergi herbal jarang,2026-12-31,Tablet,,True,[]
1817,Vicee Tablet,Vitamin & Suplemen,106624.0,148,Vitamin C 500mg,Suplemen vitamin C,Dosis sesuai anjuran dokter. Kalbe,Vitamin C 500mg,Suplemen vitamin C,Nyeri lambung ringan,2028-03-15,Tablet,,True,[]
1818,Promag Tablet Kunyah,Lambung & Maag,39530.0,165,Hydrotalcite; Magnesium Hydroxide; Simethicone,Maag; perut kembung; nyeri ulu hati,Dosis sesuai anjuran dokter. Kalbe,Hydrotalcite; Magnesium Hydroxide; Simethicone,Maag; perut kembung; nyeri ulu hati,Sembelit ringan; diare ringan; mual,2027-11-20,Tablet,,True,[]
1819,Vicks Formula 44 Anak,Obat Batuk,24365.0,118,Dextromethorphan HBr,Batuk kering; batuk malam hari,Dosis sesuai anjuran dokter. P&G,Dextromethorphan HBr,Batuk kering; batuk malam hari,Mengantuk; pusing; mulut kering,2026-12-31,Tablet,,True,[]
1820,Proris Drops,Nyeri & Demam,26072.0,158,Ibuprofen 100mg/5ml,Demam dan nyeri pada anak,Dosis sesuai anjuran dokter. Pharos,Ibuprofen 100mg/5ml,Demam dan nyeri pada anak,Nyeri lambung; mual; pusing,2026-12-31,Tablet,,True,[]
1821,Breathy Nasal Spray 14,Perawatan Hidung & Pernapasan,51916.0,112,Sodium Chloride,Hidung kering; membersihkan hidung,Dosis sesuai anjuran dokter. Pharos,Sodium Chloride,Hidung kering; membersihkan hidung,Iritasi ringan,2028-03-15,Tablet,,True,[]
1822,Betadine Gargle 22,Mulut & Tenggorokan,37519.0,73,Povidone Iodine 1%,Kumur untuk kebersihan mulut dan tenggorokan,Dosis sesuai anjuran dokter. Mundipharma,Povidone Iodine 1%,Kumur untuk kebersihan mulut dan tenggorokan,Iritasi mulut; rasa tidak nyaman,2027-11-20,Tablet,,True,[]
1823,Imboost Kapsul,Vitamin & Suplemen,33413.0,172,Echinacea; Zinc; Vitamin C,Membantu menjaga daya tahan tubuh,Dosis sesuai anjuran dokter. Soho,Echinacea; Zinc; Vitamin C,Membantu menjaga daya tahan tubuh,Mual; alergi jarang,2027-06-30,Kapsul,,True,[]
1824,Counterpain Cream,Obat Oles Nyeri,10569.0,123,Methyl Salicylate; Menthol; Eugenol,Nyeri otot; pegal; keseleo ringan,Dosis sesuai anjuran dokter. Taisho,Methyl Salicylate; Menthol; Eugenol,Nyeri otot; pegal; keseleo ringan,Rasa panas; iritasi lokal,2027-11-20,Tablet,,True,[]
1825,GPU Minyak Gosok Patch,Obat Oles Nyeri,16914.0,88,Menthol; Methyl Salicylate; Camphor,Pegal; masuk angin; nyeri otot ringan,Dosis sesuai anjuran dokter. Cap Lang,Menthol; Methyl Salicylate; Camphor,Pegal; masuk angin; nyeri otot ringan,Iritasi lokal,2028-03-15,Tablet,,True,[]
1826,Paracetamol 500mg Sirup,Nyeri & Demam,18746.0,121,Paracetamol 500mg,Demam; nyeri ringan; sakit kepala,Dosis sesuai anjuran dokter. Generic,Paracetamol 500mg,Demam; nyeri ringan; sakit kepala,Mual; ruam alergi jarang; gangguan hati bila overdosis,2027-06-30,Tablet,,True,[]
1827,Norit Kapsul,Pencernaan & Diare,36974.0,151,Activated Charcoal,Keracunan makanan ringan; perut tidak nyaman,Dosis sesuai anjuran dokter. Erela,Activated Charcoal,Keracunan makanan ringan; perut tidak nyaman,Feses gelap; sembelit,2027-06-30,Kapsul,,True,[]
1828,Otopain Tetes Telinga,Mata & Telinga,74732.0,170,Phenazone; Lidocaine HCl,Nyeri telinga ringan sesuai petunjuk,Dosis sesuai anjuran dokter. Generic,Phenazone; Lidocaine HCl,Nyeri telinga ringan sesuai petunjuk,Iritasi lokal; tidak nyaman,2027-06-30,Tablet,,True,[]
1829,Norit Tablet,Pencernaan & Diare,27228.0,70,Activated Charcoal,Keracunan makanan ringan; perut tidak nyaman,Dosis sesuai anjuran dokter. Erela,Activated Charcoal,Keracunan makanan ringan; perut tidak nyaman,Feses gelap; sembelit,2028-03-15,Tablet,,True,[]
1830,Enervon C Kaplet,Vitamin & Suplemen,18415.0,178,Vitamin C; Vitamin B Complex; Niacinamide,Menjaga daya tahan tubuh,Dosis sesuai anjuran dokter. Darya-Varia,Vitamin C; Vitamin B Complex; Niacinamide,Menjaga daya tahan tubuh,Mual ringan; urin kuning terang,2026-12-31,Tablet,,True,[]
1831,Mixagrip Flu Plus,Flu & Pilek,29619.0,101,Paracetamol; Phenylephrine HCl; Chlorpheniramine,Flu; pilek; demam; hidung tersumbat,Dosis sesuai anjuran dokter. Tempo Scan,Paracetamol; Phenylephrine HCl; Chlorpheniramine,Flu; pilek; demam; hidung tersumbat,Mengantuk; mulut kering; berdebar,2027-06-30,Tablet,,True,[]
1832,Panadol Biru Kaplet,Nyeri & Demam,19517.0,216,Paracetamol 500mg,Demam; sakit kepala; nyeri ringan,Dosis sesuai anjuran dokter. Haleon,Paracetamol 500mg,Demam; sakit kepala; nyeri ringan,Mual; reaksi alergi jarang,2027-11-20,Tablet,,True,[]
1833,Dulcolax Sachet,Pencernaan & Diare,37001.0,239,Bisacodyl 5mg,Sembelit; susah buang air besar,Dosis sesuai anjuran dokter. Sanofi,Bisacodyl 5mg,Sembelit; susah buang air besar,Mulas; kram perut ringan,2027-06-30,Tablet,,True,[]
1834,Counterpain Roll On,Obat Oles Nyeri,43328.0,115,Methyl Salicylate; Menthol; Eugenol,Nyeri otot; pegal; keseleo ringan,Dosis sesuai anjuran dokter. Taisho,Methyl Salicylate; Menthol; Eugenol,Nyeri otot; pegal; keseleo ringan,Rasa panas; iritasi lokal,2027-11-20,Tablet,,True,[]
1835,Redoxon Kapsul,Vitamin & Suplemen,35050.0,60,Vitamin C; Zinc,Suplemen vitamin C dan zinc,Dosis sesuai anjuran dokter. Bayer,Vitamin C; Zinc,Suplemen vitamin C dan zinc,Nyeri lambung ringan,2028-03-15,Kapsul,,True,[]
1836,Vicee Plus,Vitamin & Suplemen,51021.0,286,Vitamin C 500mg,Suplemen vitamin C,Dosis sesuai anjuran dokter. Kalbe,Vitamin C 500mg,Suplemen vitamin C,Nyeri lambung ringan,2026-12-31,Tablet,,True,[]
1837,Counterpain Gel,Obat Oles Nyeri,10743.0,186,Methyl Salicylate; Menthol; Eugenol,Nyeri otot; pegal; keseleo ringan,Dosis sesuai anjuran dokter. Taisho,Methyl Salicylate; Menthol; Eugenol,Nyeri otot; pegal; keseleo ringan,Rasa panas; iritasi lokal,2027-06-30,Tablet,,True,[]
1838,Transpulmin Baby Inhaler,Perawatan Hidung & Pernapasan,56479.0,233,Eucalyptus Oil; Chamomile Oil,Membantu menghangatkan badan anak,Dosis sesuai anjuran dokter. Novartis,Eucalyptus Oil; Chamomile Oil,Membantu menghangatkan badan anak,Iritasi lokal jarang,2027-11-20,Tablet,,True,[]
1839,Sanmol Tablet,Nyeri & Demam,15534.0,152,Paracetamol 500mg,Demam; sakit kepala; nyeri ringan,Dosis sesuai anjuran dokter. Sanbe Farma,Paracetamol 500mg,Demam; sakit kepala; nyeri ringan,Mual; alergi jarang,2027-06-30,Tablet,,True,[]
1840,Antangin JRG Tablet,Herbal & Tradisional,13109.0,147,Ekstrak herbal; Jahe; Royal jelly; Ginseng,Masuk angin; badan tidak enak,Dosis sesuai anjuran dokter. Deltomed,Ekstrak herbal; Jahe; Royal jelly; Ginseng,Masuk angin; badan tidak enak,Alergi bahan herbal jarang,2028-03-15,Tablet,,True,[]
1841,Forumen Tetes Telinga,Mata & Telinga,29858.0,134,Docusate Sodium,Membantu melunakkan kotoran telinga,Dosis sesuai anjuran dokter. Sanbe Farma,Docusate Sodium,Membantu melunakkan kotoran telinga,Rasa penuh di telinga,2027-11-20,Tablet,,True,[]
1842,Canesten Cream 19,Antijamur & Kulit,41232.0,76,Clotrimazole 1%,Jamur kulit; kutu air,Dosis sesuai anjuran dokter. Bayer,Clotrimazole 1%,Jamur kulit; kutu air,Iritasi lokal ringan,2027-06-30,Tablet,,True,[]
1843,Imboost Plus,Vitamin & Suplemen,35032.0,64,Echinacea; Zinc; Vitamin C,Membantu menjaga daya tahan tubuh,Dosis sesuai anjuran dokter. Soho,Echinacea; Zinc; Vitamin C,Membantu menjaga daya tahan tubuh,Mual; alergi jarang,2026-12-31,Tablet,,True,[]
1844,Freshcare Balm,Obat Oles Nyeri,39939.0,128,Menthol; Camphor; Essential Oil,Pusing ringan; pegal; mabuk perjalanan,Dosis sesuai anjuran dokter. Ultra Sakti,Menthol; Camphor; Essential Oil,Pusing ringan; pegal; mabuk perjalanan,Iritasi kulit jarang,2028-03-15,Tablet,,True,[]
1845,Vicks Inhaler Inhaler,Perawatan Hidung & Pernapasan,39814.0,170,Menthol; Camphor; Pine Needle Oil,Hidung tersumbat ringan,Dosis sesuai anjuran dokter. P&G,Menthol; Camphor; Pine Needle Oil,Hidung tersumbat ringan,Iritasi hidung jarang,2027-06-30,Tablet,,True,[]
1846,Insto Regular Tetes Mata 36,Mata & Telinga,51827.0,227,Tetrahydrozoline HCl,Mata merah karena iritasi ringan,Dosis sesuai anjuran dokter. Sterling,Tetrahydrozoline HCl,Mata merah karena iritasi ringan,Perih sementara; mata kering,2026-12-31,Tablet,,True,[]
1847,Braito Original Eye Drops,Mata & Telinga,62228.0,285,Tetrahydrozoline HCl,Mata merah; iritasi ringan,Dosis sesuai anjuran dokter. Combiphar,Tetrahydrozoline HCl,Mata merah; iritasi ringan,Perih sementara,2028-03-15,Tablet,,True,[]
1848,Geliga 39,Obat Oles Nyeri,48618.0,91,Methyl Salicylate; Menthol; Eucalyptus Oil,Pegal; nyeri otot ringan,Dosis sesuai anjuran dokter. Eagle Indo Pharma,Methyl Salicylate; Menthol; Eucalyptus Oil,Pegal; nyeri otot ringan,Rasa panas; iritasi lokal,2026-12-31,Tablet,,True,[]
1849,Bodrex Drops,Nyeri & Demam,8799.0,113,Paracetamol; Caffeine,Sakit kepala; nyeri ringan,Dosis sesuai anjuran dokter. Tempo Scan,Paracetamol; Caffeine,Sakit kepala; nyeri ringan,Berdebar; sulit tidur; mual,2026-12-31,Tablet,,True,[]
1850,OBH Combi Batuk Flu Sirup,Obat Batuk,14038.0,82,Paracetamol; Ephedrine HCl; Chlorpheniramine; Succus liquiritiae,Batuk disertai flu; demam; pilek,Dosis sesuai anjuran dokter. Combiphar,Paracetamol; Ephedrine HCl; Chlorpheniramine; Succus liquiritiae,Batuk disertai flu; demam; pilek,Mengantuk; mulut kering; berdebar,2027-11-20,Tablet,,True,[]
1851,Waisan Suspensi 46,Lambung & Maag,49582.0,105,Antasida; Sodium Bicarbonate,Maag; perih lambung,Dosis sesuai anjuran dokter. Bintang Toedjoe,Antasida; Sodium Bicarbonate,Maag; perih lambung,Sendawa; perut terasa penuh,2026-12-31,Tablet,,True,[]
1852,Rivanol Salep,Obat Kulit & Luka,28027.0,94,Ethacridine Lactate,Membersihkan luka ringan,Dosis sesuai anjuran dokter. Generic,Ethacridine Lactate,Membersihkan luka ringan,Iritasi lokal jarang,2028-03-15,Tablet,,True,[]
1853,Imboost Forte,Vitamin & Suplemen,101149.0,90,Echinacea; Zinc; Vitamin C,Membantu menjaga daya tahan tubuh,Dosis sesuai anjuran dokter. Soho,Echinacea; Zinc; Vitamin C,Membantu menjaga daya tahan tubuh,Mual; alergi jarang,2027-06-30,Tablet,,True,[]
1854,Rohto Cool Cool,Mata & Telinga,28683.0,100,Naphazoline HCl; Menthol,Mata merah; mata lelah,Dosis sesuai anjuran dokter. Rohto,Naphazoline HCl; Menthol,Mata merah; mata lelah,Perih sementara; sensasi dingin,2027-06-30,Tablet,,True,[]
1855,Betadine Ointment Salep,Obat Kulit & Luka,69084.0,228,Povidone Iodine 10%,Antiseptik luka ringan; lecet,Dosis sesuai anjuran dokter. Mundipharma,Povidone Iodine 10%,Antiseptik luka ringan; lecet,Iritasi lokal; alergi jarang,2027-11-20,Tablet,,True,[]
1856,CDR Forte,Vitamin & Suplemen,29026.0,285,Calcium; Vitamin C; Vitamin D; Vitamin B6,Kesehatan tulang dan daya tahan tubuh,Dosis sesuai anjuran dokter. Bayer,Calcium; Vitamin C; Vitamin D; Vitamin B6,Kesehatan tulang dan daya tahan tubuh,Mual; kembung ringan,2027-11-20,Tablet,,True,[]
1857,Vicee Gummy,Vitamin & Suplemen,91463.0,171,Vitamin C 500mg,Suplemen vitamin C,Dosis sesuai anjuran dokter. Kalbe,Vitamin C 500mg,Suplemen vitamin C,Nyeri lambung ringan,2027-06-30,Tablet,,True,[]
1858,Aspirin 80mg Forte,Nyeri & Demam,12391.0,105,Acetylsalicylic Acid 80mg,Nyeri ringan; demam tertentu sesuai anjuran,Dosis sesuai anjuran dokter. Bayer,Acetylsalicylic Acid 80mg,Nyeri ringan; demam tertentu sesuai anjuran,Iritasi lambung; risiko perdarahan,2026-12-31,Tablet,,True,[]
1859,Bodrex Kaplet,Nyeri & Demam,9670.0,195,Paracetamol; Caffeine,Sakit kepala; nyeri ringan,Dosis sesuai anjuran dokter. Tempo Scan,Paracetamol; Caffeine,Sakit kepala; nyeri ringan,Berdebar; sulit tidur; mual,2027-11-20,Tablet,,True,[]
1860,Scabimite Salep,Antijamur & Kulit,54855.0,102,Permethrin 5%,Kudis/skabies sesuai aturan pakai,Dosis sesuai anjuran dokter. Galderma,Permethrin 5%,Kudis/skabies sesuai aturan pakai,Rasa panas; gatal sementara,2027-06-30,Tablet,,True,[]
1861,Bisolvon Sirup,Obat Batuk,30940.0,140,Bromhexine HCl,Batuk berdahak; dahak kental,Dosis sesuai anjuran dokter. Sanofi,Bromhexine HCl,Batuk berdahak; dahak kental,Mual; pusing; gangguan lambung,2026-12-31,Tablet,,True,[]
1862,Renovit Kaplet,Vitamin & Suplemen,110079.0,274,Multivitamin; Mineral,Suplemen multivitamin harian,Dosis sesuai anjuran dokter. Dexa Medica,Multivitamin; Mineral,Suplemen multivitamin harian,Mual ringan,2028-03-15,Tablet,,True,[]
1863,Decolgen Tablet 44,Flu & Pilek,31697.0,105,Paracetamol; Phenylpropanolamine; Chlorpheniramine,Gejala flu; pilek; sakit kepala,Dosis sesuai anjuran dokter. Medifarma,Paracetamol; Phenylpropanolamine; Chlorpheniramine,Gejala flu; pilek; sakit kepala,Mengantuk; mulut kering; berdebar,2026-12-31,Tablet,,True,[]
1864,Balsem Lang Inhaler,Perawatan Hidung & Pernapasan,19626.0,71,Menthol; Camphor; Eucalyptus Oil,Melegakan pernapasan; pegal ringan,Dosis sesuai anjuran dokter. Eagle Indo Pharma,Menthol; Camphor; Eucalyptus Oil,Melegakan pernapasan; pegal ringan,Iritasi lokal,2027-06-30,Tablet,,True,[]
1865,Hot In Cream,Obat Oles Nyeri,49540.0,278,Methyl Salicylate; Menthol; Camphor,Pegal linu; nyeri otot,Dosis sesuai anjuran dokter. Bintang Toedjoe,Methyl Salicylate; Menthol; Camphor,Pegal linu; nyeri otot,Rasa panas; iritasi lokal,2027-06-30,Tablet,,True,[]
1866,Proris Forte,Nyeri & Demam,16733.0,242,Ibuprofen 100mg/5ml,Demam dan nyeri pada anak,Dosis sesuai anjuran dokter. Pharos,Ibuprofen 100mg/5ml,Demam dan nyeri pada anak,Nyeri lambung; mual; pusing,2027-06-30,Tablet,,True,[]
1867,Iliadin Dewasa Drops,Perawatan Hidung & Pernapasan,51405.0,76,Oxymetazoline HCl,Hidung tersumbat sementara,Dosis sesuai anjuran dokter. Merck,Oxymetazoline HCl,Hidung tersumbat sementara,Hidung kering; iritasi; rebound bila berlebih,2028-03-15,Tablet,,True,[]
1868,Antangin JRG Botol,Herbal & Tradisional,26423.0,147,Ekstrak herbal; Jahe; Royal jelly; Ginseng,Masuk angin; badan tidak enak,Dosis sesuai anjuran dokter. Deltomed,Ekstrak herbal; Jahe; Royal jelly; Ginseng,Masuk angin; badan tidak enak,Alergi bahan herbal jarang,2027-11-20,Tablet,,True,[]
1869,Inza Extra,Flu & Pilek,29924.0,58,Paracetamol; Phenylpropanolamine; Chlorpheniramine,Flu; pilek; demam ringan,Dosis sesuai anjuran dokter. Konimex,Paracetamol; Phenylpropanolamine; Chlorpheniramine,Flu; pilek; demam ringan,Mengantuk; mulut kering; berdebar,2027-06-30,Tablet,,True,[]
1870,Rivanol Cream,Obat Kulit & Luka,45802.0,129,Ethacridine Lactate,Membersihkan luka ringan,Dosis sesuai anjuran dokter. Generic,Ethacridine Lactate,Membersihkan luka ringan,Iritasi lokal jarang,2028-03-15,Tablet,,True,[]
1871,Promag Cair,Lambung & Maag,15456.0,174,Hydrotalcite; Magnesium Hydroxide; Simethicone,Maag; perut kembung; nyeri ulu hati,Dosis sesuai anjuran dokter. Kalbe,Hydrotalcite; Magnesium Hydroxide; Simethicone,Maag; perut kembung; nyeri ulu hati,Sembelit ringan; diare ringan; mual,2026-12-31,Tablet,,True,[]
1872,Bioplacenton Gel 41,Obat Kulit & Luka,18518.0,149,Placenta Extract; Neomycin Sulfate,Luka bakar ringan; luka kecil,Dosis sesuai anjuran dokter. Kalbe,Placenta Extract; Neomycin Sulfate,Luka bakar ringan; luka kecil,Iritasi lokal; alergi antibiotik,2027-11-20,Tablet,,True,[]
1873,Neozep Forte Sirup,Flu & Pilek,19375.0,229,Paracetamol; Phenylephrine HCl; Chlorpheniramine,Flu; pilek; hidung tersumbat,Dosis sesuai anjuran dokter. Konimex,Paracetamol; Phenylephrine HCl; Chlorpheniramine,Flu; pilek; hidung tersumbat,Mengantuk; mulut kering; berdebar,2028-03-15,Tablet,,True,[]
1874,Fungiderm Lotion,Antijamur & Kulit,23345.0,216,Clotrimazole,Panu; kurap; kutu air,Dosis sesuai anjuran dokter. Konimex,Clotrimazole,Panu; kurap; kutu air,Iritasi lokal,2027-11-20,Tablet,,True,[]
1875,Insto Regular Minidose,Mata & Telinga,34834.0,113,Tetrahydrozoline HCl,Mata merah karena iritasi ringan,Dosis sesuai anjuran dokter. Sterling,Tetrahydrozoline HCl,Mata merah karena iritasi ringan,Perih sementara; mata kering,2026-12-31,Tablet,,True,[]
1876,Bisolvon Tablet,Obat Batuk,39154.0,77,Bromhexine HCl,Batuk berdahak; dahak kental,Dosis sesuai anjuran dokter. Sanofi,Bromhexine HCl,Batuk berdahak; dahak kental,Mual; pusing; gangguan lambung,2027-11-20,Tablet,,True,[]
1877,Rivanol Cair,Obat Kulit & Luka,22876.0,158,Ethacridine Lactate,Membersihkan luka ringan,Dosis sesuai anjuran dokter. Generic,Ethacridine Lactate,Membersihkan luka ringan,Iritasi lokal jarang,2028-03-15,Tablet,,True,[]
1878,Hansaplast Spray Antiseptik 31,Obat Kulit & Luka,40421.0,186,Polyhexamethylene Biguanide,Membersihkan luka ringan,Dosis sesuai anjuran dokter. Beiersdorf,Polyhexamethylene Biguanide,Membersihkan luka ringan,Rasa perih ringan,2028-03-15,Tablet,,True,[]
1879,Procold Flu Flu & Batuk,Flu & Pilek,44478.0,56,Paracetamol; Pseudoephedrine; Chlorpheniramine,Flu; demam; hidung tersumbat,Dosis sesuai anjuran dokter. Kalbe,Paracetamol; Pseudoephedrine; Chlorpheniramine,Flu; demam; hidung tersumbat,Mengantuk; mulut kering; berdebar,2028-03-15,Tablet,,True,[]
1880,Enervon C Effervescent,Vitamin & Suplemen,118303.0,170,Vitamin C; Vitamin B Complex; Niacinamide,Menjaga daya tahan tubuh,Dosis sesuai anjuran dokter. Darya-Varia,Vitamin C; Vitamin B Complex; Niacinamide,Menjaga daya tahan tubuh,Mual ringan; urin kuning terang,2027-06-30,Tablet,,True,[]
1881,Diatabs Sachet,Pencernaan & Diare,19307.0,80,Attapulgite,Membantu mengurangi frekuensi diare,Dosis sesuai anjuran dokter. Medifarma,Attapulgite,Membantu mengurangi frekuensi diare,Sembelit; mual,2028-03-15,Tablet,,True,[]
1882,Canesten Cream 27,Antijamur & Kulit,66507.0,202,Clotrimazole 1%,Jamur kulit; kutu air,Dosis sesuai anjuran dokter. Bayer,Clotrimazole 1%,Jamur kulit; kutu air,Iritasi lokal ringan,2027-11-20,Tablet,,True,[]
1883,Decolgen Extra,Flu & Pilek,11500.0,124,Paracetamol; Phenylpropanolamine; Chlorpheniramine,Gejala flu; pilek; sakit kepala,Dosis sesuai anjuran dokter. Medifarma,Paracetamol; Phenylpropanolamine; Chlorpheniramine,Gejala flu; pilek; sakit kepala,Mengantuk; mulut kering; berdebar,2028-03-15,Tablet,,True,[]
1884,Scabimite Cream,Antijamur & Kulit,77627.0,70,Permethrin 5%,Kudis/skabies sesuai aturan pakai,Dosis sesuai anjuran dokter. Galderma,Permethrin 5%,Kudis/skabies sesuai aturan pakai,Rasa panas; gatal sementara,2028-03-15,Tablet,,True,[]
1885,Burnazin Cream 33,Obat Kulit & Luka,23396.0,77,Silver Sulfadiazine,Luka bakar ringan tertentu,Dosis sesuai anjuran dokter. Darya-Varia,Silver Sulfadiazine,Luka bakar ringan tertentu,Iritasi lokal; alergi sulfa,2027-11-20,Tablet,,True,[]
1886,Stimuno Forte,Vitamin & Suplemen,29753.0,154,Ekstrak Phyllanthus niruri,Memelihara daya tahan tubuh,Dosis sesuai anjuran dokter. Dexa Medica,Ekstrak Phyllanthus niruri,Memelihara daya tahan tubuh,Mual ringan,2027-06-30,Tablet,,True,[]
1887,Entrostop Kapsul,Pencernaan & Diare,37852.0,171,Attapulgite; Pectin,Diare tidak spesifik; perut mulas,Dosis sesuai anjuran dokter. Kalbe,Attapulgite; Pectin,Diare tidak spesifik; perut mulas,Sembelit bila berlebihan; mual,2026-12-31,Kapsul,,True,[]
1888,Dumin Sirup,Nyeri & Demam,20785.0,71,Paracetamol 500mg,Demam; nyeri ringan,Dosis sesuai anjuran dokter. Actavis,Paracetamol 500mg,Demam; nyeri ringan,Mual; ruam alergi jarang,2027-11-20,Tablet,,True,[]
1889,Procold Flu Extra,Flu & Pilek,33778.0,199,Paracetamol; Pseudoephedrine; Chlorpheniramine,Flu; demam; hidung tersumbat,Dosis sesuai anjuran dokter. Kalbe,Paracetamol; Pseudoephedrine; Chlorpheniramine,Flu; demam; hidung tersumbat,Mengantuk; mulut kering; berdebar,2026-12-31,Tablet,,True,[]
1890,Alleron Tablet,Alergi & Gatal,10391.0,89,Chlorpheniramine Maleate,Alergi ringan; gatal; bersin,Dosis sesuai anjuran dokter. Mecosin,Chlorpheniramine Maleate,Alergi ringan; gatal; bersin,Mengantuk; mulut kering,2027-06-30,Tablet,,True,[]
1891,Sterimar Nasal Hygiene Drops,Perawatan Hidung & Pernapasan,13213.0,115,Sea water isotonic,Membersihkan rongga hidung,Dosis sesuai anjuran dokter. Church & Dwight,Sea water isotonic,Membersihkan rongga hidung,Iritasi hidung ringan,2028-03-15,Tablet,,True,[]
1892,Entrostop Larutan,Pencernaan & Diare,26020.0,88,Attapulgite; Pectin,Diare tidak spesifik; perut mulas,Dosis sesuai anjuran dokter. Kalbe,Attapulgite; Pectin,Diare tidak spesifik; perut mulas,Sembelit bila berlebihan; mual,2028-03-15,Tablet,,True,[]
1893,Polysilane Tablet Kunyah,Lambung & Maag,41767.0,219,Dimethylpolysiloxane; Aluminium Hydroxide; Magnesium Hydroxide,Maag; kembung; rasa penuh di lambung,Dosis sesuai anjuran dokter. Pharos,Dimethylpolysiloxane; Aluminium Hydroxide; Magnesium Hydroxide,Maag; kembung; rasa penuh di lambung,Sembelit; diare ringan,2027-11-20,Tablet,,True,[]
1894,Vicee Forte,Vitamin & Suplemen,113308.0,152,Vitamin C 500mg,Suplemen vitamin C,Dosis sesuai anjuran dokter. Kalbe,Vitamin C 500mg,Suplemen vitamin C,Nyeri lambung ringan,2027-06-30,Tablet,,True,[]
1895,CDR Kapsul,Vitamin & Suplemen,15166.0,195,Calcium; Vitamin C; Vitamin D; Vitamin B6,Kesehatan tulang dan daya tahan tubuh,Dosis sesuai anjuran dokter. Bayer,Calcium; Vitamin C; Vitamin D; Vitamin B6,Kesehatan tulang dan daya tahan tubuh,Mual; kembung ringan,2027-11-20,Kapsul,,True,[]
1896,Antasida Doen Forte,Lambung & Maag,20727.0,156,Aluminium Hydroxide; Magnesium Hydroxide,Maag; nyeri ulu hati,Dosis sesuai anjuran dokter. Generic,Aluminium Hydroxide; Magnesium Hydroxide,Maag; nyeri ulu hati,Sembelit ringan; diare ringan,2026-12-31,Tablet,,True,[]
1897,Plantacid Tablet Kunyah 42,Lambung & Maag,14655.0,297,Aluminium Hydroxide; Magnesium Hydroxide; Simethicone,Asam lambung; kembung,Dosis sesuai anjuran dokter. Soho,Aluminium Hydroxide; Magnesium Hydroxide; Simethicone,Asam lambung; kembung,Sembelit; diare ringan,2028-03-15,Tablet,,True,[]
1898,Sanaflu Kaplet,Flu & Pilek,40144.0,165,Paracetamol; Phenylephrine; Chlorpheniramine,Flu; pilek; sakit kepala,Dosis sesuai anjuran dokter. Sanbe Farma,Paracetamol; Phenylephrine; Chlorpheniramine,Flu; pilek; sakit kepala,Mengantuk; mulut kering,2027-11-20,Tablet,,True,[]
1899,Laserin Anak,Obat Batuk,23665.0,102,Ekstrak herbal; Madu,Batuk ringan; melegakan tenggorokan,Dosis sesuai anjuran dokter. Mecosin,Ekstrak herbal; Madu,Batuk ringan; melegakan tenggorokan,Alergi bahan herbal jarang,2028-03-15,Tablet,,True,[]
1900,Rivanol Spray,Obat Kulit & Luka,39300.0,268,Ethacridine Lactate,Membersihkan luka ringan,Dosis sesuai anjuran dokter. Generic,Ethacridine Lactate,Membersihkan luka ringan,Iritasi lokal jarang,2028-03-15,Tablet,,True,[]
1901,Mylanta Sachet,Lambung & Maag,16360.0,230,Aluminium Hydroxide; Magnesium Hydroxide; Simethicone,Asam lambung; maag; kembung,Dosis sesuai anjuran dokter. Johnson & Johnson,Aluminium Hydroxide; Magnesium Hydroxide; Simethicone,Asam lambung; maag; kembung,Sembelit ringan; diare ringan,2028-03-15,Tablet,,True,[]
1902,Mylanta Plus,Lambung & Maag,27832.0,266,Aluminium Hydroxide; Magnesium Hydroxide; Simethicone,Asam lambung; maag; kembung,Dosis sesuai anjuran dokter. Johnson & Johnson,Aluminium Hydroxide; Magnesium Hydroxide; Simethicone,Asam lambung; maag; kembung,Sembelit ringan; diare ringan,2027-11-20,Tablet,,True,[]
1903,Bioplacenton Gel 50,Obat Kulit & Luka,19616.0,53,Placenta Extract; Neomycin Sulfate,Luka bakar ringan; luka kecil,Dosis sesuai anjuran dokter. Kalbe,Placenta Extract; Neomycin Sulfate,Luka bakar ringan; luka kecil,Iritasi lokal; alergi antibiotik,2028-03-15,Tablet,,True,[]
1904,Sofra-Tulle Solution,Obat Kulit & Luka,65809.0,201,Framycetin Sulfate dressing,Penutup luka dengan antibiotik topikal,Dosis sesuai anjuran dokter. Sanofi,Framycetin Sulfate dressing,Penutup luka dengan antibiotik topikal,Alergi lokal,2026-12-31,Tablet,,True,[]
1905,FG Troches Troches,Mulut & Tenggorokan,11926.0,185,Fradiomycin; Gramicidin,Radang tenggorokan ringan sesuai petunjuk,Dosis sesuai anjuran dokter. Meiji,Fradiomycin; Gramicidin,Radang tenggorokan ringan sesuai petunjuk,Alergi; gangguan pencernaan ringan,2027-11-20,Tablet,,True,[]
1906,Herbakof Cair,Herbal & Tradisional,17797.0,89,Ekstrak Daun Legundi; Ekstrak Jahe; Ekstrak Saga; Ekstrak Mahkota Dewa,Batuk ringan; tenggorokan tidak nyaman,Dosis sesuai anjuran dokter. Dexa Medica,Ekstrak Daun Legundi; Ekstrak Jahe; Ekstrak Saga; Ekstrak Mahkota Dewa,Batuk ringan; tenggorokan tidak nyaman,Alergi herbal jarang,2028-03-15,Tablet,,True,[]
1907,Mycoral Cream,Antijamur & Kulit,18517.0,103,Ketoconazole 2%,Infeksi jamur kulit,Dosis sesuai anjuran dokter. Kalbe,Ketoconazole 2%,Infeksi jamur kulit,Iritasi lokal; kulit kering,2027-06-30,Tablet,,True,[]
1908,Biogesic Kaplet,Nyeri & Demam,7885.0,190,Paracetamol 500mg,Demam; nyeri ringan,Dosis sesuai anjuran dokter. Kalbe,Paracetamol 500mg,Demam; nyeri ringan,Mual; ruam alergi jarang,2026-12-31,Tablet,,True,[]
1909,Diapet Kapsul,Pencernaan & Diare,23109.0,107,Ekstrak daun jambu biji; Kunyit; Mojokeling,Diare ringan; perut mulas,Dosis sesuai anjuran dokter. Soho,Ekstrak daun jambu biji; Kunyit; Mojokeling,Diare ringan; perut mulas,Alergi bahan herbal jarang,2027-06-30,Kapsul,,True,[]
1910,Microlax Tablet,Pencernaan & Diare,11517.0,92,Sorbitol; Sodium Citrate; Sodium Lauryl Sulfoacetate,Sembelit; membantu BAB,Dosis sesuai anjuran dokter. Pharos,Sorbitol; Sodium Citrate; Sodium Lauryl Sulfoacetate,Sembelit; membantu BAB,Rasa tidak nyaman lokal,2028-03-15,Tablet,,True,[]
1911,Bisolvon Anak,Obat Batuk,15483.0,109,Bromhexine HCl,Batuk berdahak; dahak kental,Dosis sesuai anjuran dokter. Sanofi,Bromhexine HCl,Batuk berdahak; dahak kental,Mual; pusing; gangguan lambung,2027-11-20,Tablet,,True,[]
1912,Oralit Tablet,Pencernaan & Diare,32123.0,112,Glucose; Sodium Chloride; Potassium Chloride; Trisodium Citrate,Membantu mengganti cairan saat diare,Dosis sesuai anjuran dokter. Generic,Glucose; Sodium Chloride; Potassium Chloride; Trisodium Citrate,Membantu mengganti cairan saat diare,Mual bila diminum terlalu cepat,2028-03-15,Tablet,,True,[]
1913,Antasida Doen Plus,Lambung & Maag,33730.0,88,Aluminium Hydroxide; Magnesium Hydroxide,Maag; nyeri ulu hati,Dosis sesuai anjuran dokter. Generic,Aluminium Hydroxide; Magnesium Hydroxide,Maag; nyeri ulu hati,Sembelit ringan; diare ringan,2026-12-31,Tablet,,True,[]
1914,Daktarin Cream 34,Antijamur & Kulit,75940.0,101,Miconazole Nitrate 2%,Infeksi jamur kulit,Dosis sesuai anjuran dokter. Johnson & Johnson,Miconazole Nitrate 2%,Infeksi jamur kulit,Iritasi lokal; kemerahan,2027-11-20,Tablet,,True,[]
1915,Komix Anak,Obat Batuk,27400.0,103,Dextromethorphan HBr; Guaifenesin,Batuk ringan; batuk berdahak,Dosis sesuai anjuran dokter. Bintang Toedjoe,Dextromethorphan HBr; Guaifenesin,Batuk ringan; batuk berdahak,Mengantuk; mual; pusing ringan,2027-11-20,Tablet,,True,[]
1916,Voltaren Emulgel 16,Obat Oles Nyeri,15521.0,62,Diclofenac Diethylamine,Nyeri otot dan sendi ringan,Dosis sesuai anjuran dokter. GSK,Diclofenac Diethylamine,Nyeri otot dan sendi ringan,Iritasi kulit; kemerahan,2028-03-15,Tablet,,True,[]
1917,Mebo Ointment Solution,Obat Kulit & Luka,20347.0,244,Herbal burn ointment,Luka bakar ringan; kulit iritasi,Dosis sesuai anjuran dokter. Mebo,Herbal burn ointment,Luka bakar ringan; kulit iritasi,Iritasi lokal jarang,2028-03-15,Tablet,,True,[]
1918,Decolgen Tablet,Flu & Pilek,14832.0,116,Paracetamol; Phenylpropanolamine; Chlorpheniramine,Gejala flu; pilek; sakit kepala,Dosis sesuai anjuran dokter. Medifarma,Paracetamol; Phenylpropanolamine; Chlorpheniramine,Gejala flu; pilek; sakit kepala,Mengantuk; mulut kering; berdebar,2026-12-31,Tablet,,True,[]
1919,CDR Tablet,Vitamin & Suplemen,66917.0,289,Calcium; Vitamin C; Vitamin D; Vitamin B6,Kesehatan tulang dan daya tahan tubuh,Dosis sesuai anjuran dokter. Bayer,Calcium; Vitamin C; Vitamin D; Vitamin B6,Kesehatan tulang dan daya tahan tubuh,Mual; kembung ringan,2027-06-30,Tablet,,True,[]
1920,Aloclair Gel 21,Mulut & Tenggorokan,32727.0,152,Polyvinylpyrrolidone; Hyaluronic Acid,Sariawan; luka mulut kecil,Dosis sesuai anjuran dokter. Alliance,Polyvinylpyrrolidone; Hyaluronic Acid,Sariawan; luka mulut kecil,Rasa tidak nyaman lokal,2027-11-20,Tablet,,True,[]
1921,Betadine Ointment Ointment,Obat Kulit & Luka,57275.0,150,Povidone Iodine 10%,Antiseptik luka ringan; lecet,Dosis sesuai anjuran dokter. Mundipharma,Povidone Iodine 10%,Antiseptik luka ringan; lecet,Iritasi lokal; alergi jarang,2027-11-20,Tablet,,True,[]
1922,Geliga 32,Obat Oles Nyeri,37444.0,264,Methyl Salicylate; Menthol; Eucalyptus Oil,Pegal; nyeri otot ringan,Dosis sesuai anjuran dokter. Eagle Indo Pharma,Methyl Salicylate; Menthol; Eucalyptus Oil,Pegal; nyeri otot ringan,Rasa panas; iritasi lokal,2026-12-31,Tablet,,True,[]
1923,Oskadon Kaplet,Nyeri & Demam,27790.0,243,Paracetamol; Caffeine,Sakit kepala; nyeri ringan,Dosis sesuai anjuran dokter. Supra Ferbindo,Paracetamol; Caffeine,Sakit kepala; nyeri ringan,Berdebar; sulit tidur; mual,2027-06-30,Tablet,,True,[]
1924,Diapet Anak,Pencernaan & Diare,34320.0,75,Ekstrak daun jambu biji; Kunyit; Mojokeling,Diare ringan; perut mulas,Dosis sesuai anjuran dokter. Soho,Ekstrak daun jambu biji; Kunyit; Mojokeling,Diare ringan; perut mulas,Alergi bahan herbal jarang,2027-06-30,Tablet,,True,[]
1925,Woods Expectorant Tablet,Obat Batuk,36926.0,91,Bromhexine HCl; Guaifenesin,Batuk berdahak,Dosis sesuai anjuran dokter. Kalbe,Bromhexine HCl; Guaifenesin,Batuk berdahak,Mual; pusing; gangguan lambung ringan,2026-12-31,Tablet,,True,[]
1926,Entrostop Anak,Pencernaan & Diare,29077.0,159,Attapulgite; Pectin,Diare tidak spesifik; perut mulas,Dosis sesuai anjuran dokter. Kalbe,Attapulgite; Pectin,Diare tidak spesifik; perut mulas,Sembelit bila berlebihan; mual,2028-03-15,Tablet,,True,[]
1927,Bodrex Sirup,Nyeri & Demam,31912.0,221,Paracetamol; Caffeine,Sakit kepala; nyeri ringan,Dosis sesuai anjuran dokter. Tempo Scan,Paracetamol; Caffeine,Sakit kepala; nyeri ringan,Berdebar; sulit tidur; mual,2027-11-20,Tablet,,True,[]
1928,Freshcare Roll On,Obat Oles Nyeri,18862.0,158,Menthol; Camphor; Essential Oil,Pusing ringan; pegal; mabuk perjalanan,Dosis sesuai anjuran dokter. Ultra Sakti,Menthol; Camphor; Essential Oil,Pusing ringan; pegal; mabuk perjalanan,Iritasi kulit jarang,2027-11-20,Tablet,,True,[]
1929,Burnazin Cream 42,Obat Kulit & Luka,38243.0,164,Silver Sulfadiazine,Luka bakar ringan tertentu,Dosis sesuai anjuran dokter. Darya-Varia,Silver Sulfadiazine,Luka bakar ringan tertentu,Iritasi lokal; alergi sulfa,2028-03-15,Tablet,,True,[]
1930,Cooling 5 Spray,Mulut & Tenggorokan,12296.0,144,Phenol,Sakit tenggorokan ringan,Dosis sesuai anjuran dokter. Darya-Varia,Phenol,Sakit tenggorokan ringan,Iritasi lokal; rasa kebas,2026-12-31,Tablet,,True,[]
1931,Bejo Jahe Merah Botol,Herbal & Tradisional,28739.0,139,Jahe merah; Herbal extract,Masuk angin; tenggorokan tidak nyaman,Dosis sesuai anjuran dokter. Bintang Toedjoe,Jahe merah; Herbal extract,Masuk angin; tenggorokan tidak nyaman,Rasa hangat di lambung,2027-06-30,Tablet,,True,[]
1932,Caladine Lotion Kaplet,Alergi & Gatal,11836.0,112,Calamine; Zinc Oxide; Diphenhydramine,Gatal ringan; biang keringat,Dosis sesuai anjuran dokter. Galenium,Calamine; Zinc Oxide; Diphenhydramine,Gatal ringan; biang keringat,Iritasi lokal jarang,2027-06-30,Tablet,,True,[]
1933,Voltaren Emulgel 09,Obat Oles Nyeri,36534.0,165,Diclofenac Diethylamine,Nyeri otot dan sendi ringan,Dosis sesuai anjuran dokter. GSK,Diclofenac Diethylamine,Nyeri otot dan sendi ringan,Iritasi kulit; kemerahan,2027-11-20,Tablet,,True,[]
1934,Dumin Forte,Nyeri & Demam,30155.0,181,Paracetamol 500mg,Demam; nyeri ringan,Dosis sesuai anjuran dokter. Actavis,Paracetamol 500mg,Demam; nyeri ringan,Mual; ruam alergi jarang,2028-03-15,Tablet,,True,[]
1935,Bedak Herocyn Cream,Alergi & Gatal,55586.0,57,Menthol; Sulfur; Salicylic Acid,Gatal ringan; biang keringat,Dosis sesuai anjuran dokter. Coronet Crown,Menthol; Sulfur; Salicylic Acid,Gatal ringan; biang keringat,Iritasi kulit pada sebagian orang,2027-11-20,Tablet,,True,[]
1936,Paracetamol 500mg Drops,Nyeri & Demam,34538.0,91,Paracetamol 500mg,Demam; nyeri ringan; sakit kepala,Dosis sesuai anjuran dokter. Generic,Paracetamol 500mg,Demam; nyeri ringan; sakit kepala,Mual; ruam alergi jarang; gangguan hati bila overdosis,2026-12-31,Tablet,,True,[]
1937,Microlax Sirup,Pencernaan & Diare,22141.0,122,Sorbitol; Sodium Citrate; Sodium Lauryl Sulfoacetate,Sembelit; membantu BAB,Dosis sesuai anjuran dokter. Pharos,Sorbitol; Sodium Citrate; Sodium Lauryl Sulfoacetate,Sembelit; membantu BAB,Rasa tidak nyaman lokal,2027-11-20,Tablet,,True,[]
1938,Caladine Lotion Lotion,Alergi & Gatal,36793.0,176,Calamine; Zinc Oxide; Diphenhydramine,Gatal ringan; biang keringat,Dosis sesuai anjuran dokter. Galenium,Calamine; Zinc Oxide; Diphenhydramine,Gatal ringan; biang keringat,Iritasi lokal jarang,2028-03-15,Tablet,,True,[]
1939,Scabimite Gel,Antijamur & Kulit,46953.0,234,Permethrin 5%,Kudis/skabies sesuai aturan pakai,Dosis sesuai anjuran dokter. Galderma,Permethrin 5%,Kudis/skabies sesuai aturan pakai,Rasa panas; gatal sementara,2026-12-31,Tablet,,True,[]
1940,Sangobion Effervescent,Vitamin & Suplemen,98709.0,197,Ferrous Gluconate; Vitamin; Mineral,Suplemen zat besi,Dosis sesuai anjuran dokter. Merck,Ferrous Gluconate; Vitamin; Mineral,Suplemen zat besi,Mual; konstipasi; feses gelap,2027-06-30,Tablet,,True,[]
1941,Betadine Gargle 08,Mulut & Tenggorokan,29396.0,172,Povidone Iodine 1%,Kumur untuk kebersihan mulut dan tenggorokan,Dosis sesuai anjuran dokter. Mundipharma,Povidone Iodine 1%,Kumur untuk kebersihan mulut dan tenggorokan,Iritasi mulut; rasa tidak nyaman,2027-11-20,Tablet,,True,[]
1942,Insto Regular Tetes Mata,Mata & Telinga,20419.0,287,Tetrahydrozoline HCl,Mata merah karena iritasi ringan,Dosis sesuai anjuran dokter. Sterling,Tetrahydrozoline HCl,Mata merah karena iritasi ringan,Perih sementara; mata kering,2027-06-30,Tablet,,True,[]
1943,Siladex Antitussive Anak,Obat Batuk,29135.0,109,Dextromethorphan HBr; Diphenhydramine HCl,Batuk kering,Dosis sesuai anjuran dokter. Konimex,Dextromethorphan HBr; Diphenhydramine HCl,Batuk kering,Mengantuk; pusing; mulut kering,2027-11-20,Tablet,,True,[]
1944,GPU Minyak Gosok Gel,Obat Oles Nyeri,52581.0,239,Menthol; Methyl Salicylate; Camphor,Pegal; masuk angin; nyeri otot ringan,Dosis sesuai anjuran dokter. Cap Lang,Menthol; Methyl Salicylate; Camphor,Pegal; masuk angin; nyeri otot ringan,Iritasi lokal,2028-03-15,Tablet,,True,[]
1945,Sterimar Nasal Hygiene Nasal Spray,Perawatan Hidung & Pernapasan,25546.0,269,Sea water isotonic,Membersihkan rongga hidung,Dosis sesuai anjuran dokter. Church & Dwight,Sea water isotonic,Membersihkan rongga hidung,Iritasi hidung ringan,2028-03-15,Tablet,,True,[]
1946,Otopain Minidose,Mata & Telinga,42319.0,216,Phenazone; Lidocaine HCl,Nyeri telinga ringan sesuai petunjuk,Dosis sesuai anjuran dokter. Generic,Phenazone; Lidocaine HCl,Nyeri telinga ringan sesuai petunjuk,Iritasi lokal; tidak nyaman,2026-12-31,Tablet,,True,[]
1947,Mylanta Cair,Lambung & Maag,50893.0,156,Aluminium Hydroxide; Magnesium Hydroxide; Simethicone,Asam lambung; maag; kembung,Dosis sesuai anjuran dokter. Johnson & Johnson,Aluminium Hydroxide; Magnesium Hydroxide; Simethicone,Asam lambung; maag; kembung,Sembelit ringan; diare ringan,2027-11-20,Tablet,,True,[]
1948,Komix Sirup,Obat Batuk,23132.0,234,Dextromethorphan HBr; Guaifenesin,Batuk ringan; batuk berdahak,Dosis sesuai anjuran dokter. Bintang Toedjoe,Dextromethorphan HBr; Guaifenesin,Batuk ringan; batuk berdahak,Mengantuk; mual; pusing ringan,2026-12-31,Tablet,,True,[]
1949,Neozep Forte Extra,Flu & Pilek,11767.0,223,Paracetamol; Phenylephrine HCl; Chlorpheniramine,Flu; pilek; hidung tersumbat,Dosis sesuai anjuran dokter. Konimex,Paracetamol; Phenylephrine HCl; Chlorpheniramine,Flu; pilek; hidung tersumbat,Mengantuk; mulut kering; berdebar,2027-11-20,Tablet,,True,[]
1950,Betadine Gargle 15,Mulut & Tenggorokan,29895.0,126,Povidone Iodine 1%,Kumur untuk kebersihan mulut dan tenggorokan,Dosis sesuai anjuran dokter. Mundipharma,Povidone Iodine 1%,Kumur untuk kebersihan mulut dan tenggorokan,Iritasi mulut; rasa tidak nyaman,2026-12-31,Tablet,,True,[]
1951,Promag Sachet,Lambung & Maag,25499.0,165,Hydrotalcite; Magnesium Hydroxide; Simethicone,Maag; perut kembung; nyeri ulu hati,Dosis sesuai anjuran dokter. Kalbe,Hydrotalcite; Magnesium Hydroxide; Simethicone,Maag; perut kembung; nyeri ulu hati,Sembelit ringan; diare ringan; mual,2028-03-15,Tablet,,True,[]
1952,Tolak Angin Sirup,Herbal & Tradisional,36236.0,217,Ekstrak herbal; Madu,Masuk angin; perut kembung; mual ringan,Dosis sesuai anjuran dokter. Sido Muncul,Ekstrak herbal; Madu,Masuk angin; perut kembung; mual ringan,Alergi bahan herbal jarang,2027-11-20,Tablet,,True,[]
1953,Mixagrip Flu Tablet 43,Flu & Pilek,49126.0,208,Paracetamol; Phenylephrine HCl; Chlorpheniramine,Flu; pilek; demam; hidung tersumbat,Dosis sesuai anjuran dokter. Tempo Scan,Paracetamol; Phenylephrine HCl; Chlorpheniramine,Flu; pilek; demam; hidung tersumbat,Mengantuk; mulut kering; berdebar,2027-06-30,Tablet,,True,[]
1954,Salep 88 Lotion,Antijamur & Kulit,46928.0,52,Salicylic Acid; Benzoic Acid; Sulfur,Panu; kurap; gatal jamur,Dosis sesuai anjuran dokter. Meccaya,Salicylic Acid; Benzoic Acid; Sulfur,Panu; kurap; gatal jamur,Iritasi lokal; rasa panas,2028-03-15,Tablet,,True,[]
1955,Pamol Tablet,Nyeri & Demam,8113.0,299,Paracetamol 500mg,Demam; nyeri ringan,Dosis sesuai anjuran dokter. Interbat,Paracetamol 500mg,Demam; nyeri ringan,Mual; ruam alergi jarang,2027-11-20,Tablet,,True,[]
1956,Plantacid Suspensi,Lambung & Maag,12148.0,88,Aluminium Hydroxide; Magnesium Hydroxide; Simethicone,Asam lambung; kembung,Dosis sesuai anjuran dokter. Soho,Aluminium Hydroxide; Magnesium Hydroxide; Simethicone,Asam lambung; kembung,Sembelit; diare ringan,2027-06-30,Tablet,,True,[]
1957,Woods Expectorant Anak,Obat Batuk,33915.0,78,Bromhexine HCl; Guaifenesin,Batuk berdahak,Dosis sesuai anjuran dokter. Kalbe,Bromhexine HCl; Guaifenesin,Batuk berdahak,Mual; pusing; gangguan lambung ringan,2026-12-31,Tablet,,True,[]
1958,Diapet Larutan,Pencernaan & Diare,18145.0,232,Ekstrak daun jambu biji; Kunyit; Mojokeling,Diare ringan; perut mulas,Dosis sesuai anjuran dokter. Soho,Ekstrak daun jambu biji; Kunyit; Mojokeling,Diare ringan; perut mulas,Alergi bahan herbal jarang,2028-03-15,Tablet,,True,[]
1959,Canesten Cream 11,Antijamur & Kulit,21054.0,234,Clotrimazole 1%,Jamur kulit; kutu air,Dosis sesuai anjuran dokter. Bayer,Clotrimazole 1%,Jamur kulit; kutu air,Iritasi lokal ringan,2027-06-30,Tablet,,True,[]
1960,Cooling 5 Gel,Mulut & Tenggorokan,20428.0,114,Phenol,Sakit tenggorokan ringan,Dosis sesuai anjuran dokter. Darya-Varia,Phenol,Sakit tenggorokan ringan,Iritasi lokal; rasa kebas,2027-11-20,Tablet,,True,[]
1961,Salonpas Gel 20,Obat Oles Nyeri,18931.0,161,Methyl Salicylate; Menthol,Nyeri otot; pegal,Dosis sesuai anjuran dokter. Hisamitsu,Methyl Salicylate; Menthol,Nyeri otot; pegal,Iritasi lokal; rasa panas,2027-11-20,Tablet,,True,[]
1962,Ultraflu Tablet,Flu & Pilek,11335.0,194,Paracetamol; Phenylpropanolamine; CTM,Gejala flu dan pilek,Dosis sesuai anjuran dokter. Henson Farma,Paracetamol; Phenylpropanolamine; CTM,Gejala flu dan pilek,Mengantuk; berdebar,2027-06-30,Tablet,,True,[]
1963,Salonpas Gel 27,Obat Oles Nyeri,17749.0,138,Methyl Salicylate; Menthol,Nyeri otot; pegal,Dosis sesuai anjuran dokter. Hisamitsu,Methyl Salicylate; Menthol,Nyeri otot; pegal,Iritasi lokal; rasa panas,2026-12-31,Tablet,,True,[]
1964,Ultraflu Plus,Flu & Pilek,46912.0,143,Paracetamol; Phenylpropanolamine; CTM,Gejala flu dan pilek,Dosis sesuai anjuran dokter. Henson Farma,Paracetamol; Phenylpropanolamine; CTM,Gejala flu dan pilek,Mengantuk; berdebar,2027-11-20,Tablet,,True,[]
1965,Counterpain Minyak,Obat Oles Nyeri,25296.0,148,Methyl Salicylate; Menthol; Eugenol,Nyeri otot; pegal; keseleo ringan,Dosis sesuai anjuran dokter. Taisho,Methyl Salicylate; Menthol; Eugenol,Nyeri otot; pegal; keseleo ringan,Rasa panas; iritasi lokal,2027-11-20,Tablet,,True,[]
1966,Oralit Sirup,Pencernaan & Diare,36833.0,245,Glucose; Sodium Chloride; Potassium Chloride; Trisodium Citrate,Membantu mengganti cairan saat diare,Dosis sesuai anjuran dokter. Generic,Glucose; Sodium Chloride; Potassium Chloride; Trisodium Citrate,Membantu mengganti cairan saat diare,Mual bila diminum terlalu cepat,2028-03-15,Tablet,,True,[]
1967,Vicks Formula 44 Berdahak,Obat Batuk,30911.0,268,Dextromethorphan HBr,Batuk kering; batuk malam hari,Dosis sesuai anjuran dokter. P&G,Dextromethorphan HBr,Batuk kering; batuk malam hari,Mengantuk; pusing; mulut kering,2026-12-31,Tablet,,True,[]
1968,Procold Flu Tablet 46,Flu & Pilek,40007.0,229,Paracetamol; Pseudoephedrine; Chlorpheniramine,Flu; demam; hidung tersumbat,Dosis sesuai anjuran dokter. Kalbe,Paracetamol; Pseudoephedrine; Chlorpheniramine,Flu; demam; hidung tersumbat,Mengantuk; mulut kering; berdebar,2027-06-30,Tablet,,True,[]
1969,Transpulmin Baby Drops,Perawatan Hidung & Pernapasan,12069.0,57,Eucalyptus Oil; Chamomile Oil,Membantu menghangatkan badan anak,Dosis sesuai anjuran dokter. Novartis,Eucalyptus Oil; Chamomile Oil,Membantu menghangatkan badan anak,Iritasi lokal jarang,2027-06-30,Tablet,,True,[]
1970,OBH Combi Batuk Flu Kering,Obat Batuk,30783.0,71,Paracetamol; Ephedrine HCl; Chlorpheniramine; Succus liquiritiae,Batuk disertai flu; demam; pilek,Dosis sesuai anjuran dokter. Combiphar,Paracetamol; Ephedrine HCl; Chlorpheniramine; Succus liquiritiae,Batuk disertai flu; demam; pilek,Mengantuk; mulut kering; berdebar,2027-11-20,Tablet,,True,[]
1971,Siladex Mucolytic Anak,Obat Batuk,23378.0,121,Bromhexine; Guaifenesin,Batuk berdahak,Dosis sesuai anjuran dokter. Konimex,Bromhexine; Guaifenesin,Batuk berdahak,Mual; pusing; gangguan lambung,2027-11-20,Tablet,,True,[]
1972,Bodrex Forte,Nyeri & Demam,10720.0,70,Paracetamol; Caffeine,Sakit kepala; nyeri ringan,Dosis sesuai anjuran dokter. Tempo Scan,Paracetamol; Caffeine,Sakit kepala; nyeri ringan,Berdebar; sulit tidur; mual,2028-03-15,Tablet,,True,[]
1973,SP Troches Troches,Mulut & Tenggorokan,24564.0,86,Dequalinium Chloride,Sariawan; tenggorokan tidak nyaman,Dosis sesuai anjuran dokter. Meiji,Dequalinium Chloride,Sariawan; tenggorokan tidak nyaman,Iritasi mulut jarang,2027-06-30,Tablet,,True,[]
1974,Decolgen Plus,Flu & Pilek,10667.0,80,Paracetamol; Phenylpropanolamine; Chlorpheniramine,Gejala flu; pilek; sakit kepala,Dosis sesuai anjuran dokter. Medifarma,Paracetamol; Phenylpropanolamine; Chlorpheniramine,Gejala flu; pilek; sakit kepala,Mengantuk; mulut kering; berdebar,2028-03-15,Tablet,,True,[]
1975,Larutan Cap Kaki Tiga Tablet,Herbal & Tradisional,22864.0,72,Gypsum Fibrosum; Calcitum,Panas dalam; tenggorokan kering,Dosis sesuai anjuran dokter. Kinocare,Gypsum Fibrosum; Calcitum,Panas dalam; tenggorokan kering,Tidak nyaman di perut pada sebagian orang,2028-03-15,Tablet,,True,[]
1976,Nosib Powder,Antijamur & Kulit,46780.0,282,Sulfur; Salicylic Acid,Gatal karena jamur ringan,Dosis sesuai anjuran dokter. Coronet Crown,Sulfur; Salicylic Acid,Gatal karena jamur ringan,Iritasi lokal; kulit kering,2027-06-30,Tablet,,True,[]
1977,Vicee Kaplet,Vitamin & Suplemen,67045.0,297,Vitamin C 500mg,Suplemen vitamin C,Dosis sesuai anjuran dokter. Kalbe,Vitamin C 500mg,Suplemen vitamin C,Nyeri lambung ringan,2026-12-31,Tablet,,True,[]
1978,Promag Plus,Lambung & Maag,31155.0,275,Hydrotalcite; Magnesium Hydroxide; Simethicone,Maag; perut kembung; nyeri ulu hati,Dosis sesuai anjuran dokter. Kalbe,Hydrotalcite; Magnesium Hydroxide; Simethicone,Maag; perut kembung; nyeri ulu hati,Sembelit ringan; diare ringan; mual,2027-06-30,Tablet,,True,[]
1979,Bedak Herocyn Tablet,Alergi & Gatal,56019.0,58,Menthol; Sulfur; Salicylic Acid,Gatal ringan; biang keringat,Dosis sesuai anjuran dokter. Coronet Crown,Menthol; Sulfur; Salicylic Acid,Gatal ringan; biang keringat,Iritasi kulit pada sebagian orang,2028-03-15,Tablet,,True,[]
1980,Sanaflu Sirup,Flu & Pilek,34449.0,245,Paracetamol; Phenylephrine; Chlorpheniramine,Flu; pilek; sakit kepala,Dosis sesuai anjuran dokter. Sanbe Farma,Paracetamol; Phenylephrine; Chlorpheniramine,Flu; pilek; sakit kepala,Mengantuk; mulut kering,2027-11-20,Tablet,,True,[]
1981,Pamol Forte,Nyeri & Demam,31696.0,183,Paracetamol 500mg,Demam; nyeri ringan,Dosis sesuai anjuran dokter. Interbat,Paracetamol 500mg,Demam; nyeri ringan,Mual; ruam alergi jarang,2027-06-30,Tablet,,True,[]
1982,Nosib Gel,Antijamur & Kulit,16089.0,289,Sulfur; Salicylic Acid,Gatal karena jamur ringan,Dosis sesuai anjuran dokter. Coronet Crown,Sulfur; Salicylic Acid,Gatal karena jamur ringan,Iritasi lokal; kulit kering,2026-12-31,Tablet,,True,[]
1983,Mycoral Cream 21,Antijamur & Kulit,67917.0,238,Ketoconazole 2%,Infeksi jamur kulit,Dosis sesuai anjuran dokter. Kalbe,Ketoconazole 2%,Infeksi jamur kulit,Iritasi lokal; kulit kering,2028-03-15,Tablet,,True,[]
1984,Fatigon Forte,Vitamin & Suplemen,41313.0,255,Vitamin B Complex; Vitamin E; Mineral,Membantu mengurangi lelah,Dosis sesuai anjuran dokter. Kalbe,Vitamin B Complex; Vitamin E; Mineral,Membantu mengurangi lelah,Mual ringan,2027-06-30,Tablet,,True,[]
1985,Iliadin Dewasa Nasal Spray,Perawatan Hidung & Pernapasan,50405.0,175,Oxymetazoline HCl,Hidung tersumbat sementara,Dosis sesuai anjuran dokter. Merck,Oxymetazoline HCl,Hidung tersumbat sementara,Hidung kering; iritasi; rebound bila berlebih,2027-11-20,Tablet,,True,[]
1986,Pamol Sirup,Nyeri & Demam,22608.0,99,Paracetamol 500mg,Demam; nyeri ringan,Dosis sesuai anjuran dokter. Interbat,Paracetamol 500mg,Demam; nyeri ringan,Mual; ruam alergi jarang,2028-03-15,Tablet,,True,[]
1987,Betadine Ointment Gel,Obat Kulit & Luka,26258.0,103,Povidone Iodine 10%,Antiseptik luka ringan; lecet,Dosis sesuai anjuran dokter. Mundipharma,Povidone Iodine 10%,Antiseptik luka ringan; lecet,Iritasi lokal; alergi jarang,2028-03-15,Tablet,,True,[]
1988,Cooling 5 Lozenges,Mulut & Tenggorokan,34861.0,242,Phenol,Sakit tenggorokan ringan,Dosis sesuai anjuran dokter. Darya-Varia,Phenol,Sakit tenggorokan ringan,Iritasi lokal; rasa kebas,2028-03-15,Tablet,,True,[]
1989,Mylanta Suspensi 44,Lambung & Maag,20571.0,227,Aluminium Hydroxide; Magnesium Hydroxide; Simethicone,Asam lambung; maag; kembung,Dosis sesuai anjuran dokter. Johnson & Johnson,Aluminium Hydroxide; Magnesium Hydroxide; Simethicone,Asam lambung; maag; kembung,Sembelit ringan; diare ringan,2027-06-30,Tablet,,True,[]
1990,Tolak Angin Tablet,Herbal & Tradisional,12077.0,252,Ekstrak herbal; Madu,Masuk angin; perut kembung; mual ringan,Dosis sesuai anjuran dokter. Sido Muncul,Ekstrak herbal; Madu,Masuk angin; perut kembung; mual ringan,Alergi bahan herbal jarang,2026-12-31,Tablet,,True,[]
1991,Microlax Kapsul,Pencernaan & Diare,21221.0,208,Sorbitol; Sodium Citrate; Sodium Lauryl Sulfoacetate,Sembelit; membantu BAB,Dosis sesuai anjuran dokter. Pharos,Sorbitol; Sodium Citrate; Sodium Lauryl Sulfoacetate,Sembelit; membantu BAB,Rasa tidak nyaman lokal,2027-06-30,Kapsul,,True,[]
1992,Sterimar Nasal Hygiene Balm,Perawatan Hidung & Pernapasan,59207.0,62,Sea water isotonic,Membersihkan rongga hidung,Dosis sesuai anjuran dokter. Church & Dwight,Sea water isotonic,Membersihkan rongga hidung,Iritasi hidung ringan,2028-03-15,Tablet,,True,[]
1993,Enkasari Lozenges,Mulut & Tenggorokan,34062.0,243,Ekstrak herbal,Sariawan; bau mulut,Dosis sesuai anjuran dokter. Konimex,Ekstrak herbal,Sariawan; bau mulut,Alergi herbal jarang,2026-12-31,Tablet,,True,[]
1994,CDR Kaplet,Vitamin & Suplemen,64696.0,229,Calcium; Vitamin C; Vitamin D; Vitamin B6,Kesehatan tulang dan daya tahan tubuh,Dosis sesuai anjuran dokter. Bayer,Calcium; Vitamin C; Vitamin D; Vitamin B6,Kesehatan tulang dan daya tahan tubuh,Mual; kembung ringan,2026-12-31,Tablet,,True,[]
1995,Woods Expectorant Kering,Obat Batuk,34186.0,236,Bromhexine HCl; Guaifenesin,Batuk berdahak,Dosis sesuai anjuran dokter. Kalbe,Bromhexine HCl; Guaifenesin,Batuk berdahak,Mual; pusing; gangguan lambung ringan,2028-03-15,Tablet,,True,[]
1996,Plantacid Sachet,Lambung & Maag,15067.0,291,Aluminium Hydroxide; Magnesium Hydroxide; Simethicone,Asam lambung; kembung,Dosis sesuai anjuran dokter. Soho,Aluminium Hydroxide; Magnesium Hydroxide; Simethicone,Asam lambung; kembung,Sembelit; diare ringan,2028-03-15,Tablet,,True,[]
1997,Sterimar Nasal Hygiene Inhaler,Perawatan Hidung & Pernapasan,25632.0,287,Sea water isotonic,Membersihkan rongga hidung,Dosis sesuai anjuran dokter. Church & Dwight,Sea water isotonic,Membersihkan rongga hidung,Iritasi hidung ringan,2026-12-31,Tablet,,True,[]
1998,OBH Combi Batuk Berdahak Sirup,Obat Batuk,42859.0,245,Succus liquiritiae; Ammonium chloride,Batuk berdahak; membantu mengencerkan dahak,Dosis sesuai anjuran dokter. Combiphar,Succus liquiritiae; Ammonium chloride,Batuk berdahak; membantu mengencerkan dahak,Mual; mengantuk; berdebar pada sebagian orang,2027-06-30,Tablet,,True,[]
1999,Sanmol Extra,Nyeri & Demam,14661.0,131,Paracetamol 500mg,Demam; sakit kepala; nyeri ringan,Dosis sesuai anjuran dokter. Sanbe Farma,Paracetamol 500mg,Demam; sakit kepala; nyeri ringan,Mual; alergi jarang,2027-06-30,Tablet,,True,[]
2000,Oskadon Forte,Nyeri & Demam,18507.0,298,Paracetamol; Caffeine,Sakit kepala; nyeri ringan,Dosis sesuai anjuran dokter. Supra Ferbindo,Paracetamol; Caffeine,Sakit kepala; nyeri ringan,Berdebar; sulit tidur; mual,2027-06-30,Tablet,,True,[]
2001,Siladex Mucolytic Sirup,Obat Batuk,40638.0,146,Bromhexine; Guaifenesin,Batuk berdahak,Dosis sesuai anjuran dokter. Konimex,Bromhexine; Guaifenesin,Batuk berdahak,Mual; pusing; gangguan lambung,2027-06-30,Tablet,,True,[]
2002,Promag Tablet Kunyah 37,Lambung & Maag,54947.0,199,Hydrotalcite; Magnesium Hydroxide; Simethicone,Maag; perut kembung; nyeri ulu hati,Dosis sesuai anjuran dokter. Kalbe,Hydrotalcite; Magnesium Hydroxide; Simethicone,Maag; perut kembung; nyeri ulu hati,Sembelit ringan; diare ringan; mual,2027-11-20,Tablet,,True,[]
2003,Ultraflu Sirup,Flu & Pilek,38418.0,140,Paracetamol; Phenylpropanolamine; CTM,Gejala flu dan pilek,Dosis sesuai anjuran dokter. Henson Farma,Paracetamol; Phenylpropanolamine; CTM,Gejala flu dan pilek,Mengantuk; berdebar,2026-12-31,Tablet,,True,[]
2004,Woods Antitussive Sirup,Obat Batuk,24540.0,166,Dextromethorphan HBr; Diphenhydramine HCl,Batuk kering; batuk tidak berdahak,Dosis sesuai anjuran dokter. Kalbe,Dextromethorphan HBr; Diphenhydramine HCl,Batuk kering; batuk tidak berdahak,Mengantuk; mulut kering; pusing,2027-11-20,Tablet,,True,[]
2005,Dumin Drops,Nyeri & Demam,24667.0,123,Paracetamol 500mg,Demam; nyeri ringan,Dosis sesuai anjuran dokter. Actavis,Paracetamol 500mg,Demam; nyeri ringan,Mual; ruam alergi jarang,2027-06-30,Tablet,,True,[]
2006,Salep 88 Cream,Antijamur & Kulit,40957.0,151,Salicylic Acid; Benzoic Acid; Sulfur,Panu; kurap; gatal jamur,Dosis sesuai anjuran dokter. Meccaya,Salicylic Acid; Benzoic Acid; Sulfur,Panu; kurap; gatal jamur,Iritasi lokal; rasa panas,2026-12-31,Tablet,,True,[]
2007,OBH Combi Batuk Flu Anak,Obat Batuk,31292.0,231,Paracetamol; Ephedrine HCl; Chlorpheniramine; Succus liquiritiae,Batuk disertai flu; demam; pilek,Dosis sesuai anjuran dokter. Combiphar,Paracetamol; Ephedrine HCl; Chlorpheniramine; Succus liquiritiae,Batuk disertai flu; demam; pilek,Mengantuk; mulut kering; berdebar,2026-12-31,Tablet,,True,[]
2008,Plantacid Suspensi 48,Lambung & Maag,19407.0,65,Aluminium Hydroxide; Magnesium Hydroxide; Simethicone,Asam lambung; kembung,Dosis sesuai anjuran dokter. Soho,Aluminium Hydroxide; Magnesium Hydroxide; Simethicone,Asam lambung; kembung,Sembelit; diare ringan,2026-12-31,Tablet,,True,[]
2009,Oralit Anak,Pencernaan & Diare,9226.0,249,Glucose; Sodium Chloride; Potassium Chloride; Trisodium Citrate,Membantu mengganti cairan saat diare,Dosis sesuai anjuran dokter. Generic,Glucose; Sodium Chloride; Potassium Chloride; Trisodium Citrate,Membantu mengganti cairan saat diare,Mual bila diminum terlalu cepat,2028-03-15,Tablet,,True,[]
2010,Waisan Cair,Lambung & Maag,26728.0,102,Antasida; Sodium Bicarbonate,Maag; perih lambung,Dosis sesuai anjuran dokter. Bintang Toedjoe,Antasida; Sodium Bicarbonate,Maag; perih lambung,Sendawa; perut terasa penuh,2027-11-20,Tablet,,True,[]
2011,OBH Combi Batuk Berdahak Sachet,Obat Batuk,38730.0,120,Succus liquiritiae; Ammonium chloride,Batuk berdahak; membantu mengencerkan dahak,Dosis sesuai anjuran dokter. Combiphar,Succus liquiritiae; Ammonium chloride,Batuk berdahak; membantu mengencerkan dahak,Mual; mengantuk; berdebar pada sebagian orang,2026-12-31,Tablet,,True,[]
2012,Enkasari Gargle,Mulut & Tenggorokan,34730.0,239,Ekstrak herbal,Sariawan; bau mulut,Dosis sesuai anjuran dokter. Konimex,Ekstrak herbal,Sariawan; bau mulut,Alergi herbal jarang,2028-03-15,Tablet,,True,[]
2013,Sofra-Tulle Cream,Obat Kulit & Luka,20076.0,242,Framycetin Sulfate dressing,Penutup luka dengan antibiotik topikal,Dosis sesuai anjuran dokter. Sanofi,Framycetin Sulfate dressing,Penutup luka dengan antibiotik topikal,Alergi lokal,2028-03-15,Tablet,,True,[]
2014,CTM Tablet,Alergi & Gatal,15474.0,77,Chlorpheniramine Maleate 4mg,Alergi ringan; gatal; pilek alergi,Dosis sesuai anjuran dokter. Generic,Chlorpheniramine Maleate 4mg,Alergi ringan; gatal; pilek alergi,Mengantuk; mulut kering,2028-03-15,Tablet,,True,[]
2015,Stimuno Kapsul,Vitamin & Suplemen,105311.0,93,Ekstrak Phyllanthus niruri,Memelihara daya tahan tubuh,Dosis sesuai anjuran dokter. Dexa Medica,Ekstrak Phyllanthus niruri,Memelihara daya tahan tubuh,Mual ringan,2027-06-30,Kapsul,,True,[]
2016,Aspirin 80mg Tablet,Nyeri & Demam,5963.0,229,Acetylsalicylic Acid 80mg,Nyeri ringan; demam tertentu sesuai anjuran,Dosis sesuai anjuran dokter. Bayer,Acetylsalicylic Acid 80mg,Nyeri ringan; demam tertentu sesuai anjuran,Iritasi lambung; risiko perdarahan,2028-03-15,Tablet,,True,[]
2017,Canesten Cream,Antijamur & Kulit,41208.0,300,Clotrimazole 1%,Jamur kulit; kutu air,Dosis sesuai anjuran dokter. Bayer,Clotrimazole 1%,Jamur kulit; kutu air,Iritasi lokal ringan,2026-12-31,Tablet,,True,[]
2018,Cendo Lyteers Tetes Mata,Mata & Telinga,39348.0,74,Artificial tears,Mata kering; iritasi ringan,Dosis sesuai anjuran dokter. Cendo,Artificial tears,Mata kering; iritasi ringan,Penglihatan kabur sementara,2026-12-31,Tablet,,True,[]
2019,Scabimite Lotion,Antijamur & Kulit,20558.0,158,Permethrin 5%,Kudis/skabies sesuai aturan pakai,Dosis sesuai anjuran dokter. Galderma,Permethrin 5%,Kudis/skabies sesuai aturan pakai,Rasa panas; gatal sementara,2026-12-31,Tablet,,True,[]
2020,Freshcare Cream,Obat Oles Nyeri,42507.0,177,Menthol; Camphor; Essential Oil,Pusing ringan; pegal; mabuk perjalanan,Dosis sesuai anjuran dokter. Ultra Sakti,Menthol; Camphor; Essential Oil,Pusing ringan; pegal; mabuk perjalanan,Iritasi kulit jarang,2026-12-31,Tablet,,True,[]
2021,Diatabs Tablet,Pencernaan & Diare,24904.0,96,Attapulgite,Membantu mengurangi frekuensi diare,Dosis sesuai anjuran dokter. Medifarma,Attapulgite,Membantu mengurangi frekuensi diare,Sembelit; mual,2026-12-31,Tablet,,True,[]
2022,Breathy Nasal Spray,Perawatan Hidung & Pernapasan,55257.0,75,Sodium Chloride,Hidung kering; membersihkan hidung,Dosis sesuai anjuran dokter. Pharos,Sodium Chloride,Hidung kering; membersihkan hidung,Iritasi ringan,2028-03-15,Tablet,,True,[]
2023,Procold Flu Kaplet,Flu & Pilek,25537.0,290,Paracetamol; Pseudoephedrine; Chlorpheniramine,Flu; demam; hidung tersumbat,Dosis sesuai anjuran dokter. Kalbe,Paracetamol; Pseudoephedrine; Chlorpheniramine,Flu; demam; hidung tersumbat,Mengantuk; mulut kering; berdebar,2026-12-31,Tablet,,True,[]
2024,Decolgen Kaplet 51,Flu & Pilek,41180.0,81,Paracetamol; Phenylpropanolamine; Chlorpheniramine,Gejala flu; pilek; sakit kepala,Dosis sesuai anjuran dokter. Medifarma,Paracetamol; Phenylpropanolamine; Chlorpheniramine,Gejala flu; pilek; sakit kepala,Mengantuk; mulut kering; berdebar,2026-12-31,Tablet,,True,[]
2025,Voltaren Emulgel,Obat Oles Nyeri,37040.0,102,Diclofenac Diethylamine,Nyeri otot dan sendi ringan,Dosis sesuai anjuran dokter. GSK,Diclofenac Diethylamine,Nyeri otot dan sendi ringan,Iritasi kulit; kemerahan,2028-03-15,Tablet,,True,[]
2026,Promag Suspensi 43,Lambung & Maag,41637.0,256,Hydrotalcite; Magnesium Hydroxide; Simethicone,Maag; perut kembung; nyeri ulu hati,Dosis sesuai anjuran dokter. Kalbe,Hydrotalcite; Magnesium Hydroxide; Simethicone,Maag; perut kembung; nyeri ulu hati,Sembelit ringan; diare ringan; mual,2026-12-31,Tablet,,True,[]
2027,Vicks Inhaler Drops,Perawatan Hidung & Pernapasan,26296.0,127,Menthol; Camphor; Pine Needle Oil,Hidung tersumbat ringan,Dosis sesuai anjuran dokter. P&G,Menthol; Camphor; Pine Needle Oil,Hidung tersumbat ringan,Iritasi hidung jarang,2027-06-30,Tablet,,True,[]
2028,Vicks Inhaler Spray,Perawatan Hidung & Pernapasan,22527.0,285,Menthol; Camphor; Pine Needle Oil,Hidung tersumbat ringan,Dosis sesuai anjuran dokter. P&G,Menthol; Camphor; Pine Needle Oil,Hidung tersumbat ringan,Iritasi hidung jarang,2026-12-31,Tablet,,True,[]
2029,Breathy Nasal Spray 20,Perawatan Hidung & Pernapasan,30689.0,135,Sodium Chloride,Hidung kering; membersihkan hidung,Dosis sesuai anjuran dokter. Pharos,Sodium Chloride,Hidung kering; membersihkan hidung,Iritasi ringan,2027-06-30,Tablet,,True,[]
2030,Sanmol Drops,Nyeri & Demam,13530.0,208,Paracetamol 500mg,Demam; sakit kepala; nyeri ringan,Dosis sesuai anjuran dokter. Sanbe Farma,Paracetamol 500mg,Demam; sakit kepala; nyeri ringan,Mual; alergi jarang,2028-03-15,Tablet,,True,[]
2031,Vicee Effervescent,Vitamin & Suplemen,42385.0,52,Vitamin C 500mg,Suplemen vitamin C,Dosis sesuai anjuran dokter. Kalbe,Vitamin C 500mg,Suplemen vitamin C,Nyeri lambung ringan,2028-03-15,Tablet,,True,[]
2032,Imboost Gummy,Vitamin & Suplemen,36416.0,231,Echinacea; Zinc; Vitamin C,Membantu menjaga daya tahan tubuh,Dosis sesuai anjuran dokter. Soho,Echinacea; Zinc; Vitamin C,Membantu menjaga daya tahan tubuh,Mual; alergi jarang,2026-12-31,Tablet,,True,[]
2033,Mixagrip Flu Sirup,Flu & Pilek,26700.0,238,Paracetamol; Phenylephrine HCl; Chlorpheniramine,Flu; pilek; demam; hidung tersumbat,Dosis sesuai anjuran dokter. Tempo Scan,Paracetamol; Phenylephrine HCl; Chlorpheniramine,Flu; pilek; demam; hidung tersumbat,Mengantuk; mulut kering; berdebar,2028-03-15,Tablet,,True,[]
2034,Incidal-OD Tablet,Alergi & Gatal,58427.0,209,Cetirizine HCl,Alergi; bersin; gatal,Dosis sesuai anjuran dokter. Bayer,Cetirizine HCl,Alergi; bersin; gatal,Mengantuk; mulut kering,2027-11-20,Tablet,,True,[]
2035,Aloclair Gel 28,Mulut & Tenggorokan,9113.0,218,Polyvinylpyrrolidone; Hyaluronic Acid,Sariawan; luka mulut kecil,Dosis sesuai anjuran dokter. Alliance,Polyvinylpyrrolidone; Hyaluronic Acid,Sariawan; luka mulut kecil,Rasa tidak nyaman lokal,2027-11-20,Tablet,,True,[]
2036,Daktarin Cream,Antijamur & Kulit,37452.0,257,Miconazole Nitrate 2%,Infeksi jamur kulit,Dosis sesuai anjuran dokter. Johnson & Johnson,Miconazole Nitrate 2%,Infeksi jamur kulit,Iritasi lokal; kemerahan,2028-03-15,Tablet,,True,[]
2037,Waisan Tablet Kunyah,Lambung & Maag,23576.0,177,Antasida; Sodium Bicarbonate,Maag; perih lambung,Dosis sesuai anjuran dokter. Bintang Toedjoe,Antasida; Sodium Bicarbonate,Maag; perih lambung,Sendawa; perut terasa penuh,2028-03-15,Tablet,,True,[]
2038,Hansaplast Spray Antiseptik 49,Obat Kulit & Luka,30387.0,215,Polyhexamethylene Biguanide,Membersihkan luka ringan,Dosis sesuai anjuran dokter. Beiersdorf,Polyhexamethylene Biguanide,Membersihkan luka ringan,Rasa perih ringan,2027-11-20,Tablet,,True,[]
2039,Incidal-OD Kaplet,Alergi & Gatal,49249.0,127,Cetirizine HCl,Alergi; bersin; gatal,Dosis sesuai anjuran dokter. Bayer,Cetirizine HCl,Alergi; bersin; gatal,Mengantuk; mulut kering,2027-06-30,Tablet,,True,[]
2040,OBH Combi Batuk Flu Sachet,Obat Batuk,27936.0,199,Paracetamol; Ephedrine HCl; Chlorpheniramine; Succus liquiritiae,Batuk disertai flu; demam; pilek,Dosis sesuai anjuran dokter. Combiphar,Paracetamol; Ephedrine HCl; Chlorpheniramine; Succus liquiritiae,Batuk disertai flu; demam; pilek,Mengantuk; mulut kering; berdebar,2028-03-15,Tablet,,True,[]
2041,Waisan Plus,Lambung & Maag,32138.0,63,Antasida; Sodium Bicarbonate,Maag; perih lambung,Dosis sesuai anjuran dokter. Bintang Toedjoe,Antasida; Sodium Bicarbonate,Maag; perih lambung,Sendawa; perut terasa penuh,2027-11-20,Tablet,,True,[]
2042,Rivanol Gel,Obat Kulit & Luka,47570.0,289,Ethacridine Lactate,Membersihkan luka ringan,Dosis sesuai anjuran dokter. Generic,Ethacridine Lactate,Membersihkan luka ringan,Iritasi lokal jarang,2027-11-20,Tablet,,True,[]
2043,Kalpanax Solution,Antijamur & Kulit,56330.0,95,Miconazole Nitrate,Jamur kulit; panu; kurap; kutu air,Dosis sesuai anjuran dokter. Kalbe,Miconazole Nitrate,Jamur kulit; panu; kurap; kutu air,Iritasi lokal; rasa panas ringan,2026-12-31,Tablet,,True,[]
2044,Siladex Antitussive Sachet,Obat Batuk,17932.0,115,Dextromethorphan HBr; Diphenhydramine HCl,Batuk kering,Dosis sesuai anjuran dokter. Konimex,Dextromethorphan HBr; Diphenhydramine HCl,Batuk kering,Mengantuk; pusing; mulut kering,2027-06-30,Tablet,,True,[]
2045,CTM Cream,Alergi & Gatal,15051.0,273,Chlorpheniramine Maleate 4mg,Alergi ringan; gatal; pilek alergi,Dosis sesuai anjuran dokter. Generic,Chlorpheniramine Maleate 4mg,Alergi ringan; gatal; pilek alergi,Mengantuk; mulut kering,2027-06-30,Tablet,,True,[]
2046,Stimuno Effervescent,Vitamin & Suplemen,93961.0,72,Ekstrak Phyllanthus niruri,Memelihara daya tahan tubuh,Dosis sesuai anjuran dokter. Dexa Medica,Ekstrak Phyllanthus niruri,Memelihara daya tahan tubuh,Mual ringan,2026-12-31,Tablet,,True,[]
2047,Braito Original Tetes Telinga,Mata & Telinga,64276.0,143,Tetrahydrozoline HCl,Mata merah; iritasi ringan,Dosis sesuai anjuran dokter. Combiphar,Tetrahydrozoline HCl,Mata merah; iritasi ringan,Perih sementara,2027-06-30,Tablet,,True,[]
2048,Siladex Mucolytic Tablet,Obat Batuk,23623.0,171,Bromhexine; Guaifenesin,Batuk berdahak,Dosis sesuai anjuran dokter. Konimex,Bromhexine; Guaifenesin,Batuk berdahak,Mual; pusing; gangguan lambung,2027-06-30,Tablet,,True,[]
2049,Incidal-OD Sirup,Alergi & Gatal,47897.0,215,Cetirizine HCl,Alergi; bersin; gatal,Dosis sesuai anjuran dokter. Bayer,Cetirizine HCl,Alergi; bersin; gatal,Mengantuk; mulut kering,2028-03-15,Tablet,,True,[]
2050,Siladex Antitussive Tablet,Obat Batuk,25022.0,160,Dextromethorphan HBr; Diphenhydramine HCl,Batuk kering,Dosis sesuai anjuran dokter. Konimex,Dextromethorphan HBr; Diphenhydramine HCl,Batuk kering,Mengantuk; pusing; mulut kering,2028-03-15,Tablet,,True,[]
2051,Dermatix Ultra Cair,Obat Kulit & Luka,66815.0,169,Cyclopentasiloxane; Vitamin C Ester,Perawatan bekas luka,Dosis sesuai anjuran dokter. Menarini,Cyclopentasiloxane; Vitamin C Ester,Perawatan bekas luka,Iritasi lokal jarang,2027-06-30,Tablet,,True,[]
2052,Loratadine 10mg Sirup,Alergi & Gatal,37736.0,273,Loratadine 10mg,Rinitis alergi; biduran ringan,Dosis sesuai anjuran dokter. Generic,Loratadine 10mg,Rinitis alergi; biduran ringan,Sakit kepala; mulut kering,2028-03-15,Tablet,,True,[]
2053,Oralit Larutan,Pencernaan & Diare,19357.0,245,Glucose; Sodium Chloride; Potassium Chloride; Trisodium Citrate,Membantu mengganti cairan saat diare,Dosis sesuai anjuran dokter. Generic,Glucose; Sodium Chloride; Potassium Chloride; Trisodium Citrate,Membantu mengganti cairan saat diare,Mual bila diminum terlalu cepat,2027-11-20,Tablet,,True,[]
2054,Breathy Nasal Spray 08,Perawatan Hidung & Pernapasan,33662.0,240,Sodium Chloride,Hidung kering; membersihkan hidung,Dosis sesuai anjuran dokter. Pharos,Sodium Chloride,Hidung kering; membersihkan hidung,Iritasi ringan,2028-03-15,Tablet,,True,[]
2055,Renovit Forte,Vitamin & Suplemen,59361.0,274,Multivitamin; Mineral,Suplemen multivitamin harian,Dosis sesuai anjuran dokter. Dexa Medica,Multivitamin; Mineral,Suplemen multivitamin harian,Mual ringan,2026-12-31,Tablet,,True,[]
2056,Paramex Forte,Nyeri & Demam,31204.0,213,Paracetamol; Propyphenazone; Caffeine,Sakit kepala; nyeri ringan,Dosis sesuai anjuran dokter. Konimex,Paracetamol; Propyphenazone; Caffeine,Sakit kepala; nyeri ringan,Mual; berdebar; alergi,2027-06-30,Tablet,,True,[]
2057,OBH Combi Batuk Berdahak Berdahak,Obat Batuk,30695.0,207,Succus liquiritiae; Ammonium chloride,Batuk berdahak; membantu mengencerkan dahak,Dosis sesuai anjuran dokter. Combiphar,Succus liquiritiae; Ammonium chloride,Batuk berdahak; membantu mengencerkan dahak,Mual; mengantuk; berdebar pada sebagian orang,2026-12-31,Tablet,,True,[]
2058,Betadine Solution 46,Obat Kulit & Luka,33716.0,52,Povidone Iodine 10%,Antiseptik luka ringan,Dosis sesuai anjuran dokter. Mundipharma,Povidone Iodine 10%,Antiseptik luka ringan,Iritasi lokal; rasa perih,2027-06-30,Tablet,,True,[]
2059,Dermatix Ultra Salep,Obat Kulit & Luka,18114.0,150,Cyclopentasiloxane; Vitamin C Ester,Perawatan bekas luka,Dosis sesuai anjuran dokter. Menarini,Cyclopentasiloxane; Vitamin C Ester,Perawatan bekas luka,Iritasi lokal jarang,2026-12-31,Tablet,,True,[]
2060,Herbakof Sachet,Herbal & Tradisional,8633.0,292,Ekstrak Daun Legundi; Ekstrak Jahe; Ekstrak Saga; Ekstrak Mahkota Dewa,Batuk ringan; tenggorokan tidak nyaman,Dosis sesuai anjuran dokter. Dexa Medica,Ekstrak Daun Legundi; Ekstrak Jahe; Ekstrak Saga; Ekstrak Mahkota Dewa,Batuk ringan; tenggorokan tidak nyaman,Alergi herbal jarang,2027-11-20,Tablet,,True,[]
2061,Bejo Jahe Merah Cair,Herbal & Tradisional,14717.0,96,Jahe merah; Herbal extract,Masuk angin; tenggorokan tidak nyaman,Dosis sesuai anjuran dokter. Bintang Toedjoe,Jahe merah; Herbal extract,Masuk angin; tenggorokan tidak nyaman,Rasa hangat di lambung,2028-03-15,Tablet,,True,[]
2062,Siladex Antitussive Berdahak,Obat Batuk,31225.0,247,Dextromethorphan HBr; Diphenhydramine HCl,Batuk kering,Dosis sesuai anjuran dokter. Konimex,Dextromethorphan HBr; Diphenhydramine HCl,Batuk kering,Mengantuk; pusing; mulut kering,2027-06-30,Tablet,,True,[]
2063,Balsem Lang Balm,Perawatan Hidung & Pernapasan,14877.0,259,Menthol; Camphor; Eucalyptus Oil,Melegakan pernapasan; pegal ringan,Dosis sesuai anjuran dokter. Eagle Indo Pharma,Menthol; Camphor; Eucalyptus Oil,Melegakan pernapasan; pegal ringan,Iritasi lokal,2026-12-31,Tablet,,True,[]
2064,Aspirin 80mg Sirup,Nyeri & Demam,29564.0,154,Acetylsalicylic Acid 80mg,Nyeri ringan; demam tertentu sesuai anjuran,Dosis sesuai anjuran dokter. Bayer,Acetylsalicylic Acid 80mg,Nyeri ringan; demam tertentu sesuai anjuran,Iritasi lambung; risiko perdarahan,2027-11-20,Tablet,,True,[]
2065,Daktarin Cream 42,Antijamur & Kulit,20731.0,155,Miconazole Nitrate 2%,Infeksi jamur kulit,Dosis sesuai anjuran dokter. Johnson & Johnson,Miconazole Nitrate 2%,Infeksi jamur kulit,Iritasi lokal; kemerahan,2028-03-15,Tablet,,True,[]
2066,Scabimite Powder,Antijamur & Kulit,63443.0,191,Permethrin 5%,Kudis/skabies sesuai aturan pakai,Dosis sesuai anjuran dokter. Galderma,Permethrin 5%,Kudis/skabies sesuai aturan pakai,Rasa panas; gatal sementara,2028-03-15,Tablet,,True,[]
2067,GPU Minyak Gosok Minyak,Obat Oles Nyeri,35304.0,212,Menthol; Methyl Salicylate; Camphor,Pegal; masuk angin; nyeri otot ringan,Dosis sesuai anjuran dokter. Cap Lang,Menthol; Methyl Salicylate; Camphor,Pegal; masuk angin; nyeri otot ringan,Iritasi lokal,2027-11-20,Tablet,,True,[]
2068,Bioplacenton Gel 23,Obat Kulit & Luka,14098.0,269,Placenta Extract; Neomycin Sulfate,Luka bakar ringan; luka kecil,Dosis sesuai anjuran dokter. Kalbe,Placenta Extract; Neomycin Sulfate,Luka bakar ringan; luka kecil,Iritasi lokal; alergi antibiotik,2028-03-15,Tablet,,True,[]
2069,Sangobion Plus,Vitamin & Suplemen,38921.0,73,Ferrous Gluconate; Vitamin; Mineral,Suplemen zat besi,Dosis sesuai anjuran dokter. Merck,Ferrous Gluconate; Vitamin; Mineral,Suplemen zat besi,Mual; konstipasi; feses gelap,2027-06-30,Tablet,,True,[]
2070,Caladine Lotion Sirup,Alergi & Gatal,57259.0,284,Calamine; Zinc Oxide; Diphenhydramine,Gatal ringan; biang keringat,Dosis sesuai anjuran dokter. Galenium,Calamine; Zinc Oxide; Diphenhydramine,Gatal ringan; biang keringat,Iritasi lokal jarang,2026-12-31,Tablet,,True,[]
2071,Lodia Kapsul,Pencernaan & Diare,33294.0,107,Loperamide HCl,Diare akut tertentu,Dosis sesuai anjuran dokter. Sanbe Farma,Loperamide HCl,Diare akut tertentu,Sembelit; mual; pusing,2026-12-31,Kapsul,,True,[]
2072,Canesten Cream 35,Antijamur & Kulit,74434.0,235,Clotrimazole 1%,Jamur kulit; kutu air,Dosis sesuai anjuran dokter. Bayer,Clotrimazole 1%,Jamur kulit; kutu air,Iritasi lokal ringan,2027-06-30,Tablet,,True,[]
2073,Tolak Angin Botol,Herbal & Tradisional,29414.0,185,Ekstrak herbal; Madu,Masuk angin; perut kembung; mual ringan,Dosis sesuai anjuran dokter. Sido Muncul,Ekstrak herbal; Madu,Masuk angin; perut kembung; mual ringan,Alergi bahan herbal jarang,2027-11-20,Tablet,,True,[]
2074,Inza Tablet,Flu & Pilek,27877.0,136,Paracetamol; Phenylpropanolamine; Chlorpheniramine,Flu; pilek; demam ringan,Dosis sesuai anjuran dokter. Konimex,Paracetamol; Phenylpropanolamine; Chlorpheniramine,Flu; pilek; demam ringan,Mengantuk; mulut kering; berdebar,2026-12-31,Tablet,,True,[]
2075,Dermatix Ultra Cream,Obat Kulit & Luka,59252.0,155,Cyclopentasiloxane; Vitamin C Ester,Perawatan bekas luka,Dosis sesuai anjuran dokter. Menarini,Cyclopentasiloxane; Vitamin C Ester,Perawatan bekas luka,Iritasi lokal jarang,2026-12-31,Tablet,,True,[]
2076,Vicks Formula 44 Sachet,Obat Batuk,10951.0,63,Dextromethorphan HBr,Batuk kering; batuk malam hari,Dosis sesuai anjuran dokter. P&G,Dextromethorphan HBr,Batuk kering; batuk malam hari,Mengantuk; pusing; mulut kering,2028-03-15,Tablet,,True,[]
2077,Fungiderm Powder,Antijamur & Kulit,24466.0,106,Clotrimazole,Panu; kurap; kutu air,Dosis sesuai anjuran dokter. Konimex,Clotrimazole,Panu; kurap; kutu air,Iritasi lokal,2027-06-30,Tablet,,True,[]
2078,Salep 88 Gel,Antijamur & Kulit,15381.0,243,Salicylic Acid; Benzoic Acid; Sulfur,Panu; kurap; gatal jamur,Dosis sesuai anjuran dokter. Meccaya,Salicylic Acid; Benzoic Acid; Sulfur,Panu; kurap; gatal jamur,Iritasi lokal; rasa panas,2028-03-15,Tablet,,True,[]
2079,Larutan Cap Kaki Tiga Botol,Herbal & Tradisional,19504.0,77,Gypsum Fibrosum; Calcitum,Panas dalam; tenggorokan kering,Dosis sesuai anjuran dokter. Kinocare,Gypsum Fibrosum; Calcitum,Panas dalam; tenggorokan kering,Tidak nyaman di perut pada sebagian orang,2027-06-30,Tablet,,True,[]
2080,SP Troches Lozenges,Mulut & Tenggorokan,18517.0,187,Dequalinium Chloride,Sariawan; tenggorokan tidak nyaman,Dosis sesuai anjuran dokter. Meiji,Dequalinium Chloride,Sariawan; tenggorokan tidak nyaman,Iritasi mulut jarang,2028-03-15,Tablet,,True,[]
2081,Aspirin 80mg Kaplet,Nyeri & Demam,20307.0,219,Acetylsalicylic Acid 80mg,Nyeri ringan; demam tertentu sesuai anjuran,Dosis sesuai anjuran dokter. Bayer,Acetylsalicylic Acid 80mg,Nyeri ringan; demam tertentu sesuai anjuran,Iritasi lambung; risiko perdarahan,2028-03-15,Tablet,,True,[]
2082,Sangobion Tablet,Vitamin & Suplemen,72327.0,240,Ferrous Gluconate; Vitamin; Mineral,Suplemen zat besi,Dosis sesuai anjuran dokter. Merck,Ferrous Gluconate; Vitamin; Mineral,Suplemen zat besi,Mual; konstipasi; feses gelap,2028-03-15,Tablet,,True,[]
2083,Nosib Salep,Antijamur & Kulit,44592.0,161,Sulfur; Salicylic Acid,Gatal karena jamur ringan,Dosis sesuai anjuran dokter. Coronet Crown,Sulfur; Salicylic Acid,Gatal karena jamur ringan,Iritasi lokal; kulit kering,2027-06-30,Tablet,,True,[]
2084,Tolak Angin Sachet,Herbal & Tradisional,40313.0,291,Ekstrak herbal; Madu,Masuk angin; perut kembung; mual ringan,Dosis sesuai anjuran dokter. Sido Muncul,Ekstrak herbal; Madu,Masuk angin; perut kembung; mual ringan,Alergi bahan herbal jarang,2027-11-20,Tablet,,True,[]
2085,Adem Sari Sachet,Herbal & Tradisional,26564.0,295,Citrus aurantifolia; Vitamin C; Mineral,Panas dalam; sariawan ringan,Dosis sesuai anjuran dokter. Sari Enesis,Citrus aurantifolia; Vitamin C; Mineral,Panas dalam; sariawan ringan,Nyeri lambung ringan,2027-06-30,Tablet,,True,[]
2086,Paramex Sirup,Nyeri & Demam,16419.0,126,Paracetamol; Propyphenazone; Caffeine,Sakit kepala; nyeri ringan,Dosis sesuai anjuran dokter. Konimex,Paracetamol; Propyphenazone; Caffeine,Sakit kepala; nyeri ringan,Mual; berdebar; alergi,2028-03-15,Tablet,,True,[]
2087,Iliadin Dewasa Spray,Perawatan Hidung & Pernapasan,29834.0,236,Oxymetazoline HCl,Hidung tersumbat sementara,Dosis sesuai anjuran dokter. Merck,Oxymetazoline HCl,Hidung tersumbat sementara,Hidung kering; iritasi; rebound bila berlebih,2026-12-31,Tablet,,True,[]
2088,Laserin Sachet,Obat Batuk,23523.0,138,Ekstrak herbal; Madu,Batuk ringan; melegakan tenggorokan,Dosis sesuai anjuran dokter. Mecosin,Ekstrak herbal; Madu,Batuk ringan; melegakan tenggorokan,Alergi bahan herbal jarang,2028-03-15,Tablet,,True,[]
2089,Woods Expectorant Sirup,Obat Batuk,28422.0,120,Bromhexine HCl; Guaifenesin,Batuk berdahak,Dosis sesuai anjuran dokter. Kalbe,Bromhexine HCl; Guaifenesin,Batuk berdahak,Mual; pusing; gangguan lambung ringan,2027-11-20,Tablet,,True,[]
2090,Siladex Mucolytic Berdahak,Obat Batuk,20633.0,193,Bromhexine; Guaifenesin,Batuk berdahak,Dosis sesuai anjuran dokter. Konimex,Bromhexine; Guaifenesin,Batuk berdahak,Mual; pusing; gangguan lambung,2028-03-15,Tablet,,True,[]
2091,Hot In Cream 45,Obat Oles Nyeri,40660.0,69,Methyl Salicylate; Menthol; Camphor,Pegal linu; nyeri otot,Dosis sesuai anjuran dokter. Bintang Toedjoe,Methyl Salicylate; Menthol; Camphor,Pegal linu; nyeri otot,Rasa panas; iritasi lokal,2027-11-20,Tablet,,True,[]
2092,Kuldon Tablet,Herbal & Tradisional,13096.0,220,Ekstrak herbal; Glycyrrhizae radix; Menthae folium,Panas dalam; sariawan ringan,Dosis sesuai anjuran dokter. Deltomed,Ekstrak herbal; Glycyrrhizae radix; Menthae folium,Panas dalam; sariawan ringan,Alergi herbal jarang,2027-11-20,Tablet,,True,[]
2093,Norit Larutan,Pencernaan & Diare,24298.0,56,Activated Charcoal,Keracunan makanan ringan; perut tidak nyaman,Dosis sesuai anjuran dokter. Erela,Activated Charcoal,Keracunan makanan ringan; perut tidak nyaman,Feses gelap; sembelit,2026-12-31,Tablet,,True,[]
2094,Imboost Kaplet,Vitamin & Suplemen,85537.0,142,Echinacea; Zinc; Vitamin C,Membantu menjaga daya tahan tubuh,Dosis sesuai anjuran dokter. Soho,Echinacea; Zinc; Vitamin C,Membantu menjaga daya tahan tubuh,Mual; alergi jarang,2027-11-20,Tablet,,True,[]
2095,Laserin Berdahak,Obat Batuk,35231.0,199,Ekstrak herbal; Madu,Batuk ringan; melegakan tenggorokan,Dosis sesuai anjuran dokter. Mecosin,Ekstrak herbal; Madu,Batuk ringan; melegakan tenggorokan,Alergi bahan herbal jarang,2028-03-15,Tablet,,True,[]
2096,Dermatix Ultra Gel,Obat Kulit & Luka,15003.0,178,Cyclopentasiloxane; Vitamin C Ester,Perawatan bekas luka,Dosis sesuai anjuran dokter. Menarini,Cyclopentasiloxane; Vitamin C Ester,Perawatan bekas luka,Iritasi lokal jarang,2027-11-20,Tablet,,True,[]
2097,Farsifen Tablet,Nyeri & Demam,15557.0,227,Ibuprofen 200mg,Nyeri ringan sampai sedang; demam,Dosis sesuai anjuran dokter. Ifars,Ibuprofen 200mg,Nyeri ringan sampai sedang; demam,Nyeri lambung; mual; pusing,2027-11-20,Tablet,,True,[]
2098,Betadine Ointment Cream,Obat Kulit & Luka,14758.0,56,Povidone Iodine 10%,Antiseptik luka ringan; lecet,Dosis sesuai anjuran dokter. Mundipharma,Povidone Iodine 10%,Antiseptik luka ringan; lecet,Iritasi lokal; alergi jarang,2026-12-31,Tablet,,True,[]
2099,GPU Minyak Gosok Roll On,Obat Oles Nyeri,47762.0,66,Menthol; Methyl Salicylate; Camphor,Pegal; masuk angin; nyeri otot ringan,Dosis sesuai anjuran dokter. Cap Lang,Menthol; Methyl Salicylate; Camphor,Pegal; masuk angin; nyeri otot ringan,Iritasi lokal,2028-03-15,Tablet,,True,[]
2100,Stimuno Tablet,Vitamin & Suplemen,75526.0,260,Ekstrak Phyllanthus niruri,Memelihara daya tahan tubuh,Dosis sesuai anjuran dokter. Dexa Medica,Ekstrak Phyllanthus niruri,Memelihara daya tahan tubuh,Mual ringan,2027-11-20,Tablet,,True,[]
2101,Hansaplast Spray Antiseptik 58,Obat Kulit & Luka,22410.0,134,Polyhexamethylene Biguanide,Membersihkan luka ringan,Dosis sesuai anjuran dokter. Beiersdorf,Polyhexamethylene Biguanide,Membersihkan luka ringan,Rasa perih ringan,2026-12-31,Tablet,,True,[]
2102,Loratadine 10mg Tablet,Alergi & Gatal,52362.0,52,Loratadine 10mg,Rinitis alergi; biduran ringan,Dosis sesuai anjuran dokter. Generic,Loratadine 10mg,Rinitis alergi; biduran ringan,Sakit kepala; mulut kering,2027-11-20,Tablet,,True,[]
2103,Woods Antitussive Anak,Obat Batuk,40687.0,297,Dextromethorphan HBr; Diphenhydramine HCl,Batuk kering; batuk tidak berdahak,Dosis sesuai anjuran dokter. Kalbe,Dextromethorphan HBr; Diphenhydramine HCl,Batuk kering; batuk tidak berdahak,Mengantuk; mulut kering; pusing,2027-11-20,Tablet,,True,[]
2104,Laserin Kering,Obat Batuk,32995.0,101,Ekstrak herbal; Madu,Batuk ringan; melegakan tenggorokan,Dosis sesuai anjuran dokter. Mecosin,Ekstrak herbal; Madu,Batuk ringan; melegakan tenggorokan,Alergi bahan herbal jarang,2027-11-20,Tablet,,True,[]
2105,Cetirizine 10mg Bedak,Alergi & Gatal,42119.0,128,Cetirizine HCl 10mg,Alergi; gatal; bersin karena alergi,Dosis sesuai anjuran dokter. Generic,Cetirizine HCl 10mg,Alergi; gatal; bersin karena alergi,Mengantuk ringan; mulut kering,2027-06-30,Tablet,,True,[]
2106,Oskadon Drops,Nyeri & Demam,24949.0,83,Paracetamol; Caffeine,Sakit kepala; nyeri ringan,Dosis sesuai anjuran dokter. Supra Ferbindo,Paracetamol; Caffeine,Sakit kepala; nyeri ringan,Berdebar; sulit tidur; mual,2027-11-20,Tablet,,True,[]
2107,Enkasari Gel,Mulut & Tenggorokan,33376.0,165,Ekstrak herbal,Sariawan; bau mulut,Dosis sesuai anjuran dokter. Konimex,Ekstrak herbal,Sariawan; bau mulut,Alergi herbal jarang,2028-03-15,Tablet,,True,[]
2108,Vicks Inhaler Nasal Spray,Perawatan Hidung & Pernapasan,24700.0,290,Menthol; Camphor; Pine Needle Oil,Hidung tersumbat ringan,Dosis sesuai anjuran dokter. P&G,Menthol; Camphor; Pine Needle Oil,Hidung tersumbat ringan,Iritasi hidung jarang,2027-11-20,Tablet,,True,[]
2109,Waisan Tablet Kunyah 40,Lambung & Maag,19467.0,71,Antasida; Sodium Bicarbonate,Maag; perih lambung,Dosis sesuai anjuran dokter. Bintang Toedjoe,Antasida; Sodium Bicarbonate,Maag; perih lambung,Sendawa; perut terasa penuh,2026-12-31,Tablet,,True,[]
2110,Mycoral Cream 13,Antijamur & Kulit,29191.0,95,Ketoconazole 2%,Infeksi jamur kulit,Dosis sesuai anjuran dokter. Kalbe,Ketoconazole 2%,Infeksi jamur kulit,Iritasi lokal; kulit kering,2028-03-15,Tablet,,True,[]
2111,Promag Suspensi,Lambung & Maag,19235.0,232,Hydrotalcite; Magnesium Hydroxide; Simethicone,Maag; perut kembung; nyeri ulu hati,Dosis sesuai anjuran dokter. Kalbe,Hydrotalcite; Magnesium Hydroxide; Simethicone,Maag; perut kembung; nyeri ulu hati,Sembelit ringan; diare ringan; mual,2027-11-20,Tablet,,True,[]
2112,Siladex Antitussive Sirup,Obat Batuk,20700.0,160,Dextromethorphan HBr; Diphenhydramine HCl,Batuk kering,Dosis sesuai anjuran dokter. Konimex,Dextromethorphan HBr; Diphenhydramine HCl,Batuk kering,Mengantuk; pusing; mulut kering,2027-06-30,Tablet,,True,[]
2113,Betadine Ointment Solution,Obat Kulit & Luka,30803.0,100,Povidone Iodine 10%,Antiseptik luka ringan; lecet,Dosis sesuai anjuran dokter. Mundipharma,Povidone Iodine 10%,Antiseptik luka ringan; lecet,Iritasi lokal; alergi jarang,2027-06-30,Tablet,,True,[]
2114,Polysilane Tablet Kunyah 39,Lambung & Maag,19534.0,169,Dimethylpolysiloxane; Aluminium Hydroxide; Magnesium Hydroxide,Maag; kembung; rasa penuh di lambung,Dosis sesuai anjuran dokter. Pharos,Dimethylpolysiloxane; Aluminium Hydroxide; Magnesium Hydroxide,Maag; kembung; rasa penuh di lambung,Sembelit; diare ringan,2027-06-30,Tablet,,True,[]
2115,Visine Original Tetes Mata,Mata & Telinga,64127.0,138,Tetrahydrozoline HCl,Mata merah karena iritasi ringan,Dosis sesuai anjuran dokter. Johnson & Johnson,Tetrahydrozoline HCl,Mata merah karena iritasi ringan,Mata kering; perih sementara,2027-11-20,Tablet,,True,[]
2116,Dulcolax Sirup,Pencernaan & Diare,22256.0,153,Bisacodyl 5mg,Sembelit; susah buang air besar,Dosis sesuai anjuran dokter. Sanofi,Bisacodyl 5mg,Sembelit; susah buang air besar,Mulas; kram perut ringan,2026-12-31,Tablet,,True,[]
2117,Burnazin Cream 15,Obat Kulit & Luka,60972.0,168,Silver Sulfadiazine,Luka bakar ringan tertentu,Dosis sesuai anjuran dokter. Darya-Varia,Silver Sulfadiazine,Luka bakar ringan tertentu,Iritasi lokal; alergi sulfa,2027-11-20,Tablet,,True,[]
2118,Sofra-Tulle Spray,Obat Kulit & Luka,19567.0,225,Framycetin Sulfate dressing,Penutup luka dengan antibiotik topikal,Dosis sesuai anjuran dokter. Sanofi,Framycetin Sulfate dressing,Penutup luka dengan antibiotik topikal,Alergi lokal,2027-11-20,Tablet,,True,[]
2119,Aloclair Gel 35,Mulut & Tenggorokan,24511.0,286,Polyvinylpyrrolidone; Hyaluronic Acid,Sariawan; luka mulut kecil,Dosis sesuai anjuran dokter. Alliance,Polyvinylpyrrolidone; Hyaluronic Acid,Sariawan; luka mulut kecil,Rasa tidak nyaman lokal,2026-12-31,Tablet,,True,[]
2120,Forumen Eye Drops,Mata & Telinga,22451.0,292,Docusate Sodium,Membantu melunakkan kotoran telinga,Dosis sesuai anjuran dokter. Sanbe Farma,Docusate Sodium,Membantu melunakkan kotoran telinga,Rasa penuh di telinga,2027-06-30,Tablet,,True,[]
2121,Hansaplast Spray Antiseptik 22,Obat Kulit & Luka,30414.0,62,Polyhexamethylene Biguanide,Membersihkan luka ringan,Dosis sesuai anjuran dokter. Beiersdorf,Polyhexamethylene Biguanide,Membersihkan luka ringan,Rasa perih ringan,2027-11-20,Tablet,,True,[]
2122,Norit Anak,Pencernaan & Diare,22403.0,256,Activated Charcoal,Keracunan makanan ringan; perut tidak nyaman,Dosis sesuai anjuran dokter. Erela,Activated Charcoal,Keracunan makanan ringan; perut tidak nyaman,Feses gelap; sembelit,2027-06-30,Tablet,,True,[]
2123,Ultraflu Tablet 49,Flu & Pilek,27803.0,211,Paracetamol; Phenylpropanolamine; CTM,Gejala flu dan pilek,Dosis sesuai anjuran dokter. Henson Farma,Paracetamol; Phenylpropanolamine; CTM,Gejala flu dan pilek,Mengantuk; berdebar,2026-12-31,Tablet,,True,[]
2124,Biogesic Sirup,Nyeri & Demam,13153.0,281,Paracetamol 500mg,Demam; nyeri ringan,Dosis sesuai anjuran dokter. Kalbe,Paracetamol 500mg,Demam; nyeri ringan,Mual; ruam alergi jarang,2026-12-31,Tablet,,True,[]
2125,Insto Regular Eye Drops,Mata & Telinga,66670.0,53,Tetrahydrozoline HCl,Mata merah karena iritasi ringan,Dosis sesuai anjuran dokter. Sterling,Tetrahydrozoline HCl,Mata merah karena iritasi ringan,Perih sementara; mata kering,2028-03-15,Tablet,,True,[]
2126,Laserin Sirup,Obat Batuk,16510.0,258,Ekstrak herbal; Madu,Batuk ringan; melegakan tenggorokan,Dosis sesuai anjuran dokter. Mecosin,Ekstrak herbal; Madu,Batuk ringan; melegakan tenggorokan,Alergi bahan herbal jarang,2027-06-30,Tablet,,True,[]
2127,Oralit Kapsul,Pencernaan & Diare,15365.0,107,Glucose; Sodium Chloride; Potassium Chloride; Trisodium Citrate,Membantu mengganti cairan saat diare,Dosis sesuai anjuran dokter. Generic,Glucose; Sodium Chloride; Potassium Chloride; Trisodium Citrate,Membantu mengganti cairan saat diare,Mual bila diminum terlalu cepat,2027-11-20,Kapsul,,True,[]
2128,Tolak Angin Cair,Herbal & Tradisional,47693.0,297,Ekstrak herbal; Madu,Masuk angin; perut kembung; mual ringan,Dosis sesuai anjuran dokter. Sido Muncul,Ekstrak herbal; Madu,Masuk angin; perut kembung; mual ringan,Alergi bahan herbal jarang,2027-11-20,Tablet,,True,[]
2129,Komix Berdahak,Obat Batuk,36157.0,208,Dextromethorphan HBr; Guaifenesin,Batuk ringan; batuk berdahak,Dosis sesuai anjuran dokter. Bintang Toedjoe,Dextromethorphan HBr; Guaifenesin,Batuk ringan; batuk berdahak,Mengantuk; mual; pusing ringan,2027-06-30,Tablet,,True,[]
2130,Mixagrip Flu Tablet,Flu & Pilek,16211.0,100,Paracetamol; Phenylephrine HCl; Chlorpheniramine,Flu; pilek; demam; hidung tersumbat,Dosis sesuai anjuran dokter. Tempo Scan,Paracetamol; Phenylephrine HCl; Chlorpheniramine,Flu; pilek; demam; hidung tersumbat,Mengantuk; mulut kering; berdebar,2028-03-15,Tablet,,True,[]
2131,Herbakof Botol,Herbal & Tradisional,36963.0,125,Ekstrak Daun Legundi; Ekstrak Jahe; Ekstrak Saga; Ekstrak Mahkota Dewa,Batuk ringan; tenggorokan tidak nyaman,Dosis sesuai anjuran dokter. Dexa Medica,Ekstrak Daun Legundi; Ekstrak Jahe; Ekstrak Saga; Ekstrak Mahkota Dewa,Batuk ringan; tenggorokan tidak nyaman,Alergi herbal jarang,2027-06-30,Tablet,,True,[]
2132,Salonpas Gel,Obat Oles Nyeri,23035.0,276,Methyl Salicylate; Menthol,Nyeri otot; pegal,Dosis sesuai anjuran dokter. Hisamitsu,Methyl Salicylate; Menthol,Nyeri otot; pegal,Iritasi lokal; rasa panas,2027-11-20,Tablet,,True,[]
2133,Betadine Ointment Spray,Obat Kulit & Luka,23551.0,85,Povidone Iodine 10%,Antiseptik luka ringan; lecet,Dosis sesuai anjuran dokter. Mundipharma,Povidone Iodine 10%,Antiseptik luka ringan; lecet,Iritasi lokal; alergi jarang,2028-03-15,Tablet,,True,[]
2134,Vitacimin Plus,Vitamin & Suplemen,95106.0,115,Vitamin C 500mg,Suplemen vitamin C; sariawan ringan,Dosis sesuai anjuran dokter. Takeda,Vitamin C 500mg,Suplemen vitamin C; sariawan ringan,Nyeri lambung bila sebelum makan,2027-06-30,Tablet,,True,[]
2135,Vitacimin Tablet,Vitamin & Suplemen,40228.0,222,Vitamin C 500mg,Suplemen vitamin C; sariawan ringan,Dosis sesuai anjuran dokter. Takeda,Vitamin C 500mg,Suplemen vitamin C; sariawan ringan,Nyeri lambung bila sebelum makan,2027-06-30,Tablet,,True,[]
2136,Vitacimin Forte,Vitamin & Suplemen,52282.0,166,Vitamin C 500mg,Suplemen vitamin C; sariawan ringan,Dosis sesuai anjuran dokter. Takeda,Vitamin C 500mg,Suplemen vitamin C; sariawan ringan,Nyeri lambung bila sebelum makan,2027-11-20,Tablet,,True,[]
2137,Sterimar Nasal Hygiene Spray,Perawatan Hidung & Pernapasan,25421.0,270,Sea water isotonic,Membersihkan rongga hidung,Dosis sesuai anjuran dokter. Church & Dwight,Sea water isotonic,Membersihkan rongga hidung,Iritasi hidung ringan,2026-12-31,Tablet,,True,[]
2138,Vitacimin Effervescent,Vitamin & Suplemen,71041.0,190,Vitamin C 500mg,Suplemen vitamin C; sariawan ringan,Dosis sesuai anjuran dokter. Takeda,Vitamin C 500mg,Suplemen vitamin C; sariawan ringan,Nyeri lambung bila sebelum makan,2026-12-31,Tablet,,True,[]
2139,Stimuno Kaplet,Vitamin & Suplemen,30294.0,262,Ekstrak Phyllanthus niruri,Memelihara daya tahan tubuh,Dosis sesuai anjuran dokter. Dexa Medica,Ekstrak Phyllanthus niruri,Memelihara daya tahan tubuh,Mual ringan,2026-12-31,Tablet,,True,[]
2140,Sanaflu Plus,Flu & Pilek,10414.0,239,Paracetamol; Phenylephrine; Chlorpheniramine,Flu; pilek; sakit kepala,Dosis sesuai anjuran dokter. Sanbe Farma,Paracetamol; Phenylephrine; Chlorpheniramine,Flu; pilek; sakit kepala,Mengantuk; mulut kering,2028-03-15,Tablet,,True,[]
2141,Antasida Doen Tablet Kunyah 41,Lambung & Maag,20689.0,189,Aluminium Hydroxide; Magnesium Hydroxide,Maag; nyeri ulu hati,Dosis sesuai anjuran dokter. Generic,Aluminium Hydroxide; Magnesium Hydroxide,Maag; nyeri ulu hati,Sembelit ringan; diare ringan,2027-06-30,Tablet,,True,[]
2142,Loratadine 10mg Lotion,Alergi & Gatal,12995.0,212,Loratadine 10mg,Rinitis alergi; biduran ringan,Dosis sesuai anjuran dokter. Generic,Loratadine 10mg,Rinitis alergi; biduran ringan,Sakit kepala; mulut kering,2028-03-15,Tablet,,True,[]
2143,Bioplacenton Gel,Obat Kulit & Luka,39914.0,205,Placenta Extract; Neomycin Sulfate,Luka bakar ringan; luka kecil,Dosis sesuai anjuran dokter. Kalbe,Placenta Extract; Neomycin Sulfate,Luka bakar ringan; luka kecil,Iritasi lokal; alergi antibiotik,2027-11-20,Tablet,,True,[]
2144,Caladine Lotion Tablet,Alergi & Gatal,11850.0,160,Calamine; Zinc Oxide; Diphenhydramine,Gatal ringan; biang keringat,Dosis sesuai anjuran dokter. Galenium,Calamine; Zinc Oxide; Diphenhydramine,Gatal ringan; biang keringat,Iritasi lokal jarang,2028-03-15,Tablet,,True,[]
2145,Betadine Solution 19,Obat Kulit & Luka,46239.0,70,Povidone Iodine 10%,Antiseptik luka ringan,Dosis sesuai anjuran dokter. Mundipharma,Povidone Iodine 10%,Antiseptik luka ringan,Iritasi lokal; rasa perih,2028-03-15,Tablet,,True,[]
2146,Kalpanax Cream,Antijamur & Kulit,28148.0,219,Miconazole Nitrate,Jamur kulit; panu; kurap; kutu air,Dosis sesuai anjuran dokter. Kalbe,Miconazole Nitrate,Jamur kulit; panu; kurap; kutu air,Iritasi lokal; rasa panas ringan,2027-11-20,Tablet,,True,[]
2147,Mebo Ointment Cair,Obat Kulit & Luka,66041.0,139,Herbal burn ointment,Luka bakar ringan; kulit iritasi,Dosis sesuai anjuran dokter. Mebo,Herbal burn ointment,Luka bakar ringan; kulit iritasi,Iritasi lokal jarang,2026-12-31,Tablet,,True,[]
2148,Oralit Sachet,Pencernaan & Diare,36645.0,199,Glucose; Sodium Chloride; Potassium Chloride; Trisodium Citrate,Membantu mengganti cairan saat diare,Dosis sesuai anjuran dokter. Generic,Glucose; Sodium Chloride; Potassium Chloride; Trisodium Citrate,Membantu mengganti cairan saat diare,Mual bila diminum terlalu cepat,2027-06-30,Tablet,,True,[]
2149,Mycoral Cream 29,Antijamur & Kulit,79852.0,251,Ketoconazole 2%,Infeksi jamur kulit,Dosis sesuai anjuran dokter. Kalbe,Ketoconazole 2%,Infeksi jamur kulit,Iritasi lokal; kulit kering,2028-03-15,Tablet,,True,[]
2150,Hot In Cream 17,Obat Oles Nyeri,47080.0,133,Methyl Salicylate; Menthol; Camphor,Pegal linu; nyeri otot,Dosis sesuai anjuran dokter. Bintang Toedjoe,Methyl Salicylate; Menthol; Camphor,Pegal linu; nyeri otot,Rasa panas; iritasi lokal,2027-11-20,Tablet,,True,[]
2151,Promag Cair 49,Lambung & Maag,25016.0,295,Hydrotalcite; Magnesium Hydroxide; Simethicone,Maag; perut kembung; nyeri ulu hati,Dosis sesuai anjuran dokter. Kalbe,Hydrotalcite; Magnesium Hydroxide; Simethicone,Maag; perut kembung; nyeri ulu hati,Sembelit ringan; diare ringan; mual,2028-03-15,Tablet,,True,[]
2152,Entrostop Tablet,Pencernaan & Diare,8515.0,103,Attapulgite; Pectin,Diare tidak spesifik; perut mulas,Dosis sesuai anjuran dokter. Kalbe,Attapulgite; Pectin,Diare tidak spesifik; perut mulas,Sembelit bila berlebihan; mual,2027-11-20,Tablet,,True,[]
2153,Neozep Forte Kaplet,Flu & Pilek,20246.0,68,Paracetamol; Phenylephrine HCl; Chlorpheniramine,Flu; pilek; hidung tersumbat,Dosis sesuai anjuran dokter. Konimex,Paracetamol; Phenylephrine HCl; Chlorpheniramine,Flu; pilek; hidung tersumbat,Mengantuk; mulut kering; berdebar,2027-11-20,Tablet,,True,[]
2154,Freshcare Minyak,Obat Oles Nyeri,39567.0,203,Menthol; Camphor; Essential Oil,Pusing ringan; pegal; mabuk perjalanan,Dosis sesuai anjuran dokter. Ultra Sakti,Menthol; Camphor; Essential Oil,Pusing ringan; pegal; mabuk perjalanan,Iritasi kulit jarang,2027-11-20,Tablet,,True,[]
2155,GPU Minyak Gosok Balm,Obat Oles Nyeri,35719.0,80,Menthol; Methyl Salicylate; Camphor,Pegal; masuk angin; nyeri otot ringan,Dosis sesuai anjuran dokter. Cap Lang,Menthol; Methyl Salicylate; Camphor,Pegal; masuk angin; nyeri otot ringan,Iritasi lokal,2026-12-31,Tablet,,True,[]
2156,Panadol Biru Forte,Nyeri & Demam,19826.0,268,Paracetamol 500mg,Demam; sakit kepala; nyeri ringan,Dosis sesuai anjuran dokter. Haleon,Paracetamol 500mg,Demam; sakit kepala; nyeri ringan,Mual; reaksi alergi jarang,2028-03-15,Tablet,,True,[]
2157,Sangobion Forte,Vitamin & Suplemen,107884.0,256,Ferrous Gluconate; Vitamin; Mineral,Suplemen zat besi,Dosis sesuai anjuran dokter. Merck,Ferrous Gluconate; Vitamin; Mineral,Suplemen zat besi,Mual; konstipasi; feses gelap,2028-03-15,Tablet,,True,[]
2158,Mylanta Suspensi,Lambung & Maag,52808.0,239,Aluminium Hydroxide; Magnesium Hydroxide; Simethicone,Asam lambung; maag; kembung,Dosis sesuai anjuran dokter. Johnson & Johnson,Aluminium Hydroxide; Magnesium Hydroxide; Simethicone,Asam lambung; maag; kembung,Sembelit ringan; diare ringan,2027-06-30,Tablet,,True,[]
2159,Mylanta Tablet Kunyah 38,Lambung & Maag,20590.0,117,Aluminium Hydroxide; Magnesium Hydroxide; Simethicone,Asam lambung; maag; kembung,Dosis sesuai anjuran dokter. Johnson & Johnson,Aluminium Hydroxide; Magnesium Hydroxide; Simethicone,Asam lambung; maag; kembung,Sembelit ringan; diare ringan,2026-12-31,Tablet,,True,[]
2160,Inza Kaplet,Flu & Pilek,13183.0,177,Paracetamol; Phenylpropanolamine; Chlorpheniramine,Flu; pilek; demam ringan,Dosis sesuai anjuran dokter. Konimex,Paracetamol; Phenylpropanolamine; Chlorpheniramine,Flu; pilek; demam ringan,Mengantuk; mulut kering; berdebar,2027-06-30,Tablet,,True,[]
2161,Panadol Biru Sirup,Nyeri & Demam,24680.0,228,Paracetamol 500mg,Demam; sakit kepala; nyeri ringan,Dosis sesuai anjuran dokter. Haleon,Paracetamol 500mg,Demam; sakit kepala; nyeri ringan,Mual; reaksi alergi jarang,2026-12-31,Tablet,,True,[]
2162,Polysilane Suspensi 45,Lambung & Maag,22721.0,61,Dimethylpolysiloxane; Aluminium Hydroxide; Magnesium Hydroxide,Maag; kembung; rasa penuh di lambung,Dosis sesuai anjuran dokter. Pharos,Dimethylpolysiloxane; Aluminium Hydroxide; Magnesium Hydroxide,Maag; kembung; rasa penuh di lambung,Sembelit; diare ringan,2027-11-20,Tablet,,True,[]
2163,Diatabs Anak,Pencernaan & Diare,18495.0,109,Attapulgite,Membantu mengurangi frekuensi diare,Dosis sesuai anjuran dokter. Medifarma,Attapulgite,Membantu mengurangi frekuensi diare,Sembelit; mual,2027-06-30,Tablet,,True,[]
2164,Geliga 11,Obat Oles Nyeri,11325.0,282,Methyl Salicylate; Menthol; Eucalyptus Oil,Pegal; nyeri otot ringan,Dosis sesuai anjuran dokter. Eagle Indo Pharma,Methyl Salicylate; Menthol; Eucalyptus Oil,Pegal; nyeri otot ringan,Rasa panas; iritasi lokal,2028-03-15,Tablet,,True,[]
2165,Burnazin Cream 24,Obat Kulit & Luka,37392.0,139,Silver Sulfadiazine,Luka bakar ringan tertentu,Dosis sesuai anjuran dokter. Darya-Varia,Silver Sulfadiazine,Luka bakar ringan tertentu,Iritasi lokal; alergi sulfa,2026-12-31,Tablet,,True,[]
2166,Neozep Forte Plus,Flu & Pilek,37558.0,62,Paracetamol; Phenylephrine HCl; Chlorpheniramine,Flu; pilek; hidung tersumbat,Dosis sesuai anjuran dokter. Konimex,Paracetamol; Phenylephrine HCl; Chlorpheniramine,Flu; pilek; hidung tersumbat,Mengantuk; mulut kering; berdebar,2026-12-31,Tablet,,True,[]
2167,Proris Tablet,Nyeri & Demam,23915.0,119,Ibuprofen 100mg/5ml,Demam dan nyeri pada anak,Dosis sesuai anjuran dokter. Pharos,Ibuprofen 100mg/5ml,Demam dan nyeri pada anak,Nyeri lambung; mual; pusing,2027-11-20,Tablet,,True,[]
2168,Procold Flu Plus,Flu & Pilek,25999.0,247,Paracetamol; Pseudoephedrine; Chlorpheniramine,Flu; demam; hidung tersumbat,Dosis sesuai anjuran dokter. Kalbe,Paracetamol; Pseudoephedrine; Chlorpheniramine,Flu; demam; hidung tersumbat,Mengantuk; mulut kering; berdebar,2027-06-30,Tablet,,True,[]
2169,Diapet Sachet,Pencernaan & Diare,39085.0,239,Ekstrak daun jambu biji; Kunyit; Mojokeling,Diare ringan; perut mulas,Dosis sesuai anjuran dokter. Soho,Ekstrak daun jambu biji; Kunyit; Mojokeling,Diare ringan; perut mulas,Alergi bahan herbal jarang,2027-11-20,Tablet,,True,[]
2170,Freshcare Patch,Obat Oles Nyeri,40562.0,268,Menthol; Camphor; Essential Oil,Pusing ringan; pegal; mabuk perjalanan,Dosis sesuai anjuran dokter. Ultra Sakti,Menthol; Camphor; Essential Oil,Pusing ringan; pegal; mabuk perjalanan,Iritasi kulit jarang,2026-12-31,Tablet,,True,[]
2171,Renovit Plus,Vitamin & Suplemen,106439.0,233,Multivitamin; Mineral,Suplemen multivitamin harian,Dosis sesuai anjuran dokter. Dexa Medica,Multivitamin; Mineral,Suplemen multivitamin harian,Mual ringan,2026-12-31,Tablet,,True,[]
2172,Counterpain Balm,Obat Oles Nyeri,38998.0,111,Methyl Salicylate; Menthol; Eugenol,Nyeri otot; pegal; keseleo ringan,Dosis sesuai anjuran dokter. Taisho,Methyl Salicylate; Menthol; Eugenol,Nyeri otot; pegal; keseleo ringan,Rasa panas; iritasi lokal,2027-11-20,Tablet,,True,[]
2173,Mebo Ointment Gel,Obat Kulit & Luka,14951.0,57,Herbal burn ointment,Luka bakar ringan; kulit iritasi,Dosis sesuai anjuran dokter. Mebo,Herbal burn ointment,Luka bakar ringan; kulit iritasi,Iritasi lokal jarang,2026-12-31,Tablet,,True,[]
2174,Diatabs Kapsul,Pencernaan & Diare,34605.0,74,Attapulgite,Membantu mengurangi frekuensi diare,Dosis sesuai anjuran dokter. Medifarma,Attapulgite,Membantu mengurangi frekuensi diare,Sembelit; mual,2028-03-15,Kapsul,,True,[]
2175,Tantum Verde Troches,Mulut & Tenggorokan,44363.0,215,Benzydamine HCl,Sakit tenggorokan; radang ringan,Dosis sesuai anjuran dokter. Angelini,Benzydamine HCl,Sakit tenggorokan; radang ringan,Mulut terasa kebas; iritasi ringan,2027-06-30,Tablet,,True,[]
2176,Incidal-OD Cream,Alergi & Gatal,59036.0,276,Cetirizine HCl,Alergi; bersin; gatal,Dosis sesuai anjuran dokter. Bayer,Cetirizine HCl,Alergi; bersin; gatal,Mengantuk; mulut kering,2028-03-15,Tablet,,True,[]
2177,Fungiderm Salep,Antijamur & Kulit,46683.0,291,Clotrimazole,Panu; kurap; kutu air,Dosis sesuai anjuran dokter. Konimex,Clotrimazole,Panu; kurap; kutu air,Iritasi lokal,2027-06-30,Tablet,,True,[]
2178,Mebo Ointment Spray,Obat Kulit & Luka,52743.0,271,Herbal burn ointment,Luka bakar ringan; kulit iritasi,Dosis sesuai anjuran dokter. Mebo,Herbal burn ointment,Luka bakar ringan; kulit iritasi,Iritasi lokal jarang,2027-11-20,Tablet,,True,[]
2179,Betadine Gargle 29,Mulut & Tenggorokan,40222.0,214,Povidone Iodine 1%,Kumur untuk kebersihan mulut dan tenggorokan,Dosis sesuai anjuran dokter. Mundipharma,Povidone Iodine 1%,Kumur untuk kebersihan mulut dan tenggorokan,Iritasi mulut; rasa tidak nyaman,2027-06-30,Tablet,,True,[]
2180,Mixagrip Flu Kaplet 50,Flu & Pilek,36363.0,156,Paracetamol; Phenylephrine HCl; Chlorpheniramine,Flu; pilek; demam; hidung tersumbat,Dosis sesuai anjuran dokter. Tempo Scan,Paracetamol; Phenylephrine HCl; Chlorpheniramine,Flu; pilek; demam; hidung tersumbat,Mengantuk; mulut kering; berdebar,2026-12-31,Tablet,,True,[]
2181,Woods Antitussive Sachet,Obat Batuk,22196.0,238,Dextromethorphan HBr; Diphenhydramine HCl,Batuk kering; batuk tidak berdahak,Dosis sesuai anjuran dokter. Kalbe,Dextromethorphan HBr; Diphenhydramine HCl,Batuk kering; batuk tidak berdahak,Mengantuk; mulut kering; pusing,2028-03-15,Tablet,,True,[]
2182,CDR Effervescent,Vitamin & Suplemen,21632.0,178,Calcium; Vitamin C; Vitamin D; Vitamin B6,Kesehatan tulang dan daya tahan tubuh,Dosis sesuai anjuran dokter. Bayer,Calcium; Vitamin C; Vitamin D; Vitamin B6,Kesehatan tulang dan daya tahan tubuh,Mual; kembung ringan,2027-11-20,Tablet,,True,[]
2183,Proris Kaplet,Nyeri & Demam,24856.0,204,Ibuprofen 100mg/5ml,Demam dan nyeri pada anak,Dosis sesuai anjuran dokter. Pharos,Ibuprofen 100mg/5ml,Demam dan nyeri pada anak,Nyeri lambung; mual; pusing,2027-11-20,Tablet,,True,[]
2184,OBH Combi Batuk Flu Tablet,Obat Batuk,23827.0,162,Paracetamol; Ephedrine HCl; Chlorpheniramine; Succus liquiritiae,Batuk disertai flu; demam; pilek,Dosis sesuai anjuran dokter. Combiphar,Paracetamol; Ephedrine HCl; Chlorpheniramine; Succus liquiritiae,Batuk disertai flu; demam; pilek,Mengantuk; mulut kering; berdebar,2026-12-31,Tablet,,True,[]
2185,Ultraflu Kaplet,Flu & Pilek,38256.0,109,Paracetamol; Phenylpropanolamine; CTM,Gejala flu dan pilek,Dosis sesuai anjuran dokter. Henson Farma,Paracetamol; Phenylpropanolamine; CTM,Gejala flu dan pilek,Mengantuk; berdebar,2027-06-30,Tablet,,True,[]
2186,Cendo Lyteers Eye Drops,Mata & Telinga,46554.0,265,Artificial tears,Mata kering; iritasi ringan,Dosis sesuai anjuran dokter. Cendo,Artificial tears,Mata kering; iritasi ringan,Penglihatan kabur sementara,2027-11-20,Tablet,,True,[]
2187,Voltaren Emulgel 44,Obat Oles Nyeri,43750.0,254,Diclofenac Diethylamine,Nyeri otot dan sendi ringan,Dosis sesuai anjuran dokter. GSK,Diclofenac Diethylamine,Nyeri otot dan sendi ringan,Iritasi kulit; kemerahan,2028-03-15,Tablet,,True,[]
2188,Caladine Lotion Cream,Alergi & Gatal,11052.0,77,Calamine; Zinc Oxide; Diphenhydramine,Gatal ringan; biang keringat,Dosis sesuai anjuran dokter. Galenium,Calamine; Zinc Oxide; Diphenhydramine,Gatal ringan; biang keringat,Iritasi lokal jarang,2027-11-20,Tablet,,True,[]
2189,Aloclair Gel 14,Mulut & Tenggorokan,39532.0,150,Polyvinylpyrrolidone; Hyaluronic Acid,Sariawan; luka mulut kecil,Dosis sesuai anjuran dokter. Alliance,Polyvinylpyrrolidone; Hyaluronic Acid,Sariawan; luka mulut kecil,Rasa tidak nyaman lokal,2028-03-15,Tablet,,True,[]
2190,Bedak Herocyn Sirup,Alergi & Gatal,45878.0,163,Menthol; Sulfur; Salicylic Acid,Gatal ringan; biang keringat,Dosis sesuai anjuran dokter. Coronet Crown,Menthol; Sulfur; Salicylic Acid,Gatal ringan; biang keringat,Iritasi kulit pada sebagian orang,2026-12-31,Tablet,,True,[]
2191,Inza Plus,Flu & Pilek,39363.0,126,Paracetamol; Phenylpropanolamine; Chlorpheniramine,Flu; pilek; demam ringan,Dosis sesuai anjuran dokter. Konimex,Paracetamol; Phenylpropanolamine; Chlorpheniramine,Flu; pilek; demam ringan,Mengantuk; mulut kering; berdebar,2027-06-30,Tablet,,True,[]
2192,Kalpanax Salep,Antijamur & Kulit,22287.0,187,Miconazole Nitrate,Jamur kulit; panu; kurap; kutu air,Dosis sesuai anjuran dokter. Kalbe,Miconazole Nitrate,Jamur kulit; panu; kurap; kutu air,Iritasi lokal; rasa panas ringan,2027-06-30,Tablet,,True,[]
2193,Vicks Formula 44 Sirup,Obat Batuk,15480.0,156,Dextromethorphan HBr,Batuk kering; batuk malam hari,Dosis sesuai anjuran dokter. P&G,Dextromethorphan HBr,Batuk kering; batuk malam hari,Mengantuk; pusing; mulut kering,2027-11-20,Tablet,,True,[]
2194,Hansaplast Spray Antiseptik 40,Obat Kulit & Luka,34476.0,148,Polyhexamethylene Biguanide,Membersihkan luka ringan,Dosis sesuai anjuran dokter. Beiersdorf,Polyhexamethylene Biguanide,Membersihkan luka ringan,Rasa perih ringan,2027-06-30,Tablet,,True,[]
2195,Alleron Sirup,Alergi & Gatal,14714.0,149,Chlorpheniramine Maleate,Alergi ringan; gatal; bersin,Dosis sesuai anjuran dokter. Mecosin,Chlorpheniramine Maleate,Alergi ringan; gatal; bersin,Mengantuk; mulut kering,2028-03-15,Tablet,,True,[]
2196,Redoxon Gummy,Vitamin & Suplemen,51370.0,136,Vitamin C; Zinc,Suplemen vitamin C dan zinc,Dosis sesuai anjuran dokter. Bayer,Vitamin C; Zinc,Suplemen vitamin C dan zinc,Nyeri lambung ringan,2027-11-20,Tablet,,True,[]
2197,Redoxon Forte,Vitamin & Suplemen,23656.0,110,Vitamin C; Zinc,Suplemen vitamin C dan zinc,Dosis sesuai anjuran dokter. Bayer,Vitamin C; Zinc,Suplemen vitamin C dan zinc,Nyeri lambung ringan,2027-06-30,Tablet,,True,[]
2198,Biogesic Forte,Nyeri & Demam,11555.0,254,Paracetamol 500mg,Demam; nyeri ringan,Dosis sesuai anjuran dokter. Kalbe,Paracetamol 500mg,Demam; nyeri ringan,Mual; ruam alergi jarang,2028-03-15,Tablet,,True,[]
2199,Mixagrip Flu Extra,Flu & Pilek,22752.0,293,Paracetamol; Phenylephrine HCl; Chlorpheniramine,Flu; pilek; demam; hidung tersumbat,Dosis sesuai anjuran dokter. Tempo Scan,Paracetamol; Phenylephrine HCl; Chlorpheniramine,Flu; pilek; demam; hidung tersumbat,Mengantuk; mulut kering; berdebar,2027-11-20,Tablet,,True,[]
2200,Bioplacenton Gel 14,Obat Kulit & Luka,13055.0,101,Placenta Extract; Neomycin Sulfate,Luka bakar ringan; luka kecil,Dosis sesuai anjuran dokter. Kalbe,Placenta Extract; Neomycin Sulfate,Luka bakar ringan; luka kecil,Iritasi lokal; alergi antibiotik,2027-11-20,Tablet,,True,[]
2201,Geliga 25,Obat Oles Nyeri,13714.0,208,Methyl Salicylate; Menthol; Eucalyptus Oil,Pegal; nyeri otot ringan,Dosis sesuai anjuran dokter. Eagle Indo Pharma,Methyl Salicylate; Menthol; Eucalyptus Oil,Pegal; nyeri otot ringan,Rasa panas; iritasi lokal,2026-12-31,Tablet,,True,[]
2202,Enkasari Spray,Mulut & Tenggorokan,14836.0,263,Ekstrak herbal,Sariawan; bau mulut,Dosis sesuai anjuran dokter. Konimex,Ekstrak herbal,Sariawan; bau mulut,Alergi herbal jarang,2027-11-20,Tablet,,True,[]
2203,Fungiderm Gel,Antijamur & Kulit,24011.0,245,Clotrimazole,Panu; kurap; kutu air,Dosis sesuai anjuran dokter. Konimex,Clotrimazole,Panu; kurap; kutu air,Iritasi lokal,2027-06-30,Tablet,,True,[]
2204,Dermatix Ultra Spray,Obat Kulit & Luka,69476.0,93,Cyclopentasiloxane; Vitamin C Ester,Perawatan bekas luka,Dosis sesuai anjuran dokter. Menarini,Cyclopentasiloxane; Vitamin C Ester,Perawatan bekas luka,Iritasi lokal jarang,2026-12-31,Tablet,,True,[]
2205,Paracetamol 500mg Forte,Nyeri & Demam,27958.0,158,Paracetamol 500mg,Demam; nyeri ringan; sakit kepala,Dosis sesuai anjuran dokter. Generic,Paracetamol 500mg,Demam; nyeri ringan; sakit kepala,Mual; ruam alergi jarang; gangguan hati bila overdosis,2027-06-30,Tablet,,True,[]
2206,Daktarin Cream 18,Antijamur & Kulit,72123.0,292,Miconazole Nitrate 2%,Infeksi jamur kulit,Dosis sesuai anjuran dokter. Johnson & Johnson,Miconazole Nitrate 2%,Infeksi jamur kulit,Iritasi lokal; kemerahan,2027-06-30,Tablet,,True,[]
2207,Burnazin Cream,Obat Kulit & Luka,23620.0,159,Silver Sulfadiazine,Luka bakar ringan tertentu,Dosis sesuai anjuran dokter. Darya-Varia,Silver Sulfadiazine,Luka bakar ringan tertentu,Iritasi lokal; alergi sulfa,2026-12-31,Tablet,,True,[]
2208,Sanaflu Tablet 48,Flu & Pilek,30455.0,290,Paracetamol; Phenylephrine; Chlorpheniramine,Flu; pilek; sakit kepala,Dosis sesuai anjuran dokter. Sanbe Farma,Paracetamol; Phenylephrine; Chlorpheniramine,Flu; pilek; sakit kepala,Mengantuk; mulut kering,2027-11-20,Tablet,,True,[]
2209,Lodia Sirup,Pencernaan & Diare,13826.0,136,Loperamide HCl,Diare akut tertentu,Dosis sesuai anjuran dokter. Sanbe Farma,Loperamide HCl,Diare akut tertentu,Sembelit; mual; pusing,2028-03-15,Tablet,,True,[]
2210,Larutan Cap Kaki Tiga Sachet,Herbal & Tradisional,39102.0,169,Gypsum Fibrosum; Calcitum,Panas dalam; tenggorokan kering,Dosis sesuai anjuran dokter. Kinocare,Gypsum Fibrosum; Calcitum,Panas dalam; tenggorokan kering,Tidak nyaman di perut pada sebagian orang,2027-06-30,Tablet,,True,[]
2211,Fatigon Kaplet,Vitamin & Suplemen,89245.0,105,Vitamin B Complex; Vitamin E; Mineral,Membantu mengurangi lelah,Dosis sesuai anjuran dokter. Kalbe,Vitamin B Complex; Vitamin E; Mineral,Membantu mengurangi lelah,Mual ringan,2027-06-30,Tablet,,True,[]
2212,Mylanta Forte,Lambung & Maag,23843.0,294,Aluminium Hydroxide; Magnesium Hydroxide; Simethicone,Asam lambung; maag; kembung,Dosis sesuai anjuran dokter. Johnson & Johnson,Aluminium Hydroxide; Magnesium Hydroxide; Simethicone,Asam lambung; maag; kembung,Sembelit ringan; diare ringan,2027-11-20,Tablet,,True,[]
2213,Counterpain Cream 43,Obat Oles Nyeri,41255.0,298,Methyl Salicylate; Menthol; Eugenol,Nyeri otot; pegal; keseleo ringan,Dosis sesuai anjuran dokter. Taisho,Methyl Salicylate; Menthol; Eugenol,Nyeri otot; pegal; keseleo ringan,Rasa panas; iritasi lokal,2027-11-20,Tablet,,True,[]
2214,Polysilane Cair,Lambung & Maag,40902.0,165,Dimethylpolysiloxane; Aluminium Hydroxide; Magnesium Hydroxide,Maag; kembung; rasa penuh di lambung,Dosis sesuai anjuran dokter. Pharos,Dimethylpolysiloxane; Aluminium Hydroxide; Magnesium Hydroxide,Maag; kembung; rasa penuh di lambung,Sembelit; diare ringan,2028-03-15,Tablet,,True,[]
2215,Transpulmin Baby Balm,Perawatan Hidung & Pernapasan,36393.0,113,Eucalyptus Oil; Chamomile Oil,Membantu menghangatkan badan anak,Dosis sesuai anjuran dokter. Novartis,Eucalyptus Oil; Chamomile Oil,Membantu menghangatkan badan anak,Iritasi lokal jarang,2027-11-20,Tablet,,True,[]
2216,Incidal-OD Bedak,Alergi & Gatal,23984.0,220,Cetirizine HCl,Alergi; bersin; gatal,Dosis sesuai anjuran dokter. Bayer,Cetirizine HCl,Alergi; bersin; gatal,Mengantuk; mulut kering,2027-11-20,Tablet,,True,[]
2217,Farsifen Drops,Nyeri & Demam,29518.0,168,Ibuprofen 200mg,Nyeri ringan sampai sedang; demam,Dosis sesuai anjuran dokter. Ifars,Ibuprofen 200mg,Nyeri ringan sampai sedang; demam,Nyeri lambung; mual; pusing,2028-03-15,Tablet,,True,[]
2218,Betadine Solution 37,Obat Kulit & Luka,40259.0,155,Povidone Iodine 10%,Antiseptik luka ringan,Dosis sesuai anjuran dokter. Mundipharma,Povidone Iodine 10%,Antiseptik luka ringan,Iritasi lokal; rasa perih,2027-06-30,Tablet,,True,[]
2219,Freshcare Gel,Obat Oles Nyeri,33467.0,234,Menthol; Camphor; Essential Oil,Pusing ringan; pegal; mabuk perjalanan,Dosis sesuai anjuran dokter. Ultra Sakti,Menthol; Camphor; Essential Oil,Pusing ringan; pegal; mabuk perjalanan,Iritasi kulit jarang,2026-12-31,Tablet,,True,[]
2220,Bodrex Tablet,Nyeri & Demam,13761.0,231,Paracetamol; Caffeine,Sakit kepala; nyeri ringan,Dosis sesuai anjuran dokter. Tempo Scan,Paracetamol; Caffeine,Sakit kepala; nyeri ringan,Berdebar; sulit tidur; mual,2027-06-30,Tablet,,True,[]
2221,Antasida Doen Cair,Lambung & Maag,46969.0,242,Aluminium Hydroxide; Magnesium Hydroxide,Maag; nyeri ulu hati,Dosis sesuai anjuran dokter. Generic,Aluminium Hydroxide; Magnesium Hydroxide,Maag; nyeri ulu hati,Sembelit ringan; diare ringan,2027-06-30,Tablet,,True,[]
2222,Sangobion Kaplet,Vitamin & Suplemen,91200.0,289,Ferrous Gluconate; Vitamin; Mineral,Suplemen zat besi,Dosis sesuai anjuran dokter. Merck,Ferrous Gluconate; Vitamin; Mineral,Suplemen zat besi,Mual; konstipasi; feses gelap,2028-03-15,Tablet,,True,[]
2223,Polysilane Suspensi,Lambung & Maag,19053.0,138,Dimethylpolysiloxane; Aluminium Hydroxide; Magnesium Hydroxide,Maag; kembung; rasa penuh di lambung,Dosis sesuai anjuran dokter. Pharos,Dimethylpolysiloxane; Aluminium Hydroxide; Magnesium Hydroxide,Maag; kembung; rasa penuh di lambung,Sembelit; diare ringan,2027-06-30,Tablet,,True,[]
2224,Vicks Inhaler Balm,Perawatan Hidung & Pernapasan,52441.0,161,Menthol; Camphor; Pine Needle Oil,Hidung tersumbat ringan,Dosis sesuai anjuran dokter. P&G,Menthol; Camphor; Pine Needle Oil,Hidung tersumbat ringan,Iritasi hidung jarang,2027-11-20,Tablet,,True,[]
2225,Betadine Solution 28,Obat Kulit & Luka,12549.0,176,Povidone Iodine 10%,Antiseptik luka ringan,Dosis sesuai anjuran dokter. Mundipharma,Povidone Iodine 10%,Antiseptik luka ringan,Iritasi lokal; rasa perih,2026-12-31,Tablet,,True,[]
2226,Inza Tablet 47,Flu & Pilek,25404.0,158,Paracetamol; Phenylpropanolamine; Chlorpheniramine,Flu; pilek; demam ringan,Dosis sesuai anjuran dokter. Konimex,Paracetamol; Phenylpropanolamine; Chlorpheniramine,Flu; pilek; demam ringan,Mengantuk; mulut kering; berdebar,2028-03-15,Tablet,,True,[]
2227,Vitacimin Kapsul,Vitamin & Suplemen,56486.0,91,Vitamin C 500mg,Suplemen vitamin C; sariawan ringan,Dosis sesuai anjuran dokter. Takeda,Vitamin C 500mg,Suplemen vitamin C; sariawan ringan,Nyeri lambung bila sebelum makan,2027-06-30,Kapsul,,True,[]
2228,Waisan Forte,Lambung & Maag,50895.0,233,Antasida; Sodium Bicarbonate,Maag; perih lambung,Dosis sesuai anjuran dokter. Bintang Toedjoe,Antasida; Sodium Bicarbonate,Maag; perih lambung,Sendawa; perut terasa penuh,2027-11-20,Tablet,,True,[]
2229,Neozep Forte Tablet,Flu & Pilek,33969.0,239,Paracetamol; Phenylephrine HCl; Chlorpheniramine,Flu; pilek; hidung tersumbat,Dosis sesuai anjuran dokter. Konimex,Paracetamol; Phenylephrine HCl; Chlorpheniramine,Flu; pilek; hidung tersumbat,Mengantuk; mulut kering; berdebar,2028-03-15,Tablet,,True,[]
2230,Imboost Tablet,Vitamin & Suplemen,59872.0,194,Echinacea; Zinc; Vitamin C,Membantu menjaga daya tahan tubuh,Dosis sesuai anjuran dokter. Soho,Echinacea; Zinc; Vitamin C,Membantu menjaga daya tahan tubuh,Mual; alergi jarang,2027-06-30,Tablet,,True,[]
2231,Antasida Doen Suspensi 47,Lambung & Maag,16608.0,239,Aluminium Hydroxide; Magnesium Hydroxide,Maag; nyeri ulu hati,Dosis sesuai anjuran dokter. Generic,Aluminium Hydroxide; Magnesium Hydroxide,Maag; nyeri ulu hati,Sembelit ringan; diare ringan,2028-03-15,Tablet,,True,[]
2232,Fatigon Effervescent,Vitamin & Suplemen,118701.0,205,Vitamin B Complex; Vitamin E; Mineral,Membantu mengurangi lelah,Dosis sesuai anjuran dokter. Kalbe,Vitamin B Complex; Vitamin E; Mineral,Membantu mengurangi lelah,Mual ringan,2028-03-15,Tablet,,True,[]
2233,Tantum Verde Gel,Mulut & Tenggorokan,27437.0,154,Benzydamine HCl,Sakit tenggorokan; radang ringan,Dosis sesuai anjuran dokter. Angelini,Benzydamine HCl,Sakit tenggorokan; radang ringan,Mulut terasa kebas; iritasi ringan,2027-06-30,Tablet,,True,[]
2234,Dulcolax Kapsul,Pencernaan & Diare,11192.0,198,Bisacodyl 5mg,Sembelit; susah buang air besar,Dosis sesuai anjuran dokter. Sanofi,Bisacodyl 5mg,Sembelit; susah buang air besar,Mulas; kram perut ringan,2028-03-15,Kapsul,,True,[]
2235,Antasida Doen Suspensi,Lambung & Maag,42725.0,247,Aluminium Hydroxide; Magnesium Hydroxide,Maag; nyeri ulu hati,Dosis sesuai anjuran dokter. Generic,Aluminium Hydroxide; Magnesium Hydroxide,Maag; nyeri ulu hati,Sembelit ringan; diare ringan,2026-12-31,Tablet,,True,[]
2236,Otopain Cool,Mata & Telinga,58068.0,227,Phenazone; Lidocaine HCl,Nyeri telinga ringan sesuai petunjuk,Dosis sesuai anjuran dokter. Generic,Phenazone; Lidocaine HCl,Nyeri telinga ringan sesuai petunjuk,Iritasi lokal; tidak nyaman,2027-06-30,Tablet,,True,[]
2237,Renovit Effervescent,Vitamin & Suplemen,110292.0,195,Multivitamin; Mineral,Suplemen multivitamin harian,Dosis sesuai anjuran dokter. Dexa Medica,Multivitamin; Mineral,Suplemen multivitamin harian,Mual ringan,2026-12-31,Tablet,,True,[]
2238,Diatabs Larutan,Pencernaan & Diare,8310.0,290,Attapulgite,Membantu mengurangi frekuensi diare,Dosis sesuai anjuran dokter. Medifarma,Attapulgite,Membantu mengurangi frekuensi diare,Sembelit; mual,2027-11-20,Tablet,,True,[]
2239,Rohto Cool Minidose,Mata & Telinga,63026.0,241,Naphazoline HCl; Menthol,Mata merah; mata lelah,Dosis sesuai anjuran dokter. Rohto,Naphazoline HCl; Menthol,Mata merah; mata lelah,Perih sementara; sensasi dingin,2027-06-30,Tablet,,True,[]
2240,Diapet Sirup,Pencernaan & Diare,27555.0,109,Ekstrak daun jambu biji; Kunyit; Mojokeling,Diare ringan; perut mulas,Dosis sesuai anjuran dokter. Soho,Ekstrak daun jambu biji; Kunyit; Mojokeling,Diare ringan; perut mulas,Alergi bahan herbal jarang,2026-12-31,Tablet,,True,[]
2241,Counterpain Patch,Obat Oles Nyeri,31515.0,62,Methyl Salicylate; Menthol; Eugenol,Nyeri otot; pegal; keseleo ringan,Dosis sesuai anjuran dokter. Taisho,Methyl Salicylate; Menthol; Eugenol,Nyeri otot; pegal; keseleo ringan,Rasa panas; iritasi lokal,2026-12-31,Tablet,,True,[]
2242,Kalpanax Lotion,Antijamur & Kulit,52447.0,106,Miconazole Nitrate,Jamur kulit; panu; kurap; kutu air,Dosis sesuai anjuran dokter. Kalbe,Miconazole Nitrate,Jamur kulit; panu; kurap; kutu air,Iritasi lokal; rasa panas ringan,2026-12-31,Tablet,,True,[]
2243,Neozep Forte Tablet 45,Flu & Pilek,28779.0,243,Paracetamol; Phenylephrine HCl; Chlorpheniramine,Flu; pilek; hidung tersumbat,Dosis sesuai anjuran dokter. Konimex,Paracetamol; Phenylephrine HCl; Chlorpheniramine,Flu; pilek; hidung tersumbat,Mengantuk; mulut kering; berdebar,2027-06-30,Tablet,,True,[]
2244,Microlax Anak,Pencernaan & Diare,26055.0,284,Sorbitol; Sodium Citrate; Sodium Lauryl Sulfoacetate,Sembelit; membantu BAB,Dosis sesuai anjuran dokter. Pharos,Sorbitol; Sodium Citrate; Sodium Lauryl Sulfoacetate,Sembelit; membantu BAB,Rasa tidak nyaman lokal,2026-12-31,Tablet,,True,[]
2245,Salep 88 Salep,Antijamur & Kulit,55112.0,200,Salicylic Acid; Benzoic Acid; Sulfur,Panu; kurap; gatal jamur,Dosis sesuai anjuran dokter. Meccaya,Salicylic Acid; Benzoic Acid; Sulfur,Panu; kurap; gatal jamur,Iritasi lokal; rasa panas,2028-03-15,Tablet,,True,[]
2246,Polysilane Forte,Lambung & Maag,46053.0,249,Dimethylpolysiloxane; Aluminium Hydroxide; Magnesium Hydroxide,Maag; kembung; rasa penuh di lambung,Dosis sesuai anjuran dokter. Pharos,Dimethylpolysiloxane; Aluminium Hydroxide; Magnesium Hydroxide,Maag; kembung; rasa penuh di lambung,Sembelit; diare ringan,2027-06-30,Tablet,,True,[]
2247,Enervon C Gummy,Vitamin & Suplemen,118080.0,115,Vitamin C; Vitamin B Complex; Niacinamide,Menjaga daya tahan tubuh,Dosis sesuai anjuran dokter. Darya-Varia,Vitamin C; Vitamin B Complex; Niacinamide,Menjaga daya tahan tubuh,Mual ringan; urin kuning terang,2027-06-30,Tablet,,True,[]
2248,Sanmol Forte,Nyeri & Demam,6257.0,252,Paracetamol 500mg,Demam; sakit kepala; nyeri ringan,Dosis sesuai anjuran dokter. Sanbe Farma,Paracetamol 500mg,Demam; sakit kepala; nyeri ringan,Mual; alergi jarang,2027-11-20,Tablet,,True,[]
2249,Tantum Verde Lozenges,Mulut & Tenggorokan,21630.0,275,Benzydamine HCl,Sakit tenggorokan; radang ringan,Dosis sesuai anjuran dokter. Angelini,Benzydamine HCl,Sakit tenggorokan; radang ringan,Mulut terasa kebas; iritasi ringan,2028-03-15,Tablet,,True,[]
2250,Farsifen Forte,Nyeri & Demam,19544.0,272,Ibuprofen 200mg,Nyeri ringan sampai sedang; demam,Dosis sesuai anjuran dokter. Ifars,Ibuprofen 200mg,Nyeri ringan sampai sedang; demam,Nyeri lambung; mual; pusing,2028-03-15,Tablet,,True,[]
2251,Balsem Lang Spray,Perawatan Hidung & Pernapasan,12128.0,148,Menthol; Camphor; Eucalyptus Oil,Melegakan pernapasan; pegal ringan,Dosis sesuai anjuran dokter. Eagle Indo Pharma,Menthol; Camphor; Eucalyptus Oil,Melegakan pernapasan; pegal ringan,Iritasi lokal,2028-03-15,Tablet,,True,[]
2252,Salonpas Gel 41,Obat Oles Nyeri,46770.0,67,Methyl Salicylate; Menthol,Nyeri otot; pegal,Dosis sesuai anjuran dokter. Hisamitsu,Methyl Salicylate; Menthol,Nyeri otot; pegal,Iritasi lokal; rasa panas,2026-12-31,Tablet,,True,[]
2253,Dermatix Ultra Solution,Obat Kulit & Luka,68760.0,202,Cyclopentasiloxane; Vitamin C Ester,Perawatan bekas luka,Dosis sesuai anjuran dokter. Menarini,Cyclopentasiloxane; Vitamin C Ester,Perawatan bekas luka,Iritasi lokal jarang,2027-11-20,Tablet,,True,[]
2254,Adem Sari Cair,Herbal & Tradisional,14163.0,104,Citrus aurantifolia; Vitamin C; Mineral,Panas dalam; sariawan ringan,Dosis sesuai anjuran dokter. Sari Enesis,Citrus aurantifolia; Vitamin C; Mineral,Panas dalam; sariawan ringan,Nyeri lambung ringan,2028-03-15,Tablet,,True,[]
2255,Canesten Cream 43,Antijamur & Kulit,41682.0,64,Clotrimazole 1%,Jamur kulit; kutu air,Dosis sesuai anjuran dokter. Bayer,Clotrimazole 1%,Jamur kulit; kutu air,Iritasi lokal ringan,2027-06-30,Tablet,,True,[]
2256,Dumin Kaplet,Nyeri & Demam,15904.0,207,Paracetamol 500mg,Demam; nyeri ringan,Dosis sesuai anjuran dokter. Actavis,Paracetamol 500mg,Demam; nyeri ringan,Mual; ruam alergi jarang,2026-12-31,Tablet,,True,[]
2257,Neozep Forte Flu & Batuk,Flu & Pilek,22646.0,196,Paracetamol; Phenylephrine HCl; Chlorpheniramine,Flu; pilek; hidung tersumbat,Dosis sesuai anjuran dokter. Konimex,Paracetamol; Phenylephrine HCl; Chlorpheniramine,Flu; pilek; hidung tersumbat,Mengantuk; mulut kering; berdebar,2027-06-30,Tablet,,True,[]
2258,Hot In Cream 10,Obat Oles Nyeri,34822.0,179,Methyl Salicylate; Menthol; Camphor,Pegal linu; nyeri otot,Dosis sesuai anjuran dokter. Bintang Toedjoe,Methyl Salicylate; Menthol; Camphor,Pegal linu; nyeri otot,Rasa panas; iritasi lokal,2027-06-30,Tablet,,True,[]
2259,Visine Original Tetes Telinga,Mata & Telinga,41761.0,131,Tetrahydrozoline HCl,Mata merah karena iritasi ringan,Dosis sesuai anjuran dokter. Johnson & Johnson,Tetrahydrozoline HCl,Mata merah karena iritasi ringan,Mata kering; perih sementara,2026-12-31,Tablet,,True,[]
2260,Braito Original Tetes Mata,Mata & Telinga,29257.0,245,Tetrahydrozoline HCl,Mata merah; iritasi ringan,Dosis sesuai anjuran dokter. Combiphar,Tetrahydrozoline HCl,Mata merah; iritasi ringan,Perih sementara,2027-06-30,Tablet,,True,[]
2261,Cetirizine 10mg Lotion,Alergi & Gatal,54500.0,67,Cetirizine HCl 10mg,Alergi; gatal; bersin karena alergi,Dosis sesuai anjuran dokter. Generic,Cetirizine HCl 10mg,Alergi; gatal; bersin karena alergi,Mengantuk ringan; mulut kering,2026-12-31,Tablet,,True,[]
2262,Microlax Sachet,Pencernaan & Diare,28108.0,167,Sorbitol; Sodium Citrate; Sodium Lauryl Sulfoacetate,Sembelit; membantu BAB,Dosis sesuai anjuran dokter. Pharos,Sorbitol; Sodium Citrate; Sodium Lauryl Sulfoacetate,Sembelit; membantu BAB,Rasa tidak nyaman lokal,2027-06-30,Tablet,,True,[]
2263,Fatigon Plus,Vitamin & Suplemen,50272.0,122,Vitamin B Complex; Vitamin E; Mineral,Membantu mengurangi lelah,Dosis sesuai anjuran dokter. Kalbe,Vitamin B Complex; Vitamin E; Mineral,Membantu mengurangi lelah,Mual ringan,2026-12-31,Tablet,,True,[]
2264,Transpulmin Baby Spray,Perawatan Hidung & Pernapasan,32303.0,205,Eucalyptus Oil; Chamomile Oil,Membantu menghangatkan badan anak,Dosis sesuai anjuran dokter. Novartis,Eucalyptus Oil; Chamomile Oil,Membantu menghangatkan badan anak,Iritasi lokal jarang,2027-06-30,Tablet,,True,[]
2265,Entrostop Sirup,Pencernaan & Diare,8791.0,265,Attapulgite; Pectin,Diare tidak spesifik; perut mulas,Dosis sesuai anjuran dokter. Kalbe,Attapulgite; Pectin,Diare tidak spesifik; perut mulas,Sembelit bila berlebihan; mual,2026-12-31,Tablet,,True,[]
2266,Alleron Lotion,Alergi & Gatal,11375.0,94,Chlorpheniramine Maleate,Alergi ringan; gatal; bersin,Dosis sesuai anjuran dokter. Mecosin,Chlorpheniramine Maleate,Alergi ringan; gatal; bersin,Mengantuk; mulut kering,2027-11-20,Tablet,,True,[]
2267,Kuldon Sachet,Herbal & Tradisional,18218.0,230,Ekstrak herbal; Glycyrrhizae radix; Menthae folium,Panas dalam; sariawan ringan,Dosis sesuai anjuran dokter. Deltomed,Ekstrak herbal; Glycyrrhizae radix; Menthae folium,Panas dalam; sariawan ringan,Alergi herbal jarang,2027-11-20,Tablet,,True,[]
2268,Visine Original Tetes Mata 38,Mata & Telinga,28443.0,73,Tetrahydrozoline HCl,Mata merah karena iritasi ringan,Dosis sesuai anjuran dokter. Johnson & Johnson,Tetrahydrozoline HCl,Mata merah karena iritasi ringan,Mata kering; perih sementara,2027-11-20,Tablet,,True,[]
2269,Polysilane Plus,Lambung & Maag,46964.0,190,Dimethylpolysiloxane; Aluminium Hydroxide; Magnesium Hydroxide,Maag; kembung; rasa penuh di lambung,Dosis sesuai anjuran dokter. Pharos,Dimethylpolysiloxane; Aluminium Hydroxide; Magnesium Hydroxide,Maag; kembung; rasa penuh di lambung,Sembelit; diare ringan,2027-11-20,Tablet,,True,[]
2270,Incidal-OD Lotion,Alergi & Gatal,48157.0,154,Cetirizine HCl,Alergi; bersin; gatal,Dosis sesuai anjuran dokter. Bayer,Cetirizine HCl,Alergi; bersin; gatal,Mengantuk; mulut kering,2026-12-31,Tablet,,True,[]
2271,Plantacid Tablet Kunyah,Lambung & Maag,38314.0,219,Aluminium Hydroxide; Magnesium Hydroxide; Simethicone,Asam lambung; kembung,Dosis sesuai anjuran dokter. Soho,Aluminium Hydroxide; Magnesium Hydroxide; Simethicone,Asam lambung; kembung,Sembelit; diare ringan,2028-03-15,Tablet,,True,[]
2272,Scabimite Solution,Antijamur & Kulit,33482.0,170,Permethrin 5%,Kudis/skabies sesuai aturan pakai,Dosis sesuai anjuran dokter. Galderma,Permethrin 5%,Kudis/skabies sesuai aturan pakai,Rasa panas; gatal sementara,2027-11-20,Tablet,,True,[]
2273,Cooling 5 Gargle,Mulut & Tenggorokan,38322.0,158,Phenol,Sakit tenggorokan ringan,Dosis sesuai anjuran dokter. Darya-Varia,Phenol,Sakit tenggorokan ringan,Iritasi lokal; rasa kebas,2028-03-15,Tablet,,True,[]
2274,Sanaflu Extra,Flu & Pilek,49869.0,214,Paracetamol; Phenylephrine; Chlorpheniramine,Flu; pilek; sakit kepala,Dosis sesuai anjuran dokter. Sanbe Farma,Paracetamol; Phenylephrine; Chlorpheniramine,Flu; pilek; sakit kepala,Mengantuk; mulut kering,2026-12-31,Tablet,,True,[]
2275,Betadine Solution,Obat Kulit & Luka,30805.0,218,Povidone Iodine 10%,Antiseptik luka ringan,Dosis sesuai anjuran dokter. Mundipharma,Povidone Iodine 10%,Antiseptik luka ringan,Iritasi lokal; rasa perih,2028-03-15,Tablet,,True,[]
2276,Salonpas Gel 34,Obat Oles Nyeri,14557.0,189,Methyl Salicylate; Menthol,Nyeri otot; pegal,Dosis sesuai anjuran dokter. Hisamitsu,Methyl Salicylate; Menthol,Nyeri otot; pegal,Iritasi lokal; rasa panas,2027-06-30,Tablet,,True,[]
2277,Entrostop Sachet,Pencernaan & Diare,14858.0,116,Attapulgite; Pectin,Diare tidak spesifik; perut mulas,Dosis sesuai anjuran dokter. Kalbe,Attapulgite; Pectin,Diare tidak spesifik; perut mulas,Sembelit bila berlebihan; mual,2026-12-31,Tablet,,True,[]
2278,Paracetamol 500mg Extra,Nyeri & Demam,22063.0,84,Paracetamol 500mg,Demam; nyeri ringan; sakit kepala,Dosis sesuai anjuran dokter. Generic,Paracetamol 500mg,Demam; nyeri ringan; sakit kepala,Mual; ruam alergi jarang; gangguan hati bila overdosis,2027-06-30,Tablet,,True,[]
2279,Norit Sachet,Pencernaan & Diare,27350.0,103,Activated Charcoal,Keracunan makanan ringan; perut tidak nyaman,Dosis sesuai anjuran dokter. Erela,Activated Charcoal,Keracunan makanan ringan; perut tidak nyaman,Feses gelap; sembelit,2027-06-30,Tablet,,True,[]
2280,Promag Forte,Lambung & Maag,29735.0,78,Hydrotalcite; Magnesium Hydroxide; Simethicone,Maag; perut kembung; nyeri ulu hati,Dosis sesuai anjuran dokter. Kalbe,Hydrotalcite; Magnesium Hydroxide; Simethicone,Maag; perut kembung; nyeri ulu hati,Sembelit ringan; diare ringan; mual,2028-03-15,Tablet,,True,[]
2281,Vicks Formula 44 Tablet,Obat Batuk,35681.0,67,Dextromethorphan HBr,Batuk kering; batuk malam hari,Dosis sesuai anjuran dokter. P&G,Dextromethorphan HBr,Batuk kering; batuk malam hari,Mengantuk; pusing; mulut kering,2027-06-30,Tablet,,True,[]
2282,Larutan Cap Kaki Tiga Cair,Herbal & Tradisional,16074.0,205,Gypsum Fibrosum; Calcitum,Panas dalam; tenggorokan kering,Dosis sesuai anjuran dokter. Kinocare,Gypsum Fibrosum; Calcitum,Panas dalam; tenggorokan kering,Tidak nyaman di perut pada sebagian orang,2027-06-30,Tablet,,True,[]
2283,Visine Original Cool,Mata & Telinga,24659.0,128,Tetrahydrozoline HCl,Mata merah karena iritasi ringan,Dosis sesuai anjuran dokter. Johnson & Johnson,Tetrahydrozoline HCl,Mata merah karena iritasi ringan,Mata kering; perih sementara,2027-11-20,Tablet,,True,[]
2284,Visine Original Minidose,Mata & Telinga,31865.0,92,Tetrahydrozoline HCl,Mata merah karena iritasi ringan,Dosis sesuai anjuran dokter. Johnson & Johnson,Tetrahydrozoline HCl,Mata merah karena iritasi ringan,Mata kering; perih sementara,2028-03-15,Tablet,,True,[]
2285,Tantum Verde Spray,Mulut & Tenggorokan,18617.0,197,Benzydamine HCl,Sakit tenggorokan; radang ringan,Dosis sesuai anjuran dokter. Angelini,Benzydamine HCl,Sakit tenggorokan; radang ringan,Mulut terasa kebas; iritasi ringan,2027-06-30,Tablet,,True,[]
2286,Norit Sirup,Pencernaan & Diare,12159.0,93,Activated Charcoal,Keracunan makanan ringan; perut tidak nyaman,Dosis sesuai anjuran dokter. Erela,Activated Charcoal,Keracunan makanan ringan; perut tidak nyaman,Feses gelap; sembelit,2028-03-15,Tablet,,True,[]
2287,Redoxon Plus,Vitamin & Suplemen,117684.0,94,Vitamin C; Zinc,Suplemen vitamin C dan zinc,Dosis sesuai anjuran dokter. Bayer,Vitamin C; Zinc,Suplemen vitamin C dan zinc,Nyeri lambung ringan,2028-03-15,Tablet,,True,[]
2288,Loratadine 10mg Kaplet,Alergi & Gatal,15611.0,165,Loratadine 10mg,Rinitis alergi; biduran ringan,Dosis sesuai anjuran dokter. Generic,Loratadine 10mg,Rinitis alergi; biduran ringan,Sakit kepala; mulut kering,2028-03-15,Tablet,,True,[]
2289,Siladex Mucolytic Kering,Obat Batuk,35526.0,88,Bromhexine; Guaifenesin,Batuk berdahak,Dosis sesuai anjuran dokter. Konimex,Bromhexine; Guaifenesin,Batuk berdahak,Mual; pusing; gangguan lambung,2028-03-15,Tablet,,True,[]
2290,Stimuno Plus,Vitamin & Suplemen,45595.0,268,Ekstrak Phyllanthus niruri,Memelihara daya tahan tubuh,Dosis sesuai anjuran dokter. Dexa Medica,Ekstrak Phyllanthus niruri,Memelihara daya tahan tubuh,Mual ringan,2028-03-15,Tablet,,True,[]
2291,Dulcolax Anak,Pencernaan & Diare,29083.0,69,Bisacodyl 5mg,Sembelit; susah buang air besar,Dosis sesuai anjuran dokter. Sanofi,Bisacodyl 5mg,Sembelit; susah buang air besar,Mulas; kram perut ringan,2027-06-30,Tablet,,True,[]
2292,Kalpanax Gel,Antijamur & Kulit,34058.0,235,Miconazole Nitrate,Jamur kulit; panu; kurap; kutu air,Dosis sesuai anjuran dokter. Kalbe,Miconazole Nitrate,Jamur kulit; panu; kurap; kutu air,Iritasi lokal; rasa panas ringan,2027-06-30,Tablet,,True,[]
2293,Sangobion Gummy,Vitamin & Suplemen,28988.0,215,Ferrous Gluconate; Vitamin; Mineral,Suplemen zat besi,Dosis sesuai anjuran dokter. Merck,Ferrous Gluconate; Vitamin; Mineral,Suplemen zat besi,Mual; konstipasi; feses gelap,2027-06-30,Tablet,,True,[]
2294,Antangin JRG Cair,Herbal & Tradisional,22973.0,62,Ekstrak herbal; Jahe; Royal jelly; Ginseng,Masuk angin; badan tidak enak,Dosis sesuai anjuran dokter. Deltomed,Ekstrak herbal; Jahe; Royal jelly; Ginseng,Masuk angin; badan tidak enak,Alergi bahan herbal jarang,2027-06-30,Tablet,,True,[]
2295,Pamol Kaplet,Nyeri & Demam,34240.0,75,Paracetamol 500mg,Demam; nyeri ringan,Dosis sesuai anjuran dokter. Interbat,Paracetamol 500mg,Demam; nyeri ringan,Mual; ruam alergi jarang,2027-11-20,Tablet,,True,[]
2296,Herbakof Tablet,Herbal & Tradisional,16904.0,72,Ekstrak Daun Legundi; Ekstrak Jahe; Ekstrak Saga; Ekstrak Mahkota Dewa,Batuk ringan; tenggorokan tidak nyaman,Dosis sesuai anjuran dokter. Dexa Medica,Ekstrak Daun Legundi; Ekstrak Jahe; Ekstrak Saga; Ekstrak Mahkota Dewa,Batuk ringan; tenggorokan tidak nyaman,Alergi herbal jarang,2028-03-15,Tablet,,True,[]
2297,FG Troches Spray,Mulut & Tenggorokan,26492.0,72,Fradiomycin; Gramicidin,Radang tenggorokan ringan sesuai petunjuk,Dosis sesuai anjuran dokter. Meiji,Fradiomycin; Gramicidin,Radang tenggorokan ringan sesuai petunjuk,Alergi; gangguan pencernaan ringan,2027-11-20,Tablet,,True,[]
2298,Antangin JRG Sachet,Herbal & Tradisional,11260.0,193,Ekstrak herbal; Jahe; Royal jelly; Ginseng,Masuk angin; badan tidak enak,Dosis sesuai anjuran dokter. Deltomed,Ekstrak herbal; Jahe; Royal jelly; Ginseng,Masuk angin; badan tidak enak,Alergi bahan herbal jarang,2027-06-30,Tablet,,True,[]
2299,Paracetamol 500mg Tablet,Nyeri & Demam,14382.0,295,Paracetamol 500mg,Demam; nyeri ringan; sakit kepala,Dosis sesuai anjuran dokter. Generic,Paracetamol 500mg,Demam; nyeri ringan; sakit kepala,Mual; ruam alergi jarang; gangguan hati bila overdosis,2027-06-30,Tablet,,True,[]
2300,OBH Combi Batuk Flu Berdahak,Obat Batuk,43320.0,159,Paracetamol; Ephedrine HCl; Chlorpheniramine; Succus liquiritiae,Batuk disertai flu; demam; pilek,Dosis sesuai anjuran dokter. Combiphar,Paracetamol; Ephedrine HCl; Chlorpheniramine; Succus liquiritiae,Batuk disertai flu; demam; pilek,Mengantuk; mulut kering; berdebar,2027-11-20,Tablet,,True,[]
2301,Alleron Kaplet,Alergi & Gatal,38701.0,155,Chlorpheniramine Maleate,Alergi ringan; gatal; bersin,Dosis sesuai anjuran dokter. Mecosin,Chlorpheniramine Maleate,Alergi ringan; gatal; bersin,Mengantuk; mulut kering,2027-06-30,Tablet,,True,[]
2302,Sanaflu Tablet,Flu & Pilek,16431.0,248,Paracetamol; Phenylephrine; Chlorpheniramine,Flu; pilek; sakit kepala,Dosis sesuai anjuran dokter. Sanbe Farma,Paracetamol; Phenylephrine; Chlorpheniramine,Flu; pilek; sakit kepala,Mengantuk; mulut kering,2026-12-31,Tablet,,True,[]
2303,Redoxon Kaplet,Vitamin & Suplemen,25828.0,198,Vitamin C; Zinc,Suplemen vitamin C dan zinc,Dosis sesuai anjuran dokter. Bayer,Vitamin C; Zinc,Suplemen vitamin C dan zinc,Nyeri lambung ringan,2026-12-31,Tablet,,True,[]
2304,Rohto Cool Tetes Mata 37,Mata & Telinga,24137.0,293,Naphazoline HCl; Menthol,Mata merah; mata lelah,Dosis sesuai anjuran dokter. Rohto,Naphazoline HCl; Menthol,Mata merah; mata lelah,Perih sementara; sensasi dingin,2027-06-30,Tablet,,True,[]
2305,Fungiderm Solution,Antijamur & Kulit,29124.0,247,Clotrimazole,Panu; kurap; kutu air,Dosis sesuai anjuran dokter. Konimex,Clotrimazole,Panu; kurap; kutu air,Iritasi lokal,2028-03-15,Tablet,,True,[]
2306,Farsifen Kaplet,Nyeri & Demam,20633.0,257,Ibuprofen 200mg,Nyeri ringan sampai sedang; demam,Dosis sesuai anjuran dokter. Ifars,Ibuprofen 200mg,Nyeri ringan sampai sedang; demam,Nyeri lambung; mual; pusing,2028-03-15,Tablet,,True,[]
2307,Bedak Herocyn Kaplet,Alergi & Gatal,34930.0,275,Menthol; Sulfur; Salicylic Acid,Gatal ringan; biang keringat,Dosis sesuai anjuran dokter. Coronet Crown,Menthol; Sulfur; Salicylic Acid,Gatal ringan; biang keringat,Iritasi kulit pada sebagian orang,2027-06-30,Tablet,,True,[]
2308,Caladine Lotion Bedak,Alergi & Gatal,56984.0,217,Calamine; Zinc Oxide; Diphenhydramine,Gatal ringan; biang keringat,Dosis sesuai anjuran dokter. Galenium,Calamine; Zinc Oxide; Diphenhydramine,Gatal ringan; biang keringat,Iritasi lokal jarang,2027-11-20,Tablet,,True,[]
2309,Polysilane Sachet,Lambung & Maag,44287.0,300,Dimethylpolysiloxane; Aluminium Hydroxide; Magnesium Hydroxide,Maag; kembung; rasa penuh di lambung,Dosis sesuai anjuran dokter. Pharos,Dimethylpolysiloxane; Aluminium Hydroxide; Magnesium Hydroxide,Maag; kembung; rasa penuh di lambung,Sembelit; diare ringan,2028-03-15,Tablet,,True,[]
2310,Mylanta Cair 50,Lambung & Maag,29836.0,122,Aluminium Hydroxide; Magnesium Hydroxide; Simethicone,Asam lambung; maag; kembung,Dosis sesuai anjuran dokter. Johnson & Johnson,Aluminium Hydroxide; Magnesium Hydroxide; Simethicone,Asam lambung; maag; kembung,Sembelit ringan; diare ringan,2028-03-15,Tablet,,True,[]
2311,CTM Sirup,Alergi & Gatal,36926.0,124,Chlorpheniramine Maleate 4mg,Alergi ringan; gatal; pilek alergi,Dosis sesuai anjuran dokter. Generic,Chlorpheniramine Maleate 4mg,Alergi ringan; gatal; pilek alergi,Mengantuk; mulut kering,2026-12-31,Tablet,,True,[]
2312,Betadine Solution 55,Obat Kulit & Luka,30091.0,252,Povidone Iodine 10%,Antiseptik luka ringan,Dosis sesuai anjuran dokter. Mundipharma,Povidone Iodine 10%,Antiseptik luka ringan,Iritasi lokal; rasa perih,2028-03-15,Tablet,,True,[]
2313,OBH Combi Batuk Berdahak Kering,Obat Batuk,20004.0,245,Succus liquiritiae; Ammonium chloride,Batuk berdahak; membantu mengencerkan dahak,Dosis sesuai anjuran dokter. Combiphar,Succus liquiritiae; Ammonium chloride,Batuk berdahak; membantu mengencerkan dahak,Mual; mengantuk; berdebar pada sebagian orang,2028-03-15,Tablet,,True,[]
2314,Geliga 18,Obat Oles Nyeri,20942.0,74,Methyl Salicylate; Menthol; Eucalyptus Oil,Pegal; nyeri otot ringan,Dosis sesuai anjuran dokter. Eagle Indo Pharma,Methyl Salicylate; Menthol; Eucalyptus Oil,Pegal; nyeri otot ringan,Rasa panas; iritasi lokal,2028-03-15,Tablet,,True,[]
2315,Farsifen Sirup,Nyeri & Demam,10999.0,166,Ibuprofen 200mg,Nyeri ringan sampai sedang; demam,Dosis sesuai anjuran dokter. Ifars,Ibuprofen 200mg,Nyeri ringan sampai sedang; demam,Nyeri lambung; mual; pusing,2026-12-31,Tablet,,True,[]
2316,Paramex Drops,Nyeri & Demam,28188.0,254,Paracetamol; Propyphenazone; Caffeine,Sakit kepala; nyeri ringan,Dosis sesuai anjuran dokter. Konimex,Paracetamol; Propyphenazone; Caffeine,Sakit kepala; nyeri ringan,Mual; berdebar; alergi,2027-11-20,Tablet,,True,[]
2317,CTM Kaplet,Alergi & Gatal,32751.0,267,Chlorpheniramine Maleate 4mg,Alergi ringan; gatal; pilek alergi,Dosis sesuai anjuran dokter. Generic,Chlorpheniramine Maleate 4mg,Alergi ringan; gatal; pilek alergi,Mengantuk; mulut kering,2026-12-31,Tablet,,True,[]
2318,FG Troches Gel,Mulut & Tenggorokan,20888.0,52,Fradiomycin; Gramicidin,Radang tenggorokan ringan sesuai petunjuk,Dosis sesuai anjuran dokter. Meiji,Fradiomycin; Gramicidin,Radang tenggorokan ringan sesuai petunjuk,Alergi; gangguan pencernaan ringan,2028-03-15,Tablet,,True,[]
2319,Rivanol Ointment,Obat Kulit & Luka,50376.0,182,Ethacridine Lactate,Membersihkan luka ringan,Dosis sesuai anjuran dokter. Generic,Ethacridine Lactate,Membersihkan luka ringan,Iritasi lokal jarang,2027-06-30,Tablet,,True,[]
2320,Imboost Effervescent,Vitamin & Suplemen,56206.0,106,Echinacea; Zinc; Vitamin C,Membantu menjaga daya tahan tubuh,Dosis sesuai anjuran dokter. Soho,Echinacea; Zinc; Vitamin C,Membantu menjaga daya tahan tubuh,Mual; alergi jarang,2027-06-30,Tablet,,True,[]
2321,Braito Original Minidose,Mata & Telinga,31626.0,66,Tetrahydrozoline HCl,Mata merah; iritasi ringan,Dosis sesuai anjuran dokter. Combiphar,Tetrahydrozoline HCl,Mata merah; iritasi ringan,Perih sementara,2028-03-15,Tablet,,True,[]
2322,Decolgen Sirup,Flu & Pilek,24683.0,190,Paracetamol; Phenylpropanolamine; Chlorpheniramine,Gejala flu; pilek; sakit kepala,Dosis sesuai anjuran dokter. Medifarma,Paracetamol; Phenylpropanolamine; Chlorpheniramine,Gejala flu; pilek; sakit kepala,Mengantuk; mulut kering; berdebar,2028-03-15,Tablet,,True,[]
2323,Forumen Minidose,Mata & Telinga,39184.0,258,Docusate Sodium,Membantu melunakkan kotoran telinga,Dosis sesuai anjuran dokter. Sanbe Farma,Docusate Sodium,Membantu melunakkan kotoran telinga,Rasa penuh di telinga,2028-03-15,Tablet,,True,[]
2324,Komix Tablet,Obat Batuk,40276.0,85,Dextromethorphan HBr; Guaifenesin,Batuk ringan; batuk berdahak,Dosis sesuai anjuran dokter. Bintang Toedjoe,Dextromethorphan HBr; Guaifenesin,Batuk ringan; batuk berdahak,Mengantuk; mual; pusing ringan,2028-03-15,Tablet,,True,[]
2325,Bisolvon Sachet,Obat Batuk,9329.0,134,Bromhexine HCl,Batuk berdahak; dahak kental,Dosis sesuai anjuran dokter. Sanofi,Bromhexine HCl,Batuk berdahak; dahak kental,Mual; pusing; gangguan lambung,2027-06-30,Tablet,,True,[]
2326,Mixagrip Flu Kaplet,Flu & Pilek,30477.0,235,Paracetamol; Phenylephrine HCl; Chlorpheniramine,Flu; pilek; demam; hidung tersumbat,Dosis sesuai anjuran dokter. Tempo Scan,Paracetamol; Phenylephrine HCl; Chlorpheniramine,Flu; pilek; demam; hidung tersumbat,Mengantuk; mulut kering; berdebar,2026-12-31,Tablet,,True,[]
2327,SP Troches Gargle,Mulut & Tenggorokan,44493.0,263,Dequalinium Chloride,Sariawan; tenggorokan tidak nyaman,Dosis sesuai anjuran dokter. Meiji,Dequalinium Chloride,Sariawan; tenggorokan tidak nyaman,Iritasi mulut jarang,2027-06-30,Tablet,,True,[]
2328,Daktarin Cream 10,Antijamur & Kulit,37008.0,202,Miconazole Nitrate 2%,Infeksi jamur kulit,Dosis sesuai anjuran dokter. Johnson & Johnson,Miconazole Nitrate 2%,Infeksi jamur kulit,Iritasi lokal; kemerahan,2028-03-15,Tablet,,True,[]
2329,Lodia Sachet,Pencernaan & Diare,32537.0,215,Loperamide HCl,Diare akut tertentu,Dosis sesuai anjuran dokter. Sanbe Farma,Loperamide HCl,Diare akut tertentu,Sembelit; mual; pusing,2028-03-15,Tablet,,True,[]
2330,Geliga,Obat Oles Nyeri,41832.0,272,Methyl Salicylate; Menthol; Eucalyptus Oil,Pegal; nyeri otot ringan,Dosis sesuai anjuran dokter. Eagle Indo Pharma,Methyl Salicylate; Menthol; Eucalyptus Oil,Pegal; nyeri otot ringan,Rasa panas; iritasi lokal,2027-11-20,Tablet,,True,[]
2331,Waisan Suspensi,Lambung & Maag,13225.0,102,Antasida; Sodium Bicarbonate,Maag; perih lambung,Dosis sesuai anjuran dokter. Bintang Toedjoe,Antasida; Sodium Bicarbonate,Maag; perih lambung,Sendawa; perut terasa penuh,2028-03-15,Tablet,,True,[]
2332,Daktarin Cream 26,Antijamur & Kulit,44716.0,161,Miconazole Nitrate 2%,Infeksi jamur kulit,Dosis sesuai anjuran dokter. Johnson & Johnson,Miconazole Nitrate 2%,Infeksi jamur kulit,Iritasi lokal; kemerahan,2026-12-31,Tablet,,True,[]
2333,Fatigon Kapsul,Vitamin & Suplemen,83375.0,197,Vitamin B Complex; Vitamin E; Mineral,Membantu mengurangi lelah,Dosis sesuai anjuran dokter. Kalbe,Vitamin B Complex; Vitamin E; Mineral,Membantu mengurangi lelah,Mual ringan,2026-12-31,Kapsul,,True,[]
2334,Aloclair Gel,Mulut & Tenggorokan,24038.0,127,Polyvinylpyrrolidone; Hyaluronic Acid,Sariawan; luka mulut kecil,Dosis sesuai anjuran dokter. Alliance,Polyvinylpyrrolidone; Hyaluronic Acid,Sariawan; luka mulut kecil,Rasa tidak nyaman lokal,2028-03-15,Tablet,,True,[]
2335,Procold Flu Sirup,Flu & Pilek,25678.0,116,Paracetamol; Pseudoephedrine; Chlorpheniramine,Flu; demam; hidung tersumbat,Dosis sesuai anjuran dokter. Kalbe,Paracetamol; Pseudoephedrine; Chlorpheniramine,Flu; demam; hidung tersumbat,Mengantuk; mulut kering; berdebar,2026-12-31,Tablet,,True,[]
2336,Antangin JRG Sirup,Herbal & Tradisional,47525.0,64,Ekstrak herbal; Jahe; Royal jelly; Ginseng,Masuk angin; badan tidak enak,Dosis sesuai anjuran dokter. Deltomed,Ekstrak herbal; Jahe; Royal jelly; Ginseng,Masuk angin; badan tidak enak,Alergi bahan herbal jarang,2026-12-31,Tablet,,True,[]
2337,Vitacimin Kaplet,Vitamin & Suplemen,22895.0,280,Vitamin C 500mg,Suplemen vitamin C; sariawan ringan,Dosis sesuai anjuran dokter. Takeda,Vitamin C 500mg,Suplemen vitamin C; sariawan ringan,Nyeri lambung bila sebelum makan,2027-06-30,Tablet,,True,[]
2338,Dumin Tablet,Nyeri & Demam,22197.0,123,Paracetamol 500mg,Demam; nyeri ringan,Dosis sesuai anjuran dokter. Actavis,Paracetamol 500mg,Demam; nyeri ringan,Mual; ruam alergi jarang,2027-06-30,Tablet,,True,[]
2339,Bioplacenton Gel 32,Obat Kulit & Luka,35570.0,98,Placenta Extract; Neomycin Sulfate,Luka bakar ringan; luka kecil,Dosis sesuai anjuran dokter. Kalbe,Placenta Extract; Neomycin Sulfate,Luka bakar ringan; luka kecil,Iritasi lokal; alergi antibiotik,2026-12-31,Tablet,,True,[]
2340,Panadol Biru Tablet,Nyeri & Demam,9394.0,282,Paracetamol 500mg,Demam; sakit kepala; nyeri ringan,Dosis sesuai anjuran dokter. Haleon,Paracetamol 500mg,Demam; sakit kepala; nyeri ringan,Mual; reaksi alergi jarang,2027-11-20,Tablet,,True,[]
2341,Larutan Cap Kaki Tiga Sirup,Herbal & Tradisional,30793.0,239,Gypsum Fibrosum; Calcitum,Panas dalam; tenggorokan kering,Dosis sesuai anjuran dokter. Kinocare,Gypsum Fibrosum; Calcitum,Panas dalam; tenggorokan kering,Tidak nyaman di perut pada sebagian orang,2027-06-30,Tablet,,True,[]
2342,Dulcolax Larutan,Pencernaan & Diare,31608.0,156,Bisacodyl 5mg,Sembelit; susah buang air besar,Dosis sesuai anjuran dokter. Sanofi,Bisacodyl 5mg,Sembelit; susah buang air besar,Mulas; kram perut ringan,2027-06-30,Tablet,,True,[]
2343,Voltaren Emulgel 37,Obat Oles Nyeri,39541.0,73,Diclofenac Diethylamine,Nyeri otot dan sendi ringan,Dosis sesuai anjuran dokter. GSK,Diclofenac Diethylamine,Nyeri otot dan sendi ringan,Iritasi kulit; kemerahan,2026-12-31,Tablet,,True,[]
2344,Lodia Larutan,Pencernaan & Diare,38682.0,240,Loperamide HCl,Diare akut tertentu,Dosis sesuai anjuran dokter. Sanbe Farma,Loperamide HCl,Diare akut tertentu,Sembelit; mual; pusing,2026-12-31,Tablet,,True,[]
2345,CDR Gummy,Vitamin & Suplemen,113249.0,228,Calcium; Vitamin C; Vitamin D; Vitamin B6,Kesehatan tulang dan daya tahan tubuh,Dosis sesuai anjuran dokter. Bayer,Calcium; Vitamin C; Vitamin D; Vitamin B6,Kesehatan tulang dan daya tahan tubuh,Mual; kembung ringan,2028-03-15,Tablet,,True,[]
2346,FG Troches Lozenges,Mulut & Tenggorokan,19792.0,216,Fradiomycin; Gramicidin,Radang tenggorokan ringan sesuai petunjuk,Dosis sesuai anjuran dokter. Meiji,Fradiomycin; Gramicidin,Radang tenggorokan ringan sesuai petunjuk,Alergi; gangguan pencernaan ringan,2026-12-31,Tablet,,True,[]
2347,Hansaplast Spray Antiseptik,Obat Kulit & Luka,65393.0,94,Polyhexamethylene Biguanide,Membersihkan luka ringan,Dosis sesuai anjuran dokter. Beiersdorf,Polyhexamethylene Biguanide,Membersihkan luka ringan,Rasa perih ringan,2028-03-15,Tablet,,True,[]
2348,Cooling 5 Troches,Mulut & Tenggorokan,37745.0,158,Phenol,Sakit tenggorokan ringan,Dosis sesuai anjuran dokter. Darya-Varia,Phenol,Sakit tenggorokan ringan,Iritasi lokal; rasa kebas,2027-11-20,Tablet,,True,[]
2349,OBH Combi Batuk Berdahak Tablet,Obat Batuk,41280.0,168,Succus liquiritiae; Ammonium chloride,Batuk berdahak; membantu mengencerkan dahak,Dosis sesuai anjuran dokter. Combiphar,Succus liquiritiae; Ammonium chloride,Batuk berdahak; membantu mengencerkan dahak,Mual; mengantuk; berdebar pada sebagian orang,2026-12-31,Tablet,,True,[]
2350,Betadine Gargle 36,Mulut & Tenggorokan,9480.0,255,Povidone Iodine 1%,Kumur untuk kebersihan mulut dan tenggorokan,Dosis sesuai anjuran dokter. Mundipharma,Povidone Iodine 1%,Kumur untuk kebersihan mulut dan tenggorokan,Iritasi mulut; rasa tidak nyaman,2027-06-30,Tablet,,True,[]
2351,Forumen Cool,Mata & Telinga,18404.0,228,Docusate Sodium,Membantu melunakkan kotoran telinga,Dosis sesuai anjuran dokter. Sanbe Farma,Docusate Sodium,Membantu melunakkan kotoran telinga,Rasa penuh di telinga,2027-11-20,Tablet,,True,[]
2352,Bedak Herocyn Lotion,Alergi & Gatal,44228.0,79,Menthol; Sulfur; Salicylic Acid,Gatal ringan; biang keringat,Dosis sesuai anjuran dokter. Coronet Crown,Menthol; Sulfur; Salicylic Acid,Gatal ringan; biang keringat,Iritasi kulit pada sebagian orang,2028-03-15,Tablet,,True,[]
2353,Vicee Kapsul,Vitamin & Suplemen,56764.0,283,Vitamin C 500mg,Suplemen vitamin C,Dosis sesuai anjuran dokter. Kalbe,Vitamin C 500mg,Suplemen vitamin C,Nyeri lambung ringan,2027-06-30,Kapsul,,True,[]
2354,Paramex Tablet,Nyeri & Demam,26413.0,273,Paracetamol; Propyphenazone; Caffeine,Sakit kepala; nyeri ringan,Dosis sesuai anjuran dokter. Konimex,Paracetamol; Propyphenazone; Caffeine,Sakit kepala; nyeri ringan,Mual; berdebar; alergi,2027-11-20,Tablet,,True,[]
2355,Woods Antitussive Berdahak,Obat Batuk,25627.0,202,Dextromethorphan HBr; Diphenhydramine HCl,Batuk kering; batuk tidak berdahak,Dosis sesuai anjuran dokter. Kalbe,Dextromethorphan HBr; Diphenhydramine HCl,Batuk kering; batuk tidak berdahak,Mengantuk; mulut kering; pusing,2026-12-31,Tablet,,True,[]
2356,Fatigon Tablet,Vitamin & Suplemen,107251.0,257,Vitamin B Complex; Vitamin E; Mineral,Membantu mengurangi lelah,Dosis sesuai anjuran dokter. Kalbe,Vitamin B Complex; Vitamin E; Mineral,Membantu mengurangi lelah,Mual ringan,2027-11-20,Tablet,,True,[]
2357,CTM Lotion,Alergi & Gatal,42171.0,136,Chlorpheniramine Maleate 4mg,Alergi ringan; gatal; pilek alergi,Dosis sesuai anjuran dokter. Generic,Chlorpheniramine Maleate 4mg,Alergi ringan; gatal; pilek alergi,Mengantuk; mulut kering,2026-12-31,Tablet,,True,[]
2358,Loratadine 10mg Bedak,Alergi & Gatal,20932.0,295,Loratadine 10mg,Rinitis alergi; biduran ringan,Dosis sesuai anjuran dokter. Generic,Loratadine 10mg,Rinitis alergi; biduran ringan,Sakit kepala; mulut kering,2026-12-31,Tablet,,True,[]
2359,Redoxon Tablet,Vitamin & Suplemen,90301.0,267,Vitamin C; Zinc,Suplemen vitamin C dan zinc,Dosis sesuai anjuran dokter. Bayer,Vitamin C; Zinc,Suplemen vitamin C dan zinc,Nyeri lambung ringan,2026-12-31,Tablet,,True,[]
2360,Sofra-Tulle Salep,Obat Kulit & Luka,24900.0,68,Framycetin Sulfate dressing,Penutup luka dengan antibiotik topikal,Dosis sesuai anjuran dokter. Sanofi,Framycetin Sulfate dressing,Penutup luka dengan antibiotik topikal,Alergi lokal,2028-03-15,Tablet,,True,[]
2361,Hansaplast Spray Antiseptik 13,Obat Kulit & Luka,67968.0,88,Polyhexamethylene Biguanide,Membersihkan luka ringan,Dosis sesuai anjuran dokter. Beiersdorf,Polyhexamethylene Biguanide,Membersihkan luka ringan,Rasa perih ringan,2026-12-31,Tablet,,True,[]
2362,Forumen Tetes Mata,Mata & Telinga,55213.0,240,Docusate Sodium,Membantu melunakkan kotoran telinga,Dosis sesuai anjuran dokter. Sanbe Farma,Docusate Sodium,Membantu melunakkan kotoran telinga,Rasa penuh di telinga,2028-03-15,Tablet,,True,[]
2363,Nosib Cream,Antijamur & Kulit,73776.0,113,Sulfur; Salicylic Acid,Gatal karena jamur ringan,Dosis sesuai anjuran dokter. Coronet Crown,Sulfur; Salicylic Acid,Gatal karena jamur ringan,Iritasi lokal; kulit kering,2027-06-30,Tablet,,True,[]
2364,Mixagrip Flu Flu & Batuk,Flu & Pilek,26734.0,140,Paracetamol; Phenylephrine HCl; Chlorpheniramine,Flu; pilek; demam; hidung tersumbat,Dosis sesuai anjuran dokter. Tempo Scan,Paracetamol; Phenylephrine HCl; Chlorpheniramine,Flu; pilek; demam; hidung tersumbat,Mengantuk; mulut kering; berdebar,2027-06-30,Tablet,,True,[]
2365,Komix Sachet,Obat Batuk,21638.0,127,Dextromethorphan HBr; Guaifenesin,Batuk ringan; batuk berdahak,Dosis sesuai anjuran dokter. Bintang Toedjoe,Dextromethorphan HBr; Guaifenesin,Batuk ringan; batuk berdahak,Mengantuk; mual; pusing ringan,2027-06-30,Tablet,,True,[]
2366,Lodia Anak,Pencernaan & Diare,27843.0,105,Loperamide HCl,Diare akut tertentu,Dosis sesuai anjuran dokter. Sanbe Farma,Loperamide HCl,Diare akut tertentu,Sembelit; mual; pusing,2027-11-20,Tablet,,True,[]
2367,Dulcolax Tablet,Pencernaan & Diare,18323.0,266,Bisacodyl 5mg,Sembelit; susah buang air besar,Dosis sesuai anjuran dokter. Sanofi,Bisacodyl 5mg,Sembelit; susah buang air besar,Mulas; kram perut ringan,2028-03-15,Tablet,,True,[]
2368,Nosib Lotion,Antijamur & Kulit,68029.0,168,Sulfur; Salicylic Acid,Gatal karena jamur ringan,Dosis sesuai anjuran dokter. Coronet Crown,Sulfur; Salicylic Acid,Gatal karena jamur ringan,Iritasi lokal; kulit kering,2027-06-30,Tablet,,True,[]
2369,Sanmol Kaplet,Nyeri & Demam,16434.0,61,Paracetamol 500mg,Demam; sakit kepala; nyeri ringan,Dosis sesuai anjuran dokter. Sanbe Farma,Paracetamol 500mg,Demam; sakit kepala; nyeri ringan,Mual; alergi jarang,2028-03-15,Tablet,,True,[]
2370,Laserin Tablet,Obat Batuk,35666.0,254,Ekstrak herbal; Madu,Batuk ringan; melegakan tenggorokan,Dosis sesuai anjuran dokter. Mecosin,Ekstrak herbal; Madu,Batuk ringan; melegakan tenggorokan,Alergi bahan herbal jarang,2027-11-20,Tablet,,True,[]
2371,Paramex Kaplet,Nyeri & Demam,24881.0,58,Paracetamol; Propyphenazone; Caffeine,Sakit kepala; nyeri ringan,Dosis sesuai anjuran dokter. Konimex,Paracetamol; Propyphenazone; Caffeine,Sakit kepala; nyeri ringan,Mual; berdebar; alergi,2027-06-30,Tablet,,True,[]
2372,Betadine Gargle,Mulut & Tenggorokan,24738.0,172,Povidone Iodine 1%,Kumur untuk kebersihan mulut dan tenggorokan,Dosis sesuai anjuran dokter. Mundipharma,Povidone Iodine 1%,Kumur untuk kebersihan mulut dan tenggorokan,Iritasi mulut; rasa tidak nyaman,2026-12-31,Tablet,,True,[]
2373,Antasida Doen Tablet Kunyah,Lambung & Maag,38808.0,275,Aluminium Hydroxide; Magnesium Hydroxide,Maag; nyeri ulu hati,Dosis sesuai anjuran dokter. Generic,Aluminium Hydroxide; Magnesium Hydroxide,Maag; nyeri ulu hati,Sembelit ringan; diare ringan,2026-12-31,Tablet,,True,[]
2374,Adem Sari Botol,Herbal & Tradisional,41536.0,233,Citrus aurantifolia; Vitamin C; Mineral,Panas dalam; sariawan ringan,Dosis sesuai anjuran dokter. Sari Enesis,Citrus aurantifolia; Vitamin C; Mineral,Panas dalam; sariawan ringan,Nyeri lambung ringan,2027-06-30,Tablet,,True,[]
2375,Breathy Nasal Spray 26,Perawatan Hidung & Pernapasan,31857.0,283,Sodium Chloride,Hidung kering; membersihkan hidung,Dosis sesuai anjuran dokter. Pharos,Sodium Chloride,Hidung kering; membersihkan hidung,Iritasi ringan,2027-11-20,Tablet,,True,[]
2376,Ultraflu Flu & Batuk,Flu & Pilek,24043.0,113,Paracetamol; Phenylpropanolamine; CTM,Gejala flu dan pilek,Dosis sesuai anjuran dokter. Henson Farma,Paracetamol; Phenylpropanolamine; CTM,Gejala flu dan pilek,Mengantuk; berdebar,2026-12-31,Tablet,,True,[]
2377,CDR Plus,Vitamin & Suplemen,57466.0,202,Calcium; Vitamin C; Vitamin D; Vitamin B6,Kesehatan tulang dan daya tahan tubuh,Dosis sesuai anjuran dokter. Bayer,Calcium; Vitamin C; Vitamin D; Vitamin B6,Kesehatan tulang dan daya tahan tubuh,Mual; kembung ringan,2028-03-15,Tablet,,True,[]
2378,Cendo Lyteers Tetes Telinga,Mata & Telinga,66337.0,178,Artificial tears,Mata kering; iritasi ringan,Dosis sesuai anjuran dokter. Cendo,Artificial tears,Mata kering; iritasi ringan,Penglihatan kabur sementara,2027-06-30,Tablet,,True,[]
2379,Loratadine 10mg Cream,Alergi & Gatal,27891.0,200,Loratadine 10mg,Rinitis alergi; biduran ringan,Dosis sesuai anjuran dokter. Generic,Loratadine 10mg,Rinitis alergi; biduran ringan,Sakit kepala; mulut kering,2027-06-30,Tablet,,True,[]
2380,Balsem Lang Drops,Perawatan Hidung & Pernapasan,43428.0,186,Menthol; Camphor; Eucalyptus Oil,Melegakan pernapasan; pegal ringan,Dosis sesuai anjuran dokter. Eagle Indo Pharma,Menthol; Camphor; Eucalyptus Oil,Melegakan pernapasan; pegal ringan,Iritasi lokal,2027-11-20,Tablet,,True,[]
2381,Plantacid Cair,Lambung & Maag,34842.0,222,Aluminium Hydroxide; Magnesium Hydroxide; Simethicone,Asam lambung; kembung,Dosis sesuai anjuran dokter. Soho,Aluminium Hydroxide; Magnesium Hydroxide; Simethicone,Asam lambung; kembung,Sembelit; diare ringan,2027-06-30,Tablet,,True,[]
2382,Enervon C Tablet,Vitamin & Suplemen,85714.0,145,Vitamin C; Vitamin B Complex; Niacinamide,Menjaga daya tahan tubuh,Dosis sesuai anjuran dokter. Darya-Varia,Vitamin C; Vitamin B Complex; Niacinamide,Menjaga daya tahan tubuh,Mual ringan; urin kuning terang,2027-06-30,Tablet,,True,[]
2383,Ultraflu Extra,Flu & Pilek,28815.0,173,Paracetamol; Phenylpropanolamine; CTM,Gejala flu dan pilek,Dosis sesuai anjuran dokter. Henson Farma,Paracetamol; Phenylpropanolamine; CTM,Gejala flu dan pilek,Mengantuk; berdebar,2027-11-20,Tablet,,True,[]
2384,Antasida Doen Sachet,Lambung & Maag,12308.0,106,Aluminium Hydroxide; Magnesium Hydroxide,Maag; nyeri ulu hati,Dosis sesuai anjuran dokter. Generic,Aluminium Hydroxide; Magnesium Hydroxide,Maag; nyeri ulu hati,Sembelit ringan; diare ringan,2026-12-31,Tablet,,True,[]
2385,Bejo Jahe Merah Sachet,Herbal & Tradisional,47181.0,220,Jahe merah; Herbal extract,Masuk angin; tenggorokan tidak nyaman,Dosis sesuai anjuran dokter. Bintang Toedjoe,Jahe merah; Herbal extract,Masuk angin; tenggorokan tidak nyaman,Rasa hangat di lambung,2026-12-31,Tablet,,True,[]
2386,Insto Regular Cool,Mata & Telinga,48791.0,290,Tetrahydrozoline HCl,Mata merah karena iritasi ringan,Dosis sesuai anjuran dokter. Sterling,Tetrahydrozoline HCl,Mata merah karena iritasi ringan,Perih sementara; mata kering,2026-12-31,Tablet,,True,[]
2387,Kuldon Botol,Herbal & Tradisional,18509.0,123,Ekstrak herbal; Glycyrrhizae radix; Menthae folium,Panas dalam; sariawan ringan,Dosis sesuai anjuran dokter. Deltomed,Ekstrak herbal; Glycyrrhizae radix; Menthae folium,Panas dalam; sariawan ringan,Alergi herbal jarang,2026-12-31,Tablet,,True,[]
2388,Iliadin Dewasa Inhaler,Perawatan Hidung & Pernapasan,51031.0,66,Oxymetazoline HCl,Hidung tersumbat sementara,Dosis sesuai anjuran dokter. Merck,Oxymetazoline HCl,Hidung tersumbat sementara,Hidung kering; iritasi; rebound bila berlebih,2027-06-30,Tablet,,True,[]
2389,Sanmol Sirup,Nyeri & Demam,19779.0,276,Paracetamol 500mg,Demam; sakit kepala; nyeri ringan,Dosis sesuai anjuran dokter. Sanbe Farma,Paracetamol 500mg,Demam; sakit kepala; nyeri ringan,Mual; alergi jarang,2027-11-20,Tablet,,True,[]
2390,GPU Minyak Gosok Cream,Obat Oles Nyeri,40681.0,275,Menthol; Methyl Salicylate; Camphor,Pegal; masuk angin; nyeri otot ringan,Dosis sesuai anjuran dokter. Cap Lang,Menthol; Methyl Salicylate; Camphor,Pegal; masuk angin; nyeri otot ringan,Iritasi lokal,2027-06-30,Tablet,,True,[]
2391,Decolgen Flu & Batuk,Flu & Pilek,31151.0,161,Paracetamol; Phenylpropanolamine; Chlorpheniramine,Gejala flu; pilek; sakit kepala,Dosis sesuai anjuran dokter. Medifarma,Paracetamol; Phenylpropanolamine; Chlorpheniramine,Gejala flu; pilek; sakit kepala,Mengantuk; mulut kering; berdebar,2027-06-30,Tablet,,True,[]
2392,Proris Sirup,Nyeri & Demam,34844.0,162,Ibuprofen 100mg/5ml,Demam dan nyeri pada anak,Dosis sesuai anjuran dokter. Pharos,Ibuprofen 100mg/5ml,Demam dan nyeri pada anak,Nyeri lambung; mual; pusing,2026-12-31,Tablet,,True,[]
2393,Braito Original Cool,Mata & Telinga,24714.0,134,Tetrahydrozoline HCl,Mata merah; iritasi ringan,Dosis sesuai anjuran dokter. Combiphar,Tetrahydrozoline HCl,Mata merah; iritasi ringan,Perih sementara,2026-12-31,Tablet,,True,[]
2394,Mycoral Cream 37,Antijamur & Kulit,31395.0,54,Ketoconazole 2%,Infeksi jamur kulit,Dosis sesuai anjuran dokter. Kalbe,Ketoconazole 2%,Infeksi jamur kulit,Iritasi lokal; kulit kering,2028-03-15,Tablet,,True,[]
2395,Woods Antitussive Tablet,Obat Batuk,28121.0,67,Dextromethorphan HBr; Diphenhydramine HCl,Batuk kering; batuk tidak berdahak,Dosis sesuai anjuran dokter. Kalbe,Dextromethorphan HBr; Diphenhydramine HCl,Batuk kering; batuk tidak berdahak,Mengantuk; mulut kering; pusing,2027-11-20,Tablet,,True,[]
2396,Iliadin Dewasa Balm,Perawatan Hidung & Pernapasan,38664.0,197,Oxymetazoline HCl,Hidung tersumbat sementara,Dosis sesuai anjuran dokter. Merck,Oxymetazoline HCl,Hidung tersumbat sementara,Hidung kering; iritasi; rebound bila berlebih,2027-11-20,Tablet,,True,[]
2397,Woods Expectorant Berdahak,Obat Batuk,34529.0,169,Bromhexine HCl; Guaifenesin,Batuk berdahak,Dosis sesuai anjuran dokter. Kalbe,Bromhexine HCl; Guaifenesin,Batuk berdahak,Mual; pusing; gangguan lambung ringan,2027-06-30,Tablet,,True,[]
2398,Procold Flu Tablet,Flu & Pilek,12431.0,122,Paracetamol; Pseudoephedrine; Chlorpheniramine,Flu; demam; hidung tersumbat,Dosis sesuai anjuran dokter. Kalbe,Paracetamol; Pseudoephedrine; Chlorpheniramine,Flu; demam; hidung tersumbat,Mengantuk; mulut kering; berdebar,2027-11-20,Tablet,,True,[]
2399,Renovit Tablet,Vitamin & Suplemen,69369.0,255,Multivitamin; Mineral,Suplemen multivitamin harian,Dosis sesuai anjuran dokter. Dexa Medica,Multivitamin; Mineral,Suplemen multivitamin harian,Mual ringan,2027-06-30,Tablet,,True,[]
2400,Woods Antitussive Kering,Obat Batuk,9833.0,173,Dextromethorphan HBr; Diphenhydramine HCl,Batuk kering; batuk tidak berdahak,Dosis sesuai anjuran dokter. Kalbe,Dextromethorphan HBr; Diphenhydramine HCl,Batuk kering; batuk tidak berdahak,Mengantuk; mulut kering; pusing,2028-03-15,Tablet,,True,[]
2401,Sangobion Kapsul,Vitamin & Suplemen,106361.0,237,Ferrous Gluconate; Vitamin; Mineral,Suplemen zat besi,Dosis sesuai anjuran dokter. Merck,Ferrous Gluconate; Vitamin; Mineral,Suplemen zat besi,Mual; konstipasi; feses gelap,2027-06-30,Kapsul,,True,[]
2402,Inza Sirup,Flu & Pilek,38399.0,151,Paracetamol; Phenylpropanolamine; Chlorpheniramine,Flu; pilek; demam ringan,Dosis sesuai anjuran dokter. Konimex,Paracetamol; Phenylpropanolamine; Chlorpheniramine,Flu; pilek; demam ringan,Mengantuk; mulut kering; berdebar,2028-03-15,Tablet,,True,[]
2403,Burnazin Cream 51,Obat Kulit & Luka,48611.0,140,Silver Sulfadiazine,Luka bakar ringan tertentu,Dosis sesuai anjuran dokter. Darya-Varia,Silver Sulfadiazine,Luka bakar ringan tertentu,Iritasi lokal; alergi sulfa,2028-03-15,Tablet,,True,[]
2404,Plantacid Plus,Lambung & Maag,25045.0,225,Aluminium Hydroxide; Magnesium Hydroxide; Simethicone,Asam lambung; kembung,Dosis sesuai anjuran dokter. Soho,Aluminium Hydroxide; Magnesium Hydroxide; Simethicone,Asam lambung; kembung,Sembelit; diare ringan,2027-06-30,Tablet,,True,[]
2405,Diatabs Sirup,Pencernaan & Diare,23465.0,225,Attapulgite,Membantu mengurangi frekuensi diare,Dosis sesuai anjuran dokter. Medifarma,Attapulgite,Membantu mengurangi frekuensi diare,Sembelit; mual,2027-06-30,Tablet,,True,[]
2406,Paracetamol 500mg Kaplet,Nyeri & Demam,26379.0,300,Paracetamol 500mg,Demam; nyeri ringan; sakit kepala,Dosis sesuai anjuran dokter. Generic,Paracetamol 500mg,Demam; nyeri ringan; sakit kepala,Mual; ruam alergi jarang; gangguan hati bila overdosis,2026-12-31,Tablet,,True,[]
2407,Bisolvon Berdahak,Obat Batuk,32233.0,75,Bromhexine HCl,Batuk berdahak; dahak kental,Dosis sesuai anjuran dokter. Sanofi,Bromhexine HCl,Batuk berdahak; dahak kental,Mual; pusing; gangguan lambung,2026-12-31,Tablet,,True,[]
2408,Rohto Cool Tetes Telinga,Mata & Telinga,67778.0,181,Naphazoline HCl; Menthol,Mata merah; mata lelah,Dosis sesuai anjuran dokter. Rohto,Naphazoline HCl; Menthol,Mata merah; mata lelah,Perih sementara; sensasi dingin,2027-06-30,Tablet,,True,[]
2409,Renovit Kapsul,Vitamin & Suplemen,75742.0,206,Multivitamin; Mineral,Suplemen multivitamin harian,Dosis sesuai anjuran dokter. Dexa Medica,Multivitamin; Mineral,Suplemen multivitamin harian,Mual ringan,2026-12-31,Kapsul,,True,[]
2410,Rohto Cool Eye Drops,Mata & Telinga,61545.0,54,Naphazoline HCl; Menthol,Mata merah; mata lelah,Dosis sesuai anjuran dokter. Rohto,Naphazoline HCl; Menthol,Mata merah; mata lelah,Perih sementara; sensasi dingin,2027-11-20,Tablet,,True,[]
2411,Hot In Cream 24,Obat Oles Nyeri,23102.0,146,Methyl Salicylate; Menthol; Camphor,Pegal linu; nyeri otot,Dosis sesuai anjuran dokter. Bintang Toedjoe,Methyl Salicylate; Menthol; Camphor,Pegal linu; nyeri otot,Rasa panas; iritasi lokal,2028-03-15,Tablet,,True,[]
2412,Aspirin 80mg Drops,Nyeri & Demam,28420.0,139,Acetylsalicylic Acid 80mg,Nyeri ringan; demam tertentu sesuai anjuran,Dosis sesuai anjuran dokter. Bayer,Acetylsalicylic Acid 80mg,Nyeri ringan; demam tertentu sesuai anjuran,Iritasi lambung; risiko perdarahan,2026-12-31,Tablet,,True,[]
2413,Inza Flu & Batuk,Flu & Pilek,38373.0,115,Paracetamol; Phenylpropanolamine; Chlorpheniramine,Flu; pilek; demam ringan,Dosis sesuai anjuran dokter. Konimex,Paracetamol; Phenylpropanolamine; Chlorpheniramine,Flu; pilek; demam ringan,Mengantuk; mulut kering; berdebar,2027-06-30,Tablet,,True,[]
2414,Pamol Drops,Nyeri & Demam,31324.0,87,Paracetamol 500mg,Demam; nyeri ringan,Dosis sesuai anjuran dokter. Interbat,Paracetamol 500mg,Demam; nyeri ringan,Mual; ruam alergi jarang,2026-12-31,Tablet,,True,[]
2415,Hot In Cream 38,Obat Oles Nyeri,34370.0,217,Methyl Salicylate; Menthol; Camphor,Pegal linu; nyeri otot,Dosis sesuai anjuran dokter. Bintang Toedjoe,Methyl Salicylate; Menthol; Camphor,Pegal linu; nyeri otot,Rasa panas; iritasi lokal,2027-11-20,Tablet,,True,[]
2416,Biogesic Drops,Nyeri & Demam,30301.0,219,Paracetamol 500mg,Demam; nyeri ringan,Dosis sesuai anjuran dokter. Kalbe,Paracetamol 500mg,Demam; nyeri ringan,Mual; ruam alergi jarang,2028-03-15,Tablet,,True,[]
2417,Mycoral Cream 45,Antijamur & Kulit,52519.0,170,Ketoconazole 2%,Infeksi jamur kulit,Dosis sesuai anjuran dokter. Kalbe,Ketoconazole 2%,Infeksi jamur kulit,Iritasi lokal; kulit kering,2028-03-15,Tablet,,True,[]
2418,Decolgen Kaplet,Flu & Pilek,12745.0,98,Paracetamol; Phenylpropanolamine; Chlorpheniramine,Gejala flu; pilek; sakit kepala,Dosis sesuai anjuran dokter. Medifarma,Paracetamol; Phenylpropanolamine; Chlorpheniramine,Gejala flu; pilek; sakit kepala,Mengantuk; mulut kering; berdebar,2026-12-31,Tablet,,True,[]
2419,Diapet Tablet,Pencernaan & Diare,32216.0,233,Ekstrak daun jambu biji; Kunyit; Mojokeling,Diare ringan; perut mulas,Dosis sesuai anjuran dokter. Soho,Ekstrak daun jambu biji; Kunyit; Mojokeling,Diare ringan; perut mulas,Alergi bahan herbal jarang,2026-12-31,Tablet,,True,[]
2420,Kuldon Cair,Herbal & Tradisional,44760.0,279,Ekstrak herbal; Glycyrrhizae radix; Menthae folium,Panas dalam; sariawan ringan,Dosis sesuai anjuran dokter. Deltomed,Ekstrak herbal; Glycyrrhizae radix; Menthae folium,Panas dalam; sariawan ringan,Alergi herbal jarang,2027-06-30,Tablet,,True,[]
2421,Renovit Gummy,Vitamin & Suplemen,116804.0,171,Multivitamin; Mineral,Suplemen multivitamin harian,Dosis sesuai anjuran dokter. Dexa Medica,Multivitamin; Mineral,Suplemen multivitamin harian,Mual ringan,2028-03-15,Tablet,,True,[]
2422,Sofra-Tulle Gel,Obat Kulit & Luka,61714.0,202,Framycetin Sulfate dressing,Penutup luka dengan antibiotik topikal,Dosis sesuai anjuran dokter. Sanofi,Framycetin Sulfate dressing,Penutup luka dengan antibiotik topikal,Alergi lokal,2026-12-31,Tablet,,True,[]
2423,Nosib Solution,Antijamur & Kulit,40650.0,184,Sulfur; Salicylic Acid,Gatal karena jamur ringan,Dosis sesuai anjuran dokter. Coronet Crown,Sulfur; Salicylic Acid,Gatal karena jamur ringan,Iritasi lokal; kulit kering,2026-12-31,Tablet,,True,[]
2424,Otopain Tetes Mata,Mata & Telinga,45547.0,143,Phenazone; Lidocaine HCl,Nyeri telinga ringan sesuai petunjuk,Dosis sesuai anjuran dokter. Generic,Phenazone; Lidocaine HCl,Nyeri telinga ringan sesuai petunjuk,Iritasi lokal; tidak nyaman,2027-11-20,Tablet,,True,[]
2425,Microlax Larutan,Pencernaan & Diare,32599.0,290,Sorbitol; Sodium Citrate; Sodium Lauryl Sulfoacetate,Sembelit; membantu BAB,Dosis sesuai anjuran dokter. Pharos,Sorbitol; Sodium Citrate; Sodium Lauryl Sulfoacetate,Sembelit; membantu BAB,Rasa tidak nyaman lokal,2027-11-20,Tablet,,True,[]
2426,Cendo Lyteers Minidose,Mata & Telinga,61244.0,93,Artificial tears,Mata kering; iritasi ringan,Dosis sesuai anjuran dokter. Cendo,Artificial tears,Mata kering; iritasi ringan,Penglihatan kabur sementara,2028-03-15,Tablet,,True,[]
2427,Sanaflu Flu & Batuk,Flu & Pilek,48832.0,162,Paracetamol; Phenylephrine; Chlorpheniramine,Flu; pilek; sakit kepala,Dosis sesuai anjuran dokter. Sanbe Farma,Paracetamol; Phenylephrine; Chlorpheniramine,Flu; pilek; sakit kepala,Mengantuk; mulut kering,2026-12-31,Tablet,,True,[]
2428,Bejo Jahe Merah Tablet,Herbal & Tradisional,31703.0,79,Jahe merah; Herbal extract,Masuk angin; tenggorokan tidak nyaman,Dosis sesuai anjuran dokter. Bintang Toedjoe,Jahe merah; Herbal extract,Masuk angin; tenggorokan tidak nyaman,Rasa hangat di lambung,2028-03-15,Tablet,,True,[]
2429,Cetirizine 10mg Cream,Alergi & Gatal,22158.0,55,Cetirizine HCl 10mg,Alergi; gatal; bersin karena alergi,Dosis sesuai anjuran dokter. Generic,Cetirizine HCl 10mg,Alergi; gatal; bersin karena alergi,Mengantuk ringan; mulut kering,2027-06-30,Tablet,,True,[]
2430,Cendo Lyteers Cool,Mata & Telinga,60753.0,84,Artificial tears,Mata kering; iritasi ringan,Dosis sesuai anjuran dokter. Cendo,Artificial tears,Mata kering; iritasi ringan,Penglihatan kabur sementara,2027-06-30,Tablet,,True,[]
2431,Voltaren Emulgel 23,Obat Oles Nyeri,32330.0,263,Diclofenac Diethylamine,Nyeri otot dan sendi ringan,Dosis sesuai anjuran dokter. GSK,Diclofenac Diethylamine,Nyeri otot dan sendi ringan,Iritasi kulit; kemerahan,2028-03-15,Tablet,,True,[]
2432,Salep 88 Powder,Antijamur & Kulit,78372.0,174,Salicylic Acid; Benzoic Acid; Sulfur,Panu; kurap; gatal jamur,Dosis sesuai anjuran dokter. Meccaya,Salicylic Acid; Benzoic Acid; Sulfur,Panu; kurap; gatal jamur,Iritasi lokal; rasa panas,2026-12-31,Tablet,,True,[]
2433,Plantacid Forte,Lambung & Maag,14130.0,273,Aluminium Hydroxide; Magnesium Hydroxide; Simethicone,Asam lambung; kembung,Dosis sesuai anjuran dokter. Soho,Aluminium Hydroxide; Magnesium Hydroxide; Simethicone,Asam lambung; kembung,Sembelit; diare ringan,2028-03-15,Tablet,,True,[]
2434,Redoxon Effervescent,Vitamin & Suplemen,113392.0,248,Vitamin C; Zinc,Suplemen vitamin C dan zinc,Dosis sesuai anjuran dokter. Bayer,Vitamin C; Zinc,Suplemen vitamin C dan zinc,Nyeri lambung ringan,2027-06-30,Tablet,,True,[]
2435,Rohto Cool Tetes Mata,Mata & Telinga,26914.0,143,Naphazoline HCl; Menthol,Mata merah; mata lelah,Dosis sesuai anjuran dokter. Rohto,Naphazoline HCl; Menthol,Mata merah; mata lelah,Perih sementara; sensasi dingin,2026-12-31,Tablet,,True,[]
2436,Oskadon Tablet,Nyeri & Demam,26791.0,188,Paracetamol; Caffeine,Sakit kepala; nyeri ringan,Dosis sesuai anjuran dokter. Supra Ferbindo,Paracetamol; Caffeine,Sakit kepala; nyeri ringan,Berdebar; sulit tidur; mual,2027-06-30,Tablet,,True,[]
2437,Salonpas Gel 13,Obat Oles Nyeri,11396.0,117,Methyl Salicylate; Menthol,Nyeri otot; pegal,Dosis sesuai anjuran dokter. Hisamitsu,Methyl Salicylate; Menthol,Nyeri otot; pegal,Iritasi lokal; rasa panas,2027-11-20,Tablet,,True,[]
2438,Panadol Biru Drops,Nyeri & Demam,19849.0,64,Paracetamol 500mg,Demam; sakit kepala; nyeri ringan,Dosis sesuai anjuran dokter. Haleon,Paracetamol 500mg,Demam; sakit kepala; nyeri ringan,Mual; reaksi alergi jarang,2027-11-20,Tablet,,True,[]
2439,Enervon C Kapsul,Vitamin & Suplemen,35856.0,299,Vitamin C; Vitamin B Complex; Niacinamide,Menjaga daya tahan tubuh,Dosis sesuai anjuran dokter. Darya-Varia,Vitamin C; Vitamin B Complex; Niacinamide,Menjaga daya tahan tubuh,Mual ringan; urin kuning terang,2026-12-31,Kapsul,,True,[]
