id,name,category,price,stock,description,indication,dosage,ingredients,benefits,side_effects,expiry,type,photo,is_active,tags
7574,Panadol Regular,Nyeri & Demam,12000.0,162,Paracetamol 500mg,"Demam, sakit kepala, nyeri ringan; Gejala terkait: demam; sakit kepala; nyeri",Sesuai aturan pakai pada kemasan. Gunakan sesuai petunjuk pada kemasan. Jika sakit berlanjut hubungi dokter.,Paracetamol 500mg,"Demam, sakit kepala, nyeri ringan; demam; sakit kepala; nyeri; Gunakan sesuai petunjuk pada kemasan. Jika sakit berlanjut hubungi dokter.",Jarang: ruam kulit,2028-03-15,Produk,/static/medicines/Panadol Regular.jpg,True,"[""otc"",""indonesia"",""chatbot-ready""]"
7575,Panadol Extra,Nyeri & Demam,15000.0,169,"Paracetamol 500mg, Caffeine 65mg","Sakit kepala, migrain, demam; Gejala terkait: migrain; sakit kepala berat",Sesuai aturan pakai pada kemasan. Gunakan sesuai petunjuk pada kemasan. Jika sakit berlanjut hubungi dokter.,"Paracetamol 500mg, Caffeine 65mg","Sakit kepala, migrain, demam; migrain; sakit kepala berat; Gunakan sesuai petunjuk pada kemasan. Jika sakit berlanjut hubungi dokter.",Berdebar (dosis tinggi),2028-12-31,Produk,/static/medicines/Panadol Extra.jpg,True,"[""otc"",""indonesia"",""chatbot-ready""]"
7576,Panadol Biru,Nyeri & Demam,12000.0,95,Paracetamol 500mg,Demam dan nyeri ringan; Gejala terkait: demam; nyeri,Sesuai aturan pakai pada kemasan. Gunakan sesuai petunjuk pada kemasan. Jika sakit berlanjut hubungi dokter.,Paracetamol 500mg,Demam dan nyeri ringan; demam; nyeri; Gunakan sesuai petunjuk pada kemasan. Jika sakit berlanjut hubungi dokter.,Jarang,2028-12-31,Produk,/static/medicines/Panadol Biru.jpg,True,"[""otc"",""indonesia"",""chatbot-ready""]"
7577,Panadol Cold & Flu,Nyeri & Demam,18500.0,135,"Paracetamol 500mg, Phenylephrine 5mg","Flu, demam, hidung tersumbat; Gejala terkait: flu; demam; hidung tersumbat",Sesuai aturan pakai pada kemasan. Gunakan sesuai petunjuk pada kemasan. Jika sakit berlanjut hubungi dokter.,"Paracetamol 500mg, Phenylephrine 5mg","Flu, demam, hidung tersumbat; flu; demam; hidung tersumbat; Gunakan sesuai petunjuk pada kemasan. Jika sakit berlanjut hubungi dokter.",Mengantuk ringan,2026-12-31,Produk,/static/medicines/Panadol Cold & Flu.jpg,True,"[""otc"",""indonesia"",""chatbot-ready""]"
7578,Panadol Anak Sirup,Nyeri & Demam,32000.0,125,Paracetamol 120mg/5ml,Demam dan nyeri pada anak; Gejala terkait: demam anak; panas bayi,Sesuai aturan pakai pada kemasan. Gunakan sesuai petunjuk pada kemasan. Jika sakit berlanjut hubungi dokter.,Paracetamol 120mg/5ml,Demam dan nyeri pada anak; demam anak; panas bayi; Gunakan sesuai petunjuk pada kemasan. Jika sakit berlanjut hubungi dokter.,Jarang,2026-12-31,Sirup,/static/medicines/Panadol Anak Sirup.jpg,True,"[""otc"",""indonesia"",""chatbot-ready""]"
7579,Panadol Box 100s,Nyeri & Demam,85000.0,121,Paracetamol 500mg,"Demam, sakit kepala, nyeri ringan; Gejala terkait: panadol isi banyak; demam",Sesuai aturan pakai pada kemasan. Gunakan sesuai petunjuk pada kemasan. Jika sakit berlanjut hubungi dokter.,Paracetamol 500mg,"Demam, sakit kepala, nyeri ringan; panadol isi banyak; demam; Gunakan sesuai petunjuk pada kemasan. Jika sakit berlanjut hubungi dokter.",Jarang,2028-12-31,Produk,/static/medicines/Panadol Box 100s.jpg,True,"[""otc"",""indonesia"",""chatbot-ready""]"
7580,Sanmol Strip 4s,Nyeri & Demam,6000.0,115,Paracetamol 500mg,Demam dan nyeri ringan; Gejala terkait: demam; panas; nyeri,Sesuai aturan pakai pada kemasan. Gunakan sesuai petunjuk pada kemasan. Jika sakit berlanjut hubungi dokter.,Paracetamol 500mg,Demam dan nyeri ringan; demam; panas; nyeri; Gunakan sesuai petunjuk pada kemasan. Jika sakit berlanjut hubungi dokter.,Jarang: ruam kulit,2028-12-31,Produk,/static/medicines/Sanmol Strip 4s.jpg,True,"[""otc"",""indonesia"",""chatbot-ready""]"
7581,Sanmol Sirup,Nyeri & Demam,22000.0,123,Paracetamol 120mg/5ml,Demam anak; Gejala terkait: demam anak; panas anak,Sesuai aturan pakai pada kemasan. Gunakan sesuai petunjuk pada kemasan. Jika sakit berlanjut hubungi dokter.,Paracetamol 120mg/5ml,Demam anak; demam anak; panas anak; Gunakan sesuai petunjuk pada kemasan. Jika sakit berlanjut hubungi dokter.,Jarang,2028-12-31,Sirup,/static/medicines/Sanmol Sirup.jpg,True,"[""otc"",""indonesia"",""chatbot-ready""]"
7582,Sanmol Forte Sirup,Nyeri & Demam,28000.0,83,Paracetamol 250mg/5ml,Demam tinggi anak; Gejala terkait: demam tinggi anak,Sesuai aturan pakai pada kemasan. Gunakan sesuai petunjuk pada kemasan. Jika sakit berlanjut hubungi dokter.,Paracetamol 250mg/5ml,Demam tinggi anak; demam tinggi anak; Gunakan sesuai petunjuk pada kemasan. Jika sakit berlanjut hubungi dokter.,Jarang,2028-12-31,Sirup,/static/medicines/Sanmol Forte Sirup.jpg,True,"[""otc"",""indonesia"",""chatbot-ready""]"
7583,Sanmol Drops,Nyeri & Demam,35000.0,148,Paracetamol 100mg/ml,Demam bayi; Gejala terkait: demam bayi; panas bayi,Sesuai aturan pakai pada kemasan. Gunakan sesuai petunjuk pada kemasan. Jika sakit berlanjut hubungi dokter.,Paracetamol 100mg/ml,Demam bayi; demam bayi; panas bayi; Gunakan sesuai petunjuk pada kemasan. Jika sakit berlanjut hubungi dokter.,Jarang,2028-12-31,Produk,/static/medicines/Sanmol Drops.jpg,True,"[""otc"",""indonesia"",""chatbot-ready""]"
7584,Biogesic Paracetamol Isi 4 Tablet,Nyeri & Demam,5000.0,138,Paracetamol 500mg,Demam dan nyeri ringan; Gejala terkait: demam; nyeri,Sesuai aturan pakai pada kemasan. Gunakan sesuai petunjuk pada kemasan. Jika sakit berlanjut hubungi dokter.,Paracetamol 500mg,Demam dan nyeri ringan; demam; nyeri; Gunakan sesuai petunjuk pada kemasan. Jika sakit berlanjut hubungi dokter.,Jarang,2028-03-15,Tablet,/static/medicines/Biogesic Paracetamol Isi 4 Tablet.jpg,True,"[""otc"",""indonesia"",""chatbot-ready""]"
7585,Biogesic Sirup Rasa jeruk 60ml,Nyeri & Demam,20000.0,162,Paracetamol 120mg/5ml,Demam anak rasa jeruk; Gejala terkait: demam anak; jeruk,Sesuai aturan pakai pada kemasan. Gunakan sesuai petunjuk pada kemasan. Jika sakit berlanjut hubungi dokter.,Paracetamol 120mg/5ml,Demam anak rasa jeruk; demam anak; jeruk; Gunakan sesuai petunjuk pada kemasan. Jika sakit berlanjut hubungi dokter.,Jarang,2028-03-15,Sirup,/static/medicines/Biogesic Sirup Rasa jeruk 60ml.jpg,True,"[""otc"",""indonesia"",""chatbot-ready""]"
7586,Sumagesic Tablet 600mg,Nyeri & Demam,15000.0,176,Paracetamol 600mg,"Sakit kepala, sakit gigi, demam berat; Gejala terkait: demam tinggi; sakit kepala berat; sakit gigi",Sesuai aturan pakai pada kemasan. Gunakan sesuai petunjuk pada kemasan. Jika sakit berlanjut hubungi dokter.,Paracetamol 600mg,"Sakit kepala, sakit gigi, demam berat; demam tinggi; sakit kepala berat; sakit gigi; Gunakan sesuai petunjuk pada kemasan. Jika sakit berlanjut hubungi dokter.",Gangguan hati dosis tinggi,2027-06-30,Tablet,/static/medicines/Sumagesic Tablet 600mg.jpg,True,"[""otc"",""indonesia"",""chatbot-ready""]"
7587,Proris Tablet,Nyeri & Demam,12000.0,184,Ibuprofen 200mg,"Nyeri sendi, sakit gigi, demam; Gejala terkait: nyeri radang; demam; sakit gigi",Sesuai aturan pakai pada kemasan. Gunakan sesuai petunjuk pada kemasan. Jika sakit berlanjut hubungi dokter.,Ibuprofen 200mg,"Nyeri sendi, sakit gigi, demam; nyeri radang; demam; sakit gigi; Gunakan sesuai petunjuk pada kemasan. Jika sakit berlanjut hubungi dokter.",Nyeri lambung,2028-03-15,Tablet,/static/medicines/Proris Tablet.jpg,True,"[""otc"",""indonesia"",""chatbot-ready""]"
7588,Proris Forte Sirup 50ml,Nyeri & Demam,25000.0,104,Ibuprofen 100mg/5ml,"Demam anak, sakit gigi anak; Gejala terkait: demam anak; sakit gigi anak",Sesuai aturan pakai pada kemasan. Gunakan sesuai petunjuk pada kemasan. Jika sakit berlanjut hubungi dokter.,Ibuprofen 100mg/5ml,"Demam anak, sakit gigi anak; demam anak; sakit gigi anak; Gunakan sesuai petunjuk pada kemasan. Jika sakit berlanjut hubungi dokter.",Nyeri lambung,2027-06-30,Sirup,/static/medicines/Proris Forte Sirup 50ml.jpg,True,"[""otc"",""indonesia"",""chatbot-ready""]"
7589,Proris Botol 60ml,Nyeri & Demam,22000.0,186,Ibuprofen 100mg/5ml,Demam dan nyeri anak; Gejala terkait: demam anak; nyeri,Sesuai aturan pakai pada kemasan. Gunakan sesuai petunjuk pada kemasan. Jika sakit berlanjut hubungi dokter.,Ibuprofen 100mg/5ml,Demam dan nyeri anak; demam anak; nyeri; Gunakan sesuai petunjuk pada kemasan. Jika sakit berlanjut hubungi dokter.,Nyeri lambung,2028-12-31,Produk,/static/medicines/Proris Botol 60ml.jpg,True,"[""otc"",""indonesia"",""chatbot-ready""]"
7590,Proris Suppositoria,Nyeri & Demam,40000.0,152,Ibuprofen 125mg,Demam tinggi anak yang tidak bisa minum; Gejala terkait: demam tinggi anak; suppositoria,Sesuai aturan pakai pada kemasan. Gunakan sesuai petunjuk pada kemasan. Jika sakit berlanjut hubungi dokter.,Ibuprofen 125mg,Demam tinggi anak yang tidak bisa minum; demam tinggi anak; suppositoria; Gunakan sesuai petunjuk pada kemasan. Jika sakit berlanjut hubungi dokter.,Nyeri lambung,2027-06-30,Produk,/static/medicines/Proris Suppositoria.jpg,True,"[""otc"",""indonesia"",""chatbot-ready""]"
7591,Farsifen Tablet,Nyeri & Demam,8000.0,102,Ibuprofen 200mg,"Sakit gigi, demam, nyeri haid; Gejala terkait: nyeri haid; sakit gigi; demam",Sesuai aturan pakai pada kemasan. Gunakan sesuai petunjuk pada kemasan. Jika sakit berlanjut hubungi dokter.,Ibuprofen 200mg,"Sakit gigi, demam, nyeri haid; nyeri haid; sakit gigi; demam; Gunakan sesuai petunjuk pada kemasan. Jika sakit berlanjut hubungi dokter.",Nyeri lambung,2028-12-31,Tablet,/static/medicines/Farsifen Tablet.jpg,True,"[""otc"",""indonesia"",""chatbot-ready""]"
7592,Farsifen Sirup 60 ml,Nyeri & Demam,18000.0,90,Ibuprofen 100mg/5ml,Nyeri dan demam anak; Gejala terkait: demam anak; nyeri anak,Sesuai aturan pakai pada kemasan. Gunakan sesuai petunjuk pada kemasan. Jika sakit berlanjut hubungi dokter.,Ibuprofen 100mg/5ml,Nyeri dan demam anak; demam anak; nyeri anak; Gunakan sesuai petunjuk pada kemasan. Jika sakit berlanjut hubungi dokter.,Nyeri lambung,2027-06-30,Sirup,/static/medicines/Farsifen Sirup 60 ml.jpg,True,"[""otc"",""indonesia"",""chatbot-ready""]"
7593,Bodrex Tablet,Nyeri & Demam,9000.0,90,"Paracetamol 600mg, Caffeine 50mg","Sakit kepala, pusing; Gejala terkait: sakit kepala; pusing",Sesuai aturan pakai pada kemasan. Gunakan sesuai petunjuk pada kemasan. Jika sakit berlanjut hubungi dokter.,"Paracetamol 600mg, Caffeine 50mg","Sakit kepala, pusing; sakit kepala; pusing; Gunakan sesuai petunjuk pada kemasan. Jika sakit berlanjut hubungi dokter.",Berdebar,2028-12-31,Tablet,/static/medicines/Bodrex Tablet.jpg,True,"[""otc"",""indonesia"",""chatbot-ready""]"
7594,Bodrex Extra,Nyeri & Demam,12000.0,130,"Paracetamol 600mg, Caffeine 65mg","Sakit kepala berat, migrain; Gejala terkait: sakit kepala; migrain",Sesuai aturan pakai pada kemasan. Gunakan sesuai petunjuk pada kemasan. Jika sakit berlanjut hubungi dokter.,"Paracetamol 600mg, Caffeine 65mg","Sakit kepala berat, migrain; sakit kepala; migrain; Gunakan sesuai petunjuk pada kemasan. Jika sakit berlanjut hubungi dokter.","Berdebar, insomnia",2028-03-15,Produk,/static/medicines/Bodrex Extra.jpg,True,"[""otc"",""indonesia"",""chatbot-ready""]"
7595,Bodrex Migra,Nyeri & Demam,15000.0,147,"Paracetamol, Caffeine, Ergotamine",Migrain akut; Gejala terkait: migrain berat,Sesuai aturan pakai pada kemasan. Gunakan sesuai petunjuk pada kemasan. Jika sakit berlanjut hubungi dokter.,"Paracetamol, Caffeine, Ergotamine",Migrain akut; migrain berat; Gunakan sesuai petunjuk pada kemasan. Jika sakit berlanjut hubungi dokter.,"Berdebar, mual",2027-06-30,Produk,/static/medicines/Bodrex Migra.jpg,True,"[""otc"",""indonesia"",""chatbot-ready""]"
7596,Bodrex Flu & Batuk,Nyeri & Demam,14000.0,92,"Paracetamol, Phenylephrine, CTM, Dextromethorphan","Flu, batuk, demam; Gejala terkait: flu batuk; meriang",Sesuai aturan pakai pada kemasan. Gunakan sesuai petunjuk pada kemasan. Jika sakit berlanjut hubungi dokter.,"Paracetamol, Phenylephrine, CTM, Dextromethorphan","Flu, batuk, demam; flu batuk; meriang; Gunakan sesuai petunjuk pada kemasan. Jika sakit berlanjut hubungi dokter.",Mengantuk,2026-12-31,Produk,/static/medicines/Bodrex Flu & Batuk.jpg,True,"[""otc"",""indonesia"",""chatbot-ready""]"
7597,Oskadon Tablet,Nyeri & Demam,7000.0,183,"Paracetamol 500mg, Caffeine 35mg","Sakit kepala, pusing; Gejala terkait: sakit kepala; pusing",Sesuai aturan pakai pada kemasan. Gunakan sesuai petunjuk pada kemasan. Jika sakit berlanjut hubungi dokter.,"Paracetamol 500mg, Caffeine 35mg","Sakit kepala, pusing; sakit kepala; pusing; Gunakan sesuai petunjuk pada kemasan. Jika sakit berlanjut hubungi dokter.",Sulit tidur,2026-12-31,Tablet,/static/medicines/Oskadon Tablet.jpg,True,"[""otc"",""indonesia"",""chatbot-ready""]"
7598,Oskadon Sp,Nyeri & Demam,8500.0,175,"Paracetamol 500mg, Caffeine 50mg, Propyphenazone",Sakit kepala berat; Gejala terkait: sakit kepala berat,Sesuai aturan pakai pada kemasan. Gunakan sesuai petunjuk pada kemasan. Jika sakit berlanjut hubungi dokter.,"Paracetamol 500mg, Caffeine 50mg, Propyphenazone",Sakit kepala berat; sakit kepala berat; Gunakan sesuai petunjuk pada kemasan. Jika sakit berlanjut hubungi dokter.,"Berdebar, insomnia",2026-12-31,Produk,/static/medicines/Oskadon Sp.jpg,True,"[""otc"",""indonesia"",""chatbot-ready""]"
7599,Paramex Nyeri Otot,Nyeri & Demam,10000.0,165,"Paracetamol 250mg, Propyphenazone, Caffeine, Methocarbamol","Nyeri otot, pegal; Gejala terkait: nyeri otot; pegal badan",Sesuai aturan pakai pada kemasan. Gunakan sesuai petunjuk pada kemasan. Jika sakit berlanjut hubungi dokter.,"Paracetamol 250mg, Propyphenazone, Caffeine, Methocarbamol","Nyeri otot, pegal; nyeri otot; pegal badan; Gunakan sesuai petunjuk pada kemasan. Jika sakit berlanjut hubungi dokter.","Berdebar, mengantuk",2027-06-30,Produk,/static/medicines/Paramex Nyeri Otot.jpg,True,"[""otc"",""indonesia"",""chatbot-ready""]"
7600,Paramex Tube 30g,Nyeri & Demam,12000.0,87,"Paracetamol 250mg, Propyphenazone, Caffeine",Sakit kepala; Gejala terkait: sakit kepala; pusing,Sesuai aturan pakai pada kemasan. Gunakan sesuai petunjuk pada kemasan. Jika sakit berlanjut hubungi dokter.,"Paracetamol 250mg, Propyphenazone, Caffeine",Sakit kepala; sakit kepala; pusing; Gunakan sesuai petunjuk pada kemasan. Jika sakit berlanjut hubungi dokter.,Berdebar,2028-03-15,Produk,/static/medicines/Paramex Tube 30g.jpg,True,"[""otc"",""indonesia"",""chatbot-ready""]"
7601,Inzana Tablet Kunyah,Nyeri & Demam,5000.0,130,Aspirin 80mg,Demam anak ringan; Gejala terkait: demam anak ringan; aspirin anak,Sesuai aturan pakai pada kemasan. Gunakan sesuai petunjuk pada kemasan. Jika sakit berlanjut hubungi dokter.,Aspirin 80mg,Demam anak ringan; demam anak ringan; aspirin anak; Gunakan sesuai petunjuk pada kemasan. Jika sakit berlanjut hubungi dokter.,Iritasi lambung,2027-06-30,Tablet,/static/medicines/Inzana Tablet Kunyah.jpg,True,"[""otc"",""indonesia"",""chatbot-ready""]"
7602,Inzana Box 30s,Nyeri & Demam,28000.0,135,Aspirin 80mg,Demam anak; Gejala terkait: demam anak; aspirin,Sesuai aturan pakai pada kemasan. Gunakan sesuai petunjuk pada kemasan. Jika sakit berlanjut hubungi dokter.,Aspirin 80mg,Demam anak; demam anak; aspirin; Gunakan sesuai petunjuk pada kemasan. Jika sakit berlanjut hubungi dokter.,Iritasi lambung,2028-12-31,Produk,/static/medicines/Inzana Box 30s.jpg,True,"[""otc"",""indonesia"",""chatbot-ready""]"
7603,Inzana Sachet 5ml,Nyeri & Demam,3000.0,185,Paracetamol sirup,Demam anak sachet praktis; Gejala terkait: demam anak sachet,Sesuai aturan pakai pada kemasan. Gunakan sesuai petunjuk pada kemasan. Jika sakit berlanjut hubungi dokter.,Paracetamol sirup,Demam anak sachet praktis; demam anak sachet; Gunakan sesuai petunjuk pada kemasan. Jika sakit berlanjut hubungi dokter.,Jarang,2026-12-31,Sachet,/static/medicines/Inzana Sachet 5ml.jpg,True,"[""otc"",""indonesia"",""chatbot-ready""]"
7604,Contrexyn Tablet Anak,Nyeri & Demam,6000.0,140,"Aspirin 80mg, Vitamin C",Demam anak; Gejala terkait: demam anak,Sesuai aturan pakai pada kemasan. Gunakan sesuai petunjuk pada kemasan. Jika sakit berlanjut hubungi dokter.,"Aspirin 80mg, Vitamin C",Demam anak; demam anak; Gunakan sesuai petunjuk pada kemasan. Jika sakit berlanjut hubungi dokter.,Iritasi lambung,2026-12-31,Tablet,/static/medicines/Contrexyn Tablet Anak.jpg,True,"[""otc"",""indonesia"",""chatbot-ready""]"
7605,Contrexyn Sirup,Nyeri & Demam,15000.0,113,Paracetamol 120mg/5ml,Demam anak; Gejala terkait: demam anak,Sesuai aturan pakai pada kemasan. Gunakan sesuai petunjuk pada kemasan. Jika sakit berlanjut hubungi dokter.,Paracetamol 120mg/5ml,Demam anak; demam anak; Gunakan sesuai petunjuk pada kemasan. Jika sakit berlanjut hubungi dokter.,Jarang,2028-03-15,Sirup,/static/medicines/Contrexyn Sirup.jpg,True,"[""otc"",""indonesia"",""chatbot-ready""]"
7606,Contrexyn Strip 4s,Nyeri & Demam,5000.0,145,Paracetamol 500mg,Demam dan nyeri; Gejala terkait: demam; nyeri,Sesuai aturan pakai pada kemasan. Gunakan sesuai petunjuk pada kemasan. Jika sakit berlanjut hubungi dokter.,Paracetamol 500mg,Demam dan nyeri; demam; nyeri; Gunakan sesuai petunjuk pada kemasan. Jika sakit berlanjut hubungi dokter.,Jarang,2027-06-30,Produk,/static/medicines/Contrexyn Strip 4s.jpg,True,"[""otc"",""indonesia"",""chatbot-ready""]"
7607,Contrexyn Box isi 100 tablet,Nyeri & Demam,65000.0,81,Paracetamol 500mg,Demam dan nyeri stok keluarga; Gejala terkait: demam; nyeri; stok keluarga,Sesuai aturan pakai pada kemasan. Gunakan sesuai petunjuk pada kemasan. Jika sakit berlanjut hubungi dokter.,Paracetamol 500mg,Demam dan nyeri stok keluarga; demam; nyeri; stok keluarga; Gunakan sesuai petunjuk pada kemasan. Jika sakit berlanjut hubungi dokter.,Jarang,2028-03-15,Tablet,/static/medicines/Contrexyn Box isi 100 tablet.jpg,True,"[""otc"",""indonesia"",""chatbot-ready""]"
7608,Dumin Tablet,Nyeri & Demam,15000.0,104,Paracetamol 500mg,Demam dan nyeri; Gejala terkait: demam; nyeri,Sesuai aturan pakai pada kemasan. Gunakan sesuai petunjuk pada kemasan. Jika sakit berlanjut hubungi dokter.,Paracetamol 500mg,Demam dan nyeri; demam; nyeri; Gunakan sesuai petunjuk pada kemasan. Jika sakit berlanjut hubungi dokter.,Jarang,2028-12-31,Tablet,/static/medicines/Dumin Tablet.jpg,True,"[""otc"",""indonesia"",""chatbot-ready""]"
7609,Dumin Botol 60ml,Nyeri & Demam,22000.0,129,Paracetamol 120mg/5ml,Demam anak; Gejala terkait: demam anak,Sesuai aturan pakai pada kemasan. Gunakan sesuai petunjuk pada kemasan. Jika sakit berlanjut hubungi dokter.,Paracetamol 120mg/5ml,Demam anak; demam anak; Gunakan sesuai petunjuk pada kemasan. Jika sakit berlanjut hubungi dokter.,Jarang,2028-12-31,Produk,/static/medicines/Dumin Botol 60ml.jpg,True,"[""otc"",""indonesia"",""chatbot-ready""]"
7610,Dumin Rectal Tube 125mg,Nyeri & Demam,35000.0,179,Paracetamol 125mg,Demam anak yang tidak bisa minum obat; Gejala terkait: demam anak suppositoria; bayi tidak mau minum,Sesuai aturan pakai pada kemasan. Gunakan sesuai petunjuk pada kemasan. Jika sakit berlanjut hubungi dokter.,Paracetamol 125mg,Demam anak yang tidak bisa minum obat; demam anak suppositoria; bayi tidak mau minum; Gunakan sesuai petunjuk pada kemasan. Jika sakit berlanjut hubungi dokter.,Jarang,2026-12-31,Produk,/static/medicines/Dumin Rectal Tube 125mg.jpg,True,"[""otc"",""indonesia"",""chatbot-ready""]"
7611,Dumin Rectal Tube 250mg,Nyeri & Demam,40000.0,173,Paracetamol 250mg,Demam anak besar/remaja yang tidak bisa minum; Gejala terkait: demam anak suppositoria,Sesuai aturan pakai pada kemasan. Gunakan sesuai petunjuk pada kemasan. Jika sakit berlanjut hubungi dokter.,Paracetamol 250mg,Demam anak besar/remaja yang tidak bisa minum; demam anak suppositoria; Gunakan sesuai petunjuk pada kemasan. Jika sakit berlanjut hubungi dokter.,Jarang,2026-12-31,Produk,/static/medicines/Dumin Rectal Tube 250mg.jpg,True,"[""otc"",""indonesia"",""chatbot-ready""]"
7612,Pamol Tablet,Nyeri & Demam,14000.0,183,Paracetamol 500mg,Demam dan nyeri; Gejala terkait: demam; nyeri,Sesuai aturan pakai pada kemasan. Gunakan sesuai petunjuk pada kemasan. Jika sakit berlanjut hubungi dokter.,Paracetamol 500mg,Demam dan nyeri; demam; nyeri; Gunakan sesuai petunjuk pada kemasan. Jika sakit berlanjut hubungi dokter.,Jarang,2028-03-15,Tablet,/static/medicines/Pamol Tablet.jpg,True,"[""otc"",""indonesia"",""chatbot-ready""]"
7613,Pamol Botol 120ml,Nyeri & Demam,20000.0,149,Paracetamol 120mg/5ml,Demam anak; Gejala terkait: demam anak,Sesuai aturan pakai pada kemasan. Gunakan sesuai petunjuk pada kemasan. Jika sakit berlanjut hubungi dokter.,Paracetamol 120mg/5ml,Demam anak; demam anak; Gunakan sesuai petunjuk pada kemasan. Jika sakit berlanjut hubungi dokter.,Jarang,2028-12-31,Produk,/static/medicines/Pamol Botol 120ml.jpg,True,"[""otc"",""indonesia"",""chatbot-ready""]"
7614,Pamol Suppositoria,Nyeri & Demam,30000.0,121,Paracetamol 150mg,Demam anak yang sulit minum obat; Gejala terkait: demam suppositoria; anak tidak mau minum,Sesuai aturan pakai pada kemasan. Gunakan sesuai petunjuk pada kemasan. Jika sakit berlanjut hubungi dokter.,Paracetamol 150mg,Demam anak yang sulit minum obat; demam suppositoria; anak tidak mau minum; Gunakan sesuai petunjuk pada kemasan. Jika sakit berlanjut hubungi dokter.,Jarang,2027-06-30,Produk,/static/medicines/Pamol Suppositoria.jpg,True,"[""otc"",""indonesia"",""chatbot-ready""]"
7615,Fasidol Strip 10s,Nyeri & Demam,6000.0,98,Paracetamol 500mg,Demam dan nyeri; Gejala terkait: demam; nyeri,Sesuai aturan pakai pada kemasan. Gunakan sesuai petunjuk pada kemasan. Jika sakit berlanjut hubungi dokter.,Paracetamol 500mg,Demam dan nyeri; demam; nyeri; Gunakan sesuai petunjuk pada kemasan. Jika sakit berlanjut hubungi dokter.,Jarang,2028-12-31,Produk,/static/medicines/Fasidol Strip 10s.jpg,True,"[""otc"",""indonesia"",""chatbot-ready""]"
7616,Fasidol Forte,Nyeri & Demam,8000.0,188,Paracetamol 650mg,"Demam tinggi, sakit kepala berat; Gejala terkait: demam tinggi; sakit kepala berat",Sesuai aturan pakai pada kemasan. Gunakan sesuai petunjuk pada kemasan. Jika sakit berlanjut hubungi dokter.,Paracetamol 650mg,"Demam tinggi, sakit kepala berat; demam tinggi; sakit kepala berat; Gunakan sesuai petunjuk pada kemasan. Jika sakit berlanjut hubungi dokter.",Jarang,2028-03-15,Produk,/static/medicines/Fasidol Forte.jpg,True,"[""otc"",""indonesia"",""chatbot-ready""]"
7617,Fasidol Sirup,Nyeri & Demam,12000.0,87,Paracetamol 120mg/5ml,Demam anak; Gejala terkait: demam anak,Sesuai aturan pakai pada kemasan. Gunakan sesuai petunjuk pada kemasan. Jika sakit berlanjut hubungi dokter.,Paracetamol 120mg/5ml,Demam anak; demam anak; Gunakan sesuai petunjuk pada kemasan. Jika sakit berlanjut hubungi dokter.,Jarang,2028-03-15,Sirup,/static/medicines/Fasidol Sirup.jpg,True,"[""otc"",""indonesia"",""chatbot-ready""]"
7618,Fasidol Drops,Nyeri & Demam,15000.0,188,Paracetamol 100mg/ml,Demam bayi; Gejala terkait: demam bayi,Sesuai aturan pakai pada kemasan. Gunakan sesuai petunjuk pada kemasan. Jika sakit berlanjut hubungi dokter.,Paracetamol 100mg/ml,Demam bayi; demam bayi; Gunakan sesuai petunjuk pada kemasan. Jika sakit berlanjut hubungi dokter.,Jarang,2027-06-30,Produk,/static/medicines/Fasidol Drops.jpg,True,"[""otc"",""indonesia"",""chatbot-ready""]"
7619,Tempra Sirup,Nyeri & Demam,42000.0,154,Paracetamol 160mg/5ml,Demam anak; Gejala terkait: demam anak,Sesuai aturan pakai pada kemasan. Gunakan sesuai petunjuk pada kemasan. Jika sakit berlanjut hubungi dokter.,Paracetamol 160mg/5ml,Demam anak; demam anak; Gunakan sesuai petunjuk pada kemasan. Jika sakit berlanjut hubungi dokter.,Jarang,2028-03-15,Sirup,/static/medicines/Tempra Sirup.jpg,True,"[""otc"",""indonesia"",""chatbot-ready""]"
7620,Tempra Forte Sirup,Nyeri & Demam,48000.0,190,Paracetamol 250mg/5ml,Demam tinggi anak; Gejala terkait: demam tinggi anak,Sesuai aturan pakai pada kemasan. Gunakan sesuai petunjuk pada kemasan. Jika sakit berlanjut hubungi dokter.,Paracetamol 250mg/5ml,Demam tinggi anak; demam tinggi anak; Gunakan sesuai petunjuk pada kemasan. Jika sakit berlanjut hubungi dokter.,Jarang,2027-06-30,Sirup,/static/medicines/Tempra Forte Sirup.jpg,True,"[""otc"",""indonesia"",""chatbot-ready""]"
7621,Tempra Drops,Nyeri & Demam,45000.0,151,Paracetamol 80mg/ml,Demam bayi; Gejala terkait: demam bayi; panas bayi,Sesuai aturan pakai pada kemasan. Gunakan sesuai petunjuk pada kemasan. Jika sakit berlanjut hubungi dokter.,Paracetamol 80mg/ml,Demam bayi; demam bayi; panas bayi; Gunakan sesuai petunjuk pada kemasan. Jika sakit berlanjut hubungi dokter.,Jarang,2028-03-15,Produk,/static/medicines/Tempra Drops.jpg,True,"[""otc"",""indonesia"",""chatbot-ready""]"
7622,Ponstan Kaplet,Nyeri & Demam,25000.0,188,Asam Mefenamat 500mg,"Nyeri haid, sakit gigi, nyeri sendi akut; Gejala terkait: nyeri haid; sakit gigi; asam mefenamat",Sesuai aturan pakai pada kemasan. Gunakan sesuai petunjuk pada kemasan. Jika sakit berlanjut hubungi dokter.,Asam Mefenamat 500mg,"Nyeri haid, sakit gigi, nyeri sendi akut; nyeri haid; sakit gigi; asam mefenamat; Gunakan sesuai petunjuk pada kemasan. Jika sakit berlanjut hubungi dokter.","Nyeri lambung, mual",2028-03-15,Produk,https://placehold.co/400x300/f8fafc/ef4444?text=Ponstan+Kaplet,True,"[""otc"",""indonesia"",""chatbot-ready""]"
7623,Mefinal Tablet,Nyeri & Demam,12000.0,132,Asam Mefenamat 500mg,Nyeri dan radang; Gejala terkait: nyeri haid; sakit gigi,Sesuai aturan pakai pada kemasan. Gunakan sesuai petunjuk pada kemasan. Jika sakit berlanjut hubungi dokter.,Asam Mefenamat 500mg,Nyeri dan radang; nyeri haid; sakit gigi; Gunakan sesuai petunjuk pada kemasan. Jika sakit berlanjut hubungi dokter.,Iritasi lambung,2027-06-30,Tablet,https://placehold.co/400x300/f8fafc/ef4444?text=Mefinal+Tablet,True,"[""otc"",""indonesia"",""chatbot-ready""]"
7624,Antalgin Tablet,Nyeri & Demam,5000.0,109,Metampiron 500mg,"Nyeri hebat, sakit gigi parah; Gejala terkait: sakit gigi parah; nyeri hebat",Sesuai aturan pakai pada kemasan. Gunakan sesuai petunjuk pada kemasan. Jika sakit berlanjut hubungi dokter.,Metampiron 500mg,"Nyeri hebat, sakit gigi parah; sakit gigi parah; nyeri hebat; Gunakan sesuai petunjuk pada kemasan. Jika sakit berlanjut hubungi dokter.",Agranulositosis (jarang),2027-06-30,Tablet,https://placehold.co/400x300/f8fafc/ef4444?text=Antalgin+Tablet,True,"[""otc"",""indonesia"",""chatbot-ready""]"
7625,Fimestan Strip 4s,Nyeri & Demam,10000.0,96,Ibuprofen 400mg,"Nyeri haid berat, nyeri sendi; Gejala terkait: nyeri haid berat; nyeri sendi",Sesuai aturan pakai pada kemasan. Gunakan sesuai petunjuk pada kemasan. Jika sakit berlanjut hubungi dokter.,Ibuprofen 400mg,"Nyeri haid berat, nyeri sendi; nyeri haid berat; nyeri sendi; Gunakan sesuai petunjuk pada kemasan. Jika sakit berlanjut hubungi dokter.",Nyeri lambung,2027-06-30,Produk,https://placehold.co/400x300/f8fafc/ef4444?text=Fimestan+Strip+4s,True,"[""otc"",""indonesia"",""chatbot-ready""]"
7626,Feminax Strip 4s,Nyeri & Demam,15000.0,177,"Paracetamol 500mg, Hyoscine Butylbromide 10mg",Nyeri haid dengan kram; Gejala terkait: kram haid; nyeri haid dengan kram,Sesuai aturan pakai pada kemasan. Gunakan sesuai petunjuk pada kemasan. Jika sakit berlanjut hubungi dokter.,"Paracetamol 500mg, Hyoscine Butylbromide 10mg",Nyeri haid dengan kram; kram haid; nyeri haid dengan kram; Gunakan sesuai petunjuk pada kemasan. Jika sakit berlanjut hubungi dokter.,"Mulut kering, mengantuk",2028-03-15,Produk,https://placehold.co/400x300/f8fafc/ef4444?text=Feminax+Strip+4s,True,"[""otc"",""indonesia"",""chatbot-ready""]"
7627,Dolgesic Tablet,Nyeri & Demam,12000.0,104,Piroxicam 10mg,"Nyeri sendi, rematik ringan (OTC di banyak apotek); Gejala terkait: rematik; nyeri sendi",Sesuai aturan pakai pada kemasan. Gunakan sesuai petunjuk pada kemasan. Jika sakit berlanjut hubungi dokter.,Piroxicam 10mg,"Nyeri sendi, rematik ringan (OTC di banyak apotek); rematik; nyeri sendi; Gunakan sesuai petunjuk pada kemasan. Jika sakit berlanjut hubungi dokter.",Nyeri lambung,2028-12-31,Tablet,https://placehold.co/400x300/f8fafc/ef4444?text=Dolgesic+Tablet,True,"[""otc"",""indonesia"",""chatbot-ready""]"
7628,Neuralgin Tablet,Nyeri & Demam,18000.0,158,"Vitamin B1, B6, B12","Nyeri saraf, kesemutan, pegal linu; Gejala terkait: kesemutan; nyeri saraf; pegal",Sesuai aturan pakai pada kemasan. Gunakan sesuai petunjuk pada kemasan. Jika sakit berlanjut hubungi dokter.,"Vitamin B1, B6, B12","Nyeri saraf, kesemutan, pegal linu; kesemutan; nyeri saraf; pegal; Gunakan sesuai petunjuk pada kemasan. Jika sakit berlanjut hubungi dokter.",Jarang,2028-12-31,Tablet,https://placehold.co/400x300/f8fafc/ef4444?text=Neuralgin+Tablet,True,"[""otc"",""indonesia"",""chatbot-ready""]"
7629,OBH Combi Batuk Berdahak Menthol,Obat Batuk,22000.0,135,"Succus liquiritiae, Paracetamol, Ephedrine",Batuk berdahak; Gejala terkait: batuk berdahak; dahak,Sesuai aturan pakai pada kemasan. Gunakan sesuai petunjuk pada kemasan. Jika sakit berlanjut hubungi dokter.,"Succus liquiritiae, Paracetamol, Ephedrine",Batuk berdahak; batuk berdahak; dahak; Gunakan sesuai petunjuk pada kemasan. Jika sakit berlanjut hubungi dokter.,Mengantuk,2026-12-31,Produk,/static/medicines/OBH Combi Batuk Berdahak Menthol.jpg,True,"[""otc"",""indonesia"",""chatbot-ready""]"
7630,OBH Combi Batuk Berdahak Jahe,Obat Batuk,22000.0,137,"Succus liquiritiae, Jahe, Paracetamol",Batuk berdahak hangat; Gejala terkait: batuk berdahak; jahe,Sesuai aturan pakai pada kemasan. Gunakan sesuai petunjuk pada kemasan. Jika sakit berlanjut hubungi dokter.,"Succus liquiritiae, Jahe, Paracetamol",Batuk berdahak hangat; batuk berdahak; jahe; Gunakan sesuai petunjuk pada kemasan. Jika sakit berlanjut hubungi dokter.,Mengantuk,2027-06-30,Produk,/static/medicines/OBH Combi Batuk Berdahak Jahe.jpg,True,"[""otc"",""indonesia"",""chatbot-ready""]"
7631,OBH Combi Batuk Flu Anak,Obat Batuk,18000.0,123,"Succus liquiritiae, CTM, Paracetamol, Glycerine",Batuk flu anak; Gejala terkait: batuk anak; flu anak,Sesuai aturan pakai pada kemasan. Gunakan sesuai petunjuk pada kemasan. Jika sakit berlanjut hubungi dokter.,"Succus liquiritiae, CTM, Paracetamol, Glycerine",Batuk flu anak; batuk anak; flu anak; Gunakan sesuai petunjuk pada kemasan. Jika sakit berlanjut hubungi dokter.,Mengantuk,2027-06-30,Produk,/static/medicines/OBH Combi Batuk Flu Anak.jpg,True,"[""otc"",""indonesia"",""chatbot-ready""]"
7632,OBH Combi Batuk Flu Dewasa,Obat Batuk,25000.0,99,"Succus liquiritiae, Paracetamol, Ephedrine, CTM",Batuk flu dewasa; Gejala terkait: batuk flu; flu dewasa,Sesuai aturan pakai pada kemasan. Gunakan sesuai petunjuk pada kemasan. Jika sakit berlanjut hubungi dokter.,"Succus liquiritiae, Paracetamol, Ephedrine, CTM",Batuk flu dewasa; batuk flu; flu dewasa; Gunakan sesuai petunjuk pada kemasan. Jika sakit berlanjut hubungi dokter.,Mengantuk,2026-12-31,Produk,/static/medicines/OBH Combi Batuk Flu Dewasa.jpg,True,"[""otc"",""indonesia"",""chatbot-ready""]"
7633,Woods Peppermint Expectorant 60ml,Obat Batuk,28000.0,110,"Guaifenesin, Bromhexine",Batuk berdahak; Gejala terkait: batuk berdahak; dahak kental,Sesuai aturan pakai pada kemasan. Gunakan sesuai petunjuk pada kemasan. Jika sakit berlanjut hubungi dokter.,"Guaifenesin, Bromhexine",Batuk berdahak; batuk berdahak; dahak kental; Gunakan sesuai petunjuk pada kemasan. Jika sakit berlanjut hubungi dokter.,Mual ringan,2026-12-31,Produk,/static/medicines/Woods Peppermint Expectorant 60ml.jpg,True,"[""otc"",""indonesia"",""chatbot-ready""]"
7634,Woods Peppermint Expectorant 100ml,Obat Batuk,40000.0,121,"Guaifenesin, Bromhexine",Batuk berdahak; Gejala terkait: batuk berdahak; ekspektoran,Sesuai aturan pakai pada kemasan. Gunakan sesuai petunjuk pada kemasan. Jika sakit berlanjut hubungi dokter.,"Guaifenesin, Bromhexine",Batuk berdahak; batuk berdahak; ekspektoran; Gunakan sesuai petunjuk pada kemasan. Jika sakit berlanjut hubungi dokter.,Mual ringan,2028-12-31,Produk,/static/medicines/Woods Peppermint Expectorant 100ml.jpg,True,"[""otc"",""indonesia"",""chatbot-ready""]"
7635,Woods Antitussive 60ml,Obat Batuk,29000.0,128,"Dextromethorphan, Guaifenesin",Batuk kering; Gejala terkait: batuk kering; gatal tenggorokan,Sesuai aturan pakai pada kemasan. Gunakan sesuai petunjuk pada kemasan. Jika sakit berlanjut hubungi dokter.,"Dextromethorphan, Guaifenesin",Batuk kering; batuk kering; gatal tenggorokan; Gunakan sesuai petunjuk pada kemasan. Jika sakit berlanjut hubungi dokter.,Mengantuk,2028-03-15,Produk,/static/medicines/Woods Antitussive 60ml.jpg,True,"[""otc"",""indonesia"",""chatbot-ready""]"
7636,Woods Antitussive 100ml,Obat Batuk,42000.0,179,"Dextromethorphan, Guaifenesin",Batuk kering kemasan besar; Gejala terkait: batuk kering,Sesuai aturan pakai pada kemasan. Gunakan sesuai petunjuk pada kemasan. Jika sakit berlanjut hubungi dokter.,"Dextromethorphan, Guaifenesin",Batuk kering kemasan besar; batuk kering; Gunakan sesuai petunjuk pada kemasan. Jika sakit berlanjut hubungi dokter.,Mengantuk,2026-12-31,Produk,/static/medicines/Woods Antitussive 100ml.jpg,True,"[""otc"",""indonesia"",""chatbot-ready""]"
7637,Siladex Mucolytic & Expectorant 60ml,Obat Batuk,22000.0,178,"Bromhexine, Guaifenesin",Batuk berdahak bebas gula; Gejala terkait: batuk berdahak; bebas gula,Sesuai aturan pakai pada kemasan. Gunakan sesuai petunjuk pada kemasan. Jika sakit berlanjut hubungi dokter.,"Bromhexine, Guaifenesin",Batuk berdahak bebas gula; batuk berdahak; bebas gula; Gunakan sesuai petunjuk pada kemasan. Jika sakit berlanjut hubungi dokter.,Mual,2027-06-30,Produk,/static/medicines/Siladex Mucolytic & Expectorant 60ml.jpg,True,"[""otc"",""indonesia"",""chatbot-ready""]"
7638,Siladex Antitussive 60ml,Obat Batuk,22000.0,190,Dextromethorphan,Batuk kering bebas gula; Gejala terkait: batuk kering; bebas gula,Sesuai aturan pakai pada kemasan. Gunakan sesuai petunjuk pada kemasan. Jika sakit berlanjut hubungi dokter.,Dextromethorphan,Batuk kering bebas gula; batuk kering; bebas gula; Gunakan sesuai petunjuk pada kemasan. Jika sakit berlanjut hubungi dokter.,Mengantuk,2028-03-15,Produk,/static/medicines/Siladex Antitussive 60ml.jpg,True,"[""otc"",""indonesia"",""chatbot-ready""]"
7639,Siladex Cough & Cold,Obat Batuk,23000.0,106,"Bromhexine, Paracetamol, Phenylephrine",Batuk dan flu; Gejala terkait: batuk flu; pilek,Sesuai aturan pakai pada kemasan. Gunakan sesuai petunjuk pada kemasan. Jika sakit berlanjut hubungi dokter.,"Bromhexine, Paracetamol, Phenylephrine",Batuk dan flu; batuk flu; pilek; Gunakan sesuai petunjuk pada kemasan. Jika sakit berlanjut hubungi dokter.,Mengantuk,2028-12-31,Produk,/static/medicines/Siladex Cough & Cold.jpg,True,"[""otc"",""indonesia"",""chatbot-ready""]"
7640,Siladex Flu,Obat Batuk,23000.0,87,"Paracetamol, Phenylephrine, CTM",Flu dan batuk ringan; Gejala terkait: flu; batuk ringan,Sesuai aturan pakai pada kemasan. Gunakan sesuai petunjuk pada kemasan. Jika sakit berlanjut hubungi dokter.,"Paracetamol, Phenylephrine, CTM",Flu dan batuk ringan; flu; batuk ringan; Gunakan sesuai petunjuk pada kemasan. Jika sakit berlanjut hubungi dokter.,Mengantuk,2026-12-31,Produk,/static/medicines/Siladex Flu.jpg,True,"[""otc"",""indonesia"",""chatbot-ready""]"
7641,Komix OBH Sachet,Obat Batuk,1500.0,81,"Dextromethorphan, Glycyrrhiza",Batuk ringan praktis; Gejala terkait: batuk ringan; batuk sachet,Sesuai aturan pakai pada kemasan. Gunakan sesuai petunjuk pada kemasan. Jika sakit berlanjut hubungi dokter.,"Dextromethorphan, Glycyrrhiza",Batuk ringan praktis; batuk ringan; batuk sachet; Gunakan sesuai petunjuk pada kemasan. Jika sakit berlanjut hubungi dokter.,Mengantuk,2027-06-30,Sachet,/static/medicines/Komix OBH Sachet.jpg,True,"[""otc"",""indonesia"",""chatbot-ready""]"
7642,Komix Peppermint Sachet,Obat Batuk,1500.0,81,"Dextromethorphan, Menthol",Batuk dengan sensasi dingin; Gejala terkait: batuk gatal; peppermint,Sesuai aturan pakai pada kemasan. Gunakan sesuai petunjuk pada kemasan. Jika sakit berlanjut hubungi dokter.,"Dextromethorphan, Menthol",Batuk dengan sensasi dingin; batuk gatal; peppermint; Gunakan sesuai petunjuk pada kemasan. Jika sakit berlanjut hubungi dokter.,Mengantuk,2028-03-15,Sachet,/static/medicines/Komix Peppermint Sachet.jpg,True,"[""otc"",""indonesia"",""chatbot-ready""]"
7643,Komix Jeruk Nipis Sachet,Obat Batuk,1500.0,106,"Dextromethorphan, Citrus Limon Extract",Batuk rasa jeruk nipis; Gejala terkait: batuk jeruk nipis; batuk sachet,Sesuai aturan pakai pada kemasan. Gunakan sesuai petunjuk pada kemasan. Jika sakit berlanjut hubungi dokter.,"Dextromethorphan, Citrus Limon Extract",Batuk rasa jeruk nipis; batuk jeruk nipis; batuk sachet; Gunakan sesuai petunjuk pada kemasan. Jika sakit berlanjut hubungi dokter.,Mengantuk,2028-12-31,Sachet,/static/medicines/Komix Jeruk Nipis Sachet.jpg,True,"[""otc"",""indonesia"",""chatbot-ready""]"
7644,Komix Jahe Sachet,Obat Batuk,1500.0,121,"Dextromethorphan, Jahe Extract",Batuk rasa jahe hangat; Gejala terkait: batuk jahe; tenggorokan hangat,Sesuai aturan pakai pada kemasan. Gunakan sesuai petunjuk pada kemasan. Jika sakit berlanjut hubungi dokter.,"Dextromethorphan, Jahe Extract",Batuk rasa jahe hangat; batuk jahe; tenggorokan hangat; Gunakan sesuai petunjuk pada kemasan. Jika sakit berlanjut hubungi dokter.,Mengantuk,2026-12-31,Sachet,/static/medicines/Komix Jahe Sachet.jpg,True,"[""otc"",""indonesia"",""chatbot-ready""]"
7645,Komix Herbal Sachet,Obat Batuk,2500.0,175,"Dextromethorphan, Madu, Propolis",Batuk herbal madu; Gejala terkait: batuk herbal madu; batuk anak,Sesuai aturan pakai pada kemasan. Gunakan sesuai petunjuk pada kemasan. Jika sakit berlanjut hubungi dokter.,"Dextromethorphan, Madu, Propolis",Batuk herbal madu; batuk herbal madu; batuk anak; Gunakan sesuai petunjuk pada kemasan. Jika sakit berlanjut hubungi dokter.,Jarang,2026-12-31,Sachet,/static/medicines/Komix Herbal Sachet.jpg,True,"[""otc"",""indonesia"",""chatbot-ready""]"
7646,Komix Botol 120ml,Obat Batuk,35000.0,152,"Dextromethorphan, Guaifenesin",Batuk kemasan botol; Gejala terkait: batuk; ekonomis,Sesuai aturan pakai pada kemasan. Gunakan sesuai petunjuk pada kemasan. Jika sakit berlanjut hubungi dokter.,"Dextromethorphan, Guaifenesin",Batuk kemasan botol; batuk; ekonomis; Gunakan sesuai petunjuk pada kemasan. Jika sakit berlanjut hubungi dokter.,Mengantuk,2028-03-15,Produk,/static/medicines/Komix Botol 120ml.jpg,True,"[""otc"",""indonesia"",""chatbot-ready""]"
7647,Komix Box 50s,Obat Batuk,55000.0,128,"Dextromethorphan, Guaifenesin",Batuk isi banyak; Gejala terkait: batuk; stok,Sesuai aturan pakai pada kemasan. Gunakan sesuai petunjuk pada kemasan. Jika sakit berlanjut hubungi dokter.,"Dextromethorphan, Guaifenesin",Batuk isi banyak; batuk; stok; Gunakan sesuai petunjuk pada kemasan. Jika sakit berlanjut hubungi dokter.,Mengantuk,2026-12-31,Produk,/static/medicines/Komix Box 50s.jpg,True,"[""otc"",""indonesia"",""chatbot-ready""]"
7648,Laserin Sirup 30ml,Obat Batuk,12000.0,104,"Jahe Merah, Cengkeh, Daun Sirih",Batuk herbal; Gejala terkait: batuk herbal; jahe merah,Sesuai aturan pakai pada kemasan. Gunakan sesuai petunjuk pada kemasan. Jika sakit berlanjut hubungi dokter.,"Jahe Merah, Cengkeh, Daun Sirih",Batuk herbal; batuk herbal; jahe merah; Gunakan sesuai petunjuk pada kemasan. Jika sakit berlanjut hubungi dokter.,Jarang,2027-06-30,Sirup,/static/medicines/Laserin Sirup 30ml.jpg,True,"[""otc"",""indonesia"",""chatbot-ready""]"
7649,Laserin Botol 30ml,Obat Batuk,12000.0,146,"Jahe Merah, Cengkeh",Batuk ringan herbal; Gejala terkait: batuk herbal,Sesuai aturan pakai pada kemasan. Gunakan sesuai petunjuk pada kemasan. Jika sakit berlanjut hubungi dokter.,"Jahe Merah, Cengkeh",Batuk ringan herbal; batuk herbal; Gunakan sesuai petunjuk pada kemasan. Jika sakit berlanjut hubungi dokter.,Jarang,2027-06-30,Produk,/static/medicines/Laserin Botol 30ml.jpg,True,"[""otc"",""indonesia"",""chatbot-ready""]"
7650,Laserin Sirup 110ml,Obat Batuk,35000.0,179,"Jahe Merah, Cengkeh, Daun Sirih",Batuk herbal kemasan besar; Gejala terkait: batuk herbal besar,Sesuai aturan pakai pada kemasan. Gunakan sesuai petunjuk pada kemasan. Jika sakit berlanjut hubungi dokter.,"Jahe Merah, Cengkeh, Daun Sirih",Batuk herbal kemasan besar; batuk herbal besar; Gunakan sesuai petunjuk pada kemasan. Jika sakit berlanjut hubungi dokter.,Jarang,2028-12-31,Sirup,/static/medicines/Laserin Sirup 110ml.jpg,True,"[""otc"",""indonesia"",""chatbot-ready""]"
7651,Bisolvon Tablet,Obat Batuk,25000.0,171,Bromhexine HCl 8mg,Mengencerkan dahak kental; Gejala terkait: dahak kental; bronkitis,Sesuai aturan pakai pada kemasan. Gunakan sesuai petunjuk pada kemasan. Jika sakit berlanjut hubungi dokter.,Bromhexine HCl 8mg,Mengencerkan dahak kental; dahak kental; bronkitis; Gunakan sesuai petunjuk pada kemasan. Jika sakit berlanjut hubungi dokter.,Mual ringan,2026-12-31,Tablet,/static/medicines/Bisolvon Tablet.jpg,True,"[""otc"",""indonesia"",""chatbot-ready""]"
7652,Bisolvon Strip 10s,Obat Batuk,18000.0,186,Bromhexine HCl 8mg,Mengencerkan dahak; Gejala terkait: dahak kental,Sesuai aturan pakai pada kemasan. Gunakan sesuai petunjuk pada kemasan. Jika sakit berlanjut hubungi dokter.,Bromhexine HCl 8mg,Mengencerkan dahak; dahak kental; Gunakan sesuai petunjuk pada kemasan. Jika sakit berlanjut hubungi dokter.,Mual ringan,2026-12-31,Produk,/static/medicines/Bisolvon Strip 10s.jpg,True,"[""otc"",""indonesia"",""chatbot-ready""]"
7653,Bisolvon Extra Sirup 60ml,Obat Batuk,42000.0,187,Bromhexine HCl,Mengencerkan dahak anak; Gejala terkait: dahak anak; batuk berdahak anak,Sesuai aturan pakai pada kemasan. Gunakan sesuai petunjuk pada kemasan. Jika sakit berlanjut hubungi dokter.,Bromhexine HCl,Mengencerkan dahak anak; dahak anak; batuk berdahak anak; Gunakan sesuai petunjuk pada kemasan. Jika sakit berlanjut hubungi dokter.,Mual,2027-06-30,Sirup,/static/medicines/Bisolvon Extra Sirup 60ml.jpg,True,"[""otc"",""indonesia"",""chatbot-ready""]"
7654,Bisolvon Solution 50 ml,Obat Batuk,55000.0,80,Bromhexine HCl (tetes/solution),Dahak sangat kental bayi/dewasa; Gejala terkait: dahak pekat; batuk sulit,Sesuai aturan pakai pada kemasan. Gunakan sesuai petunjuk pada kemasan. Jika sakit berlanjut hubungi dokter.,Bromhexine HCl (tetes/solution),Dahak sangat kental bayi/dewasa; dahak pekat; batuk sulit; Gunakan sesuai petunjuk pada kemasan. Jika sakit berlanjut hubungi dokter.,Mual,2028-12-31,Cairan,/static/medicines/Bisolvon Solution 50 ml.jpg,True,"[""otc"",""indonesia"",""chatbot-ready""]"
7655,Vicks Formula 44 Sirup 54ml,Obat Batuk,25000.0,134,"Dextromethorphan, Doxylamine",Batuk kering malam; Gejala terkait: batuk malam; batuk kering,Sesuai aturan pakai pada kemasan. Gunakan sesuai petunjuk pada kemasan. Jika sakit berlanjut hubungi dokter.,"Dextromethorphan, Doxylamine",Batuk kering malam; batuk malam; batuk kering; Gunakan sesuai petunjuk pada kemasan. Jika sakit berlanjut hubungi dokter.,Mengantuk,2026-12-31,Sirup,/static/medicines/Vicks Formula 44 Sirup 54ml.jpg,True,"[""otc"",""indonesia"",""chatbot-ready""]"
7656,Vicks Formula 44 Anak Sirup 27ml,Obat Batuk,14000.0,123,Dextromethorphan,Batuk kering anak; Gejala terkait: batuk anak kering,Sesuai aturan pakai pada kemasan. Gunakan sesuai petunjuk pada kemasan. Jika sakit berlanjut hubungi dokter.,Dextromethorphan,Batuk kering anak; batuk anak kering; Gunakan sesuai petunjuk pada kemasan. Jika sakit berlanjut hubungi dokter.,Mengantuk,2027-06-30,Sirup,/static/medicines/Vicks Formula 44 Anak Sirup 27ml.jpg,True,"[""otc"",""indonesia"",""chatbot-ready""]"
7657,Konidin Tablet,Obat Batuk,5000.0,101,"Guaifenesin, Dextromethorphan, CTM",Batuk alergi; Gejala terkait: batuk alergi; gatal tenggorokan,Sesuai aturan pakai pada kemasan. Gunakan sesuai petunjuk pada kemasan. Jika sakit berlanjut hubungi dokter.,"Guaifenesin, Dextromethorphan, CTM",Batuk alergi; batuk alergi; gatal tenggorokan; Gunakan sesuai petunjuk pada kemasan. Jika sakit berlanjut hubungi dokter.,Sangat mengantuk,2026-12-31,Tablet,/static/medicines/Konidin Tablet.jpg,True,"[""otc"",""indonesia"",""chatbot-ready""]"
7658,Konidin Sirup,Obat Batuk,18000.0,166,"Guaifenesin, Dextromethorphan, CTM",Batuk alergi sirup; Gejala terkait: batuk alergi sirup,Sesuai aturan pakai pada kemasan. Gunakan sesuai petunjuk pada kemasan. Jika sakit berlanjut hubungi dokter.,"Guaifenesin, Dextromethorphan, CTM",Batuk alergi sirup; batuk alergi sirup; Gunakan sesuai petunjuk pada kemasan. Jika sakit berlanjut hubungi dokter.,Sangat mengantuk,2026-12-31,Sirup,/static/medicines/Konidin Sirup.jpg,True,"[""otc"",""indonesia"",""chatbot-ready""]"
7659,Konidin OBH Sirup,Obat Batuk,19000.0,168,"Succus liquiritiae, Ephedrine, CTM",Batuk berdahak dengan alergi; Gejala terkait: batuk berdahak alergi,Sesuai aturan pakai pada kemasan. Gunakan sesuai petunjuk pada kemasan. Jika sakit berlanjut hubungi dokter.,"Succus liquiritiae, Ephedrine, CTM",Batuk berdahak dengan alergi; batuk berdahak alergi; Gunakan sesuai petunjuk pada kemasan. Jika sakit berlanjut hubungi dokter.,Mengantuk,2026-12-31,Sirup,/static/medicines/Konidin OBH Sirup.jpg,True,"[""otc"",""indonesia"",""chatbot-ready""]"
7660,Actifed Kuning (Sirup),Obat Batuk,65000.0,129,"Triprolidine, Pseudoephedrine","Pilek alergi, hidung meler; Gejala terkait: pilek alergi; hidung meler",Sesuai aturan pakai pada kemasan. Gunakan sesuai petunjuk pada kemasan. Jika sakit berlanjut hubungi dokter.,"Triprolidine, Pseudoephedrine","Pilek alergi, hidung meler; pilek alergi; hidung meler; Gunakan sesuai petunjuk pada kemasan. Jika sakit berlanjut hubungi dokter.","Mengantuk, berdebar",2026-12-31,Sirup,/static/medicines/Actifed Kuning (Sirup).jpg,True,"[""otc"",""indonesia"",""chatbot-ready""]"
7661,Actifed Hijau (Expectorant),Obat Batuk,68000.0,111,"Triprolidine, Pseudoephedrine, Guaifenesin",Batuk berdahak dengan pilek; Gejala terkait: batuk berdahak pilek; ekspektoran,Sesuai aturan pakai pada kemasan. Gunakan sesuai petunjuk pada kemasan. Jika sakit berlanjut hubungi dokter.,"Triprolidine, Pseudoephedrine, Guaifenesin",Batuk berdahak dengan pilek; batuk berdahak pilek; ekspektoran; Gunakan sesuai petunjuk pada kemasan. Jika sakit berlanjut hubungi dokter.,"Mengantuk, berdebar",2026-12-31,Produk,/static/medicines/Actifed Hijau (Expectorant).webp,True,"[""otc"",""indonesia"",""chatbot-ready""]"
7662,Actifed Merah (Cough Suppressant),Obat Batuk,68000.0,157,"Triprolidine, Pseudoephedrine, Dextromethorphan",Batuk kering dengan pilek; Gejala terkait: batuk kering pilek,Sesuai aturan pakai pada kemasan. Gunakan sesuai petunjuk pada kemasan. Jika sakit berlanjut hubungi dokter.,"Triprolidine, Pseudoephedrine, Dextromethorphan",Batuk kering dengan pilek; batuk kering pilek; Gunakan sesuai petunjuk pada kemasan. Jika sakit berlanjut hubungi dokter.,"Mengantuk, berdebar",2028-12-31,Produk,/static/medicines/Actifed Merah (Cough Suppressant).jpg,True,"[""otc"",""indonesia"",""chatbot-ready""]"
7663,Mucos Tablet,Obat Batuk,18000.0,177,Ambroxol HCl 30mg,Batuk berdahak tebal; Gejala terkait: dahak pekat; bronkitis ringan,Sesuai aturan pakai pada kemasan. Gunakan sesuai petunjuk pada kemasan. Jika sakit berlanjut hubungi dokter.,Ambroxol HCl 30mg,Batuk berdahak tebal; dahak pekat; bronkitis ringan; Gunakan sesuai petunjuk pada kemasan. Jika sakit berlanjut hubungi dokter.,Mual ringan,2026-12-31,Tablet,/static/medicines/Mucos Tablet.jpg,True,"[""otc"",""indonesia"",""chatbot-ready""]"
7664,Mucos Botol 60ml,Obat Batuk,28000.0,154,Ambroxol HCl,Batuk berdahak sirup; Gejala terkait: dahak kental sirup,Sesuai aturan pakai pada kemasan. Gunakan sesuai petunjuk pada kemasan. Jika sakit berlanjut hubungi dokter.,Ambroxol HCl,Batuk berdahak sirup; dahak kental sirup; Gunakan sesuai petunjuk pada kemasan. Jika sakit berlanjut hubungi dokter.,Mual,2026-12-31,Produk,/static/medicines/Mucos Botol 60ml.jpg,True,"[""otc"",""indonesia"",""chatbot-ready""]"
7665,Ambroxol Tablet,Obat Batuk,5000.0,133,Ambroxol HCl 30mg,Pengencer dahak generik; Gejala terkait: dahak kental; batuk berdahak,Sesuai aturan pakai pada kemasan. Gunakan sesuai petunjuk pada kemasan. Jika sakit berlanjut hubungi dokter.,Ambroxol HCl 30mg,Pengencer dahak generik; dahak kental; batuk berdahak; Gunakan sesuai petunjuk pada kemasan. Jika sakit berlanjut hubungi dokter.,Mual ringan,2028-03-15,Tablet,https://placehold.co/400x300/f8fafc/3b82f6?text=Ambroxol+Tablet,True,"[""otc"",""indonesia"",""chatbot-ready""]"
7666,Dextromethorphan Tablet,Obat Batuk,3000.0,94,Dextromethorphan 15mg,Batuk kering generik; Gejala terkait: batuk kering; batuk tidak berdahak,Sesuai aturan pakai pada kemasan. Gunakan sesuai petunjuk pada kemasan. Jika sakit berlanjut hubungi dokter.,Dextromethorphan 15mg,Batuk kering generik; batuk kering; batuk tidak berdahak; Gunakan sesuai petunjuk pada kemasan. Jika sakit berlanjut hubungi dokter.,Mengantuk,2026-12-31,Tablet,https://placehold.co/400x300/f8fafc/3b82f6?text=Dextromethorphan+Tablet,True,"[""otc"",""indonesia"",""chatbot-ready""]"
7667,Guaifenesin Sirup,Obat Batuk,12000.0,164,Guaifenesin 100mg/5ml,Ekspektoran generik; Gejala terkait: ekspektoran; batuk berdahak,Sesuai aturan pakai pada kemasan. Gunakan sesuai petunjuk pada kemasan. Jika sakit berlanjut hubungi dokter.,Guaifenesin 100mg/5ml,Ekspektoran generik; ekspektoran; batuk berdahak; Gunakan sesuai petunjuk pada kemasan. Jika sakit berlanjut hubungi dokter.,Mual,2028-03-15,Sirup,https://placehold.co/400x300/f8fafc/3b82f6?text=Guaifenesin+Sirup,True,"[""otc"",""indonesia"",""chatbot-ready""]"
7668,Erdosteine Kapsul,Obat Batuk,35000.0,173,Erdosteine 300mg,"Batuk dengan dahak sangat kental, bronkitis kronis; Gejala terkait: PPOK; bronkitis kronis; dahak sangat kental",Sesuai aturan pakai pada kemasan. Gunakan sesuai petunjuk pada kemasan. Jika sakit berlanjut hubungi dokter.,Erdosteine 300mg,"Batuk dengan dahak sangat kental, bronkitis kronis; PPOK; bronkitis kronis; dahak sangat kental; Gunakan sesuai petunjuk pada kemasan. Jika sakit berlanjut hubungi dokter.",Mual,2028-03-15,Produk,https://placehold.co/400x300/f8fafc/3b82f6?text=Erdosteine+Kapsul,True,"[""otc"",""indonesia"",""chatbot-ready""]"
7669,Benadryl Sirup 60ml,Obat Batuk,28000.0,106,Diphenhydramine HCl,"Batuk alergi, rhinitis; Gejala terkait: batuk alergi; rhinitis",Sesuai aturan pakai pada kemasan. Gunakan sesuai petunjuk pada kemasan. Jika sakit berlanjut hubungi dokter.,Diphenhydramine HCl,"Batuk alergi, rhinitis; batuk alergi; rhinitis; Gunakan sesuai petunjuk pada kemasan. Jika sakit berlanjut hubungi dokter.",Sangat mengantuk,2026-12-31,Sirup,https://placehold.co/400x300/f8fafc/3b82f6?text=Benadryl+Sirup+60ml,True,"[""otc"",""indonesia"",""chatbot-ready""]"
7670,Gliseril Guaiakolat Tablet,Obat Batuk,2500.0,137,Guaifenesin 100mg,Batuk berdahak murah; Gejala terkait: batuk berdahak murah; generik,Sesuai aturan pakai pada kemasan. Gunakan sesuai petunjuk pada kemasan. Jika sakit berlanjut hubungi dokter.,Guaifenesin 100mg,Batuk berdahak murah; batuk berdahak murah; generik; Gunakan sesuai petunjuk pada kemasan. Jika sakit berlanjut hubungi dokter.,Mual,2028-12-31,Tablet,https://placehold.co/400x300/f8fafc/3b82f6?text=Gliseril+Guaiakolat+Tablet,True,"[""otc"",""indonesia"",""chatbot-ready""]"
7671,Respinova Sirup,Obat Batuk,22000.0,186,"Ambrosol, Guaifenesin",Batuk berdahak anak kombinasi; Gejala terkait: batuk berdahak anak; kombinasi,Sesuai aturan pakai pada kemasan. Gunakan sesuai petunjuk pada kemasan. Jika sakit berlanjut hubungi dokter.,"Ambrosol, Guaifenesin",Batuk berdahak anak kombinasi; batuk berdahak anak; kombinasi; Gunakan sesuai petunjuk pada kemasan. Jika sakit berlanjut hubungi dokter.,Mual,2027-06-30,Sirup,https://placehold.co/400x300/f8fafc/3b82f6?text=Respinova+Sirup,True,"[""otc"",""indonesia"",""chatbot-ready""]"
7672,Mixagrip Flu,Flu & Pilek,5000.0,93,"Paracetamol 500mg, Phenylephrine 5mg, CTM 2mg",Flu dan pilek; Gejala terkait: flu; pilek; meriang,Sesuai aturan pakai pada kemasan. Gunakan sesuai petunjuk pada kemasan. Jika sakit berlanjut hubungi dokter.,"Paracetamol 500mg, Phenylephrine 5mg, CTM 2mg",Flu dan pilek; flu; pilek; meriang; Gunakan sesuai petunjuk pada kemasan. Jika sakit berlanjut hubungi dokter.,Mengantuk,2027-06-30,Produk,/static/medicines/Mixagrip Flu.jpg,True,"[""otc"",""indonesia"",""chatbot-ready""]"
7673,Mixagrip Flu & Batuk,Flu & Pilek,6000.0,82,"Paracetamol, Phenylephrine, CTM, Dextromethorphan","Flu, pilek, batuk; Gejala terkait: flu batuk; pilek batuk",Sesuai aturan pakai pada kemasan. Gunakan sesuai petunjuk pada kemasan. Jika sakit berlanjut hubungi dokter.,"Paracetamol, Phenylephrine, CTM, Dextromethorphan","Flu, pilek, batuk; flu batuk; pilek batuk; Gunakan sesuai petunjuk pada kemasan. Jika sakit berlanjut hubungi dokter.",Mengantuk,2027-06-30,Produk,/static/medicines/Mixagrip Flu & Batuk.jpg,True,"[""otc"",""indonesia"",""chatbot-ready""]"
7674,Mixagrip Pegel Linu,Flu & Pilek,6000.0,107,"Paracetamol, Ibuprofen, Phenylephrine",Flu dengan pegal linu; Gejala terkait: flu pegal; meriang pegal,Sesuai aturan pakai pada kemasan. Gunakan sesuai petunjuk pada kemasan. Jika sakit berlanjut hubungi dokter.,"Paracetamol, Ibuprofen, Phenylephrine",Flu dengan pegal linu; flu pegal; meriang pegal; Gunakan sesuai petunjuk pada kemasan. Jika sakit berlanjut hubungi dokter.,"Mengantuk, nyeri lambung",2026-12-31,Topikal,/static/medicines/Mixagrip Pegel Linu.jpg,True,"[""otc"",""indonesia"",""chatbot-ready""]"
7675,Decolgen Tablet,Flu & Pilek,4500.0,152,"Paracetamol 500mg, PPA 12.5mg, CTM 2mg",Flu dan hidung tersumbat; Gejala terkait: pilek; hidung tersumbat; flu,Sesuai aturan pakai pada kemasan. Gunakan sesuai petunjuk pada kemasan. Jika sakit berlanjut hubungi dokter.,"Paracetamol 500mg, PPA 12.5mg, CTM 2mg",Flu dan hidung tersumbat; pilek; hidung tersumbat; flu; Gunakan sesuai petunjuk pada kemasan. Jika sakit berlanjut hubungi dokter.,"Mengantuk, berdebar",2027-06-30,Tablet,/static/medicines/Decolgen Tablet.jpg,True,"[""otc"",""indonesia"",""chatbot-ready""]"
7676,Decolgen Sirup,Flu & Pilek,15000.0,115,"Paracetamol, PPA, CTM",Flu anak; Gejala terkait: flu anak; pilek anak,Sesuai aturan pakai pada kemasan. Gunakan sesuai petunjuk pada kemasan. Jika sakit berlanjut hubungi dokter.,"Paracetamol, PPA, CTM",Flu anak; flu anak; pilek anak; Gunakan sesuai petunjuk pada kemasan. Jika sakit berlanjut hubungi dokter.,Mengantuk,2027-06-30,Sirup,/static/medicines/Decolgen Sirup.jpg,True,"[""otc"",""indonesia"",""chatbot-ready""]"
7677,Neozep Forte Tablet,Flu & Pilek,5500.0,81,"Paracetamol 500mg, Phenylephrine 10mg, CTM 2mg",Flu berat dan hidung meler; Gejala terkait: hidung meler; flu berat,Sesuai aturan pakai pada kemasan. Gunakan sesuai petunjuk pada kemasan. Jika sakit berlanjut hubungi dokter.,"Paracetamol 500mg, Phenylephrine 10mg, CTM 2mg",Flu berat dan hidung meler; hidung meler; flu berat; Gunakan sesuai petunjuk pada kemasan. Jika sakit berlanjut hubungi dokter.,Mengantuk,2026-12-31,Tablet,/static/medicines/Neozep Forte Tablet.jpg,True,"[""otc"",""indonesia"",""chatbot-ready""]"
7678,Procold Flu Tablet,Flu & Pilek,6000.0,91,"Paracetamol 500mg, Pseudoephedrine 30mg",Flu dan demam; Gejala terkait: flu meriang; pusing flu,Sesuai aturan pakai pada kemasan. Gunakan sesuai petunjuk pada kemasan. Jika sakit berlanjut hubungi dokter.,"Paracetamol 500mg, Pseudoephedrine 30mg",Flu dan demam; flu meriang; pusing flu; Gunakan sesuai petunjuk pada kemasan. Jika sakit berlanjut hubungi dokter.,Berdebar,2028-03-15,Tablet,/static/medicines/Procold Flu Tablet.jpg,True,"[""otc"",""indonesia"",""chatbot-ready""]"
7679,Procold Flu & Batuk,Flu & Pilek,7000.0,81,"Paracetamol, Pseudoephedrine, Dextromethorphan",Flu dan batuk; Gejala terkait: flu batuk; pilek batuk,Sesuai aturan pakai pada kemasan. Gunakan sesuai petunjuk pada kemasan. Jika sakit berlanjut hubungi dokter.,"Paracetamol, Pseudoephedrine, Dextromethorphan",Flu dan batuk; flu batuk; pilek batuk; Gunakan sesuai petunjuk pada kemasan. Jika sakit berlanjut hubungi dokter.,"Berdebar, mengantuk",2027-06-30,Produk,/static/medicines/Procold Flu & Batuk.jpg,True,"[""otc"",""indonesia"",""chatbot-ready""]"
7680,Inza Tablet,Flu & Pilek,4000.0,154,"Paracetamol 500mg, Pseudoephedrine, CTM",Flu ringan dan bersin; Gejala terkait: flu ringan; bersin,Sesuai aturan pakai pada kemasan. Gunakan sesuai petunjuk pada kemasan. Jika sakit berlanjut hubungi dokter.,"Paracetamol 500mg, Pseudoephedrine, CTM",Flu ringan dan bersin; flu ringan; bersin; Gunakan sesuai petunjuk pada kemasan. Jika sakit berlanjut hubungi dokter.,Mengantuk,2028-03-15,Tablet,/static/medicines/Inza Tablet.jpg,True,"[""otc"",""indonesia"",""chatbot-ready""]"
7681,Inza Botol 60ml,Flu & Pilek,18000.0,129,"Paracetamol, Pseudoephedrine, CTM sirup",Flu anak; Gejala terkait: flu anak; pilek anak,Sesuai aturan pakai pada kemasan. Gunakan sesuai petunjuk pada kemasan. Jika sakit berlanjut hubungi dokter.,"Paracetamol, Pseudoephedrine, CTM sirup",Flu anak; flu anak; pilek anak; Gunakan sesuai petunjuk pada kemasan. Jika sakit berlanjut hubungi dokter.,Mengantuk,2027-06-30,Produk,/static/medicines/Inza Botol 60ml.jpg,True,"[""otc"",""indonesia"",""chatbot-ready""]"
7682,Inza Strip 10s,Flu & Pilek,8000.0,118,"Paracetamol, Pseudoephedrine, CTM",Flu ringan strip; Gejala terkait: flu; pilek,Sesuai aturan pakai pada kemasan. Gunakan sesuai petunjuk pada kemasan. Jika sakit berlanjut hubungi dokter.,"Paracetamol, Pseudoephedrine, CTM",Flu ringan strip; flu; pilek; Gunakan sesuai petunjuk pada kemasan. Jika sakit berlanjut hubungi dokter.,Mengantuk,2026-12-31,Produk,/static/medicines/Inza Strip 10s.jpg,True,"[""otc"",""indonesia"",""chatbot-ready""]"
7683,Sanaflu Tablet,Flu & Pilek,4500.0,120,"Paracetamol 500mg, Phenylephrine, CTM",Flu dan sakit kepala; Gejala terkait: flu sakit kepala,Sesuai aturan pakai pada kemasan. Gunakan sesuai petunjuk pada kemasan. Jika sakit berlanjut hubungi dokter.,"Paracetamol 500mg, Phenylephrine, CTM",Flu dan sakit kepala; flu sakit kepala; Gunakan sesuai petunjuk pada kemasan. Jika sakit berlanjut hubungi dokter.,Mengantuk,2028-03-15,Tablet,/static/medicines/Sanaflu Tablet.jpg,True,"[""otc"",""indonesia"",""chatbot-ready""]"
7684,Sanaflu Botol 120ml,Flu & Pilek,22000.0,177,"Paracetamol, Phenylephrine, CTM sirup",Flu anak sirup; Gejala terkait: flu anak sirup,Sesuai aturan pakai pada kemasan. Gunakan sesuai petunjuk pada kemasan. Jika sakit berlanjut hubungi dokter.,"Paracetamol, Phenylephrine, CTM sirup",Flu anak sirup; flu anak sirup; Gunakan sesuai petunjuk pada kemasan. Jika sakit berlanjut hubungi dokter.,Mengantuk,2028-03-15,Produk,/static/medicines/Sanaflu Botol 120ml.jpg,True,"[""otc"",""indonesia"",""chatbot-ready""]"
7685,Ultraflu Tablet,Flu & Pilek,4000.0,134,"Paracetamol 500mg, PPA, CTM",Flu dan pilek; Gejala terkait: flu; bersin; pilek,Sesuai aturan pakai pada kemasan. Gunakan sesuai petunjuk pada kemasan. Jika sakit berlanjut hubungi dokter.,"Paracetamol 500mg, PPA, CTM",Flu dan pilek; flu; bersin; pilek; Gunakan sesuai petunjuk pada kemasan. Jika sakit berlanjut hubungi dokter.,Mengantuk,2026-12-31,Tablet,/static/medicines/Ultraflu Tablet.jpg,True,"[""otc"",""indonesia"",""chatbot-ready""]"
7686,Ultraflu Extra,Flu & Pilek,5000.0,122,"Paracetamol 650mg, Phenylephrine, CTM",Flu berat; Gejala terkait: flu berat; meriang,Sesuai aturan pakai pada kemasan. Gunakan sesuai petunjuk pada kemasan. Jika sakit berlanjut hubungi dokter.,"Paracetamol 650mg, Phenylephrine, CTM",Flu berat; flu berat; meriang; Gunakan sesuai petunjuk pada kemasan. Jika sakit berlanjut hubungi dokter.,Mengantuk,2027-06-30,Produk,/static/medicines/Ultraflu Extra.jpg,True,"[""otc"",""indonesia"",""chatbot-ready""]"
7687,Ultraflu Box 50s,Flu & Pilek,40000.0,146,"Paracetamol, PPA, CTM",Flu stok keluarga; Gejala terkait: flu; stok banyak,Sesuai aturan pakai pada kemasan. Gunakan sesuai petunjuk pada kemasan. Jika sakit berlanjut hubungi dokter.,"Paracetamol, PPA, CTM",Flu stok keluarga; flu; stok banyak; Gunakan sesuai petunjuk pada kemasan. Jika sakit berlanjut hubungi dokter.,Mengantuk,2028-12-31,Produk,/static/medicines/Ultraflu Box 50s.jpg,True,"[""otc"",""indonesia"",""chatbot-ready""]"
7688,Rhinos SR Kapsul,Flu & Pilek,65000.0,154,"Loratadine 5mg, Pseudoephedrine 120mg","Rinitis alergi, hidung buntu berat; Gejala terkait: hidung buntu; rinitis alergi; pilek parah",Sesuai aturan pakai pada kemasan. Gunakan sesuai petunjuk pada kemasan. Jika sakit berlanjut hubungi dokter.,"Loratadine 5mg, Pseudoephedrine 120mg","Rinitis alergi, hidung buntu berat; hidung buntu; rinitis alergi; pilek parah; Gunakan sesuai petunjuk pada kemasan. Jika sakit berlanjut hubungi dokter.","Mulut kering, insomnia",2026-12-31,Produk,/static/medicines/Rhinos SR Kapsul.png,True,"[""otc"",""indonesia"",""chatbot-ready""]"
7689,Rhinos Junior Sirup,Flu & Pilek,48000.0,142,"Loratadine 2.5mg, Pseudoephedrine 30mg / 5ml",Rinitis alergi anak; Gejala terkait: pilek alergi anak; hidung tersumbat anak,Sesuai aturan pakai pada kemasan. Gunakan sesuai petunjuk pada kemasan. Jika sakit berlanjut hubungi dokter.,"Loratadine 2.5mg, Pseudoephedrine 30mg / 5ml",Rinitis alergi anak; pilek alergi anak; hidung tersumbat anak; Gunakan sesuai petunjuk pada kemasan. Jika sakit berlanjut hubungi dokter.,Mulut kering,2028-03-15,Sirup,/static/medicines/Rhinos Junior Sirup.jpg,True,"[""otc"",""indonesia"",""chatbot-ready""]"
7690,Rhinos Neo Drops,Flu & Pilek,60000.0,100,"Loratadine, Pseudoephedrine drops",Rinitis alergi bayi dan balita; Gejala terkait: pilek bayi; rinitis alergi bayi,Sesuai aturan pakai pada kemasan. Gunakan sesuai petunjuk pada kemasan. Jika sakit berlanjut hubungi dokter.,"Loratadine, Pseudoephedrine drops",Rinitis alergi bayi dan balita; pilek bayi; rinitis alergi bayi; Gunakan sesuai petunjuk pada kemasan. Jika sakit berlanjut hubungi dokter.,Mulut kering,2028-03-15,Produk,/static/medicines/Rhinos Neo Drops.jpg,True,"[""otc"",""indonesia"",""chatbot-ready""]"
7691,Rhinos Strip 10s,Flu & Pilek,35000.0,164,"Loratadine 5mg, Pseudoephedrine 60mg",Rinitis alergi; Gejala terkait: rinitis alergi; pilek strip,Sesuai aturan pakai pada kemasan. Gunakan sesuai petunjuk pada kemasan. Jika sakit berlanjut hubungi dokter.,"Loratadine 5mg, Pseudoephedrine 60mg",Rinitis alergi; rinitis alergi; pilek strip; Gunakan sesuai petunjuk pada kemasan. Jika sakit berlanjut hubungi dokter.,Mulut kering,2028-12-31,Produk,/static/medicines/Rhinos Strip 10s.jpg,True,"[""otc"",""indonesia"",""chatbot-ready""]"
7692,Tremenza Tablet,Flu & Pilek,35000.0,137,"Triprolidine 2.5mg, Pseudoephedrine 60mg","Flu alergi, hidung meler berat; Gejala terkait: flu alergi; pilek tak kunjung sembuh",Sesuai aturan pakai pada kemasan. Gunakan sesuai petunjuk pada kemasan. Jika sakit berlanjut hubungi dokter.,"Triprolidine 2.5mg, Pseudoephedrine 60mg","Flu alergi, hidung meler berat; flu alergi; pilek tak kunjung sembuh; Gunakan sesuai petunjuk pada kemasan. Jika sakit berlanjut hubungi dokter.","Sangat mengantuk, mulut kering",2026-12-31,Tablet,/static/medicines/Tremenza Tablet.jpg,True,"[""otc"",""indonesia"",""chatbot-ready""]"
7693,Tremenza Sirup,Flu & Pilek,42000.0,89,"Triprolidine, Pseudoephedrine sirup",Flu alergi anak; Gejala terkait: flu alergi anak,Sesuai aturan pakai pada kemasan. Gunakan sesuai petunjuk pada kemasan. Jika sakit berlanjut hubungi dokter.,"Triprolidine, Pseudoephedrine sirup",Flu alergi anak; flu alergi anak; Gunakan sesuai petunjuk pada kemasan. Jika sakit berlanjut hubungi dokter.,"Mengantuk, mulut kering",2026-12-31,Sirup,/static/medicines/Tremenza Sirup.jpg,True,"[""otc"",""indonesia"",""chatbot-ready""]"
7694,Ternolol Strip 10s,Flu & Pilek,20000.0,133,"Paracetamol, Pseudoephedrine",Flu anak; Gejala terkait: flu anak; demam pilek,Sesuai aturan pakai pada kemasan. Gunakan sesuai petunjuk pada kemasan. Jika sakit berlanjut hubungi dokter.,"Paracetamol, Pseudoephedrine",Flu anak; flu anak; demam pilek; Gunakan sesuai petunjuk pada kemasan. Jika sakit berlanjut hubungi dokter.,Berdebar,2028-03-15,Produk,/static/medicines/Ternolol Strip 10s.jpg,True,"[""otc"",""indonesia"",""chatbot-ready""]"
7695,Ternolol Box 100s,Flu & Pilek,145000.0,90,"Paracetamol, Pseudoephedrine",Flu anak stok banyak; Gejala terkait: flu anak; stok,Sesuai aturan pakai pada kemasan. Gunakan sesuai petunjuk pada kemasan. Jika sakit berlanjut hubungi dokter.,"Paracetamol, Pseudoephedrine",Flu anak stok banyak; flu anak; stok; Gunakan sesuai petunjuk pada kemasan. Jika sakit berlanjut hubungi dokter.,Berdebar,2028-12-31,Produk,/static/medicines/Ternolol Box 100s.jpg,True,"[""otc"",""indonesia"",""chatbot-ready""]"
7696,Triaminic Sirup 60ml,Flu & Pilek,45000.0,111,"Pheniramine, Phenylephrine",Batuk pilek anak; Gejala terkait: batuk pilek anak; rhinitis anak,Sesuai aturan pakai pada kemasan. Gunakan sesuai petunjuk pada kemasan. Jika sakit berlanjut hubungi dokter.,"Pheniramine, Phenylephrine",Batuk pilek anak; batuk pilek anak; rhinitis anak; Gunakan sesuai petunjuk pada kemasan. Jika sakit berlanjut hubungi dokter.,Mengantuk,2028-12-31,Sirup,https://placehold.co/400x300/f8fafc/06b6d4?text=Triaminic+Sirup+60ml,True,"[""otc"",""indonesia"",""chatbot-ready""]"
7697,Paediatric Tempral Sirup,Flu & Pilek,35000.0,117,"Paracetamol, Phenylephrine, CTM",Flu demam anak; Gejala terkait: flu anak; demam pilek,Sesuai aturan pakai pada kemasan. Gunakan sesuai petunjuk pada kemasan. Jika sakit berlanjut hubungi dokter.,"Paracetamol, Phenylephrine, CTM",Flu demam anak; flu anak; demam pilek; Gunakan sesuai petunjuk pada kemasan. Jika sakit berlanjut hubungi dokter.,Mengantuk,2026-12-31,Sirup,https://placehold.co/400x300/f8fafc/06b6d4?text=Paediatric+Tempral+Sirup,True,"[""otc"",""indonesia"",""chatbot-ready""]"
7698,Stopcold Tablet,Flu & Pilek,12000.0,118,"Paracetamol, Pseudoephedrine, Cetirizine",Flu alergi kombinasi lengkap; Gejala terkait: flu alergi lengkap,Sesuai aturan pakai pada kemasan. Gunakan sesuai petunjuk pada kemasan. Jika sakit berlanjut hubungi dokter.,"Paracetamol, Pseudoephedrine, Cetirizine",Flu alergi kombinasi lengkap; flu alergi lengkap; Gunakan sesuai petunjuk pada kemasan. Jika sakit berlanjut hubungi dokter.,Mengantuk ringan,2028-03-15,Tablet,https://placehold.co/400x300/f8fafc/06b6d4?text=Stopcold+Tablet,True,"[""otc"",""indonesia"",""chatbot-ready""]"
7699,Promag Tablet Kunyah,Lambung & Maag,9000.0,97,"Hydrotalcite 200mg, Mg(OH)2 150mg, Simethicone 50mg","Maag, perut kembung, ulu hati perih; Gejala terkait: maag; asam lambung; kembung",Sesuai aturan pakai pada kemasan. Gunakan sesuai petunjuk pada kemasan. Jika sakit berlanjut hubungi dokter.,"Hydrotalcite 200mg, Mg(OH)2 150mg, Simethicone 50mg","Maag, perut kembung, ulu hati perih; maag; asam lambung; kembung; Gunakan sesuai petunjuk pada kemasan. Jika sakit berlanjut hubungi dokter.",Diare/sembelit ringan,2027-06-30,Tablet,/static/medicines/Promag Tablet Kunyah.jpg,True,"[""otc"",""indonesia"",""chatbot-ready""]"
7700,Promag Forte Tablet,Lambung & Maag,12000.0,165,"Hydrotalcite 500mg, Mg(OH)2, Simethicone",Maag berat dan kembung parah; Gejala terkait: maag berat; asam lambung tinggi,Sesuai aturan pakai pada kemasan. Gunakan sesuai petunjuk pada kemasan. Jika sakit berlanjut hubungi dokter.,"Hydrotalcite 500mg, Mg(OH)2, Simethicone",Maag berat dan kembung parah; maag berat; asam lambung tinggi; Gunakan sesuai petunjuk pada kemasan. Jika sakit berlanjut hubungi dokter.,Sembelit,2026-12-31,Tablet,/static/medicines/Promag Forte Tablet.jpg,True,"[""otc"",""indonesia"",""chatbot-ready""]"
7701,Promag Cair Sachet,Lambung & Maag,3000.0,142,"Hydrotalcite, Mg(OH)2, Simethicone cair",Maag akut cepat saji; Gejala terkait: maag cepat; sachet praktis,Sesuai aturan pakai pada kemasan. Gunakan sesuai petunjuk pada kemasan. Jika sakit berlanjut hubungi dokter.,"Hydrotalcite, Mg(OH)2, Simethicone cair",Maag akut cepat saji; maag cepat; sachet praktis; Gunakan sesuai petunjuk pada kemasan. Jika sakit berlanjut hubungi dokter.,Diare,2028-12-31,Sachet,/static/medicines/Promag Cair Sachet.jpg,True,"[""otc"",""indonesia"",""chatbot-ready""]"
7702,Promag Double Action,Lambung & Maag,15000.0,124,"Omeprazole 10mg, Hydrotalcite 200mg",Maag dengan asam lambung tinggi kombinasi; Gejala terkait: maag kombinasi; asam lambung,Sesuai aturan pakai pada kemasan. Gunakan sesuai petunjuk pada kemasan. Jika sakit berlanjut hubungi dokter.,"Omeprazole 10mg, Hydrotalcite 200mg",Maag dengan asam lambung tinggi kombinasi; maag kombinasi; asam lambung; Gunakan sesuai petunjuk pada kemasan. Jika sakit berlanjut hubungi dokter.,"Sakit kepala, diare",2026-12-31,Produk,/static/medicines/Promag Double Action.jpg,True,"[""otc"",""indonesia"",""chatbot-ready""]"
7703,Promag Herbal,Lambung & Maag,18000.0,93,"Temulawak, Kunyit, Menthol",Maag herbal; Gejala terkait: maag herbal; lambung herbal,Sesuai aturan pakai pada kemasan. Gunakan sesuai petunjuk pada kemasan. Jika sakit berlanjut hubungi dokter.,"Temulawak, Kunyit, Menthol",Maag herbal; maag herbal; lambung herbal; Gunakan sesuai petunjuk pada kemasan. Jika sakit berlanjut hubungi dokter.,Jarang,2028-12-31,Produk,/static/medicines/Promag Herbal.jpg,True,"[""otc"",""indonesia"",""chatbot-ready""]"
7704,Promag Botol 30ml,Lambung & Maag,12000.0,137,"Hydrotalcite, Mg(OH)2, Simethicone suspensi",Maag suspensi cair; Gejala terkait: maag cair; suspensi maag,Sesuai aturan pakai pada kemasan. Gunakan sesuai petunjuk pada kemasan. Jika sakit berlanjut hubungi dokter.,"Hydrotalcite, Mg(OH)2, Simethicone suspensi",Maag suspensi cair; maag cair; suspensi maag; Gunakan sesuai petunjuk pada kemasan. Jika sakit berlanjut hubungi dokter.,Diare/sembelit,2026-12-31,Produk,/static/medicines/Promag Botol 30ml.jpg,True,"[""otc"",""indonesia"",""chatbot-ready""]"
7705,Mylanta Tablet,Lambung & Maag,12000.0,91,"Al(OH)3 200mg, Mg(OH)2 200mg, Simethicone 20mg",Asam lambung tinggi; Gejala terkait: asam lambung naik; perih perut,Sesuai aturan pakai pada kemasan. Gunakan sesuai petunjuk pada kemasan. Jika sakit berlanjut hubungi dokter.,"Al(OH)3 200mg, Mg(OH)2 200mg, Simethicone 20mg",Asam lambung tinggi; asam lambung naik; perih perut; Gunakan sesuai petunjuk pada kemasan. Jika sakit berlanjut hubungi dokter.,Sembelit,2028-12-31,Tablet,/static/medicines/Mylanta Tablet.jpg,True,"[""otc"",""indonesia"",""chatbot-ready""]"
7706,Mylanta Cair 50 ml,Lambung & Maag,18000.0,135,"Al(OH)3, Mg(OH)2, Simethicone suspensi",Asam lambung tinggi suspensi; Gejala terkait: asam lambung; mulas,Sesuai aturan pakai pada kemasan. Gunakan sesuai petunjuk pada kemasan. Jika sakit berlanjut hubungi dokter.,"Al(OH)3, Mg(OH)2, Simethicone suspensi",Asam lambung tinggi suspensi; asam lambung; mulas; Gunakan sesuai petunjuk pada kemasan. Jika sakit berlanjut hubungi dokter.,Sembelit,2028-03-15,Produk,/static/medicines/Mylanta Cair 50 ml.jpg,True,"[""otc"",""indonesia"",""chatbot-ready""]"
7707,Mylanta Cair 150 ml,Lambung & Maag,45000.0,183,"Al(OH)3, Mg(OH)2, Simethicone suspensi besar",Asam lambung tinggi kemasan besar; Gejala terkait: asam lambung; kemasan besar,Sesuai aturan pakai pada kemasan. Gunakan sesuai petunjuk pada kemasan. Jika sakit berlanjut hubungi dokter.,"Al(OH)3, Mg(OH)2, Simethicone suspensi besar",Asam lambung tinggi kemasan besar; asam lambung; kemasan besar; Gunakan sesuai petunjuk pada kemasan. Jika sakit berlanjut hubungi dokter.,Sembelit,2027-06-30,Produk,/static/medicines/Mylanta Cair 150 ml.jpg,True,"[""otc"",""indonesia"",""chatbot-ready""]"
7708,Mylanta Strip 4s,Lambung & Maag,5000.0,94,"Al(OH)3, Mg(OH)2, Simethicone",Asam lambung strip praktis; Gejala terkait: asam lambung strip,Sesuai aturan pakai pada kemasan. Gunakan sesuai petunjuk pada kemasan. Jika sakit berlanjut hubungi dokter.,"Al(OH)3, Mg(OH)2, Simethicone",Asam lambung strip praktis; asam lambung strip; Gunakan sesuai petunjuk pada kemasan. Jika sakit berlanjut hubungi dokter.,Sembelit,2028-03-15,Produk,/static/medicines/Mylanta Strip 4s.jpg,True,"[""otc"",""indonesia"",""chatbot-ready""]"
7709,Polysilane Tablet Kunyah,Lambung & Maag,11000.0,135,"Simethicone, Al(OH)3, Mg(OH)2",Kembung dan maag; Gejala terkait: perut kembung parah; ulu hati,Sesuai aturan pakai pada kemasan. Gunakan sesuai petunjuk pada kemasan. Jika sakit berlanjut hubungi dokter.,"Simethicone, Al(OH)3, Mg(OH)2",Kembung dan maag; perut kembung parah; ulu hati; Gunakan sesuai petunjuk pada kemasan. Jika sakit berlanjut hubungi dokter.,Sembelit,2027-06-30,Tablet,/static/medicines/Polysilane Tablet Kunyah.jpg,True,"[""otc"",""indonesia"",""chatbot-ready""]"
7710,Polysilane Suspensi 100ml,Lambung & Maag,28000.0,180,"Simethicone, Al(OH)3, Mg(OH)2 suspensi",Kembung dan maag suspensi; Gejala terkait: kembung suspensi,Sesuai aturan pakai pada kemasan. Gunakan sesuai petunjuk pada kemasan. Jika sakit berlanjut hubungi dokter.,"Simethicone, Al(OH)3, Mg(OH)2 suspensi",Kembung dan maag suspensi; kembung suspensi; Gunakan sesuai petunjuk pada kemasan. Jika sakit berlanjut hubungi dokter.,Sembelit,2028-03-15,Produk,/static/medicines/Polysilane Suspensi 100ml.jpg,True,"[""otc"",""indonesia"",""chatbot-ready""]"
7711,Polysilane Max Peppermint,Lambung & Maag,15000.0,85,"Simethicone, Antasida, Menthol",Kembung dan maag rasa mint; Gejala terkait: kembung mint; maag mint,Sesuai aturan pakai pada kemasan. Gunakan sesuai petunjuk pada kemasan. Jika sakit berlanjut hubungi dokter.,"Simethicone, Antasida, Menthol",Kembung dan maag rasa mint; kembung mint; maag mint; Gunakan sesuai petunjuk pada kemasan. Jika sakit berlanjut hubungi dokter.,Sembelit,2028-12-31,Produk,/static/medicines/Polysilane Max Peppermint.jpg,True,"[""otc"",""indonesia"",""chatbot-ready""]"
7712,Waisan Sachet,Lambung & Maag,2500.0,110,"Antasida, Sodium Bicarbonate",Sakit maag sachet praktis; Gejala terkait: mual maag; perih sachet,Sesuai aturan pakai pada kemasan. Gunakan sesuai petunjuk pada kemasan. Jika sakit berlanjut hubungi dokter.,"Antasida, Sodium Bicarbonate",Sakit maag sachet praktis; mual maag; perih sachet; Gunakan sesuai petunjuk pada kemasan. Jika sakit berlanjut hubungi dokter.,"Sendawa, kembung karena gas",2027-06-30,Sachet,/static/medicines/Waisan Sachet.jpg,True,"[""otc"",""indonesia"",""chatbot-ready""]"
7713,Antasida Doen Tablet,Lambung & Maag,3000.0,157,"Al(OH)3 200mg, Mg(OH)2 200mg",Maag generik murah; Gejala terkait: maag murah; generik antasida,Sesuai aturan pakai pada kemasan. Gunakan sesuai petunjuk pada kemasan. Jika sakit berlanjut hubungi dokter.,"Al(OH)3 200mg, Mg(OH)2 200mg",Maag generik murah; maag murah; generik antasida; Gunakan sesuai petunjuk pada kemasan. Jika sakit berlanjut hubungi dokter.,Sembelit,2026-12-31,Tablet,/static/medicines/Antasida Doen Tablet.jpg,True,"[""otc"",""indonesia"",""chatbot-ready""]"
7714,Antasida Doen Sirup 60ml,Lambung & Maag,7000.0,110,"Al(OH)3, Mg(OH)2 suspensi generik",Maag suspensi generik; Gejala terkait: maag sirup generik,Sesuai aturan pakai pada kemasan. Gunakan sesuai petunjuk pada kemasan. Jika sakit berlanjut hubungi dokter.,"Al(OH)3, Mg(OH)2 suspensi generik",Maag suspensi generik; maag sirup generik; Gunakan sesuai petunjuk pada kemasan. Jika sakit berlanjut hubungi dokter.,Sembelit,2026-12-31,Sirup,/static/medicines/Antasida Doen Sirup 60ml.jpg,True,"[""otc"",""indonesia"",""chatbot-ready""]"
7715,Antasida Doen Botol 60ml,Lambung & Maag,8000.0,171,"Al(OH)3, Mg(OH)2",Maag generik botol; Gejala terkait: maag generik botol,Sesuai aturan pakai pada kemasan. Gunakan sesuai petunjuk pada kemasan. Jika sakit berlanjut hubungi dokter.,"Al(OH)3, Mg(OH)2",Maag generik botol; maag generik botol; Gunakan sesuai petunjuk pada kemasan. Jika sakit berlanjut hubungi dokter.,Sembelit,2028-03-15,Produk,/static/medicines/Antasida Doen Botol 60ml.jpg,True,"[""otc"",""indonesia"",""chatbot-ready""]"
7716,Plantacid Forte Tablet,Lambung & Maag,18000.0,173,"Al(OH)3, Mg(OH)2, Simethicone dosis tinggi",Maag dan tukak lambung; Gejala terkait: tukak lambung; maag berat,Sesuai aturan pakai pada kemasan. Gunakan sesuai petunjuk pada kemasan. Jika sakit berlanjut hubungi dokter.,"Al(OH)3, Mg(OH)2, Simethicone dosis tinggi",Maag dan tukak lambung; tukak lambung; maag berat; Gunakan sesuai petunjuk pada kemasan. Jika sakit berlanjut hubungi dokter.,Sembelit,2028-03-15,Tablet,/static/medicines/Plantacid Forte Tablet.jpg,True,"[""otc"",""indonesia"",""chatbot-ready""]"
7717,Plantacid Sirup 100ml,Lambung & Maag,35000.0,122,"Al(OH)3, Mg(OH)2, Simethicone sirup",Tukak lambung sirup; Gejala terkait: tukak lambung sirup,Sesuai aturan pakai pada kemasan. Gunakan sesuai petunjuk pada kemasan. Jika sakit berlanjut hubungi dokter.,"Al(OH)3, Mg(OH)2, Simethicone sirup",Tukak lambung sirup; tukak lambung sirup; Gunakan sesuai petunjuk pada kemasan. Jika sakit berlanjut hubungi dokter.,Sembelit,2028-12-31,Sirup,/static/medicines/Plantacid Sirup 100ml.jpg,True,"[""otc"",""indonesia"",""chatbot-ready""]"
7718,Plantacid Forte Sirup 100ml,Lambung & Maag,45000.0,181,"Al(OH)3, Mg(OH)2, Simethicone forte sirup",Tukak lambung berat; Gejala terkait: tukak lambung berat sirup,Sesuai aturan pakai pada kemasan. Gunakan sesuai petunjuk pada kemasan. Jika sakit berlanjut hubungi dokter.,"Al(OH)3, Mg(OH)2, Simethicone forte sirup",Tukak lambung berat; tukak lambung berat sirup; Gunakan sesuai petunjuk pada kemasan. Jika sakit berlanjut hubungi dokter.,Sembelit,2027-06-30,Sirup,/static/medicines/Plantacid Forte Sirup 100ml.jpg,True,"[""otc"",""indonesia"",""chatbot-ready""]"
7719,Omeprazole Kapsul 20mg,Lambung & Maag,15000.0,159,Omeprazole 20mg,"GERD, maag kronis, tukak lambung; Gejala terkait: gerd; asam lambung kronis; maag berat",Sesuai aturan pakai pada kemasan. Gunakan sesuai petunjuk pada kemasan. Jika sakit berlanjut hubungi dokter.,Omeprazole 20mg,"GERD, maag kronis, tukak lambung; gerd; asam lambung kronis; maag berat; Gunakan sesuai petunjuk pada kemasan. Jika sakit berlanjut hubungi dokter.","Sakit kepala, diare",2026-12-31,Produk,/static/medicines/Omeprazole Kapsul 20mg.jpg,True,"[""otc"",""indonesia"",""chatbot-ready""]"
7720,Omeprazole Strip 10s,Lambung & Maag,12000.0,99,Omeprazole 20mg,GERD strip praktis; Gejala terkait: gerd strip; asam lambung,Sesuai aturan pakai pada kemasan. Gunakan sesuai petunjuk pada kemasan. Jika sakit berlanjut hubungi dokter.,Omeprazole 20mg,GERD strip praktis; gerd strip; asam lambung; Gunakan sesuai petunjuk pada kemasan. Jika sakit berlanjut hubungi dokter.,Sakit kepala,2026-12-31,Produk,/static/medicines/Omeprazole Strip 10s.jpg,True,"[""otc"",""indonesia"",""chatbot-ready""]"
7721,Lansoprazole Kapsul 30mg,Lambung & Maag,25000.0,117,Lansoprazole 30mg,"GERD berat, tukak lambung; Gejala terkait: gerd berat; maag tidak sembuh",Sesuai aturan pakai pada kemasan. Gunakan sesuai petunjuk pada kemasan. Jika sakit berlanjut hubungi dokter.,Lansoprazole 30mg,"GERD berat, tukak lambung; gerd berat; maag tidak sembuh; Gunakan sesuai petunjuk pada kemasan. Jika sakit berlanjut hubungi dokter.","Diare, sakit kepala",2026-12-31,Produk,/static/medicines/Lansoprazole Kapsul 30mg.jpg,True,"[""otc"",""indonesia"",""chatbot-ready""]"
7722,Polycrol Forte Tablet,Lambung & Maag,22000.0,127,"Simethicone, Antasida",Kembung keras dan maag; Gejala terkait: kembung keras; lambung penuh,Sesuai aturan pakai pada kemasan. Gunakan sesuai petunjuk pada kemasan. Jika sakit berlanjut hubungi dokter.,"Simethicone, Antasida",Kembung keras dan maag; kembung keras; lambung penuh; Gunakan sesuai petunjuk pada kemasan. Jika sakit berlanjut hubungi dokter.,Konstipasi,2028-03-15,Tablet,/static/medicines/Polycrol Forte Tablet.jpg,True,"[""otc"",""indonesia"",""chatbot-ready""]"
7723,Polycrol Forte Gel 100ml,Lambung & Maag,42000.0,134,"Simethicone, Antasida gel",Maag dengan kembung berat gel; Gejala terkait: kembung gel; lambung perih,Sesuai aturan pakai pada kemasan. Gunakan sesuai petunjuk pada kemasan. Jika sakit berlanjut hubungi dokter.,"Simethicone, Antasida gel",Maag dengan kembung berat gel; kembung gel; lambung perih; Gunakan sesuai petunjuk pada kemasan. Jika sakit berlanjut hubungi dokter.,Konstipasi,2027-06-30,Topikal,/static/medicines/Polycrol Forte Gel 100ml.jpg,True,"[""otc"",""indonesia"",""chatbot-ready""]"
7724,Ranitidine Tablet 150mg,Lambung & Maag,8000.0,117,Ranitidine HCl 150mg,Maag dan GERD (H2 blocker); Gejala terkait: maag h2 blocker; gerd; asam lambung,Sesuai aturan pakai pada kemasan. Gunakan sesuai petunjuk pada kemasan. Jika sakit berlanjut hubungi dokter.,Ranitidine HCl 150mg,Maag dan GERD (H2 blocker); maag h2 blocker; gerd; asam lambung; Gunakan sesuai petunjuk pada kemasan. Jika sakit berlanjut hubungi dokter.,"Sakit kepala, pusing",2027-06-30,Tablet,https://placehold.co/400x300/f8fafc/10b981?text=Ranitidine+Tablet+150mg,True,"[""otc"",""indonesia"",""chatbot-ready""]"
7725,Sucralfate Suspensi,Lambung & Maag,35000.0,181,Sucralfate 500mg/5ml,Tukak lambung dan GERD pelindung mukosa; Gejala terkait: tukak lambung pelindung; gerd,Sesuai aturan pakai pada kemasan. Gunakan sesuai petunjuk pada kemasan. Jika sakit berlanjut hubungi dokter.,Sucralfate 500mg/5ml,Tukak lambung dan GERD pelindung mukosa; tukak lambung pelindung; gerd; Gunakan sesuai petunjuk pada kemasan. Jika sakit berlanjut hubungi dokter.,Sembelit,2027-06-30,Produk,https://placehold.co/400x300/f8fafc/10b981?text=Sucralfate+Suspensi,True,"[""otc"",""indonesia"",""chatbot-ready""]"
7726,Gasmotin Tablet,Lambung & Maag,45000.0,108,Mosapride Citrate 5mg,"Dispepsia, lambung lambat, mual; Gejala terkait: lambung lambat; dispepsia; mual",Sesuai aturan pakai pada kemasan. Gunakan sesuai petunjuk pada kemasan. Jika sakit berlanjut hubungi dokter.,Mosapride Citrate 5mg,"Dispepsia, lambung lambat, mual; lambung lambat; dispepsia; mual; Gunakan sesuai petunjuk pada kemasan. Jika sakit berlanjut hubungi dokter.","Diare, nyeri kepala",2028-03-15,Tablet,https://placehold.co/400x300/f8fafc/10b981?text=Gasmotin+Tablet,True,"[""otc"",""indonesia"",""chatbot-ready""]"
7727,Nairet Tablet,Lambung & Maag,25000.0,120,Bismuth Subcitrate,Tukak lambung H. pylori; Gejala terkait: helicobacter pylori; tukak lambung,Sesuai aturan pakai pada kemasan. Gunakan sesuai petunjuk pada kemasan. Jika sakit berlanjut hubungi dokter.,Bismuth Subcitrate,Tukak lambung H. pylori; helicobacter pylori; tukak lambung; Gunakan sesuai petunjuk pada kemasan. Jika sakit berlanjut hubungi dokter.,"Feses hitam, mual",2026-12-31,Tablet,https://placehold.co/400x300/f8fafc/10b981?text=Nairet+Tablet,True,"[""otc"",""indonesia"",""chatbot-ready""]"
7728,Entrostop Tablet,Pencernaan & Diare,9000.0,163,"Attapulgite 300mg, Pectin 100mg",Diare non-spesifik; Gejala terkait: diare; mencret; mulas,Sesuai aturan pakai pada kemasan. Gunakan sesuai petunjuk pada kemasan. Jika sakit berlanjut hubungi dokter.,"Attapulgite 300mg, Pectin 100mg",Diare non-spesifik; diare; mencret; mulas; Gunakan sesuai petunjuk pada kemasan. Jika sakit berlanjut hubungi dokter.,"Sembelit, mual",2028-03-15,Tablet,/static/medicines/Entrostop Tablet.jpg,True,"[""otc"",""indonesia"",""chatbot-ready""]"
7729,Entrostop Anak Sirup,Pencernaan & Diare,18000.0,83,"Attapulgite, Pectin sirup anak",Diare anak; Gejala terkait: diare anak; mencret anak,Sesuai aturan pakai pada kemasan. Gunakan sesuai petunjuk pada kemasan. Jika sakit berlanjut hubungi dokter.,"Attapulgite, Pectin sirup anak",Diare anak; diare anak; mencret anak; Gunakan sesuai petunjuk pada kemasan. Jika sakit berlanjut hubungi dokter.,Sembelit,2028-03-15,Sirup,/static/medicines/Entrostop Anak Sirup.jpg,True,"[""otc"",""indonesia"",""chatbot-ready""]"
7730,Diatabs Tablet,Pencernaan & Diare,7500.0,154,Attapulgite 600mg,Diare menyerap racun; Gejala terkait: diare keracunan; mencret air,Sesuai aturan pakai pada kemasan. Gunakan sesuai petunjuk pada kemasan. Jika sakit berlanjut hubungi dokter.,Attapulgite 600mg,Diare menyerap racun; diare keracunan; mencret air; Gunakan sesuai petunjuk pada kemasan. Jika sakit berlanjut hubungi dokter.,Sembelit,2028-12-31,Tablet,/static/medicines/Diatabs Tablet.jpg,True,"[""otc"",""indonesia"",""chatbot-ready""]"
7731,Diapet Kapsul Strip 4s,Pencernaan & Diare,3500.0,138,"Daun Jambu Biji, Kunyit",Diare herbal; Gejala terkait: diare herbal; mules,Sesuai aturan pakai pada kemasan. Gunakan sesuai petunjuk pada kemasan. Jika sakit berlanjut hubungi dokter.,"Daun Jambu Biji, Kunyit",Diare herbal; diare herbal; mules; Gunakan sesuai petunjuk pada kemasan. Jika sakit berlanjut hubungi dokter.,Jarang,2027-06-30,Produk,/static/medicines/Diapet Kapsul Strip 4s.jpg,True,"[""otc"",""indonesia"",""chatbot-ready""]"
7732,Diapet Kapsul Strip 10s,Pencernaan & Diare,8000.0,83,"Daun Jambu Biji, Kunyit",Diare herbal kemasan besar; Gejala terkait: diare herbal,Sesuai aturan pakai pada kemasan. Gunakan sesuai petunjuk pada kemasan. Jika sakit berlanjut hubungi dokter.,"Daun Jambu Biji, Kunyit",Diare herbal kemasan besar; diare herbal; Gunakan sesuai petunjuk pada kemasan. Jika sakit berlanjut hubungi dokter.,Jarang,2028-12-31,Produk,/static/medicines/Diapet Kapsul Strip 10s.jpg,True,"[""otc"",""indonesia"",""chatbot-ready""]"
7733,Diapet Anak Sirup,Pencernaan & Diare,15000.0,155,"Daun Jambu Biji, Kunyit sirup",Diare anak herbal; Gejala terkait: diare anak herbal; mencret anak,Sesuai aturan pakai pada kemasan. Gunakan sesuai petunjuk pada kemasan. Jika sakit berlanjut hubungi dokter.,"Daun Jambu Biji, Kunyit sirup",Diare anak herbal; diare anak herbal; mencret anak; Gunakan sesuai petunjuk pada kemasan. Jika sakit berlanjut hubungi dokter.,Jarang,2027-06-30,Sirup,/static/medicines/Diapet Anak Sirup.jpg,True,"[""otc"",""indonesia"",""chatbot-ready""]"
7734,Diapet Box isi 120 Tablet,Pencernaan & Diare,65000.0,118,"Daun Jambu Biji, Kunyit tablet",Diare herbal stok besar; Gejala terkait: diare herbal besar,Sesuai aturan pakai pada kemasan. Gunakan sesuai petunjuk pada kemasan. Jika sakit berlanjut hubungi dokter.,"Daun Jambu Biji, Kunyit tablet",Diare herbal stok besar; diare herbal besar; Gunakan sesuai petunjuk pada kemasan. Jika sakit berlanjut hubungi dokter.,Jarang,2027-06-30,Tablet,/static/medicines/Diapet Box isi 120 Tablet.jpg,True,"[""otc"",""indonesia"",""chatbot-ready""]"
7735,Norit Tube (40 Tablet),Pencernaan & Diare,25000.0,133,Activated Charcoal 260mg,"Keracunan makanan, kembung berlebih; Gejala terkait: keracunan makanan; salah makan; norit",Sesuai aturan pakai pada kemasan. Gunakan sesuai petunjuk pada kemasan. Jika sakit berlanjut hubungi dokter.,Activated Charcoal 260mg,"Keracunan makanan, kembung berlebih; keracunan makanan; salah makan; norit; Gunakan sesuai petunjuk pada kemasan. Jika sakit berlanjut hubungi dokter.",Feses hitam,2028-03-15,Tablet,/static/medicines/Norit Tube (40 Tablet).jpg,True,"[""otc"",""indonesia"",""chatbot-ready""]"
7736,Norit Box 50s,Pencernaan & Diare,30000.0,137,Activated Charcoal 260mg,Keracunan makanan stok; Gejala terkait: keracunan; norit,Sesuai aturan pakai pada kemasan. Gunakan sesuai petunjuk pada kemasan. Jika sakit berlanjut hubungi dokter.,Activated Charcoal 260mg,Keracunan makanan stok; keracunan; norit; Gunakan sesuai petunjuk pada kemasan. Jika sakit berlanjut hubungi dokter.,Feses hitam,2026-12-31,Produk,/static/medicines/Norit Box 50s.jpg,True,"[""otc"",""indonesia"",""chatbot-ready""]"
7737,Dulcolax Tablet 5 mg,Pencernaan & Diare,22000.0,149,Bisacodyl 5mg,Sembelit; Gejala terkait: susah bab; sembelit; pencahar,Sesuai aturan pakai pada kemasan. Gunakan sesuai petunjuk pada kemasan. Jika sakit berlanjut hubungi dokter.,Bisacodyl 5mg,Sembelit; susah bab; sembelit; pencahar; Gunakan sesuai petunjuk pada kemasan. Jika sakit berlanjut hubungi dokter.,"Kram perut, diare",2027-06-30,Tablet,/static/medicines/Dulcolax Tablet 5 mg.jpg,True,"[""otc"",""indonesia"",""chatbot-ready""]"
7738,Dulcolax Suppositoria 10mg,Pencernaan & Diare,35000.0,163,Bisacodyl 10mg,Sembelit dengan suppositoria dewasa; Gejala terkait: sembelit berat; suppositoria dewasa,Sesuai aturan pakai pada kemasan. Gunakan sesuai petunjuk pada kemasan. Jika sakit berlanjut hubungi dokter.,Bisacodyl 10mg,Sembelit dengan suppositoria dewasa; sembelit berat; suppositoria dewasa; Gunakan sesuai petunjuk pada kemasan. Jika sakit berlanjut hubungi dokter.,Kram perut,2028-03-15,Produk,/static/medicines/Dulcolax Suppositoria 10mg.jpg,True,"[""otc"",""indonesia"",""chatbot-ready""]"
7739,Dulcolax Anak Suppositoria 5mg,Pencernaan & Diare,30000.0,182,Bisacodyl 5mg,Sembelit anak dengan suppositoria; Gejala terkait: sembelit anak; suppositoria anak,Sesuai aturan pakai pada kemasan. Gunakan sesuai petunjuk pada kemasan. Jika sakit berlanjut hubungi dokter.,Bisacodyl 5mg,Sembelit anak dengan suppositoria; sembelit anak; suppositoria anak; Gunakan sesuai petunjuk pada kemasan. Jika sakit berlanjut hubungi dokter.,Kram perut,2027-06-30,Produk,/static/medicines/Dulcolax Anak Suppositoria 5mg.jpg,True,"[""otc"",""indonesia"",""chatbot-ready""]"
7740,Dulcolax Botol 120ml,Pencernaan & Diare,35000.0,82,Bisacodyl 5mg/5ml sirup,Sembelit sirup; Gejala terkait: sembelit sirup; susah bab sirup,Sesuai aturan pakai pada kemasan. Gunakan sesuai petunjuk pada kemasan. Jika sakit berlanjut hubungi dokter.,Bisacodyl 5mg/5ml sirup,Sembelit sirup; sembelit sirup; susah bab sirup; Gunakan sesuai petunjuk pada kemasan. Jika sakit berlanjut hubungi dokter.,"Kram perut, mual",2028-03-15,Produk,/static/medicines/Dulcolax Botol 120ml.jpg,True,"[""otc"",""indonesia"",""chatbot-ready""]"
7741,Microlax Tube 5ml,Pencernaan & Diare,28000.0,128,"Na Lauryl Sulfoacetate, Sorbitol",Sembelit segera cair; Gejala terkait: bab keras; sembelit parah; pencahar instan,Sesuai aturan pakai pada kemasan. Gunakan sesuai petunjuk pada kemasan. Jika sakit berlanjut hubungi dokter.,"Na Lauryl Sulfoacetate, Sorbitol",Sembelit segera cair; bab keras; sembelit parah; pencahar instan; Gunakan sesuai petunjuk pada kemasan. Jika sakit berlanjut hubungi dokter.,Ketidaknyamanan anus,2028-03-15,Produk,/static/medicines/Microlax Tube 5ml.jpg,True,"[""otc"",""indonesia"",""chatbot-ready""]"
7742,Oralit Sachet,Pencernaan & Diare,1000.0,130,"Glukosa 20g, NaCl 3.5g, KCl 1.5g, NaHCO3 2.5g",Rehidrasi saat diare; Gejala terkait: dehidrasi diare; oralit; cairan tubuh,Sesuai aturan pakai pada kemasan. Gunakan sesuai petunjuk pada kemasan. Jika sakit berlanjut hubungi dokter.,"Glukosa 20g, NaCl 3.5g, KCl 1.5g, NaHCO3 2.5g",Rehidrasi saat diare; dehidrasi diare; oralit; cairan tubuh; Gunakan sesuai petunjuk pada kemasan. Jika sakit berlanjut hubungi dokter.,Mual bila terlalu cepat,2027-06-30,Sachet,/static/medicines/Oralit Sachet.jpg,True,"[""otc"",""indonesia"",""chatbot-ready""]"
7743,Lodia Tablet,Pencernaan & Diare,25000.0,179,Loperamide HCl 2mg,Diare akut menghentikan segera; Gejala terkait: diare akut parah; diare air,Sesuai aturan pakai pada kemasan. Gunakan sesuai petunjuk pada kemasan. Jika sakit berlanjut hubungi dokter.,Loperamide HCl 2mg,Diare akut menghentikan segera; diare akut parah; diare air; Gunakan sesuai petunjuk pada kemasan. Jika sakit berlanjut hubungi dokter.,"Sembelit, pusing",2027-06-30,Tablet,/static/medicines/Lodia Tablet.jpg,True,"[""otc"",""indonesia"",""chatbot-ready""]"
7744,Lodia Box 100s,Pencernaan & Diare,180000.0,158,Loperamide HCl 2mg,Diare akut stok besar; Gejala terkait: diare akut stok,Sesuai aturan pakai pada kemasan. Gunakan sesuai petunjuk pada kemasan. Jika sakit berlanjut hubungi dokter.,Loperamide HCl 2mg,Diare akut stok besar; diare akut stok; Gunakan sesuai petunjuk pada kemasan. Jika sakit berlanjut hubungi dokter.,Sembelit,2027-06-30,Produk,/static/medicines/Lodia Box 100s.jpg,True,"[""otc"",""indonesia"",""chatbot-ready""]"
7745,Lacto-B Sachet,Pencernaan & Diare,8000.0,185,"Lactobacillus acidophilus, L. bulgaricus, Streptococcus thermophilus",Diare anak + probiotik; Gejala terkait: probiotik diare; mencret anak; flora usus,Sesuai aturan pakai pada kemasan. Gunakan sesuai petunjuk pada kemasan. Jika sakit berlanjut hubungi dokter.,"Lactobacillus acidophilus, L. bulgaricus, Streptococcus thermophilus",Diare anak + probiotik; probiotik diare; mencret anak; flora usus; Gunakan sesuai petunjuk pada kemasan. Jika sakit berlanjut hubungi dokter.,Jarang,2027-06-30,Sachet,/static/medicines/Lacto-B Sachet.jpg,True,"[""otc"",""indonesia"",""chatbot-ready""]"
7746,Liprolac Sachet,Pencernaan & Diare,9000.0,174,Multi-strain probiotik,Kesehatan pencernaan; Gejala terkait: probiotik; pencernaan sehat,Sesuai aturan pakai pada kemasan. Gunakan sesuai petunjuk pada kemasan. Jika sakit berlanjut hubungi dokter.,Multi-strain probiotik,Kesehatan pencernaan; probiotik; pencernaan sehat; Gunakan sesuai petunjuk pada kemasan. Jika sakit berlanjut hubungi dokter.,Jarang,2028-12-31,Sachet,/static/medicines/Liprolac Sachet.jpg,True,"[""otc"",""indonesia"",""chatbot-ready""]"
7747,Liprolac Baby Drops,Pencernaan & Diare,150000.0,109,Multi-strain probiotik drops,Pencernaan bayi sehat; Gejala terkait: probiotik bayi; kolik bayi,Sesuai aturan pakai pada kemasan. Gunakan sesuai petunjuk pada kemasan. Jika sakit berlanjut hubungi dokter.,Multi-strain probiotik drops,Pencernaan bayi sehat; probiotik bayi; kolik bayi; Gunakan sesuai petunjuk pada kemasan. Jika sakit berlanjut hubungi dokter.,Jarang,2028-03-15,Produk,/static/medicines/Liprolac Baby Drops.jpg,True,"[""otc"",""indonesia"",""chatbot-ready""]"
7748,Liprolac Botol 30ml,Pencernaan & Diare,45000.0,120,Multi-strain probiotik sirup,Pencernaan anak; Gejala terkait: probiotik anak,Sesuai aturan pakai pada kemasan. Gunakan sesuai petunjuk pada kemasan. Jika sakit berlanjut hubungi dokter.,Multi-strain probiotik sirup,Pencernaan anak; probiotik anak; Gunakan sesuai petunjuk pada kemasan. Jika sakit berlanjut hubungi dokter.,Jarang,2026-12-31,Produk,/static/medicines/Liprolac Botol 30ml.jpg,True,"[""otc"",""indonesia"",""chatbot-ready""]"
7749,Liprolac Botol 120ml,Pencernaan & Diare,85000.0,121,Multi-strain probiotik sirup besar,Pencernaan keluarga; Gejala terkait: probiotik keluarga,Sesuai aturan pakai pada kemasan. Gunakan sesuai petunjuk pada kemasan. Jika sakit berlanjut hubungi dokter.,Multi-strain probiotik sirup besar,Pencernaan keluarga; probiotik keluarga; Gunakan sesuai petunjuk pada kemasan. Jika sakit berlanjut hubungi dokter.,Jarang,2028-03-15,Produk,/static/medicines/Liprolac Botol 120ml.jpg,True,"[""otc"",""indonesia"",""chatbot-ready""]"
7750,Plantago Ovata Granul,Pencernaan & Diare,45000.0,98,Psyllium Husk,Sembelit kronis dan melancarkan BAB; Gejala terkait: sembelit kronis; konstipasi; BAB tidak lancar,Sesuai aturan pakai pada kemasan. Gunakan sesuai petunjuk pada kemasan. Jika sakit berlanjut hubungi dokter.,Psyllium Husk,Sembelit kronis dan melancarkan BAB; sembelit kronis; konstipasi; BAB tidak lancar; Gunakan sesuai petunjuk pada kemasan. Jika sakit berlanjut hubungi dokter.,Kembung sementara,2026-12-31,Produk,https://placehold.co/400x300/f8fafc/f59e0b?text=Plantago+Ovata+Granul,True,"[""otc"",""indonesia"",""chatbot-ready""]"
7751,Biolysin Sirup,Pencernaan & Diare,38000.0,137,"Lysine, Vitamin B Kompleks, Zinc",Nafsu makan anak; Gejala terkait: nafsu makan anak; anak susah makan,Sesuai aturan pakai pada kemasan. Gunakan sesuai petunjuk pada kemasan. Jika sakit berlanjut hubungi dokter.,"Lysine, Vitamin B Kompleks, Zinc",Nafsu makan anak; nafsu makan anak; anak susah makan; Gunakan sesuai petunjuk pada kemasan. Jika sakit berlanjut hubungi dokter.,Jarang,2026-12-31,Sirup,https://placehold.co/400x300/f8fafc/f59e0b?text=Biolysin+Sirup,True,"[""otc"",""indonesia"",""chatbot-ready""]"
7752,Curcuma Plus Sirup,Pencernaan & Diare,45000.0,156,"Curcuma Xanthorrhiza, Vitamin, Zinc","Nafsu makan kurang, pencernaan; Gejala terkait: nafsu makan; anak kurus; curcuma",Sesuai aturan pakai pada kemasan. Gunakan sesuai petunjuk pada kemasan. Jika sakit berlanjut hubungi dokter.,"Curcuma Xanthorrhiza, Vitamin, Zinc","Nafsu makan kurang, pencernaan; nafsu makan; anak kurus; curcuma; Gunakan sesuai petunjuk pada kemasan. Jika sakit berlanjut hubungi dokter.",Jarang,2026-12-31,Sirup,https://placehold.co/400x300/f8fafc/f59e0b?text=Curcuma+Plus+Sirup,True,"[""otc"",""indonesia"",""chatbot-ready""]"
7753,Scott's Emulsion,Pencernaan & Diare,55000.0,185,"Cod Liver Oil, Calcium, Vitamin A & D","Nafsu makan, daya tahan, pertumbuhan; Gejala terkait: minyak ikan; nafsu makan; vitamin ad",Sesuai aturan pakai pada kemasan. Gunakan sesuai petunjuk pada kemasan. Jika sakit berlanjut hubungi dokter.,"Cod Liver Oil, Calcium, Vitamin A & D","Nafsu makan, daya tahan, pertumbuhan; minyak ikan; nafsu makan; vitamin ad; Gunakan sesuai petunjuk pada kemasan. Jika sakit berlanjut hubungi dokter.",Mual bila berlebih,2028-03-15,Produk,https://placehold.co/400x300/f8fafc/f59e0b?text=Scott's+Emulsion,True,"[""otc"",""indonesia"",""chatbot-ready""]"
7754,Noprovit Sirup,Pencernaan & Diare,35000.0,167,"Zinc, Vitamin B1, B6, B12",Nafsu makan anak; Gejala terkait: nafsu makan anak; zinc,Sesuai aturan pakai pada kemasan. Gunakan sesuai petunjuk pada kemasan. Jika sakit berlanjut hubungi dokter.,"Zinc, Vitamin B1, B6, B12",Nafsu makan anak; nafsu makan anak; zinc; Gunakan sesuai petunjuk pada kemasan. Jika sakit berlanjut hubungi dokter.,Jarang,2027-06-30,Sirup,https://placehold.co/400x300/f8fafc/f59e0b?text=Noprovit+Sirup,True,"[""otc"",""indonesia"",""chatbot-ready""]"
7755,Enervon C Strip 4s,Suplemen,5000.0,98,"Vitamin C 500mg, Vitamin B Kompleks",Daya tahan tubuh; Gejala terkait: imun; vitamin c; capek,Sesuai aturan pakai pada kemasan. Gunakan sesuai petunjuk pada kemasan. Jika sakit berlanjut hubungi dokter.,"Vitamin C 500mg, Vitamin B Kompleks",Daya tahan tubuh; imun; vitamin c; capek; Gunakan sesuai petunjuk pada kemasan. Jika sakit berlanjut hubungi dokter.,Urin kuning cerah,2028-03-15,Produk,/static/medicines/Enervon C Strip 4s.jpg,True,"[""otc"",""indonesia"",""chatbot-ready""]"
7756,Enervon C Effervescent,Suplemen,35000.0,132,"Vitamin C 1000mg, Vitamin B Kompleks effervescent",Daya tahan dan energi; Gejala terkait: imun effervescent; vitamin c tinggi,Sesuai aturan pakai pada kemasan. Gunakan sesuai petunjuk pada kemasan. Jika sakit berlanjut hubungi dokter.,"Vitamin C 1000mg, Vitamin B Kompleks effervescent",Daya tahan dan energi; imun effervescent; vitamin c tinggi; Gunakan sesuai petunjuk pada kemasan. Jika sakit berlanjut hubungi dokter.,Kembung,2026-12-31,Produk,/static/medicines/Enervon C Effervescent.jpg,True,"[""otc"",""indonesia"",""chatbot-ready""]"
7757,Enervon C Plus Sirup,Suplemen,25000.0,167,"Vitamin C 100mg, Vitamin B Kompleks sirup",Daya tahan anak; Gejala terkait: vitamin c anak; imun anak,Sesuai aturan pakai pada kemasan. Gunakan sesuai petunjuk pada kemasan. Jika sakit berlanjut hubungi dokter.,"Vitamin C 100mg, Vitamin B Kompleks sirup",Daya tahan anak; vitamin c anak; imun anak; Gunakan sesuai petunjuk pada kemasan. Jika sakit berlanjut hubungi dokter.,Urin kuning,2027-06-30,Sirup,/static/medicines/Enervon C Plus Sirup.jpg,True,"[""otc"",""indonesia"",""chatbot-ready""]"
7758,Vitacimin Lemon Strip,Suplemen,2500.0,81,Vitamin C 500mg hisap rasa lemon,Suplemen Vitamin C hisap; Gejala terkait: vitamin hisap; sariawan; vitamin c,Sesuai aturan pakai pada kemasan. Gunakan sesuai petunjuk pada kemasan. Jika sakit berlanjut hubungi dokter.,Vitamin C 500mg hisap rasa lemon,Suplemen Vitamin C hisap; vitamin hisap; sariawan; vitamin c; Gunakan sesuai petunjuk pada kemasan. Jika sakit berlanjut hubungi dokter.,Nyeri lambung,2027-06-30,Produk,/static/medicines/Vitacimin Lemon Strip.jpg,True,"[""otc"",""indonesia"",""chatbot-ready""]"
7759,Vitacimin Sweet Orange Strip,Suplemen,2500.0,175,Vitamin C 500mg hisap rasa jeruk,Suplemen Vitamin C hisap; Gejala terkait: vitamin hisap; jeruk,Sesuai aturan pakai pada kemasan. Gunakan sesuai petunjuk pada kemasan. Jika sakit berlanjut hubungi dokter.,Vitamin C 500mg hisap rasa jeruk,Suplemen Vitamin C hisap; vitamin hisap; jeruk; Gunakan sesuai petunjuk pada kemasan. Jika sakit berlanjut hubungi dokter.,Nyeri lambung,2028-12-31,Produk,/static/medicines/Vitacimin Sweet Orange Strip.jpg,True,"[""otc"",""indonesia"",""chatbot-ready""]"
7760,Vitacimin Blueberry Strip,Suplemen,2500.0,152,Vitamin C 500mg hisap rasa blueberry,Suplemen Vitamin C hisap; Gejala terkait: vitamin hisap; blueberry,Sesuai aturan pakai pada kemasan. Gunakan sesuai petunjuk pada kemasan. Jika sakit berlanjut hubungi dokter.,Vitamin C 500mg hisap rasa blueberry,Suplemen Vitamin C hisap; vitamin hisap; blueberry; Gunakan sesuai petunjuk pada kemasan. Jika sakit berlanjut hubungi dokter.,Nyeri lambung,2026-12-31,Produk,/static/medicines/Vitacimin Blueberry Strip.jpg,True,"[""otc"",""indonesia"",""chatbot-ready""]"
7761,Vitacimin Box 100s,Suplemen,65000.0,105,Vitamin C 500mg hisap,Vitamin C stok besar; Gejala terkait: vitamin c stok besar,Sesuai aturan pakai pada kemasan. Gunakan sesuai petunjuk pada kemasan. Jika sakit berlanjut hubungi dokter.,Vitamin C 500mg hisap,Vitamin C stok besar; vitamin c stok besar; Gunakan sesuai petunjuk pada kemasan. Jika sakit berlanjut hubungi dokter.,Nyeri lambung,2028-12-31,Produk,/static/medicines/Vitacimin Box 100s.jpg,True,"[""otc"",""indonesia"",""chatbot-ready""]"
7762,Vicee Strawberry Strip,Suplemen,2000.0,93,Vitamin C 500mg rasa stroberi,Suplemen Vitamin C; Gejala terkait: vitamin c stroberi; imun,Sesuai aturan pakai pada kemasan. Gunakan sesuai petunjuk pada kemasan. Jika sakit berlanjut hubungi dokter.,Vitamin C 500mg rasa stroberi,Suplemen Vitamin C; vitamin c stroberi; imun; Gunakan sesuai petunjuk pada kemasan. Jika sakit berlanjut hubungi dokter.,Nyeri lambung,2027-06-30,Produk,/static/medicines/Vicee Strawberry Strip.jpg,True,"[""otc"",""indonesia"",""chatbot-ready""]"
7763,Vicee Orange Strip,Suplemen,2000.0,117,Vitamin C 500mg rasa jeruk,Suplemen Vitamin C; Gejala terkait: vitamin c jeruk; imun,Sesuai aturan pakai pada kemasan. Gunakan sesuai petunjuk pada kemasan. Jika sakit berlanjut hubungi dokter.,Vitamin C 500mg rasa jeruk,Suplemen Vitamin C; vitamin c jeruk; imun; Gunakan sesuai petunjuk pada kemasan. Jika sakit berlanjut hubungi dokter.,Nyeri lambung,2026-12-31,Produk,/static/medicines/Vicee Orange Strip.jpg,True,"[""otc"",""indonesia"",""chatbot-ready""]"
7764,Imboost Strip 4s,Suplemen,20000.0,187,"Echinacea purpurea 250mg, Zinc 10mg, Vitamin C",Meningkatkan imun tubuh; Gejala terkait: sistem imun; cegah sakit; echinacea,Sesuai aturan pakai pada kemasan. Gunakan sesuai petunjuk pada kemasan. Jika sakit berlanjut hubungi dokter.,"Echinacea purpurea 250mg, Zinc 10mg, Vitamin C",Meningkatkan imun tubuh; sistem imun; cegah sakit; echinacea; Gunakan sesuai petunjuk pada kemasan. Jika sakit berlanjut hubungi dokter.,Alergi (jarang),2028-12-31,Produk,/static/medicines/Imboost Strip 4s.jpg,True,"[""otc"",""indonesia"",""chatbot-ready""]"
7765,Imboost Force Tablet,Suplemen,65000.0,180,"Echinacea, Zinc, Vitamin C, Elderberry",Imun booster tingkat lanjut; Gejala terkait: imun booster; elderberry,Sesuai aturan pakai pada kemasan. Gunakan sesuai petunjuk pada kemasan. Jika sakit berlanjut hubungi dokter.,"Echinacea, Zinc, Vitamin C, Elderberry",Imun booster tingkat lanjut; imun booster; elderberry; Gunakan sesuai petunjuk pada kemasan. Jika sakit berlanjut hubungi dokter.,Alergi jarang,2028-03-15,Tablet,/static/medicines/Imboost Force Tablet.jpg,True,"[""otc"",""indonesia"",""chatbot-ready""]"
7766,Imboost Kids Sirup,Suplemen,40000.0,82,"Echinacea, Zinc, Vitamin C sirup anak",Imun anak sering sakit; Gejala terkait: imun anak; anak sering sakit,Sesuai aturan pakai pada kemasan. Gunakan sesuai petunjuk pada kemasan. Jika sakit berlanjut hubungi dokter.,"Echinacea, Zinc, Vitamin C sirup anak",Imun anak sering sakit; imun anak; anak sering sakit; Gunakan sesuai petunjuk pada kemasan. Jika sakit berlanjut hubungi dokter.,Jarang,2028-12-31,Sirup,/static/medicines/Imboost Kids Sirup.jpg,True,"[""otc"",""indonesia"",""chatbot-ready""]"
7767,Imboost Extra Vitamin C,Suplemen,45000.0,113,"Echinacea, Zinc, Vitamin C 1000mg",Imun dan vitamin C ekstra; Gejala terkait: imun vitamin c tinggi,Sesuai aturan pakai pada kemasan. Gunakan sesuai petunjuk pada kemasan. Jika sakit berlanjut hubungi dokter.,"Echinacea, Zinc, Vitamin C 1000mg",Imun dan vitamin C ekstra; imun vitamin c tinggi; Gunakan sesuai petunjuk pada kemasan. Jika sakit berlanjut hubungi dokter.,Nyeri lambung,2027-06-30,Produk,/static/medicines/Imboost Extra Vitamin C.jpg,True,"[""otc"",""indonesia"",""chatbot-ready""]"
7768,Stimuno Forte Kapsul,Suplemen,35000.0,171,Phyllanthus niruri 50mg,Imunomodulator fitofarmaka; Gejala terkait: imunomodulator; gampang sakit; daya tahan,Sesuai aturan pakai pada kemasan. Gunakan sesuai petunjuk pada kemasan. Jika sakit berlanjut hubungi dokter.,Phyllanthus niruri 50mg,Imunomodulator fitofarmaka; imunomodulator; gampang sakit; daya tahan; Gunakan sesuai petunjuk pada kemasan. Jika sakit berlanjut hubungi dokter.,Jarang,2028-12-31,Produk,/static/medicines/Stimuno Forte Kapsul.jpg,True,"[""otc"",""indonesia"",""chatbot-ready""]"
7769,Stimuno Sirup Anggur,Suplemen,32000.0,86,Phyllanthus niruri sirup rasa anggur,Daya tahan anak; Gejala terkait: imun anak anggur,Sesuai aturan pakai pada kemasan. Gunakan sesuai petunjuk pada kemasan. Jika sakit berlanjut hubungi dokter.,Phyllanthus niruri sirup rasa anggur,Daya tahan anak; imun anak anggur; Gunakan sesuai petunjuk pada kemasan. Jika sakit berlanjut hubungi dokter.,Jarang,2026-12-31,Sirup,/static/medicines/Stimuno Sirup Anggur.jpg,True,"[""otc"",""indonesia"",""chatbot-ready""]"
7770,Stimuno Sirup Jeruk,Suplemen,32000.0,147,Phyllanthus niruri sirup rasa jeruk,Daya tahan anak; Gejala terkait: imun anak jeruk,Sesuai aturan pakai pada kemasan. Gunakan sesuai petunjuk pada kemasan. Jika sakit berlanjut hubungi dokter.,Phyllanthus niruri sirup rasa jeruk,Daya tahan anak; imun anak jeruk; Gunakan sesuai petunjuk pada kemasan. Jika sakit berlanjut hubungi dokter.,Jarang,2028-12-31,Sirup,/static/medicines/Stimuno Sirup Jeruk.jpg,True,"[""otc"",""indonesia"",""chatbot-ready""]"
7771,CDR Tube 10 Tablet,Suplemen,48000.0,135,"Calcium 500mg, Vitamin C, D3, B6 effervescent",Kesehatan tulang dan imun; Gejala terkait: kalsium; tulang kuat; imun,Sesuai aturan pakai pada kemasan. Gunakan sesuai petunjuk pada kemasan. Jika sakit berlanjut hubungi dokter.,"Calcium 500mg, Vitamin C, D3, B6 effervescent",Kesehatan tulang dan imun; kalsium; tulang kuat; imun; Gunakan sesuai petunjuk pada kemasan. Jika sakit berlanjut hubungi dokter.,Kembung,2028-03-15,Tablet,/static/medicines/CDR Tube 10 Tablet.jpg,True,"[""otc"",""indonesia"",""chatbot-ready""]"
7772,CDR Tube 15 Tablet,Suplemen,68000.0,137,"Calcium 500mg, Vitamin C, D3, B6 effervescent isi 15",Kesehatan tulang besar; Gejala terkait: kalsium; tulang; osteoporosis,Sesuai aturan pakai pada kemasan. Gunakan sesuai petunjuk pada kemasan. Jika sakit berlanjut hubungi dokter.,"Calcium 500mg, Vitamin C, D3, B6 effervescent isi 15",Kesehatan tulang besar; kalsium; tulang; osteoporosis; Gunakan sesuai petunjuk pada kemasan. Jika sakit berlanjut hubungi dokter.,Kembung,2026-12-31,Tablet,/static/medicines/CDR Tube 15 Tablet.jpg,True,"[""otc"",""indonesia"",""chatbot-ready""]"
7773,CDR Strip 4s,Suplemen,15000.0,99,"Calcium, Vitamin C, D3 effervescent mini",Kalsium praktis; Gejala terkait: kalsium strip; tulang,Sesuai aturan pakai pada kemasan. Gunakan sesuai petunjuk pada kemasan. Jika sakit berlanjut hubungi dokter.,"Calcium, Vitamin C, D3 effervescent mini",Kalsium praktis; kalsium strip; tulang; Gunakan sesuai petunjuk pada kemasan. Jika sakit berlanjut hubungi dokter.,Kembung,2028-12-31,Produk,/static/medicines/CDR Strip 4s.jpg,True,"[""otc"",""indonesia"",""chatbot-ready""]"
7774,Redoxon Triple Action 10s,Suplemen,52000.0,112,"Vitamin C 1000mg, Zinc 10mg, Vitamin D3 400IU",Daya tahan tubuh tiga arah; Gejala terkait: vitamin c triple; imun tinggi,Sesuai aturan pakai pada kemasan. Gunakan sesuai petunjuk pada kemasan. Jika sakit berlanjut hubungi dokter.,"Vitamin C 1000mg, Zinc 10mg, Vitamin D3 400IU",Daya tahan tubuh tiga arah; vitamin c triple; imun tinggi; Gunakan sesuai petunjuk pada kemasan. Jika sakit berlanjut hubungi dokter.,Nyeri lambung,2028-03-15,Produk,/static/medicines/Redoxon Triple Action 10s.jpg,True,"[""otc"",""indonesia"",""chatbot-ready""]"
7775,Redoxon Zinc 10s,Suplemen,45000.0,115,"Zinc 10mg, Vitamin C 1000mg effervescent",Imun dan penyembuhan luka; Gejala terkait: zinc imun; penyembuhan luka,Sesuai aturan pakai pada kemasan. Gunakan sesuai petunjuk pada kemasan. Jika sakit berlanjut hubungi dokter.,"Zinc 10mg, Vitamin C 1000mg effervescent",Imun dan penyembuhan luka; zinc imun; penyembuhan luka; Gunakan sesuai petunjuk pada kemasan. Jika sakit berlanjut hubungi dokter.,Nyeri lambung,2027-06-30,Produk,/static/medicines/Redoxon Zinc 10s.jpg,True,"[""otc"",""indonesia"",""chatbot-ready""]"
7776,Redoxon Kids Gummy,Suplemen,35000.0,180,"Vitamin C, D, Zinc gummy anak",Suplemen imun anak yang menyenangkan; Gejala terkait: vitamin gummy anak; imun anak menyenangkan,Sesuai aturan pakai pada kemasan. Gunakan sesuai petunjuk pada kemasan. Jika sakit berlanjut hubungi dokter.,"Vitamin C, D, Zinc gummy anak",Suplemen imun anak yang menyenangkan; vitamin gummy anak; imun anak menyenangkan; Gunakan sesuai petunjuk pada kemasan. Jika sakit berlanjut hubungi dokter.,Jarang,2027-06-30,Produk,/static/medicines/Redoxon Kids Gummy.jpg,True,"[""otc"",""indonesia"",""chatbot-ready""]"
7777,Fatigon Putih Tablet,Suplemen,7000.0,166,"Vitamin B1, B6, B12, E",Mengatasi kelelahan dan capek; Gejala terkait: capek; kelelahan; pegal linu,Sesuai aturan pakai pada kemasan. Gunakan sesuai petunjuk pada kemasan. Jika sakit berlanjut hubungi dokter.,"Vitamin B1, B6, B12, E",Mengatasi kelelahan dan capek; capek; kelelahan; pegal linu; Gunakan sesuai petunjuk pada kemasan. Jika sakit berlanjut hubungi dokter.,Jarang,2026-12-31,Tablet,/static/medicines/Fatigon Putih Tablet.jpg,True,"[""otc"",""indonesia"",""chatbot-ready""]"
7778,Fatigon Spirit Tablet,Suplemen,8500.0,122,"Vitamin B Kompleks, Ginseng",Capek dan kurang tenaga; Gejala terkait: capek; kurang tenaga; ginseng,Sesuai aturan pakai pada kemasan. Gunakan sesuai petunjuk pada kemasan. Jika sakit berlanjut hubungi dokter.,"Vitamin B Kompleks, Ginseng",Capek dan kurang tenaga; capek; kurang tenaga; ginseng; Gunakan sesuai petunjuk pada kemasan. Jika sakit berlanjut hubungi dokter.,Insomnia ringan,2026-12-31,Tablet,/static/medicines/Fatigon Spirit Tablet.jpg,True,"[""otc"",""indonesia"",""chatbot-ready""]"
7779,Fatigon Promuno,Suplemen,15000.0,95,"Echinacea, Vitamin C, Zinc",Imun dan pemulihan dari sakit; Gejala terkait: pemulihan sakit; imun,Sesuai aturan pakai pada kemasan. Gunakan sesuai petunjuk pada kemasan. Jika sakit berlanjut hubungi dokter.,"Echinacea, Vitamin C, Zinc",Imun dan pemulihan dari sakit; pemulihan sakit; imun; Gunakan sesuai petunjuk pada kemasan. Jika sakit berlanjut hubungi dokter.,Jarang,2027-06-30,Produk,/static/medicines/Fatigon Promuno.jpg,True,"[""otc"",""indonesia"",""chatbot-ready""]"
7780,Fatigon Strip 4s,Suplemen,5000.0,87,"Vitamin B Kompleks, Vitamin E",Capek strip praktis; Gejala terkait: capek strip; vitamin b,Sesuai aturan pakai pada kemasan. Gunakan sesuai petunjuk pada kemasan. Jika sakit berlanjut hubungi dokter.,"Vitamin B Kompleks, Vitamin E",Capek strip praktis; capek strip; vitamin b; Gunakan sesuai petunjuk pada kemasan. Jika sakit berlanjut hubungi dokter.,Jarang,2028-12-31,Produk,/static/medicines/Fatigon Strip 4s.jpg,True,"[""otc"",""indonesia"",""chatbot-ready""]"
7781,Renovit Multivitamin Strip,Suplemen,15000.0,148,"12 Vitamin, 13 Mineral",Kebutuhan vitamin harian lengkap; Gejala terkait: multivitamin; vitamin lengkap,Sesuai aturan pakai pada kemasan. Gunakan sesuai petunjuk pada kemasan. Jika sakit berlanjut hubungi dokter.,"12 Vitamin, 13 Mineral",Kebutuhan vitamin harian lengkap; multivitamin; vitamin lengkap; Gunakan sesuai petunjuk pada kemasan. Jika sakit berlanjut hubungi dokter.,Jarang,2027-06-30,Produk,/static/medicines/Renovit Multivitamin Strip.jpg,True,"[""otc"",""indonesia"",""chatbot-ready""]"
7782,Renovit Gold Strip,Suplemen,18000.0,166,"12 Vitamin, 13 Mineral + Ginseng",Multivitamin premium; Gejala terkait: multivitamin premium; ginseng,Sesuai aturan pakai pada kemasan. Gunakan sesuai petunjuk pada kemasan. Jika sakit berlanjut hubungi dokter.,"12 Vitamin, 13 Mineral + Ginseng",Multivitamin premium; multivitamin premium; ginseng; Gunakan sesuai petunjuk pada kemasan. Jika sakit berlanjut hubungi dokter.,Insomnia ringan,2026-12-31,Produk,/static/medicines/Renovit Gold Strip.jpg,True,"[""otc"",""indonesia"",""chatbot-ready""]"
7783,Renovit Sachet 5ml,Suplemen,8000.0,186,Multivitamin cair sachet,Vitamin harian praktis; Gejala terkait: vitamin sachet; vitamin cair,Sesuai aturan pakai pada kemasan. Gunakan sesuai petunjuk pada kemasan. Jika sakit berlanjut hubungi dokter.,Multivitamin cair sachet,Vitamin harian praktis; vitamin sachet; vitamin cair; Gunakan sesuai petunjuk pada kemasan. Jika sakit berlanjut hubungi dokter.,Jarang,2028-03-15,Sachet,/static/medicines/Renovit Sachet 5ml.jpg,True,"[""otc"",""indonesia"",""chatbot-ready""]"
7784,Sangobion Kapsul Strip,Suplemen,18000.0,130,"Ferrous Gluconate 250mg, Folic Acid, Vit B12, Vit C",Anemia kurang zat besi; Gejala terkait: kurang darah; anemia; pusing pucat,Sesuai aturan pakai pada kemasan. Gunakan sesuai petunjuk pada kemasan. Jika sakit berlanjut hubungi dokter.,"Ferrous Gluconate 250mg, Folic Acid, Vit B12, Vit C",Anemia kurang zat besi; kurang darah; anemia; pusing pucat; Gunakan sesuai petunjuk pada kemasan. Jika sakit berlanjut hubungi dokter.,"Feses hitam, sembelit",2028-12-31,Produk,/static/medicines/Sangobion Kapsul Strip.jpg,True,"[""otc"",""indonesia"",""chatbot-ready""]"
7785,Sangobion Sirup,Suplemen,35000.0,115,"Ferrous Gluconate, Folic Acid, Vitamin B12 sirup",Anemia dan kurang darah; Gejala terkait: kurang darah sirup; anemia sirup,Sesuai aturan pakai pada kemasan. Gunakan sesuai petunjuk pada kemasan. Jika sakit berlanjut hubungi dokter.,"Ferrous Gluconate, Folic Acid, Vitamin B12 sirup",Anemia dan kurang darah; kurang darah sirup; anemia sirup; Gunakan sesuai petunjuk pada kemasan. Jika sakit berlanjut hubungi dokter.,Feses hitam,2027-06-30,Sirup,/static/medicines/Sangobion Sirup.jpg,True,"[""otc"",""indonesia"",""chatbot-ready""]"
7786,Sangobion Kids Sirup,Suplemen,32000.0,129,"Ferrous Gluconate, Vit B12 sirup anak",Anemia anak; Gejala terkait: anemia anak; kurang darah anak,Sesuai aturan pakai pada kemasan. Gunakan sesuai petunjuk pada kemasan. Jika sakit berlanjut hubungi dokter.,"Ferrous Gluconate, Vit B12 sirup anak",Anemia anak; anemia anak; kurang darah anak; Gunakan sesuai petunjuk pada kemasan. Jika sakit berlanjut hubungi dokter.,Feses hitam,2028-03-15,Sirup,/static/medicines/Sangobion Kids Sirup.jpg,True,"[""otc"",""indonesia"",""chatbot-ready""]"
7787,Sangobion Baby Drops,Suplemen,40000.0,115,Ferrous Gluconate drops bayi,Anemia bayi; Gejala terkait: anemia bayi; zat besi bayi,Sesuai aturan pakai pada kemasan. Gunakan sesuai petunjuk pada kemasan. Jika sakit berlanjut hubungi dokter.,Ferrous Gluconate drops bayi,Anemia bayi; anemia bayi; zat besi bayi; Gunakan sesuai petunjuk pada kemasan. Jika sakit berlanjut hubungi dokter.,Feses hitam,2026-12-31,Produk,/static/medicines/Sangobion Baby Drops.jpg,True,"[""otc"",""indonesia"",""chatbot-ready""]"
7788,Hemabion Kapsul Strip,Suplemen,16000.0,118,"Ferrous Fumarate, Asam Folat, Vit B12",Anemia ibu hamil; Gejala terkait: tambah darah hamil; anemia ibu hamil,Sesuai aturan pakai pada kemasan. Gunakan sesuai petunjuk pada kemasan. Jika sakit berlanjut hubungi dokter.,"Ferrous Fumarate, Asam Folat, Vit B12",Anemia ibu hamil; tambah darah hamil; anemia ibu hamil; Gunakan sesuai petunjuk pada kemasan. Jika sakit berlanjut hubungi dokter.,"Mual, konstipasi",2027-06-30,Produk,/static/medicines/Hemabion Kapsul Strip.jpg,True,"[""otc"",""indonesia"",""chatbot-ready""]"
7789,Hemabion Strip 10s,Suplemen,22000.0,159,"Ferrous Fumarate, Asam Folat, Vit B12 strip 10s",Anemia dan kehamilan; Gejala terkait: zat besi ibu hamil,Sesuai aturan pakai pada kemasan. Gunakan sesuai petunjuk pada kemasan. Jika sakit berlanjut hubungi dokter.,"Ferrous Fumarate, Asam Folat, Vit B12 strip 10s",Anemia dan kehamilan; zat besi ibu hamil; Gunakan sesuai petunjuk pada kemasan. Jika sakit berlanjut hubungi dokter.,Mual,2027-06-30,Produk,/static/medicines/Hemabion Strip 10s.jpg,True,"[""otc"",""indonesia"",""chatbot-ready""]"
7790,You C1000 Vitamin Orange Botol,Suplemen,8000.0,161,Vitamin C 1000mg minuman,Minuman vitamin C segar harian; Gejala terkait: minuman vitamin c; segar,Sesuai aturan pakai pada kemasan. Gunakan sesuai petunjuk pada kemasan. Jika sakit berlanjut hubungi dokter.,Vitamin C 1000mg minuman,Minuman vitamin C segar harian; minuman vitamin c; segar; Gunakan sesuai petunjuk pada kemasan. Jika sakit berlanjut hubungi dokter.,Nyeri lambung,2027-06-30,Produk,/static/medicines/You C1000 Vitamin Orange Botol.jpg,True,"[""otc"",""indonesia"",""chatbot-ready""]"
7791,You C1000 Vitamin Lemon Botol,Suplemen,8000.0,170,Vitamin C 1000mg minuman rasa lemon,Vitamin C minum segar lemon; Gejala terkait: vitamin c lemon; minuman vitamin,Sesuai aturan pakai pada kemasan. Gunakan sesuai petunjuk pada kemasan. Jika sakit berlanjut hubungi dokter.,Vitamin C 1000mg minuman rasa lemon,Vitamin C minum segar lemon; vitamin c lemon; minuman vitamin; Gunakan sesuai petunjuk pada kemasan. Jika sakit berlanjut hubungi dokter.,Nyeri lambung,2028-03-15,Produk,/static/medicines/You C1000 Vitamin Lemon Botol.jpg,True,"[""otc"",""indonesia"",""chatbot-ready""]"
7792,You C1000 Vitamin Lemon,Suplemen,6000.0,82,Vitamin C 1000mg tablet isap lemon,Vitamin C isap lemon; Gejala terkait: vitamin c isap lemon,Sesuai aturan pakai pada kemasan. Gunakan sesuai petunjuk pada kemasan. Jika sakit berlanjut hubungi dokter.,Vitamin C 1000mg tablet isap lemon,Vitamin C isap lemon; vitamin c isap lemon; Gunakan sesuai petunjuk pada kemasan. Jika sakit berlanjut hubungi dokter.,Nyeri lambung,2026-12-31,Produk,/static/medicines/You C1000 Vitamin Lemon.jpg,True,"[""otc"",""indonesia"",""chatbot-ready""]"
7793,Bear Brand Susu Steril Kaleng 189ml,Suplemen,12000.0,188,100% Susu Sapi Murni Steril,"Pemulihan pasca sakit, tipes; Gejala terkait: susu steril; tipes; pemulihan; bear brand",Sesuai aturan pakai pada kemasan. Gunakan sesuai petunjuk pada kemasan. Jika sakit berlanjut hubungi dokter.,100% Susu Sapi Murni Steril,"Pemulihan pasca sakit, tipes; susu steril; tipes; pemulihan; bear brand; Gunakan sesuai petunjuk pada kemasan. Jika sakit berlanjut hubungi dokter.",Alergi laktosa,2026-12-31,Produk,/static/medicines/Bear Brand Susu Steril Kaleng 189ml.jpg,True,"[""otc"",""indonesia"",""chatbot-ready""]"
7794,Tje Fuk Kapsul Gingseng,Suplemen,150000.0,137,Ginseng Extract 100mg,Stamina dan vitalitas; Gejala terkait: stamina; ginseng; vitalitas,Sesuai aturan pakai pada kemasan. Gunakan sesuai petunjuk pada kemasan. Jika sakit berlanjut hubungi dokter.,Ginseng Extract 100mg,Stamina dan vitalitas; stamina; ginseng; vitalitas; Gunakan sesuai petunjuk pada kemasan. Jika sakit berlanjut hubungi dokter.,"Insomnia ringan, berdebar",2028-12-31,Produk,/static/medicines/Tje Fuk Kapsul Gingseng.jpg,True,"[""otc"",""indonesia"",""chatbot-ready""]"
7795,Blackmores Vitamin C 500mg,Suplemen,85000.0,142,Ascorbic Acid 500mg,Suplemen vitamin C paten premium; Gejala terkait: vitamin c premium; imun,Sesuai aturan pakai pada kemasan. Gunakan sesuai petunjuk pada kemasan. Jika sakit berlanjut hubungi dokter.,Ascorbic Acid 500mg,Suplemen vitamin C paten premium; vitamin c premium; imun; Gunakan sesuai petunjuk pada kemasan. Jika sakit berlanjut hubungi dokter.,Nyeri lambung,2027-06-30,Produk,https://placehold.co/400x300/f8fafc/eab308?text=Blackmores+Vitamin+C+500mg,True,"[""otc"",""indonesia"",""chatbot-ready""]"
7796,Nature-E Kapsul,Suplemen,35000.0,83,Vitamin E 100 IU,Antioksidan dan kesehatan kulit; Gejala terkait: vitamin e; antioksidan; kulit sehat,Sesuai aturan pakai pada kemasan. Gunakan sesuai petunjuk pada kemasan. Jika sakit berlanjut hubungi dokter.,Vitamin E 100 IU,Antioksidan dan kesehatan kulit; vitamin e; antioksidan; kulit sehat; Gunakan sesuai petunjuk pada kemasan. Jika sakit berlanjut hubungi dokter.,Jarang,2028-03-15,Produk,https://placehold.co/400x300/f8fafc/eab308?text=Nature-E+Kapsul,True,"[""otc"",""indonesia"",""chatbot-ready""]"
7797,Neurobion Forte Tablet,Suplemen,25000.0,170,"Vitamin B1 100mg, B6 200mg, B12 200mcg","Nyeri saraf, kesemutan, kekurangan vitamin B; Gejala terkait: kesemutan; nyeri saraf; vitamin b",Sesuai aturan pakai pada kemasan. Gunakan sesuai petunjuk pada kemasan. Jika sakit berlanjut hubungi dokter.,"Vitamin B1 100mg, B6 200mg, B12 200mcg","Nyeri saraf, kesemutan, kekurangan vitamin B; kesemutan; nyeri saraf; vitamin b; Gunakan sesuai petunjuk pada kemasan. Jika sakit berlanjut hubungi dokter.",Jarang,2026-12-31,Tablet,https://placehold.co/400x300/f8fafc/eab308?text=Neurobion+Forte+Tablet,True,"[""otc"",""indonesia"",""chatbot-ready""]"
7798,Heptasan Sirup,Suplemen,35000.0,99,"Cyproheptadine, Vitamin B Kompleks",Penambah nafsu makan; Gejala terkait: nafsu makan; kurus; anak tidak mau makan,Sesuai aturan pakai pada kemasan. Gunakan sesuai petunjuk pada kemasan. Jika sakit berlanjut hubungi dokter.,"Cyproheptadine, Vitamin B Kompleks",Penambah nafsu makan; nafsu makan; kurus; anak tidak mau makan; Gunakan sesuai petunjuk pada kemasan. Jika sakit berlanjut hubungi dokter.,Sangat mengantuk,2028-03-15,Sirup,https://placehold.co/400x300/f8fafc/eab308?text=Heptasan+Sirup,True,"[""otc"",""indonesia"",""chatbot-ready""]"
7799,Theragran-M Tablet,Suplemen,45000.0,119,Multivitamin + Mineral Lengkap,Kebutuhan vitamin mineral harian; Gejala terkait: multivitamin; mineral; lengkap,Sesuai aturan pakai pada kemasan. Gunakan sesuai petunjuk pada kemasan. Jika sakit berlanjut hubungi dokter.,Multivitamin + Mineral Lengkap,Kebutuhan vitamin mineral harian; multivitamin; mineral; lengkap; Gunakan sesuai petunjuk pada kemasan. Jika sakit berlanjut hubungi dokter.,Jarang,2026-12-31,Tablet,https://placehold.co/400x300/f8fafc/eab308?text=Theragran-M+Tablet,True,"[""otc"",""indonesia"",""chatbot-ready""]"
7800,Elkana Sirup,Suplemen,42000.0,177,"Lysine, Vitamin B Kompleks, Zinc sirup",Nafsu makan dan pertumbuhan anak; Gejala terkait: nafsu makan anak; pertumbuhan anak,Sesuai aturan pakai pada kemasan. Gunakan sesuai petunjuk pada kemasan. Jika sakit berlanjut hubungi dokter.,"Lysine, Vitamin B Kompleks, Zinc sirup",Nafsu makan dan pertumbuhan anak; nafsu makan anak; pertumbuhan anak; Gunakan sesuai petunjuk pada kemasan. Jika sakit berlanjut hubungi dokter.,Jarang,2028-03-15,Sirup,https://placehold.co/400x300/f8fafc/eab308?text=Elkana+Sirup,True,"[""otc"",""indonesia"",""chatbot-ready""]"
7801,Cetirizine Tablet 10mg,Alergi & Gatal,6000.0,81,Cetirizine HCl 10mg,"Alergi gatal, biduran, bersin alergi; Gejala terkait: alergi; biduran; bersin debu",Sesuai aturan pakai pada kemasan. Gunakan sesuai petunjuk pada kemasan. Jika sakit berlanjut hubungi dokter.,Cetirizine HCl 10mg,"Alergi gatal, biduran, bersin alergi; alergi; biduran; bersin debu; Gunakan sesuai petunjuk pada kemasan. Jika sakit berlanjut hubungi dokter.",Mengantuk ringan,2027-06-30,Tablet,/static/medicines/Cetirizine Tablet 10mg.jpg,True,"[""otc"",""indonesia"",""chatbot-ready""]"
7802,Cetirizine Sirup 60ml,Alergi & Gatal,25000.0,186,Cetirizine HCl 2.5mg/5ml,Alergi anak; Gejala terkait: alergi anak; biduran anak,Sesuai aturan pakai pada kemasan. Gunakan sesuai petunjuk pada kemasan. Jika sakit berlanjut hubungi dokter.,Cetirizine HCl 2.5mg/5ml,Alergi anak; alergi anak; biduran anak; Gunakan sesuai petunjuk pada kemasan. Jika sakit berlanjut hubungi dokter.,Mengantuk ringan,2028-12-31,Sirup,/static/medicines/Cetirizine Sirup 60ml.jpg,True,"[""otc"",""indonesia"",""chatbot-ready""]"
7803,Cetirizine Box 50s,Alergi & Gatal,45000.0,182,Cetirizine HCl 10mg,Alergi stok keluarga; Gejala terkait: alergi stok; biduran,Sesuai aturan pakai pada kemasan. Gunakan sesuai petunjuk pada kemasan. Jika sakit berlanjut hubungi dokter.,Cetirizine HCl 10mg,Alergi stok keluarga; alergi stok; biduran; Gunakan sesuai petunjuk pada kemasan. Jika sakit berlanjut hubungi dokter.,Mengantuk ringan,2027-06-30,Produk,/static/medicines/Cetirizine Box 50s.jpg,True,"[""otc"",""indonesia"",""chatbot-ready""]"
7804,Loratadine Tablet 10mg,Alergi & Gatal,8000.0,141,Loratadine 10mg,Alergi tanpa mengantuk berat; Gejala terkait: alergi kerja; biduran pagi,Sesuai aturan pakai pada kemasan. Gunakan sesuai petunjuk pada kemasan. Jika sakit berlanjut hubungi dokter.,Loratadine 10mg,Alergi tanpa mengantuk berat; alergi kerja; biduran pagi; Gunakan sesuai petunjuk pada kemasan. Jika sakit berlanjut hubungi dokter.,Mulut kering,2028-12-31,Tablet,/static/medicines/Loratadine Tablet 10mg.jpg,True,"[""otc"",""indonesia"",""chatbot-ready""]"
7805,Incidal-OD Kapsul,Alergi & Gatal,35000.0,85,Cetirizine HCl 10mg,Alergi paten sehari sekali; Gejala terkait: alergi paten; gatal paten,Sesuai aturan pakai pada kemasan. Gunakan sesuai petunjuk pada kemasan. Jika sakit berlanjut hubungi dokter.,Cetirizine HCl 10mg,Alergi paten sehari sekali; alergi paten; gatal paten; Gunakan sesuai petunjuk pada kemasan. Jika sakit berlanjut hubungi dokter.,Mengantuk,2028-12-31,Produk,/static/medicines/Incidal-OD Kapsul.jpg,True,"[""otc"",""indonesia"",""chatbot-ready""]"
7806,Incidal-OD Sirup,Alergi & Gatal,55000.0,149,Cetirizine HCl sirup,Alergi anak paten; Gejala terkait: alergi anak paten; biduran anak,Sesuai aturan pakai pada kemasan. Gunakan sesuai petunjuk pada kemasan. Jika sakit berlanjut hubungi dokter.,Cetirizine HCl sirup,Alergi anak paten; alergi anak paten; biduran anak; Gunakan sesuai petunjuk pada kemasan. Jika sakit berlanjut hubungi dokter.,Mengantuk,2026-12-31,Sirup,/static/medicines/Incidal-OD Sirup.jpg,True,"[""otc"",""indonesia"",""chatbot-ready""]"
7807,Incidal-OD Strip 10s,Alergi & Gatal,25000.0,83,Cetirizine HCl 10mg,Alergi paten strip; Gejala terkait: alergi strip paten,Sesuai aturan pakai pada kemasan. Gunakan sesuai petunjuk pada kemasan. Jika sakit berlanjut hubungi dokter.,Cetirizine HCl 10mg,Alergi paten strip; alergi strip paten; Gunakan sesuai petunjuk pada kemasan. Jika sakit berlanjut hubungi dokter.,Mengantuk,2028-03-15,Produk,/static/medicines/Incidal-OD Strip 10s.jpg,True,"[""otc"",""indonesia"",""chatbot-ready""]"
7808,Alleron Tablet,Alergi & Gatal,3000.0,107,CTM (Chlorpheniramine Maleate) 4mg,Alergi gatal dan rhinitis murah; Gejala terkait: alergi murah; gatal malam; CTM,Sesuai aturan pakai pada kemasan. Gunakan sesuai petunjuk pada kemasan. Jika sakit berlanjut hubungi dokter.,CTM (Chlorpheniramine Maleate) 4mg,Alergi gatal dan rhinitis murah; alergi murah; gatal malam; CTM; Gunakan sesuai petunjuk pada kemasan. Jika sakit berlanjut hubungi dokter.,Sangat mengantuk,2028-03-15,Tablet,/static/medicines/Alleron Tablet.jpg,True,"[""otc"",""indonesia"",""chatbot-ready""]"
7809,Alleron Botol 60ml,Alergi & Gatal,15000.0,133,CTM 2mg/5ml sirup,Alergi anak murah; Gejala terkait: alergi anak murah,Sesuai aturan pakai pada kemasan. Gunakan sesuai petunjuk pada kemasan. Jika sakit berlanjut hubungi dokter.,CTM 2mg/5ml sirup,Alergi anak murah; alergi anak murah; Gunakan sesuai petunjuk pada kemasan. Jika sakit berlanjut hubungi dokter.,Sangat mengantuk,2028-03-15,Produk,/static/medicines/Alleron Botol 60ml.jpg,True,"[""otc"",""indonesia"",""chatbot-ready""]"
7810,CTM Tablet 4mg,Alergi & Gatal,2000.0,156,Chlorpheniramine Maleate 4mg,Antihistamin generasi pertama murah; Gejala terkait: obat gatal murah; antihistamin; CTM,Sesuai aturan pakai pada kemasan. Gunakan sesuai petunjuk pada kemasan. Jika sakit berlanjut hubungi dokter.,Chlorpheniramine Maleate 4mg,Antihistamin generasi pertama murah; obat gatal murah; antihistamin; CTM; Gunakan sesuai petunjuk pada kemasan. Jika sakit berlanjut hubungi dokter.,Sangat mengantuk,2028-03-15,Tablet,/static/medicines/CTM Tablet 4mg.jpg,True,"[""otc"",""indonesia"",""chatbot-ready""]"
7811,Caladine Lotion 60ml,Alergi & Gatal,18000.0,155,"Calamine 8%, Zinc Oxide 5%, Diphenhydramine 1%","Gatal biang keringat, gigitan serangga; Gejala terkait: biang keringat; gatal oles; gigitan serangga",Sesuai aturan pakai pada kemasan. Gunakan sesuai petunjuk pada kemasan. Jika sakit berlanjut hubungi dokter.,"Calamine 8%, Zinc Oxide 5%, Diphenhydramine 1%","Gatal biang keringat, gigitan serangga; biang keringat; gatal oles; gigitan serangga; Gunakan sesuai petunjuk pada kemasan. Jika sakit berlanjut hubungi dokter.",Kulit sedikit kering,2027-06-30,Topikal,/static/medicines/Caladine Lotion 60ml.jpg,True,"[""otc"",""indonesia"",""chatbot-ready""]"
7812,Caladine Lotion 95ml,Alergi & Gatal,25000.0,151,"Calamine, Zinc Oxide, Diphenhydramine",Gatal biang keringat kemasan besar; Gejala terkait: biang keringat besar; gatal kulit,Sesuai aturan pakai pada kemasan. Gunakan sesuai petunjuk pada kemasan. Jika sakit berlanjut hubungi dokter.,"Calamine, Zinc Oxide, Diphenhydramine",Gatal biang keringat kemasan besar; biang keringat besar; gatal kulit; Gunakan sesuai petunjuk pada kemasan. Jika sakit berlanjut hubungi dokter.,Kulit sedikit kering,2028-03-15,Topikal,/static/medicines/Caladine Lotion 95ml.jpg,True,"[""otc"",""indonesia"",""chatbot-ready""]"
7813,Caladine Powder 60g,Alergi & Gatal,12000.0,169,"Calamine, Zinc Oxide, Menthol bedak",Gatal biang keringat bedak; Gejala terkait: bedak gatal; biang keringat bedak,Sesuai aturan pakai pada kemasan. Gunakan sesuai petunjuk pada kemasan. Jika sakit berlanjut hubungi dokter.,"Calamine, Zinc Oxide, Menthol bedak",Gatal biang keringat bedak; bedak gatal; biang keringat bedak; Gunakan sesuai petunjuk pada kemasan. Jika sakit berlanjut hubungi dokter.,Kulit sedikit kering,2026-12-31,Produk,/static/medicines/Caladine Powder 60g.jpg,True,"[""otc"",""indonesia"",""chatbot-ready""]"
7814,Caladine Powder 100g,Alergi & Gatal,18000.0,169,"Calamine, Zinc Oxide, Menthol bedak besar",Gatal biang keringat bedak besar; Gejala terkait: bedak gatal besar,Sesuai aturan pakai pada kemasan. Gunakan sesuai petunjuk pada kemasan. Jika sakit berlanjut hubungi dokter.,"Calamine, Zinc Oxide, Menthol bedak besar",Gatal biang keringat bedak besar; bedak gatal besar; Gunakan sesuai petunjuk pada kemasan. Jika sakit berlanjut hubungi dokter.,Kulit kering,2028-03-15,Produk,/static/medicines/Caladine Powder 100g.jpg,True,"[""otc"",""indonesia"",""chatbot-ready""]"
7815,Caladine Baby Balm 30 g,Alergi & Gatal,25000.0,180,"Calamine, Zinc Oxide, Beeswax",Ruam popok dan gatal bayi; Gejala terkait: ruam popok; gatal bayi; iritasi bayi,Sesuai aturan pakai pada kemasan. Gunakan sesuai petunjuk pada kemasan. Jika sakit berlanjut hubungi dokter.,"Calamine, Zinc Oxide, Beeswax",Ruam popok dan gatal bayi; ruam popok; gatal bayi; iritasi bayi; Gunakan sesuai petunjuk pada kemasan. Jika sakit berlanjut hubungi dokter.,Kulit kering,2028-03-15,Produk,/static/medicines/Caladine Baby Balm 30 g.jpg,True,"[""otc"",""indonesia"",""chatbot-ready""]"
7816,Herocyn Bedak 75g,Alergi & Gatal,15000.0,179,"Menthol 0.5%, Sulfur, Salicylic Acid bedak",Gatal badan dan kaki bedak; Gejala terkait: bedak gatal badan; biang keringat dewasa,Sesuai aturan pakai pada kemasan. Gunakan sesuai petunjuk pada kemasan. Jika sakit berlanjut hubungi dokter.,"Menthol 0.5%, Sulfur, Salicylic Acid bedak",Gatal badan dan kaki bedak; bedak gatal badan; biang keringat dewasa; Gunakan sesuai petunjuk pada kemasan. Jika sakit berlanjut hubungi dokter.,Pedih di luka terbuka,2027-06-30,Produk,/static/medicines/Herocyn Bedak 75g.jpg,True,"[""otc"",""indonesia"",""chatbot-ready""]"
7817,Herocyn Bedak 150g,Alergi & Gatal,25000.0,188,"Menthol, Sulfur, Salicylic Acid bedak besar",Gatal badan kemasan besar; Gejala terkait: bedak gatal besar,Sesuai aturan pakai pada kemasan. Gunakan sesuai petunjuk pada kemasan. Jika sakit berlanjut hubungi dokter.,"Menthol, Sulfur, Salicylic Acid bedak besar",Gatal badan kemasan besar; bedak gatal besar; Gunakan sesuai petunjuk pada kemasan. Jika sakit berlanjut hubungi dokter.,Pedih di luka,2028-12-31,Produk,/static/medicines/Herocyn Bedak 150g.jpg,True,"[""otc"",""indonesia"",""chatbot-ready""]"
7818,Herocyn Baby Powder,Alergi & Gatal,18000.0,186,"Menthol, Zinc Oxide bedak bayi",Biang keringat dan ruam bayi; Gejala terkait: bedak bayi gatal; biang keringat bayi,Sesuai aturan pakai pada kemasan. Gunakan sesuai petunjuk pada kemasan. Jika sakit berlanjut hubungi dokter.,"Menthol, Zinc Oxide bedak bayi",Biang keringat dan ruam bayi; bedak bayi gatal; biang keringat bayi; Gunakan sesuai petunjuk pada kemasan. Jika sakit berlanjut hubungi dokter.,Pedih di luka,2026-12-31,Produk,/static/medicines/Herocyn Baby Powder.jpg,True,"[""otc"",""indonesia"",""chatbot-ready""]"
7819,Telfast Tablet 120mg,Alergi & Gatal,85000.0,166,Fexofenadine HCl 120mg,Alergi rinitis berat tanpa kantuk; Gejala terkait: alergi tanpa ngantuk; gatal rinitis,Sesuai aturan pakai pada kemasan. Gunakan sesuai petunjuk pada kemasan. Jika sakit berlanjut hubungi dokter.,Fexofenadine HCl 120mg,Alergi rinitis berat tanpa kantuk; alergi tanpa ngantuk; gatal rinitis; Gunakan sesuai petunjuk pada kemasan. Jika sakit berlanjut hubungi dokter.,Sakit kepala ringan,2026-12-31,Tablet,/static/medicines/Telfast Tablet 120mg.jpg,True,"[""otc"",""indonesia"",""chatbot-ready""]"
7820,Telfast Tablet 180mg,Alergi & Gatal,95000.0,179,Fexofenadine HCl 180mg,Alergi berat tanpa kantuk; Gejala terkait: alergi berat; urtikaria,Sesuai aturan pakai pada kemasan. Gunakan sesuai petunjuk pada kemasan. Jika sakit berlanjut hubungi dokter.,Fexofenadine HCl 180mg,Alergi berat tanpa kantuk; alergi berat; urtikaria; Gunakan sesuai petunjuk pada kemasan. Jika sakit berlanjut hubungi dokter.,Sakit kepala,2027-06-30,Tablet,/static/medicines/Telfast Tablet 180mg.jpg,True,"[""otc"",""indonesia"",""chatbot-ready""]"
7821,Telfast botol 120ml,Alergi & Gatal,145000.0,158,Fexofenadine HCl 30mg/5ml sirup,Alergi anak tanpa kantuk; Gejala terkait: alergi anak tanpa ngantuk,Sesuai aturan pakai pada kemasan. Gunakan sesuai petunjuk pada kemasan. Jika sakit berlanjut hubungi dokter.,Fexofenadine HCl 30mg/5ml sirup,Alergi anak tanpa kantuk; alergi anak tanpa ngantuk; Gunakan sesuai petunjuk pada kemasan. Jika sakit berlanjut hubungi dokter.,Sakit kepala ringan,2026-12-31,Produk,/static/medicines/Telfast botol 120ml.jpg,True,"[""otc"",""indonesia"",""chatbot-ready""]"
7822,Ryvel Tablet,Alergi & Gatal,40000.0,114,Cetirizine HCl 10mg,Alergi paten lainnya; Gejala terkait: biduran; alergi kulit,Sesuai aturan pakai pada kemasan. Gunakan sesuai petunjuk pada kemasan. Jika sakit berlanjut hubungi dokter.,Cetirizine HCl 10mg,Alergi paten lainnya; biduran; alergi kulit; Gunakan sesuai petunjuk pada kemasan. Jika sakit berlanjut hubungi dokter.,Mengantuk,2027-06-30,Tablet,/static/medicines/Ryvel Tablet.jpg,True,"[""otc"",""indonesia"",""chatbot-ready""]"
7823,Ryvel Sirup,Alergi & Gatal,65000.0,180,Cetirizine HCl sirup,Alergi anak paten; Gejala terkait: alergi anak,Sesuai aturan pakai pada kemasan. Gunakan sesuai petunjuk pada kemasan. Jika sakit berlanjut hubungi dokter.,Cetirizine HCl sirup,Alergi anak paten; alergi anak; Gunakan sesuai petunjuk pada kemasan. Jika sakit berlanjut hubungi dokter.,Mengantuk,2028-12-31,Sirup,/static/medicines/Ryvel Sirup.jpg,True,"[""otc"",""indonesia"",""chatbot-ready""]"
7824,Ryvel Drops,Alergi & Gatal,70000.0,88,Cetirizine HCl drops bayi,Alergi bayi; Gejala terkait: alergi bayi; biduran bayi,Sesuai aturan pakai pada kemasan. Gunakan sesuai petunjuk pada kemasan. Jika sakit berlanjut hubungi dokter.,Cetirizine HCl drops bayi,Alergi bayi; alergi bayi; biduran bayi; Gunakan sesuai petunjuk pada kemasan. Jika sakit berlanjut hubungi dokter.,Mengantuk ringan,2028-12-31,Produk,/static/medicines/Ryvel Drops.jpg,True,"[""otc"",""indonesia"",""chatbot-ready""]"
7825,Ryvel Botol 120ml,Alergi & Gatal,85000.0,165,Cetirizine HCl sirup besar,Alergi kemasan besar; Gejala terkait: alergi sirup besar,Sesuai aturan pakai pada kemasan. Gunakan sesuai petunjuk pada kemasan. Jika sakit berlanjut hubungi dokter.,Cetirizine HCl sirup besar,Alergi kemasan besar; alergi sirup besar; Gunakan sesuai petunjuk pada kemasan. Jika sakit berlanjut hubungi dokter.,Mengantuk,2027-06-30,Produk,/static/medicines/Ryvel Botol 120ml.jpg,True,"[""otc"",""indonesia"",""chatbot-ready""]"
7826,Desloratadine Tablet,Alergi & Gatal,18000.0,154,Desloratadine 5mg,Alergi generasi ketiga tanpa kantuk; Gejala terkait: alergi tanpa kantuk; antihistamin modern,Sesuai aturan pakai pada kemasan. Gunakan sesuai petunjuk pada kemasan. Jika sakit berlanjut hubungi dokter.,Desloratadine 5mg,Alergi generasi ketiga tanpa kantuk; alergi tanpa kantuk; antihistamin modern; Gunakan sesuai petunjuk pada kemasan. Jika sakit berlanjut hubungi dokter.,Jarang,2027-06-30,Tablet,https://placehold.co/400x300/f8fafc/8b5cf6?text=Desloratadine+Tablet,True,"[""otc"",""indonesia"",""chatbot-ready""]"
7827,Avil Tablet,Alergi & Gatal,5000.0,149,Pheniramine Maleate 25mg,"Alergi berat, reaksi alergi akut; Gejala terkait: reaksi alergi; gatal parah; antihistamin",Sesuai aturan pakai pada kemasan. Gunakan sesuai petunjuk pada kemasan. Jika sakit berlanjut hubungi dokter.,Pheniramine Maleate 25mg,"Alergi berat, reaksi alergi akut; reaksi alergi; gatal parah; antihistamin; Gunakan sesuai petunjuk pada kemasan. Jika sakit berlanjut hubungi dokter.",Sangat mengantuk,2028-12-31,Tablet,https://placehold.co/400x300/f8fafc/8b5cf6?text=Avil+Tablet,True,"[""otc"",""indonesia"",""chatbot-ready""]"
7828,Hydrocortisone Cream 2.5%,Alergi & Gatal,15000.0,104,Hydrocortisone 2.5%,"Gatal radang kulit, eksim ringan; Gejala terkait: eksim; gatal radang; kortison topikal",Sesuai aturan pakai pada kemasan. Gunakan sesuai petunjuk pada kemasan. Jika sakit berlanjut hubungi dokter.,Hydrocortisone 2.5%,"Gatal radang kulit, eksim ringan; eksim; gatal radang; kortison topikal; Gunakan sesuai petunjuk pada kemasan. Jika sakit berlanjut hubungi dokter.",Penipisan kulit (pemakaian lama),2027-06-30,Topikal,https://placehold.co/400x300/f8fafc/8b5cf6?text=Hydrocortisone+Cream+2.5%,True,"[""otc"",""indonesia"",""chatbot-ready""]"
7829,Elocon Cream 5g,Alergi & Gatal,85000.0,138,Mometasone Furoate 0.1%,"Eksim, psoriasis, dermatitis atopik; Gejala terkait: eksim parah; psoriasis; dermatitis",Sesuai aturan pakai pada kemasan. Gunakan sesuai petunjuk pada kemasan. Jika sakit berlanjut hubungi dokter.,Mometasone Furoate 0.1%,"Eksim, psoriasis, dermatitis atopik; eksim parah; psoriasis; dermatitis; Gunakan sesuai petunjuk pada kemasan. Jika sakit berlanjut hubungi dokter.",Penipisan kulit,2027-06-30,Topikal,https://placehold.co/400x300/f8fafc/8b5cf6?text=Elocon+Cream+5g,True,"[""otc"",""indonesia"",""chatbot-ready""]"
7830,Caladryl Lotion,Alergi & Gatal,35000.0,116,"Calamine, Diphenhydramine","Gatal akibat poison ivy, biang keringat; Gejala terkait: gatal parah; calamine premium",Sesuai aturan pakai pada kemasan. Gunakan sesuai petunjuk pada kemasan. Jika sakit berlanjut hubungi dokter.,"Calamine, Diphenhydramine","Gatal akibat poison ivy, biang keringat; gatal parah; calamine premium; Gunakan sesuai petunjuk pada kemasan. Jika sakit berlanjut hubungi dokter.",Kulit kering,2028-03-15,Topikal,https://placehold.co/400x300/f8fafc/8b5cf6?text=Caladryl+Lotion,True,"[""otc"",""indonesia"",""chatbot-ready""]"
7831,Betadine Solution 15ml,Obat Kulit & Luka,18000.0,132,Povidone Iodine 10%,Antiseptik luka kecil; Gejala terkait: obat merah; luka lecet; antiseptik,Sesuai aturan pakai pada kemasan. Gunakan sesuai petunjuk pada kemasan. Jika sakit berlanjut hubungi dokter.,Povidone Iodine 10%,Antiseptik luka kecil; obat merah; luka lecet; antiseptik; Gunakan sesuai petunjuk pada kemasan. Jika sakit berlanjut hubungi dokter.,Iritasi ringan,2026-12-31,Cairan,/static/medicines/Betadine Solution 15ml.jpg,True,"[""otc"",""indonesia"",""chatbot-ready""]"
7832,Betadine Solution 30ml,Obat Kulit & Luka,32000.0,132,Povidone Iodine 10%,Antiseptik luka medium; Gejala terkait: antiseptik; luka potong,Sesuai aturan pakai pada kemasan. Gunakan sesuai petunjuk pada kemasan. Jika sakit berlanjut hubungi dokter.,Povidone Iodine 10%,Antiseptik luka medium; antiseptik; luka potong; Gunakan sesuai petunjuk pada kemasan. Jika sakit berlanjut hubungi dokter.,Iritasi ringan,2027-06-30,Cairan,/static/medicines/Betadine Solution 30ml.webp,True,"[""otc"",""indonesia"",""chatbot-ready""]"
7833,Betadine Solution 60ml,Obat Kulit & Luka,55000.0,160,Povidone Iodine 10%,Antiseptik luka kemasan besar; Gejala terkait: antiseptik besar,Sesuai aturan pakai pada kemasan. Gunakan sesuai petunjuk pada kemasan. Jika sakit berlanjut hubungi dokter.,Povidone Iodine 10%,Antiseptik luka kemasan besar; antiseptik besar; Gunakan sesuai petunjuk pada kemasan. Jika sakit berlanjut hubungi dokter.,Iritasi ringan,2028-03-15,Cairan,/static/medicines/Betadine Solution 60ml.jpg,True,"[""otc"",""indonesia"",""chatbot-ready""]"
7834,Betadine Ointment 10g,Obat Kulit & Luka,25000.0,128,Povidone Iodine 10% salep,"Luka berinfeksi, borok; Gejala terkait: luka bernanah; antiseptik salep",Sesuai aturan pakai pada kemasan. Gunakan sesuai petunjuk pada kemasan. Jika sakit berlanjut hubungi dokter.,Povidone Iodine 10% salep,"Luka berinfeksi, borok; luka bernanah; antiseptik salep; Gunakan sesuai petunjuk pada kemasan. Jika sakit berlanjut hubungi dokter.",Iritasi lokal,2026-12-31,Produk,/static/medicines/Betadine Ointment 10g.jpg,True,"[""otc"",""indonesia"",""chatbot-ready""]"
7835,Betadine Plaster,Obat Kulit & Luka,5000.0,190,Povidone Iodine 10% plaster,Luka lecet kecil plaster antiseptik; Gejala terkait: plaster antiseptik; luka kecil,Sesuai aturan pakai pada kemasan. Gunakan sesuai petunjuk pada kemasan. Jika sakit berlanjut hubungi dokter.,Povidone Iodine 10% plaster,Luka lecet kecil plaster antiseptik; plaster antiseptik; luka kecil; Gunakan sesuai petunjuk pada kemasan. Jika sakit berlanjut hubungi dokter.,Iritasi lokal,2027-06-30,Produk,/static/medicines/Betadine Plaster.avif,True,"[""otc"",""indonesia"",""chatbot-ready""]"
7836,Rivanol 100 ml,Obat Kulit & Luka,6000.0,147,Ethacridine Lactate 0.1%,"Membersihkan luka basah, kompres luka; Gejala terkait: cuci luka; luka basah; kompres",Sesuai aturan pakai pada kemasan. Gunakan sesuai petunjuk pada kemasan. Jika sakit berlanjut hubungi dokter.,Ethacridine Lactate 0.1%,"Membersihkan luka basah, kompres luka; cuci luka; luka basah; kompres; Gunakan sesuai petunjuk pada kemasan. Jika sakit berlanjut hubungi dokter.",Kulit menguning sementara,2028-12-31,Produk,/static/medicines/Rivanol 100 ml.jpg,True,"[""otc"",""indonesia"",""chatbot-ready""]"
7837,Rivanol 300 ml,Obat Kulit & Luka,12000.0,150,Ethacridine Lactate 0.1% besar,Membersihkan luka besar; Gejala terkait: cuci luka besar,Sesuai aturan pakai pada kemasan. Gunakan sesuai petunjuk pada kemasan. Jika sakit berlanjut hubungi dokter.,Ethacridine Lactate 0.1% besar,Membersihkan luka besar; cuci luka besar; Gunakan sesuai petunjuk pada kemasan. Jika sakit berlanjut hubungi dokter.,Kulit menguning,2028-12-31,Produk,/static/medicines/Rivanol 300 ml.jpg,True,"[""otc"",""indonesia"",""chatbot-ready""]"
7838,Hansaplast Spray Antiseptik 50ml,Obat Kulit & Luka,45000.0,159,Octenidine Dihydrochloride,Cuci luka tanpa perih modern; Gejala terkait: cuci luka gak perih; semprot luka; luka bayi,Sesuai aturan pakai pada kemasan. Gunakan sesuai petunjuk pada kemasan. Jika sakit berlanjut hubungi dokter.,Octenidine Dihydrochloride,Cuci luka tanpa perih modern; cuci luka gak perih; semprot luka; luka bayi; Gunakan sesuai petunjuk pada kemasan. Jika sakit berlanjut hubungi dokter.,Jarang,2026-12-31,Spray,/static/medicines/Hansaplast Spray Antiseptik 50ml.jpg,True,"[""otc"",""indonesia"",""chatbot-ready""]"
7839,Hansaplast Koyo Panas,Obat Kulit & Luka,8000.0,113,"Methyl Salicylate, Menthol koyo",Nyeri otot dan pegal lewat koyo; Gejala terkait: koyo panas; pegal linu; nyeri punggung,Sesuai aturan pakai pada kemasan. Gunakan sesuai petunjuk pada kemasan. Jika sakit berlanjut hubungi dokter.,"Methyl Salicylate, Menthol koyo",Nyeri otot dan pegal lewat koyo; koyo panas; pegal linu; nyeri punggung; Gunakan sesuai petunjuk pada kemasan. Jika sakit berlanjut hubungi dokter.,Kemerahan kulit,2028-03-15,Produk,/static/medicines/Hansaplast Koyo Panas.jpg,True,"[""otc"",""indonesia"",""chatbot-ready""]"
7840,Hansaplast Koyo Hangat,Obat Kulit & Luka,8000.0,114,"Capsaicin, Menthol koyo hangat",Pegal hangat; Gejala terkait: koyo hangat; pegal,Sesuai aturan pakai pada kemasan. Gunakan sesuai petunjuk pada kemasan. Jika sakit berlanjut hubungi dokter.,"Capsaicin, Menthol koyo hangat",Pegal hangat; koyo hangat; pegal; Gunakan sesuai petunjuk pada kemasan. Jika sakit berlanjut hubungi dokter.,Kemerahan kulit,2027-06-30,Produk,/static/medicines/Hansaplast Koyo Hangat.jpg,True,"[""otc"",""indonesia"",""chatbot-ready""]"
7841,Hansaplast Tube 15g,Obat Kulit & Luka,25000.0,142,"Dexpanthenol, Chlorhexidine cream",Perawatan luka dan kulit sensitif; Gejala terkait: perawatan luka; kulit sensitif,Sesuai aturan pakai pada kemasan. Gunakan sesuai petunjuk pada kemasan. Jika sakit berlanjut hubungi dokter.,"Dexpanthenol, Chlorhexidine cream",Perawatan luka dan kulit sensitif; perawatan luka; kulit sensitif; Gunakan sesuai petunjuk pada kemasan. Jika sakit berlanjut hubungi dokter.,Jarang,2028-12-31,Produk,/static/medicines/Hansaplast Tube 15g.jpg,True,"[""otc"",""indonesia"",""chatbot-ready""]"
7842,Bioplacenton Gel 15g,Obat Kulit & Luka,35000.0,151,"Placenta Extract 10%, Neomycin Sulfate 0.5%","Luka bakar knalpot, luka bakar ringan; Gejala terkait: luka bakar; luka knalpot; salep luka bakar",Sesuai aturan pakai pada kemasan. Gunakan sesuai petunjuk pada kemasan. Jika sakit berlanjut hubungi dokter.,"Placenta Extract 10%, Neomycin Sulfate 0.5%","Luka bakar knalpot, luka bakar ringan; luka bakar; luka knalpot; salep luka bakar; Gunakan sesuai petunjuk pada kemasan. Jika sakit berlanjut hubungi dokter.",Alergi neomycin (jarang),2028-12-31,Topikal,/static/medicines/Bioplacenton Gel 15g.jpg,True,"[""otc"",""indonesia"",""chatbot-ready""]"
7843,Burnazin Cream 35g,Obat Kulit & Luka,85000.0,107,Silver Sulfadiazine 1%,Luka bakar derajat 2; Gejala terkait: luka bakar parah; silver sulfadiazine,Sesuai aturan pakai pada kemasan. Gunakan sesuai petunjuk pada kemasan. Jika sakit berlanjut hubungi dokter.,Silver Sulfadiazine 1%,Luka bakar derajat 2; luka bakar parah; silver sulfadiazine; Gunakan sesuai petunjuk pada kemasan. Jika sakit berlanjut hubungi dokter.,Iritasi kulit sementara,2028-12-31,Topikal,/static/medicines/Burnazin Cream 35g.jpg,True,"[""otc"",""indonesia"",""chatbot-ready""]"
7844,Dermatix Ultra Gel 5g,Obat Kulit & Luka,120000.0,149,"Cyclopentasiloxane, Vitamin C Ester gel","Bekas luka menonjol, keloid, stretchmark; Gejala terkait: bekas luka; keloid; stretchmark",Sesuai aturan pakai pada kemasan. Gunakan sesuai petunjuk pada kemasan. Jika sakit berlanjut hubungi dokter.,"Cyclopentasiloxane, Vitamin C Ester gel","Bekas luka menonjol, keloid, stretchmark; bekas luka; keloid; stretchmark; Gunakan sesuai petunjuk pada kemasan. Jika sakit berlanjut hubungi dokter.",Jarang,2028-12-31,Topikal,/static/medicines/Dermatix Ultra Gel 5g.jpg,True,"[""otc"",""indonesia"",""chatbot-ready""]"
7845,Mebo Ointment 20g,Obat Kulit & Luka,110000.0,182,"Radix Scutellariae, Cortex Phellodendri, Minyak Wijen","Luka bakar, ulkus herbal; Gejala terkait: luka bakar herbal; ulkus; bau wijen",Sesuai aturan pakai pada kemasan. Gunakan sesuai petunjuk pada kemasan. Jika sakit berlanjut hubungi dokter.,"Radix Scutellariae, Cortex Phellodendri, Minyak Wijen","Luka bakar, ulkus herbal; luka bakar herbal; ulkus; bau wijen; Gunakan sesuai petunjuk pada kemasan. Jika sakit berlanjut hubungi dokter.",Bau wijen kuat,2028-03-15,Produk,/static/medicines/Mebo Ointment 20g.jpg,True,"[""otc"",""indonesia"",""chatbot-ready""]"
7846,Mebo Tube 50g,Obat Kulit & Luka,220000.0,165,"Radix Scutellariae, minyak wijen tube besar",Luka bakar besar herbal; Gejala terkait: luka bakar luas; herbal,Sesuai aturan pakai pada kemasan. Gunakan sesuai petunjuk pada kemasan. Jika sakit berlanjut hubungi dokter.,"Radix Scutellariae, minyak wijen tube besar",Luka bakar besar herbal; luka bakar luas; herbal; Gunakan sesuai petunjuk pada kemasan. Jika sakit berlanjut hubungi dokter.,Bau wijen,2026-12-31,Produk,/static/medicines/Mebo Tube 50g.jpg,True,"[""otc"",""indonesia"",""chatbot-ready""]"
7847,Nebacetin Ointment 5g,Obat Kulit & Luka,28000.0,106,"Neomycin Sulfate 3500IU, Bacitracin 250IU","Luka bernanah, infeksi bakteri kulit; Gejala terkait: luka bernanah; koreng; infeksi kulit",Sesuai aturan pakai pada kemasan. Gunakan sesuai petunjuk pada kemasan. Jika sakit berlanjut hubungi dokter.,"Neomycin Sulfate 3500IU, Bacitracin 250IU","Luka bernanah, infeksi bakteri kulit; luka bernanah; koreng; infeksi kulit; Gunakan sesuai petunjuk pada kemasan. Jika sakit berlanjut hubungi dokter.",Alergi lokal,2026-12-31,Produk,/static/medicines/Nebacetin Ointment 5g.jpg,True,"[""otc"",""indonesia"",""chatbot-ready""]"
7848,Nebacetin Powder 5g,Obat Kulit & Luka,35000.0,154,"Neomycin Sulfate, Bacitracin bubuk",Luka basah bernanah bubuk; Gejala terkait: luka basah; koreng bubuk,Sesuai aturan pakai pada kemasan. Gunakan sesuai petunjuk pada kemasan. Jika sakit berlanjut hubungi dokter.,"Neomycin Sulfate, Bacitracin bubuk",Luka basah bernanah bubuk; luka basah; koreng bubuk; Gunakan sesuai petunjuk pada kemasan. Jika sakit berlanjut hubungi dokter.,Alergi lokal,2027-06-30,Produk,/static/medicines/Nebacetin Powder 5g.jpg,True,"[""otc"",""indonesia"",""chatbot-ready""]"
7849,Garamycin Cream 5g,Obat Kulit & Luka,45000.0,135,Gentamicin Sulfate 0.1% cream,"Impetigo, infeksi kulit bakteri; Gejala terkait: impetigo; infeksi kulit",Sesuai aturan pakai pada kemasan. Gunakan sesuai petunjuk pada kemasan. Jika sakit berlanjut hubungi dokter.,Gentamicin Sulfate 0.1% cream,"Impetigo, infeksi kulit bakteri; impetigo; infeksi kulit; Gunakan sesuai petunjuk pada kemasan. Jika sakit berlanjut hubungi dokter.",Gatal ringan,2028-03-15,Topikal,/static/medicines/Garamycin Cream 5g.jpg,True,"[""otc"",""indonesia"",""chatbot-ready""]"
7850,Garamycin Ointment 15g,Obat Kulit & Luka,85000.0,80,Gentamicin Sulfate 0.1% salep,Infeksi kulit kronis; Gejala terkait: infeksi kulit kronis; bisul besar,Sesuai aturan pakai pada kemasan. Gunakan sesuai petunjuk pada kemasan. Jika sakit berlanjut hubungi dokter.,Gentamicin Sulfate 0.1% salep,Infeksi kulit kronis; infeksi kulit kronis; bisul besar; Gunakan sesuai petunjuk pada kemasan. Jika sakit berlanjut hubungi dokter.,Gatal,2027-06-30,Produk,/static/medicines/Garamycin Ointment 15g.jpg,True,"[""otc"",""indonesia"",""chatbot-ready""]"
7851,Fusycom Gel,Obat Kulit & Luka,35000.0,147,Fusidic Acid 2%,"Impetigo, infeksi bakteri kulit; Gejala terkait: impetigo; infeksi kulit bakteri",Sesuai aturan pakai pada kemasan. Gunakan sesuai petunjuk pada kemasan. Jika sakit berlanjut hubungi dokter.,Fusidic Acid 2%,"Impetigo, infeksi bakteri kulit; impetigo; infeksi kulit bakteri; Gunakan sesuai petunjuk pada kemasan. Jika sakit berlanjut hubungi dokter.",Iritasi lokal,2028-03-15,Topikal,https://placehold.co/400x300/f8fafc/ec4899?text=Fusycom+Gel,True,"[""otc"",""indonesia"",""chatbot-ready""]"
7852,Mupirocin Salep,Obat Kulit & Luka,45000.0,82,Mupirocin 2%,Infeksi kulit stafilokokus; Gejala terkait: bisul; infeksi kulit stafilokokus,Sesuai aturan pakai pada kemasan. Gunakan sesuai petunjuk pada kemasan. Jika sakit berlanjut hubungi dokter.,Mupirocin 2%,Infeksi kulit stafilokokus; bisul; infeksi kulit stafilokokus; Gunakan sesuai petunjuk pada kemasan. Jika sakit berlanjut hubungi dokter.,Iritasi lokal,2028-03-15,Produk,https://placehold.co/400x300/f8fafc/ec4899?text=Mupirocin+Salep,True,"[""otc"",""indonesia"",""chatbot-ready""]"
7853,Acne-Aid Bar Sabun,Obat Kulit & Luka,35000.0,100,"Triclosan, Zinc",Sabun jerawat anti bakteri; Gejala terkait: jerawat; sabun anti jerawat,Sesuai aturan pakai pada kemasan. Gunakan sesuai petunjuk pada kemasan. Jika sakit berlanjut hubungi dokter.,"Triclosan, Zinc",Sabun jerawat anti bakteri; jerawat; sabun anti jerawat; Gunakan sesuai petunjuk pada kemasan. Jika sakit berlanjut hubungi dokter.,Kulit kering,2027-06-30,Produk,https://placehold.co/400x300/f8fafc/ec4899?text=Acne-Aid+Bar+Sabun,True,"[""otc"",""indonesia"",""chatbot-ready""]"
7854,Benzolac Gel 2.5%,Obat Kulit & Luka,25000.0,154,Benzoyl Peroxide 2.5%,Jerawat ringan sedang; Gejala terkait: jerawat; benzoyl peroxide; obat jerawat,Sesuai aturan pakai pada kemasan. Gunakan sesuai petunjuk pada kemasan. Jika sakit berlanjut hubungi dokter.,Benzoyl Peroxide 2.5%,Jerawat ringan sedang; jerawat; benzoyl peroxide; obat jerawat; Gunakan sesuai petunjuk pada kemasan. Jika sakit berlanjut hubungi dokter.,"Kulit kering, mengelupas",2028-12-31,Topikal,https://placehold.co/400x300/f8fafc/ec4899?text=Benzolac+Gel+2.5%,True,"[""otc"",""indonesia"",""chatbot-ready""]"
7855,Acnes Sealing Jell,Obat Kulit & Luka,28000.0,119,"Triclosan, Zinc, Vitamin E",Gel jerawat anti bakteri; Gejala terkait: gel jerawat; anti bakteri jerawat,Sesuai aturan pakai pada kemasan. Gunakan sesuai petunjuk pada kemasan. Jika sakit berlanjut hubungi dokter.,"Triclosan, Zinc, Vitamin E",Gel jerawat anti bakteri; gel jerawat; anti bakteri jerawat; Gunakan sesuai petunjuk pada kemasan. Jika sakit berlanjut hubungi dokter.,Kulit kering,2026-12-31,Produk,https://placehold.co/400x300/f8fafc/ec4899?text=Acnes+Sealing+Jell,True,"[""otc"",""indonesia"",""chatbot-ready""]"
7856,Kalpanax K Cream 5g,Antijamur & Kulit,15000.0,129,Miconazole Nitrate 2%,"Panu, kurap, kutu air cream; Gejala terkait: panu; kurap; jamur kulit",Sesuai aturan pakai pada kemasan. Gunakan sesuai petunjuk pada kemasan. Jika sakit berlanjut hubungi dokter.,Miconazole Nitrate 2%,"Panu, kurap, kutu air cream; panu; kurap; jamur kulit; Gunakan sesuai petunjuk pada kemasan. Jika sakit berlanjut hubungi dokter.",Rasa terbakar,2028-03-15,Topikal,/static/medicines/Kalpanax K Cream 5g.jpg,True,"[""otc"",""indonesia"",""chatbot-ready""]"
7857,Kalpanax Cair 10ml,Antijamur & Kulit,12000.0,183,"Salicylic Acid, Benzoic Acid cair",Panu keras dan kutu air cair; Gejala terkait: panu keras; kutu air cair,Sesuai aturan pakai pada kemasan. Gunakan sesuai petunjuk pada kemasan. Jika sakit berlanjut hubungi dokter.,"Salicylic Acid, Benzoic Acid cair",Panu keras dan kutu air cair; panu keras; kutu air cair; Gunakan sesuai petunjuk pada kemasan. Jika sakit berlanjut hubungi dokter.,Rasa terbakar kuat,2027-06-30,Produk,/static/medicines/Kalpanax Cair 10ml.jpg,True,"[""otc"",""indonesia"",""chatbot-ready""]"
7858,Kalpanax Box 30s,Antijamur & Kulit,55000.0,117,Miconazole Nitrate tablet kunyah/kapsul,Jamur sistemik atau luas; Gejala terkait: jamur sistemik; panu luas,Sesuai aturan pakai pada kemasan. Gunakan sesuai petunjuk pada kemasan. Jika sakit berlanjut hubungi dokter.,Miconazole Nitrate tablet kunyah/kapsul,Jamur sistemik atau luas; jamur sistemik; panu luas; Gunakan sesuai petunjuk pada kemasan. Jika sakit berlanjut hubungi dokter.,Gangguan lambung,2026-12-31,Produk,/static/medicines/Kalpanax Box 30s.jpg,True,"[""otc"",""indonesia"",""chatbot-ready""]"
7859,Daktarin Cream 15g,Antijamur & Kulit,55000.0,98,Miconazole Nitrate 2% cream,Infeksi jamur kulit dan lipatan tubuh; Gejala terkait: jamur selangkangan; kutu air; dermatofitosis,Sesuai aturan pakai pada kemasan. Gunakan sesuai petunjuk pada kemasan. Jika sakit berlanjut hubungi dokter.,Miconazole Nitrate 2% cream,Infeksi jamur kulit dan lipatan tubuh; jamur selangkangan; kutu air; dermatofitosis; Gunakan sesuai petunjuk pada kemasan. Jika sakit berlanjut hubungi dokter.,Iritasi ringan,2028-12-31,Topikal,/static/medicines/Daktarin Cream 15g.jpg,True,"[""otc"",""indonesia"",""chatbot-ready""]"
7860,Daktarin Powder 20g,Antijamur & Kulit,65000.0,106,Miconazole Nitrate 2% bedak,Jamur kaki dan sela jari bedak; Gejala terkait: bedak jamur kaki; kutu air bedak,Sesuai aturan pakai pada kemasan. Gunakan sesuai petunjuk pada kemasan. Jika sakit berlanjut hubungi dokter.,Miconazole Nitrate 2% bedak,Jamur kaki dan sela jari bedak; bedak jamur kaki; kutu air bedak; Gunakan sesuai petunjuk pada kemasan. Jika sakit berlanjut hubungi dokter.,Iritasi,2027-06-30,Produk,/static/medicines/Daktarin Powder 20g.jpg,True,"[""otc"",""indonesia"",""chatbot-ready""]"
7861,Daktarin Diaper Cream,Antijamur & Kulit,75000.0,87,"Miconazole Nitrate, Zinc Oxide krim popok",Ruam popok karena jamur; Gejala terkait: ruam popok jamur; jamur popok,Sesuai aturan pakai pada kemasan. Gunakan sesuai petunjuk pada kemasan. Jika sakit berlanjut hubungi dokter.,"Miconazole Nitrate, Zinc Oxide krim popok",Ruam popok karena jamur; ruam popok jamur; jamur popok; Gunakan sesuai petunjuk pada kemasan. Jika sakit berlanjut hubungi dokter.,Iritasi,2027-06-30,Topikal,/static/medicines/Daktarin Diaper Cream.jpg,True,"[""otc"",""indonesia"",""chatbot-ready""]"
7862,Canesten Cream 10g,Antijamur & Kulit,48000.0,82,Clotrimazole 1% cream,"Panu, kadas, kurap; Gejala terkait: jamur kulit paten; kadas; ringworm",Sesuai aturan pakai pada kemasan. Gunakan sesuai petunjuk pada kemasan. Jika sakit berlanjut hubungi dokter.,Clotrimazole 1% cream,"Panu, kadas, kurap; jamur kulit paten; kadas; ringworm; Gunakan sesuai petunjuk pada kemasan. Jika sakit berlanjut hubungi dokter.",Kemerahan lokal,2027-06-30,Topikal,/static/medicines/Canesten Cream 10g.jpg,True,"[""otc"",""indonesia"",""chatbot-ready""]"
7863,Fungiderm Cream 5g,Antijamur & Kulit,18000.0,146,Clotrimazole 1% cream kecil,Infeksi jamur ringan; Gejala terkait: jamur kulit murah; panu,Sesuai aturan pakai pada kemasan. Gunakan sesuai petunjuk pada kemasan. Jika sakit berlanjut hubungi dokter.,Clotrimazole 1% cream kecil,Infeksi jamur ringan; jamur kulit murah; panu; Gunakan sesuai petunjuk pada kemasan. Jika sakit berlanjut hubungi dokter.,Iritasi,2028-12-31,Topikal,/static/medicines/Fungiderm Cream 5g.jpg,True,"[""otc"",""indonesia"",""chatbot-ready""]"
7864,Fungiderm Cream 15g,Antijamur & Kulit,35000.0,92,Clotrimazole 1% cream besar,Infeksi jamur sedang; Gejala terkait: jamur selangkangan,Sesuai aturan pakai pada kemasan. Gunakan sesuai petunjuk pada kemasan. Jika sakit berlanjut hubungi dokter.,Clotrimazole 1% cream besar,Infeksi jamur sedang; jamur selangkangan; Gunakan sesuai petunjuk pada kemasan. Jika sakit berlanjut hubungi dokter.,Iritasi,2027-06-30,Topikal,/static/medicines/Fungiderm Cream 15g.jpg,True,"[""otc"",""indonesia"",""chatbot-ready""]"
7865,Mycoral Cream 5g,Antijamur & Kulit,22000.0,163,Ketoconazole 2% cream,Jamur membandel pada kulit; Gejala terkait: kurap parah; jamur membandel,Sesuai aturan pakai pada kemasan. Gunakan sesuai petunjuk pada kemasan. Jika sakit berlanjut hubungi dokter.,Ketoconazole 2% cream,Jamur membandel pada kulit; kurap parah; jamur membandel; Gunakan sesuai petunjuk pada kemasan. Jika sakit berlanjut hubungi dokter.,Gatal ringan,2028-03-15,Topikal,/static/medicines/Mycoral Cream 5g.jpg,True,"[""otc"",""indonesia"",""chatbot-ready""]"
7866,Mycoral Tablet 200mg,Antijamur & Kulit,55000.0,171,Ketoconazole 200mg tablet,Jamur sistemik dan kulit luas; Gejala terkait: jamur kuku; panu luas; tinea versicolor,Sesuai aturan pakai pada kemasan. Gunakan sesuai petunjuk pada kemasan. Jika sakit berlanjut hubungi dokter.,Ketoconazole 200mg tablet,Jamur sistemik dan kulit luas; jamur kuku; panu luas; tinea versicolor; Gunakan sesuai petunjuk pada kemasan. Jika sakit berlanjut hubungi dokter.,"Mual, gangguan hati",2028-03-15,Tablet,/static/medicines/Mycoral Tablet 200mg.jpg,True,"[""otc"",""indonesia"",""chatbot-ready""]"
7867,Mycoral Tube 50g,Antijamur & Kulit,65000.0,165,Ketoconazole 2% tube besar,Jamur kulit luas; Gejala terkait: jamur luas; panu seluruh tubuh,Sesuai aturan pakai pada kemasan. Gunakan sesuai petunjuk pada kemasan. Jika sakit berlanjut hubungi dokter.,Ketoconazole 2% tube besar,Jamur kulit luas; jamur luas; panu seluruh tubuh; Gunakan sesuai petunjuk pada kemasan. Jika sakit berlanjut hubungi dokter.,Gatal ringan,2028-12-31,Produk,/static/medicines/Mycoral Tube 50g.jpg,True,"[""otc"",""indonesia"",""chatbot-ready""]"
7868,Scabimite Cream 10g,Antijamur & Kulit,65000.0,173,Permethrin 5%,"Kudis (Scabies), tungau kulit; Gejala terkait: kudis; scabies; tungau kasur; gatal malam",Sesuai aturan pakai pada kemasan. Gunakan sesuai petunjuk pada kemasan. Jika sakit berlanjut hubungi dokter.,Permethrin 5%,"Kudis (Scabies), tungau kulit; kudis; scabies; tungau kasur; gatal malam; Gunakan sesuai petunjuk pada kemasan. Jika sakit berlanjut hubungi dokter.",Rasa panas,2026-12-31,Topikal,/static/medicines/Scabimite Cream 10g.jpg,True,"[""otc"",""indonesia"",""chatbot-ready""]"
7869,Scabimite Cream 30g,Antijamur & Kulit,110000.0,174,Permethrin 5% kemasan besar,Kudis seluruh badan; Gejala terkait: kudis badan; scabies luas,Sesuai aturan pakai pada kemasan. Gunakan sesuai petunjuk pada kemasan. Jika sakit berlanjut hubungi dokter.,Permethrin 5% kemasan besar,Kudis seluruh badan; kudis badan; scabies luas; Gunakan sesuai petunjuk pada kemasan. Jika sakit berlanjut hubungi dokter.,Rasa panas,2027-06-30,Topikal,/static/medicines/Scabimite Cream 30g.jpg,True,"[""otc"",""indonesia"",""chatbot-ready""]"
7870,Salep 88 Pot 6g,Antijamur & Kulit,12000.0,94,"Salicylic Acid 6%, Benzoic Acid 12%, Sulfur 4%",Panu keras tradisional; Gejala terkait: panu keras; salep gatal panas; murah,Sesuai aturan pakai pada kemasan. Gunakan sesuai petunjuk pada kemasan. Jika sakit berlanjut hubungi dokter.,"Salicylic Acid 6%, Benzoic Acid 12%, Sulfur 4%",Panu keras tradisional; panu keras; salep gatal panas; murah; Gunakan sesuai petunjuk pada kemasan. Jika sakit berlanjut hubungi dokter.,"Panas menyengat, kulit terkelupas",2028-12-31,Produk,/static/medicines/Salep 88 Pot 6g.jpg,True,"[""otc"",""indonesia"",""chatbot-ready""]"
7871,Ketoconazole Cream 10g,Antijamur & Kulit,10000.0,178,Ketoconazole 2% generik,Jamur kulit generik murah; Gejala terkait: jamur murah; kurap generik,Sesuai aturan pakai pada kemasan. Gunakan sesuai petunjuk pada kemasan. Jika sakit berlanjut hubungi dokter.,Ketoconazole 2% generik,Jamur kulit generik murah; jamur murah; kurap generik; Gunakan sesuai petunjuk pada kemasan. Jika sakit berlanjut hubungi dokter.,Iritasi,2027-06-30,Topikal,/static/medicines/Ketoconazole Cream 10g.jpg,True,"[""otc"",""indonesia"",""chatbot-ready""]"
7872,Ketoconazole Tablet,Antijamur & Kulit,15000.0,104,Ketoconazole 200mg generik,Jamur sistemik generik; Gejala terkait: jamur sistemik murah,Sesuai aturan pakai pada kemasan. Gunakan sesuai petunjuk pada kemasan. Jika sakit berlanjut hubungi dokter.,Ketoconazole 200mg generik,Jamur sistemik generik; jamur sistemik murah; Gunakan sesuai petunjuk pada kemasan. Jika sakit berlanjut hubungi dokter.,Mual,2028-03-15,Tablet,/static/medicines/Ketoconazole Tablet.jpg,True,"[""otc"",""indonesia"",""chatbot-ready""]"
7873,Ketoconazole Box 100s,Antijamur & Kulit,95000.0,123,Ketoconazole 200mg generik isi banyak,Jamur stok banyak; Gejala terkait: jamur sistemik stok,Sesuai aturan pakai pada kemasan. Gunakan sesuai petunjuk pada kemasan. Jika sakit berlanjut hubungi dokter.,Ketoconazole 200mg generik isi banyak,Jamur stok banyak; jamur sistemik stok; Gunakan sesuai petunjuk pada kemasan. Jika sakit berlanjut hubungi dokter.,"Mual, hati",2028-12-31,Produk,/static/medicines/Ketoconazole Box 100s.webp,True,"[""otc"",""indonesia"",""chatbot-ready""]"
7874,Terbinafine Cream,Antijamur & Kulit,45000.0,185,Terbinafine HCl 1%,"Kutu air berat, tinea pedis; Gejala terkait: kutu air berat; jamur kaki; tinea pedis",Sesuai aturan pakai pada kemasan. Gunakan sesuai petunjuk pada kemasan. Jika sakit berlanjut hubungi dokter.,Terbinafine HCl 1%,"Kutu air berat, tinea pedis; kutu air berat; jamur kaki; tinea pedis; Gunakan sesuai petunjuk pada kemasan. Jika sakit berlanjut hubungi dokter.",Iritasi ringan,2026-12-31,Topikal,https://placehold.co/400x300/f8fafc/14b8a6?text=Terbinafine+Cream,True,"[""otc"",""indonesia"",""chatbot-ready""]"
7875,Fluconazole Kapsul 150mg,Antijamur & Kulit,35000.0,86,Fluconazole 150mg,"Jamur vaginal, kandidiasis oral; Gejala terkait: jamur vaginal; kandidiasis",Sesuai aturan pakai pada kemasan. Gunakan sesuai petunjuk pada kemasan. Jika sakit berlanjut hubungi dokter.,Fluconazole 150mg,"Jamur vaginal, kandidiasis oral; jamur vaginal; kandidiasis; Gunakan sesuai petunjuk pada kemasan. Jika sakit berlanjut hubungi dokter.","Mual, sakit kepala",2027-06-30,Produk,https://placehold.co/400x300/f8fafc/14b8a6?text=Fluconazole+Kapsul+150mg,True,"[""otc"",""indonesia"",""chatbot-ready""]"
7876,Ciclopirox Olamine Cream,Antijamur & Kulit,55000.0,119,Ciclopirox Olamine 1%,"Tinea versicolor, dermatofitosis; Gejala terkait: tinea versicolor; panu parah",Sesuai aturan pakai pada kemasan. Gunakan sesuai petunjuk pada kemasan. Jika sakit berlanjut hubungi dokter.,Ciclopirox Olamine 1%,"Tinea versicolor, dermatofitosis; tinea versicolor; panu parah; Gunakan sesuai petunjuk pada kemasan. Jika sakit berlanjut hubungi dokter.",Iritasi,2026-12-31,Topikal,https://placehold.co/400x300/f8fafc/14b8a6?text=Ciclopirox+Olamine+Cream,True,"[""otc"",""indonesia"",""chatbot-ready""]"
7877,Counterpain Krim 15g,Obat Oles Nyeri,25000.0,119,"Methyl Salicylate 32.2%, Menthol 10%, Eugenol 1.25%","Nyeri otot, keseleo, pegal linu; Gejala terkait: keseleo; salah urat; pegal linu",Sesuai aturan pakai pada kemasan. Gunakan sesuai petunjuk pada kemasan. Jika sakit berlanjut hubungi dokter.,"Methyl Salicylate 32.2%, Menthol 10%, Eugenol 1.25%","Nyeri otot, keseleo, pegal linu; keseleo; salah urat; pegal linu; Gunakan sesuai petunjuk pada kemasan. Jika sakit berlanjut hubungi dokter.",Panas berlebih jika dikompres,2026-12-31,Produk,/static/medicines/Counterpain Krim 15g.jpg,True,"[""otc"",""indonesia"",""chatbot-ready""]"
7878,Counterpain Krim 30g,Obat Oles Nyeri,45000.0,92,"Methyl Salicylate, Menthol, Eugenol cream medium",Nyeri otot medium; Gejala terkait: pegal; nyeri otot,Sesuai aturan pakai pada kemasan. Gunakan sesuai petunjuk pada kemasan. Jika sakit berlanjut hubungi dokter.,"Methyl Salicylate, Menthol, Eugenol cream medium",Nyeri otot medium; pegal; nyeri otot; Gunakan sesuai petunjuk pada kemasan. Jika sakit berlanjut hubungi dokter.,Panas berlebih,2027-06-30,Produk,/static/medicines/Counterpain Krim 30g.jpg,True,"[""otc"",""indonesia"",""chatbot-ready""]"
7879,Counterpain Cool Gel 30g,Obat Oles Nyeri,50000.0,147,"Methyl Salicylate, Menthol gel dingin","Cedera baru, bengkak akut, peradangan; Gejala terkait: bengkak baru; keseleo dingin; RICE",Sesuai aturan pakai pada kemasan. Gunakan sesuai petunjuk pada kemasan. Jika sakit berlanjut hubungi dokter.,"Methyl Salicylate, Menthol gel dingin","Cedera baru, bengkak akut, peradangan; bengkak baru; keseleo dingin; RICE; Gunakan sesuai petunjuk pada kemasan. Jika sakit berlanjut hubungi dokter.",Jarang,2028-12-31,Topikal,/static/medicines/Counterpain Cool Gel 30g.jpg,True,"[""otc"",""indonesia"",""chatbot-ready""]"
7880,Voltaren Emulgel 10g,Obat Oles Nyeri,55000.0,122,Diclofenac Diethylamine 1.16%,"Nyeri sendi, tendinitis, memar; Gejala terkait: nyeri sendi lutut; bengkak keseleo; diclofenac",Sesuai aturan pakai pada kemasan. Gunakan sesuai petunjuk pada kemasan. Jika sakit berlanjut hubungi dokter.,Diclofenac Diethylamine 1.16%,"Nyeri sendi, tendinitis, memar; nyeri sendi lutut; bengkak keseleo; diclofenac; Gunakan sesuai petunjuk pada kemasan. Jika sakit berlanjut hubungi dokter.",Kemerahan kulit,2028-03-15,Topikal,/static/medicines/Voltaren Emulgel 10g.jpg,True,"[""otc"",""indonesia"",""chatbot-ready""]"
7881,Voltaren Emulgel 20g,Obat Oles Nyeri,85000.0,116,Diclofenac Diethylamine 1.16% medium,Nyeri sendi dan otot medium; Gejala terkait: nyeri sendi; otot,Sesuai aturan pakai pada kemasan. Gunakan sesuai petunjuk pada kemasan. Jika sakit berlanjut hubungi dokter.,Diclofenac Diethylamine 1.16% medium,Nyeri sendi dan otot medium; nyeri sendi; otot; Gunakan sesuai petunjuk pada kemasan. Jika sakit berlanjut hubungi dokter.,Kemerahan,2028-03-15,Topikal,/static/medicines/Voltaren Emulgel 20g.jpg,True,"[""otc"",""indonesia"",""chatbot-ready""]"
7882,Voltaren Botol 30ml,Obat Oles Nyeri,75000.0,173,Diclofenac Diethylamine cair,Nyeri otot cair; Gejala terkait: nyeri sendi; diclofenac cair,Sesuai aturan pakai pada kemasan. Gunakan sesuai petunjuk pada kemasan. Jika sakit berlanjut hubungi dokter.,Diclofenac Diethylamine cair,Nyeri otot cair; nyeri sendi; diclofenac cair; Gunakan sesuai petunjuk pada kemasan. Jika sakit berlanjut hubungi dokter.,Kemerahan,2028-03-15,Produk,/static/medicines/Voltaren Botol 30ml.jpg,True,"[""otc"",""indonesia"",""chatbot-ready""]"
7883,Hot In Cream Botol 120ml,Obat Oles Nyeri,35000.0,84,"Methyl Salicylate, Menthol, Pine Oil",Pegal linu dan masuk angin botol besar; Gejala terkait: pegal parah; capek badan,Sesuai aturan pakai pada kemasan. Gunakan sesuai petunjuk pada kemasan. Jika sakit berlanjut hubungi dokter.,"Methyl Salicylate, Menthol, Pine Oil",Pegal linu dan masuk angin botol besar; pegal parah; capek badan; Gunakan sesuai petunjuk pada kemasan. Jika sakit berlanjut hubungi dokter.,Panas kulit sensitif,2028-12-31,Topikal,/static/medicines/Hot In Cream Botol 120ml.jpg,True,"[""otc"",""indonesia"",""chatbot-ready""]"
7884,Hot In Cream Tube 60g,Obat Oles Nyeri,22000.0,128,"Methyl Salicylate, Menthol, Pine Oil tube",Pegal linu tube; Gejala terkait: pegal; krim panas,Sesuai aturan pakai pada kemasan. Gunakan sesuai petunjuk pada kemasan. Jika sakit berlanjut hubungi dokter.,"Methyl Salicylate, Menthol, Pine Oil tube",Pegal linu tube; pegal; krim panas; Gunakan sesuai petunjuk pada kemasan. Jika sakit berlanjut hubungi dokter.,Panas,2027-06-30,Topikal,/static/medicines/Hot In Cream Tube 60g.jpg,True,"[""otc"",""indonesia"",""chatbot-ready""]"
7885,Hot In Cream Aromatherapy 120ml,Obat Oles Nyeri,38000.0,100,"Methyl Salicylate, Eucalyptus, Lavender",Pegal linu aromaterapi; Gejala terkait: pegal aromaterapi; relaksasi,Sesuai aturan pakai pada kemasan. Gunakan sesuai petunjuk pada kemasan. Jika sakit berlanjut hubungi dokter.,"Methyl Salicylate, Eucalyptus, Lavender",Pegal linu aromaterapi; pegal aromaterapi; relaksasi; Gunakan sesuai petunjuk pada kemasan. Jika sakit berlanjut hubungi dokter.,Panas,2028-03-15,Topikal,/static/medicines/Hot In Cream Aromatherapy 120ml.jpg,True,"[""otc"",""indonesia"",""chatbot-ready""]"
7886,Hot In Cream Strong 120ml,Obat Oles Nyeri,40000.0,150,"Methyl Salicylate ekstra kuat, Capsaicin",Pegal linu berat dan rematik; Gejala terkait: rematik; pegal berat; capsaicin,Sesuai aturan pakai pada kemasan. Gunakan sesuai petunjuk pada kemasan. Jika sakit berlanjut hubungi dokter.,"Methyl Salicylate ekstra kuat, Capsaicin",Pegal linu berat dan rematik; rematik; pegal berat; capsaicin; Gunakan sesuai petunjuk pada kemasan. Jika sakit berlanjut hubungi dokter.,Sangat panas,2028-03-15,Topikal,/static/medicines/Hot In Cream Strong 120ml.jpg,True,"[""otc"",""indonesia"",""chatbot-ready""]"
7887,Geliga Balsem Otot 10g,Obat Oles Nyeri,8000.0,186,"Methyl Salicylate, Peppermint Oil",Nyeri punggung dan pegal; Gejala terkait: balsem panas; sakit pinggang,Sesuai aturan pakai pada kemasan. Gunakan sesuai petunjuk pada kemasan. Jika sakit berlanjut hubungi dokter.,"Methyl Salicylate, Peppermint Oil",Nyeri punggung dan pegal; balsem panas; sakit pinggang; Gunakan sesuai petunjuk pada kemasan. Jika sakit berlanjut hubungi dokter.,Panas lokal,2026-12-31,Topikal,/static/medicines/Geliga Balsem Otot 10g.jpg,True,"[""otc"",""indonesia"",""chatbot-ready""]"
7888,Geliga Balsem Otot 20g,Obat Oles Nyeri,14000.0,108,"Methyl Salicylate, Peppermint Oil medium",Nyeri punggung dan pegal; Gejala terkait: balsem; pegal linu,Sesuai aturan pakai pada kemasan. Gunakan sesuai petunjuk pada kemasan. Jika sakit berlanjut hubungi dokter.,"Methyl Salicylate, Peppermint Oil medium",Nyeri punggung dan pegal; balsem; pegal linu; Gunakan sesuai petunjuk pada kemasan. Jika sakit berlanjut hubungi dokter.,Panas lokal,2027-06-30,Topikal,/static/medicines/Geliga Balsem Otot 20g.jpg,True,"[""otc"",""indonesia"",""chatbot-ready""]"
7889,Geliga Krim 30g,Obat Oles Nyeri,18000.0,159,"Methyl Salicylate, Peppermint Oil cream",Pegal dan nyeri otot cream; Gejala terkait: krim pegal; nyeri punggung,Sesuai aturan pakai pada kemasan. Gunakan sesuai petunjuk pada kemasan. Jika sakit berlanjut hubungi dokter.,"Methyl Salicylate, Peppermint Oil cream",Pegal dan nyeri otot cream; krim pegal; nyeri punggung; Gunakan sesuai petunjuk pada kemasan. Jika sakit berlanjut hubungi dokter.,Panas,2026-12-31,Topikal,/static/medicines/Geliga Krim 30g.jpg,True,"[""otc"",""indonesia"",""chatbot-ready""]"
7890,GPU Minyak Gosok Botol 30ml,Obat Oles Nyeri,12000.0,170,"Nutmeg Oil, Eucalyptus Oil, Citronella","Urut, keseleo, pegal minyak gosok; Gejala terkait: minyak urut; keseleo; pijat",Sesuai aturan pakai pada kemasan. Gunakan sesuai petunjuk pada kemasan. Jika sakit berlanjut hubungi dokter.,"Nutmeg Oil, Eucalyptus Oil, Citronella","Urut, keseleo, pegal minyak gosok; minyak urut; keseleo; pijat; Gunakan sesuai petunjuk pada kemasan. Jika sakit berlanjut hubungi dokter.",Iritasi lokal,2026-12-31,Produk,/static/medicines/GPU Minyak Gosok Botol 30ml.jpg,True,"[""otc"",""indonesia"",""chatbot-ready""]"
7891,GPU Minyak Gosok Botol 60ml,Obat Oles Nyeri,20000.0,90,"Nutmeg Oil, Eucalyptus Oil, Citronella medium",Urut dan pegal medium; Gejala terkait: minyak gosok; pegal,Sesuai aturan pakai pada kemasan. Gunakan sesuai petunjuk pada kemasan. Jika sakit berlanjut hubungi dokter.,"Nutmeg Oil, Eucalyptus Oil, Citronella medium",Urut dan pegal medium; minyak gosok; pegal; Gunakan sesuai petunjuk pada kemasan. Jika sakit berlanjut hubungi dokter.,Iritasi,2028-03-15,Produk,/static/medicines/GPU Minyak Gosok Botol 60ml.jpg,True,"[""otc"",""indonesia"",""chatbot-ready""]"
7892,GPU Minyak Gosok Botol 100ml,Obat Oles Nyeri,32000.0,127,"Nutmeg Oil, Eucalyptus Oil, Citronella besar",Minyak gosok kemasan besar; Gejala terkait: minyak gosok besar; pijat,Sesuai aturan pakai pada kemasan. Gunakan sesuai petunjuk pada kemasan. Jika sakit berlanjut hubungi dokter.,"Nutmeg Oil, Eucalyptus Oil, Citronella besar",Minyak gosok kemasan besar; minyak gosok besar; pijat; Gunakan sesuai petunjuk pada kemasan. Jika sakit berlanjut hubungi dokter.,Iritasi,2026-12-31,Produk,/static/medicines/GPU Minyak Gosok Botol 100ml.avif,True,"[""otc"",""indonesia"",""chatbot-ready""]"
7893,Salonpas Koyo Hijau 10s,Obat Oles Nyeri,9000.0,147,"Methyl Salicylate, Menthol koyo",Koyo pereda nyeri otot standar; Gejala terkait: koyo tempel; salah bantal; pegal,Sesuai aturan pakai pada kemasan. Gunakan sesuai petunjuk pada kemasan. Jika sakit berlanjut hubungi dokter.,"Methyl Salicylate, Menthol koyo",Koyo pereda nyeri otot standar; koyo tempel; salah bantal; pegal; Gunakan sesuai petunjuk pada kemasan. Jika sakit berlanjut hubungi dokter.,Kemerahan kulit,2028-12-31,Produk,/static/medicines/Salonpas Koyo Hijau 10s.jpg,True,"[""otc"",""indonesia"",""chatbot-ready""]"
7894,Salonpas Koyo Merah Hot 10s,Obat Oles Nyeri,11000.0,179,"Methyl Salicylate, Menthol, Capsicin koyo panas",Koyo pereda nyeri panas; Gejala terkait: koyo panas; nyeri otot,Sesuai aturan pakai pada kemasan. Gunakan sesuai petunjuk pada kemasan. Jika sakit berlanjut hubungi dokter.,"Methyl Salicylate, Menthol, Capsicin koyo panas",Koyo pereda nyeri panas; koyo panas; nyeri otot; Gunakan sesuai petunjuk pada kemasan. Jika sakit berlanjut hubungi dokter.,"Kemerahan, panas",2028-03-15,Produk,/static/medicines/Salonpas Koyo Merah Hot 10s.jpg,True,"[""otc"",""indonesia"",""chatbot-ready""]"
7895,Salonpas Gel 15g,Obat Oles Nyeri,18000.0,151,"Methyl Salicylate, Menthol gel oles",Nyeri otot gel; Gejala terkait: nyeri gel; pegal linu,Sesuai aturan pakai pada kemasan. Gunakan sesuai petunjuk pada kemasan. Jika sakit berlanjut hubungi dokter.,"Methyl Salicylate, Menthol gel oles",Nyeri otot gel; nyeri gel; pegal linu; Gunakan sesuai petunjuk pada kemasan. Jika sakit berlanjut hubungi dokter.,Jarang,2028-03-15,Topikal,/static/medicines/Salonpas Gel 15g.jpg,True,"[""otc"",""indonesia"",""chatbot-ready""]"
7896,Salonpas Liniment Cair 50ml,Obat Oles Nyeri,25000.0,190,"Methyl Salicylate, Menthol, Camphor cair",Nyeri otot cair; Gejala terkait: nyeri cair; pegal gosok,Sesuai aturan pakai pada kemasan. Gunakan sesuai petunjuk pada kemasan. Jika sakit berlanjut hubungi dokter.,"Methyl Salicylate, Menthol, Camphor cair",Nyeri otot cair; nyeri cair; pegal gosok; Gunakan sesuai petunjuk pada kemasan. Jika sakit berlanjut hubungi dokter.,Iritasi,2028-03-15,Produk,/static/medicines/Salonpas Liniment Cair 50ml.jpg,True,"[""otc"",""indonesia"",""chatbot-ready""]"
7897,Freshcare Roll On Citrus 10ml,Obat Oles Nyeri,15000.0,171,"Menthol, Camphor, Citrus Essential Oil","Pusing, mabuk, kembung perut roll on; Gejala terkait: mabuk darat; pusing; roll on citrus",Sesuai aturan pakai pada kemasan. Gunakan sesuai petunjuk pada kemasan. Jika sakit berlanjut hubungi dokter.,"Menthol, Camphor, Citrus Essential Oil","Pusing, mabuk, kembung perut roll on; mabuk darat; pusing; roll on citrus; Gunakan sesuai petunjuk pada kemasan. Jika sakit berlanjut hubungi dokter.",Iritasi mata,2027-06-30,Produk,/static/medicines/Freshcare Roll On Citrus 10ml.jpg,True,"[""otc"",""indonesia"",""chatbot-ready""]"
7898,Freshcare Roll On Green Tea 10ml,Obat Oles Nyeri,15000.0,86,"Menthol, Camphor, Green Tea",Pusing dan mabuk roll on hijau; Gejala terkait: mabuk; pusing; green tea,Sesuai aturan pakai pada kemasan. Gunakan sesuai petunjuk pada kemasan. Jika sakit berlanjut hubungi dokter.,"Menthol, Camphor, Green Tea",Pusing dan mabuk roll on hijau; mabuk; pusing; green tea; Gunakan sesuai petunjuk pada kemasan. Jika sakit berlanjut hubungi dokter.,Iritasi mata,2026-12-31,Produk,/static/medicines/Freshcare Roll On Green Tea 10ml.jpg,True,"[""otc"",""indonesia"",""chatbot-ready""]"
7899,Freshcare Roll On Strong 10ml,Obat Oles Nyeri,16000.0,136,"Menthol ekstra kuat, Camphor, Eucalyptus",Pusing berat roll on kuat; Gejala terkait: pusing kuat; minyak angin kuat,Sesuai aturan pakai pada kemasan. Gunakan sesuai petunjuk pada kemasan. Jika sakit berlanjut hubungi dokter.,"Menthol ekstra kuat, Camphor, Eucalyptus",Pusing berat roll on kuat; pusing kuat; minyak angin kuat; Gunakan sesuai petunjuk pada kemasan. Jika sakit berlanjut hubungi dokter.,Iritasi,2028-03-15,Produk,/static/medicines/Freshcare Roll On Strong 10ml.jpg,True,"[""otc"",""indonesia"",""chatbot-ready""]"
7900,Freshcare Smash Double Inhaler,Obat Oles Nyeri,22000.0,100,"Menthol, Camphor, Double Chamber","Hidung tersumbat, mabuk, pusing inhaler; Gejala terkait: inhaler pusing; hidung tersumbat; minyak angin",Sesuai aturan pakai pada kemasan. Gunakan sesuai petunjuk pada kemasan. Jika sakit berlanjut hubungi dokter.,"Menthol, Camphor, Double Chamber","Hidung tersumbat, mabuk, pusing inhaler; inhaler pusing; hidung tersumbat; minyak angin; Gunakan sesuai petunjuk pada kemasan. Jika sakit berlanjut hubungi dokter.",Iritasi,2027-06-30,Produk,/static/medicines/Freshcare Smash Double Inhaler.jpg,True,"[""otc"",""indonesia"",""chatbot-ready""]"
7901,Tolak Angin Care Roll On 10ml,Obat Oles Nyeri,16000.0,145,"Peppermint Oil, Ginger Oil, Menthol",Mabuk perjalanan dan masuk angin roll on; Gejala terkait: minyak angin herbal; mabuk darat,Sesuai aturan pakai pada kemasan. Gunakan sesuai petunjuk pada kemasan. Jika sakit berlanjut hubungi dokter.,"Peppermint Oil, Ginger Oil, Menthol",Mabuk perjalanan dan masuk angin roll on; minyak angin herbal; mabuk darat; Gunakan sesuai petunjuk pada kemasan. Jika sakit berlanjut hubungi dokter.,Jarang,2028-03-15,Produk,/static/medicines/Tolak Angin Care Roll On 10ml.jpg,True,"[""otc"",""indonesia"",""chatbot-ready""]"
7902,Rheumason Gel,Obat Oles Nyeri,35000.0,91,"Diclofenac, Menthol gel",Nyeri sendi dan otot gel; Gejala terkait: nyeri sendi gel; otot,Sesuai aturan pakai pada kemasan. Gunakan sesuai petunjuk pada kemasan. Jika sakit berlanjut hubungi dokter.,"Diclofenac, Menthol gel",Nyeri sendi dan otot gel; nyeri sendi gel; otot; Gunakan sesuai petunjuk pada kemasan. Jika sakit berlanjut hubungi dokter.,Kemerahan,2028-03-15,Topikal,https://placehold.co/400x300/f8fafc/f97316?text=Rheumason+Gel,True,"[""otc"",""indonesia"",""chatbot-ready""]"
7903,Piroxicam Gel 0.5%,Obat Oles Nyeri,18000.0,103,Piroxicam 0.5%,Nyeri sendi ringan topikal; Gejala terkait: nyeri sendi topikal; rematik ringan,Sesuai aturan pakai pada kemasan. Gunakan sesuai petunjuk pada kemasan. Jika sakit berlanjut hubungi dokter.,Piroxicam 0.5%,Nyeri sendi ringan topikal; nyeri sendi topikal; rematik ringan; Gunakan sesuai petunjuk pada kemasan. Jika sakit berlanjut hubungi dokter.,Kemerahan lokal,2027-06-30,Topikal,https://placehold.co/400x300/f8fafc/f97316?text=Piroxicam+Gel+0.5%,True,"[""otc"",""indonesia"",""chatbot-ready""]"
7904,Minyak Tawon,Obat Oles Nyeri,12000.0,130,"Eucalyptus Oil, Clove Oil, Camphor","Pegal linu, masuk angin herbal; Gejala terkait: minyak tawon; pegal herbal",Sesuai aturan pakai pada kemasan. Gunakan sesuai petunjuk pada kemasan. Jika sakit berlanjut hubungi dokter.,"Eucalyptus Oil, Clove Oil, Camphor","Pegal linu, masuk angin herbal; minyak tawon; pegal herbal; Gunakan sesuai petunjuk pada kemasan. Jika sakit berlanjut hubungi dokter.",Panas ringan,2028-03-15,Produk,https://placehold.co/400x300/f8fafc/f97316?text=Minyak+Tawon,True,"[""otc"",""indonesia"",""chatbot-ready""]"
7905,Kwan Loong Oil,Obat Oles Nyeri,25000.0,129,"Eucalyptus Oil, Menthol, Camphor","Pegal linu, pusing, mabuk minyak gosok; Gejala terkait: minyak gosok pusing; pegal",Sesuai aturan pakai pada kemasan. Gunakan sesuai petunjuk pada kemasan. Jika sakit berlanjut hubungi dokter.,"Eucalyptus Oil, Menthol, Camphor","Pegal linu, pusing, mabuk minyak gosok; minyak gosok pusing; pegal; Gunakan sesuai petunjuk pada kemasan. Jika sakit berlanjut hubungi dokter.","Panas, iritasi",2026-12-31,Produk,https://placehold.co/400x300/f8fafc/f97316?text=Kwan+Loong+Oil,True,"[""otc"",""indonesia"",""chatbot-ready""]"
7906,Insto Regular 7.5ml,Mata & Telinga,16000.0,101,Tetrahydrozoline HCl 0.05%,Mata merah karena iritasi debu; Gejala terkait: mata merah debu; mata perih; obat tetes mata,Sesuai aturan pakai pada kemasan. Gunakan sesuai petunjuk pada kemasan. Jika sakit berlanjut hubungi dokter.,Tetrahydrozoline HCl 0.05%,Mata merah karena iritasi debu; mata merah debu; mata perih; obat tetes mata; Gunakan sesuai petunjuk pada kemasan. Jika sakit berlanjut hubungi dokter.,Mata kering bila lama,2028-03-15,Produk,/static/medicines/Insto Regular 7.5ml.jpg,True,"[""otc"",""indonesia"",""chatbot-ready""]"
7907,Insto Dry Eyes 7.5ml,Mata & Telinga,18000.0,106,HPMC 0.3% (Artificial Tears),"Mata kering sindrom, softlens; Gejala terkait: mata kering; softlens; mata lelah",Sesuai aturan pakai pada kemasan. Gunakan sesuai petunjuk pada kemasan. Jika sakit berlanjut hubungi dokter.,HPMC 0.3% (Artificial Tears),"Mata kering sindrom, softlens; mata kering; softlens; mata lelah; Gunakan sesuai petunjuk pada kemasan. Jika sakit berlanjut hubungi dokter.",Pandangan kabur sementara,2026-12-31,Produk,/static/medicines/Insto Dry Eyes 7.5ml.jpg,True,"[""otc"",""indonesia"",""chatbot-ready""]"
7908,Insto Cool 7.5ml,Mata & Telinga,18000.0,152,"Tetrahydrozoline, Menthol",Mata merah dengan sensasi sejuk; Gejala terkait: mata merah ngantuk; dingin mata,Sesuai aturan pakai pada kemasan. Gunakan sesuai petunjuk pada kemasan. Jika sakit berlanjut hubungi dokter.,"Tetrahydrozoline, Menthol",Mata merah dengan sensasi sejuk; mata merah ngantuk; dingin mata; Gunakan sesuai petunjuk pada kemasan. Jika sakit berlanjut hubungi dokter.,Mata sangat dingin,2028-12-31,Produk,/static/medicines/Insto Cool 7.5ml.jpg,True,"[""otc"",""indonesia"",""chatbot-ready""]"
7909,Rohto Cool 7ml,Mata & Telinga,18000.0,182,"Naphazoline HCl, Menthol 0.08%",Mata merah dengan rasa dingin khas; Gejala terkait: tetes mata dingin; mata merah ngantuk,Sesuai aturan pakai pada kemasan. Gunakan sesuai petunjuk pada kemasan. Jika sakit berlanjut hubungi dokter.,"Naphazoline HCl, Menthol 0.08%",Mata merah dengan rasa dingin khas; tetes mata dingin; mata merah ngantuk; Gunakan sesuai petunjuk pada kemasan. Jika sakit berlanjut hubungi dokter.,Rasa pedas/dingin kuat,2028-03-15,Produk,/static/medicines/Rohto Cool 7ml.jpg,True,"[""otc"",""indonesia"",""chatbot-ready""]"
7910,Rohto V-Extra 7ml,Mata & Telinga,25000.0,104,"Naphazoline, Menthol, Vitamin B6, E",Mata merah lelah dengan vitamin; Gejala terkait: mata lelah; tetes vitamin mata,Sesuai aturan pakai pada kemasan. Gunakan sesuai petunjuk pada kemasan. Jika sakit berlanjut hubungi dokter.,"Naphazoline, Menthol, Vitamin B6, E",Mata merah lelah dengan vitamin; mata lelah; tetes vitamin mata; Gunakan sesuai petunjuk pada kemasan. Jika sakit berlanjut hubungi dokter.,Rasa dingin kuat,2026-12-31,Produk,/static/medicines/Rohto V-Extra 7ml.jpg,True,"[""otc"",""indonesia"",""chatbot-ready""]"
7911,Rohto C-Cube 7ml,Mata & Telinga,35000.0,83,"Vitamin C, B6, E + Menthol",Mata merah dan nutrisi mata; Gejala terkait: mata premium; vitamin c mata,Sesuai aturan pakai pada kemasan. Gunakan sesuai petunjuk pada kemasan. Jika sakit berlanjut hubungi dokter.,"Vitamin C, B6, E + Menthol",Mata merah dan nutrisi mata; mata premium; vitamin c mata; Gunakan sesuai petunjuk pada kemasan. Jika sakit berlanjut hubungi dokter.,Rasa dingin,2028-03-15,Produk,/static/medicines/Rohto C-Cube 7ml.jpg,True,"[""otc"",""indonesia"",""chatbot-ready""]"
7912,Cendo Xitrol Minidose 5x0.6ml,Mata & Telinga,35000.0,183,"Dexamethasone, Neomycin, Polymyxin B",Radang mata bakteri (Perlu pengawasan); Gejala terkait: mata belekan parah; radang mata; bintitan,Sesuai aturan pakai pada kemasan. Gunakan sesuai petunjuk pada kemasan. Jika sakit berlanjut hubungi dokter.,"Dexamethasone, Neomycin, Polymyxin B",Radang mata bakteri (Perlu pengawasan); mata belekan parah; radang mata; bintitan; Gunakan sesuai petunjuk pada kemasan. Jika sakit berlanjut hubungi dokter.,"Pandangan kabur, tekanan bola mata",2027-06-30,Produk,/static/medicines/Cendo Xitrol Minidose 5x0.6ml.jpg,True,"[""otc"",""indonesia"",""chatbot-ready""]"
7913,Cendo Lyteers Minidose 5x0.6ml,Mata & Telinga,28000.0,94,"NaCl, KCl, CaCl2 (Artificial Tears)",Mata kering minidose steril; Gejala terkait: mata kering softlens; minidose steril,Sesuai aturan pakai pada kemasan. Gunakan sesuai petunjuk pada kemasan. Jika sakit berlanjut hubungi dokter.,"NaCl, KCl, CaCl2 (Artificial Tears)",Mata kering minidose steril; mata kering softlens; minidose steril; Gunakan sesuai petunjuk pada kemasan. Jika sakit berlanjut hubungi dokter.,Pandangan kabur sementara,2028-12-31,Produk,/static/medicines/Cendo Lyteers Minidose 5x0.6ml.jpg,True,"[""otc"",""indonesia"",""chatbot-ready""]"
7914,Cendo Fenicol Salep Mata,Mata & Telinga,25000.0,187,Chloramphenicol 1% salep mata,"Belekan bakteri, bintitan; Gejala terkait: belekan kuning; bintitan; salep mata",Sesuai aturan pakai pada kemasan. Gunakan sesuai petunjuk pada kemasan. Jika sakit berlanjut hubungi dokter.,Chloramphenicol 1% salep mata,"Belekan bakteri, bintitan; belekan kuning; bintitan; salep mata; Gunakan sesuai petunjuk pada kemasan. Jika sakit berlanjut hubungi dokter.",Pandangan kabur,2027-06-30,Produk,/static/medicines/Cendo Fenicol Salep Mata.jpg,True,"[""otc"",""indonesia"",""chatbot-ready""]"
7915,Cendo Cenfresh Minidose,Mata & Telinga,30000.0,109,"HPMC, Sodium Hyaluronate artificial tears",Mata kering premium minidose; Gejala terkait: mata kering premium; sodium hyaluronate,Sesuai aturan pakai pada kemasan. Gunakan sesuai petunjuk pada kemasan. Jika sakit berlanjut hubungi dokter.,"HPMC, Sodium Hyaluronate artificial tears",Mata kering premium minidose; mata kering premium; sodium hyaluronate; Gunakan sesuai petunjuk pada kemasan. Jika sakit berlanjut hubungi dokter.,Pandangan kabur,2028-03-15,Produk,/static/medicines/Cendo Cenfresh Minidose.jpg,True,"[""otc"",""indonesia"",""chatbot-ready""]"
7916,Visine Original 6ml,Mata & Telinga,18000.0,166,Tetrahydrozoline HCl 0.05%,"Mata merah iritasi asap, polusi; Gejala terkait: mata iritasi asap; polusi",Sesuai aturan pakai pada kemasan. Gunakan sesuai petunjuk pada kemasan. Jika sakit berlanjut hubungi dokter.,Tetrahydrozoline HCl 0.05%,"Mata merah iritasi asap, polusi; mata iritasi asap; polusi; Gunakan sesuai petunjuk pada kemasan. Jika sakit berlanjut hubungi dokter.",Mata kering,2026-12-31,Produk,/static/medicines/Visine Original 6ml.jpg,True,"[""otc"",""indonesia"",""chatbot-ready""]"
7917,Visine Tears 6ml,Mata & Telinga,22000.0,174,"PEG 400 1%, PG 0.6% artificial tears",Mata kering dan lelah; Gejala terkait: mata kering; mata lelah layar,Sesuai aturan pakai pada kemasan. Gunakan sesuai petunjuk pada kemasan. Jika sakit berlanjut hubungi dokter.,"PEG 400 1%, PG 0.6% artificial tears",Mata kering dan lelah; mata kering; mata lelah layar; Gunakan sesuai petunjuk pada kemasan. Jika sakit berlanjut hubungi dokter.,Pandangan kabur,2028-12-31,Produk,/static/medicines/Visine Tears 6ml.jpg,True,"[""otc"",""indonesia"",""chatbot-ready""]"
7918,Otopain Tetes Telinga 8ml,Mata & Telinga,65000.0,100,"Polymyxin B, Neomycin, Fludrocortisone, Lidocaine",Infeksi dan nyeri telinga (Perlu pengawasan); Gejala terkait: telinga bernanah; sakit telinga; otitis,Sesuai aturan pakai pada kemasan. Gunakan sesuai petunjuk pada kemasan. Jika sakit berlanjut hubungi dokter.,"Polymyxin B, Neomycin, Fludrocortisone, Lidocaine",Infeksi dan nyeri telinga (Perlu pengawasan); telinga bernanah; sakit telinga; otitis; Gunakan sesuai petunjuk pada kemasan. Jika sakit berlanjut hubungi dokter.,Terbakar sementara,2028-12-31,Produk,/static/medicines/Otopain Tetes Telinga 8ml.jpg,True,"[""otc"",""indonesia"",""chatbot-ready""]"
7919,Forumen Tetes Telinga 10ml,Mata & Telinga,45000.0,115,Docusate Sodium 5%,Kotoran telinga keras (serumen); Gejala terkait: telinga mampet; kotoran telinga keras; serumen,Sesuai aturan pakai pada kemasan. Gunakan sesuai petunjuk pada kemasan. Jika sakit berlanjut hubungi dokter.,Docusate Sodium 5%,Kotoran telinga keras (serumen); telinga mampet; kotoran telinga keras; serumen; Gunakan sesuai petunjuk pada kemasan. Jika sakit berlanjut hubungi dokter.,Telinga terasa penuh sementara,2027-06-30,Produk,/static/medicines/Forumen Tetes Telinga 10ml.jpg,True,"[""otc"",""indonesia"",""chatbot-ready""]"
7920,Erlamycetin Salep Mata 5g,Mata & Telinga,18000.0,145,Chloramphenicol 1% salep,Belekan bakteri dan bintitan; Gejala terkait: belekan kuning murah; bintitan murah,Sesuai aturan pakai pada kemasan. Gunakan sesuai petunjuk pada kemasan. Jika sakit berlanjut hubungi dokter.,Chloramphenicol 1% salep,Belekan bakteri dan bintitan; belekan kuning murah; bintitan murah; Gunakan sesuai petunjuk pada kemasan. Jika sakit berlanjut hubungi dokter.,Pandangan kabur,2028-12-31,Produk,/static/medicines/Erlamycetin Salep Mata 5g.jpg,True,"[""otc"",""indonesia"",""chatbot-ready""]"
7921,Erlamycetin Tetes Telinga 10ml,Mata & Telinga,22000.0,138,Chloramphenicol 1% tetes telinga,Infeksi bakteri telinga; Gejala terkait: telinga gatal infeksi; belekan telinga,Sesuai aturan pakai pada kemasan. Gunakan sesuai petunjuk pada kemasan. Jika sakit berlanjut hubungi dokter.,Chloramphenicol 1% tetes telinga,Infeksi bakteri telinga; telinga gatal infeksi; belekan telinga; Gunakan sesuai petunjuk pada kemasan. Jika sakit berlanjut hubungi dokter.,Rasa terbakar,2026-12-31,Produk,/static/medicines/Erlamycetin Tetes Telinga 10ml.jpg,True,"[""otc"",""indonesia"",""chatbot-ready""]"
7922,Cendo Tobroson Minidose,Mata & Telinga,45000.0,156,"Tobramycin, Dexamethasone",Konjungtivitis bakteri akut (Perlu resep); Gejala terkait: mata merah infeksi; konjungtivitis,Sesuai aturan pakai pada kemasan. Gunakan sesuai petunjuk pada kemasan. Jika sakit berlanjut hubungi dokter.,"Tobramycin, Dexamethasone",Konjungtivitis bakteri akut (Perlu resep); mata merah infeksi; konjungtivitis; Gunakan sesuai petunjuk pada kemasan. Jika sakit berlanjut hubungi dokter.,Tekanan bola mata,2028-12-31,Produk,https://placehold.co/400x300/f8fafc/0ea5e9?text=Cendo+Tobroson+Minidose,True,"[""otc"",""indonesia"",""chatbot-ready""]"
7923,Refresh Tears 10ml,Mata & Telinga,65000.0,128,Carboxymethylcellulose Sodium 0.5%,Mata kering ringan sehari-hari; Gejala terkait: mata kering premium; artificial tears,Sesuai aturan pakai pada kemasan. Gunakan sesuai petunjuk pada kemasan. Jika sakit berlanjut hubungi dokter.,Carboxymethylcellulose Sodium 0.5%,Mata kering ringan sehari-hari; mata kering premium; artificial tears; Gunakan sesuai petunjuk pada kemasan. Jika sakit berlanjut hubungi dokter.,Pandangan kabur,2028-12-31,Produk,https://placehold.co/400x300/f8fafc/0ea5e9?text=Refresh+Tears+10ml,True,"[""otc"",""indonesia"",""chatbot-ready""]"
7924,Systane Ultra 10ml,Mata & Telinga,85000.0,84,"Propylene Glycol, PEG 400","Mata kering berat, sindrom mata kering; Gejala terkait: sindrom mata kering; mata kering berat",Sesuai aturan pakai pada kemasan. Gunakan sesuai petunjuk pada kemasan. Jika sakit berlanjut hubungi dokter.,"Propylene Glycol, PEG 400","Mata kering berat, sindrom mata kering; sindrom mata kering; mata kering berat; Gunakan sesuai petunjuk pada kemasan. Jika sakit berlanjut hubungi dokter.",Pandangan kabur sementara,2028-12-31,Produk,https://placehold.co/400x300/f8fafc/0ea5e9?text=Systane+Ultra+10ml,True,"[""otc"",""indonesia"",""chatbot-ready""]"
7925,Cendo Deflucon Drop,Mata & Telinga,55000.0,83,Fluorometholone 0.1%,Radang mata non infeksi (Perlu resep); Gejala terkait: radang mata non infeksi; alergi mata,Sesuai aturan pakai pada kemasan. Gunakan sesuai petunjuk pada kemasan. Jika sakit berlanjut hubungi dokter.,Fluorometholone 0.1%,Radang mata non infeksi (Perlu resep); radang mata non infeksi; alergi mata; Gunakan sesuai petunjuk pada kemasan. Jika sakit berlanjut hubungi dokter.,"Glaukoma, katarak (pemakaian lama)",2028-12-31,Produk,https://placehold.co/400x300/f8fafc/0ea5e9?text=Cendo+Deflucon+Drop,True,"[""otc"",""indonesia"",""chatbot-ready""]"
7926,Betadine Mouthwash and Gargle 100ml,Mulut & Tenggorokan,25000.0,134,Povidone Iodine 1%,"Sakit tenggorokan, kumur antiseptik; Gejala terkait: kumur sakit tenggorokan; gusi bengkak",Sesuai aturan pakai pada kemasan. Gunakan sesuai petunjuk pada kemasan. Jika sakit berlanjut hubungi dokter.,Povidone Iodine 1%,"Sakit tenggorokan, kumur antiseptik; kumur sakit tenggorokan; gusi bengkak; Gunakan sesuai petunjuk pada kemasan. Jika sakit berlanjut hubungi dokter.",Perubahan warna gigi (jarang),2028-03-15,Cairan,/static/medicines/Betadine Mouthwash and Gargle 100ml.jpg,True,"[""otc"",""indonesia"",""chatbot-ready""]"
7927,Betadine Gargle 190ml,Mulut & Tenggorokan,42000.0,183,Povidone Iodine 1% besar,"Sakit tenggorokan, kumur besar; Gejala terkait: kumur antiseptik besar",Sesuai aturan pakai pada kemasan. Gunakan sesuai petunjuk pada kemasan. Jika sakit berlanjut hubungi dokter.,Povidone Iodine 1% besar,"Sakit tenggorokan, kumur besar; kumur antiseptik besar; Gunakan sesuai petunjuk pada kemasan. Jika sakit berlanjut hubungi dokter.",Perubahan warna gigi,2028-12-31,Cairan,/static/medicines/Betadine Gargle 190ml.jpg,True,"[""otc"",""indonesia"",""chatbot-ready""]"
7928,Betadine Throat Spray 50ml,Mulut & Tenggorokan,120000.0,168,Povidone Iodine 0.45% spray,Sakit tenggorokan spray praktis; Gejala terkait: semprot tenggorokan iodine; sakit menelan,Sesuai aturan pakai pada kemasan. Gunakan sesuai petunjuk pada kemasan. Jika sakit berlanjut hubungi dokter.,Povidone Iodine 0.45% spray,Sakit tenggorokan spray praktis; semprot tenggorokan iodine; sakit menelan; Gunakan sesuai petunjuk pada kemasan. Jika sakit berlanjut hubungi dokter.,Rasa tidak enak,2028-12-31,Spray,/static/medicines/Betadine Throat Spray 50ml.jpg,True,"[""otc"",""indonesia"",""chatbot-ready""]"
7929,Tantum Verde Gargle 120ml,Mulut & Tenggorokan,45000.0,112,Benzydamine HCl 0.15%,"Radang tenggorokan dengan efek bius, sariawan; Gejala terkait: sariawan parah; sakit menelan; radang tenggorokan",Sesuai aturan pakai pada kemasan. Gunakan sesuai petunjuk pada kemasan. Jika sakit berlanjut hubungi dokter.,Benzydamine HCl 0.15%,"Radang tenggorokan dengan efek bius, sariawan; sariawan parah; sakit menelan; radang tenggorokan; Gunakan sesuai petunjuk pada kemasan. Jika sakit berlanjut hubungi dokter.",Mulut kebas,2027-06-30,Cairan,/static/medicines/Tantum Verde Gargle 120ml.jpg,True,"[""otc"",""indonesia"",""chatbot-ready""]"
7930,Tantum Verde Oral Rinse 60ml,Mulut & Tenggorokan,30000.0,155,Benzydamine HCl 0.15% kecil,Sariawan dan radang ringan; Gejala terkait: sariawan; kumur; radang ringan,Sesuai aturan pakai pada kemasan. Gunakan sesuai petunjuk pada kemasan. Jika sakit berlanjut hubungi dokter.,Benzydamine HCl 0.15% kecil,Sariawan dan radang ringan; sariawan; kumur; radang ringan; Gunakan sesuai petunjuk pada kemasan. Jika sakit berlanjut hubungi dokter.,Mulut kebas,2027-06-30,Produk,/static/medicines/Tantum Verde Oral Rinse 60ml.jpg,True,"[""otc"",""indonesia"",""chatbot-ready""]"
7931,SP Troches Strawberry Strip 12s,Mulut & Tenggorokan,15000.0,181,Dequalinium Chloride 0.25mg permen,Infeksi mulut bakteri/jamur permen; Gejala terkait: permen sariawan; tenggorokan antiseptik,Sesuai aturan pakai pada kemasan. Gunakan sesuai petunjuk pada kemasan. Jika sakit berlanjut hubungi dokter.,Dequalinium Chloride 0.25mg permen,Infeksi mulut bakteri/jamur permen; permen sariawan; tenggorokan antiseptik; Gunakan sesuai petunjuk pada kemasan. Jika sakit berlanjut hubungi dokter.,Kesat mulut,2028-12-31,Produk,/static/medicines/SP Troches Strawberry Strip 12s.jpg,True,"[""otc"",""indonesia"",""chatbot-ready""]"
7932,SP Troches Melon Strip 12s,Mulut & Tenggorokan,15000.0,118,Dequalinium Chloride 0.25mg permen melon,Infeksi mulut permen melon; Gejala terkait: permen sariawan melon,Sesuai aturan pakai pada kemasan. Gunakan sesuai petunjuk pada kemasan. Jika sakit berlanjut hubungi dokter.,Dequalinium Chloride 0.25mg permen melon,Infeksi mulut permen melon; permen sariawan melon; Gunakan sesuai petunjuk pada kemasan. Jika sakit berlanjut hubungi dokter.,Kesat mulut,2028-03-15,Produk,/static/medicines/SP Troches Melon Strip 12s.jpg,True,"[""otc"",""indonesia"",""chatbot-ready""]"
7933,FG Troches Strip 10s,Mulut & Tenggorokan,18000.0,80,"Fradiomycin Sulfate, Gramicidin permen","Radang tenggorokan bakteri, amandel; Gejala terkait: radang tenggorokan; amandel; permen antibiotik",Sesuai aturan pakai pada kemasan. Gunakan sesuai petunjuk pada kemasan. Jika sakit berlanjut hubungi dokter.,"Fradiomycin Sulfate, Gramicidin permen","Radang tenggorokan bakteri, amandel; radang tenggorokan; amandel; permen antibiotik; Gunakan sesuai petunjuk pada kemasan. Jika sakit berlanjut hubungi dokter.",Gangguan flora mulut,2028-12-31,Produk,/static/medicines/FG Troches Strip 10s.jpg,True,"[""otc"",""indonesia"",""chatbot-ready""]"
7934,Cooling 5 Spray Cherry 15ml,Mulut & Tenggorokan,38000.0,105,Phenol Crystal 0.5% spray,Sakit tenggorokan dan gatal spray; Gejala terkait: semprot tenggorokan; gatal tenggorokan cherry,Sesuai aturan pakai pada kemasan. Gunakan sesuai petunjuk pada kemasan. Jika sakit berlanjut hubungi dokter.,Phenol Crystal 0.5% spray,Sakit tenggorokan dan gatal spray; semprot tenggorokan; gatal tenggorokan cherry; Gunakan sesuai petunjuk pada kemasan. Jika sakit berlanjut hubungi dokter.,Rasa kebas sesaat,2028-12-31,Spray,/static/medicines/Cooling 5 Spray Cherry 15ml.jpg,True,"[""otc"",""indonesia"",""chatbot-ready""]"
7935,Cooling 5 Spray Mint 15ml,Mulut & Tenggorokan,38000.0,125,Phenol Crystal 0.5% spray mint,Sakit tenggorokan spray mint; Gejala terkait: semprot tenggorokan mint,Sesuai aturan pakai pada kemasan. Gunakan sesuai petunjuk pada kemasan. Jika sakit berlanjut hubungi dokter.,Phenol Crystal 0.5% spray mint,Sakit tenggorokan spray mint; semprot tenggorokan mint; Gunakan sesuai petunjuk pada kemasan. Jika sakit berlanjut hubungi dokter.,Rasa kebas,2027-06-30,Spray,/static/medicines/Cooling 5 Spray Mint 15ml.jpg,True,"[""otc"",""indonesia"",""chatbot-ready""]"
7936,Cooling 5 Plus Orange Spray,Mulut & Tenggorokan,42000.0,113,"Phenol Crystal, Vitamin C spray",Tenggorokan + vitamin C; Gejala terkait: semprot tenggorokan vitamin c,Sesuai aturan pakai pada kemasan. Gunakan sesuai petunjuk pada kemasan. Jika sakit berlanjut hubungi dokter.,"Phenol Crystal, Vitamin C spray",Tenggorokan + vitamin C; semprot tenggorokan vitamin c; Gunakan sesuai petunjuk pada kemasan. Jika sakit berlanjut hubungi dokter.,Rasa kebas,2028-12-31,Spray,/static/medicines/Cooling 5 Plus Orange Spray.jpg,True,"[""otc"",""indonesia"",""chatbot-ready""]"
7937,Cooling 5 Box 50s,Mulut & Tenggorokan,55000.0,181,Phenol Crystal lozenges box,Sariawan dan tenggorokan stok banyak; Gejala terkait: lozenges tenggorokan stok,Sesuai aturan pakai pada kemasan. Gunakan sesuai petunjuk pada kemasan. Jika sakit berlanjut hubungi dokter.,Phenol Crystal lozenges box,Sariawan dan tenggorokan stok banyak; lozenges tenggorokan stok; Gunakan sesuai petunjuk pada kemasan. Jika sakit berlanjut hubungi dokter.,Rasa kebas,2027-06-30,Produk,/static/medicines/Cooling 5 Box 50s.jpg,True,"[""otc"",""indonesia"",""chatbot-ready""]"
7938,Aloclair Gel 8ml,Mulut & Tenggorokan,95000.0,161,"Aloe Vera, Sodium Hyaluronate gel","Sariawan parah, luka kawat gigi (membentuk lapisan); Gejala terkait: sariawan kawat gigi; sariawan parah; luka mulut",Sesuai aturan pakai pada kemasan. Gunakan sesuai petunjuk pada kemasan. Jika sakit berlanjut hubungi dokter.,"Aloe Vera, Sodium Hyaluronate gel","Sariawan parah, luka kawat gigi (membentuk lapisan); sariawan kawat gigi; sariawan parah; luka mulut; Gunakan sesuai petunjuk pada kemasan. Jika sakit berlanjut hubungi dokter.",Jarang,2028-03-15,Topikal,/static/medicines/Aloclair Gel 8ml.jpg,True,"[""otc"",""indonesia"",""chatbot-ready""]"
7939,Aloclair Plus Spray 15ml,Mulut & Tenggorokan,115000.0,165,"Aloe Vera, Sodium Hyaluronate spray",Sariawan spray praktis; Gejala terkait: sariawan spray; luka mulut spray,Sesuai aturan pakai pada kemasan. Gunakan sesuai petunjuk pada kemasan. Jika sakit berlanjut hubungi dokter.,"Aloe Vera, Sodium Hyaluronate spray",Sariawan spray praktis; sariawan spray; luka mulut spray; Gunakan sesuai petunjuk pada kemasan. Jika sakit berlanjut hubungi dokter.,Jarang,2028-03-15,Spray,/static/medicines/Aloclair Plus Spray 15ml.jpg,True,"[""otc"",""indonesia"",""chatbot-ready""]"
7940,Aloclair Botol 200ml,Mulut & Tenggorokan,145000.0,121,"Aloe Vera, Sodium Hyaluronate kumur",Sariawan kumur; Gejala terkait: sariawan kumur; sariawan besar,Sesuai aturan pakai pada kemasan. Gunakan sesuai petunjuk pada kemasan. Jika sakit berlanjut hubungi dokter.,"Aloe Vera, Sodium Hyaluronate kumur",Sariawan kumur; sariawan kumur; sariawan besar; Gunakan sesuai petunjuk pada kemasan. Jika sakit berlanjut hubungi dokter.,Jarang,2026-12-31,Produk,/static/medicines/Aloclair Botol 200ml.jpg,True,"[""otc"",""indonesia"",""chatbot-ready""]"
7941,Kenalog In Orabase 5g,Mulut & Tenggorokan,75000.0,184,Triamcinolone Acetonide 0.1% pasta,Sariawan berat kortikosteroid; Gejala terkait: salep sariawan; sariawan meradang; kortison,Sesuai aturan pakai pada kemasan. Gunakan sesuai petunjuk pada kemasan. Jika sakit berlanjut hubungi dokter.,Triamcinolone Acetonide 0.1% pasta,Sariawan berat kortikosteroid; salep sariawan; sariawan meradang; kortison; Gunakan sesuai petunjuk pada kemasan. Jika sakit berlanjut hubungi dokter.,Infeksi jamur sekunder,2028-03-15,Produk,/static/medicines/Kenalog In Orabase 5g.jpg,True,"[""otc"",""indonesia"",""chatbot-ready""]"
7942,Kenalog Tube 15g,Mulut & Tenggorokan,120000.0,130,Triamcinolone Acetonide 0.1% tube besar,Sariawan berat tube besar; Gejala terkait: sariawan kortison besar,Sesuai aturan pakai pada kemasan. Gunakan sesuai petunjuk pada kemasan. Jika sakit berlanjut hubungi dokter.,Triamcinolone Acetonide 0.1% tube besar,Sariawan berat tube besar; sariawan kortison besar; Gunakan sesuai petunjuk pada kemasan. Jika sakit berlanjut hubungi dokter.,Infeksi jamur sekunder,2028-03-15,Produk,/static/medicines/Kenalog Tube 15g.jpg,True,"[""otc"",""indonesia"",""chatbot-ready""]"
7943,Enkasari Mouthwash 120ml,Mulut & Tenggorokan,22000.0,128,"Ekstrak Saga, Sirih, Akar Manis",Sariawan dan bau mulut herbal; Gejala terkait: kumur sariawan herbal; bau mulut herbal,Sesuai aturan pakai pada kemasan. Gunakan sesuai petunjuk pada kemasan. Jika sakit berlanjut hubungi dokter.,"Ekstrak Saga, Sirih, Akar Manis",Sariawan dan bau mulut herbal; kumur sariawan herbal; bau mulut herbal; Gunakan sesuai petunjuk pada kemasan. Jika sakit berlanjut hubungi dokter.,Jarang,2027-06-30,Produk,/static/medicines/Enkasari Mouthwash 120ml.jpg,True,"[""otc"",""indonesia"",""chatbot-ready""]"
7944,Strepsils Madu Lemon,Mulut & Tenggorokan,12000.0,170,"Amylmetacresol, 2,4-Dichlorobenzyl alcohol permen",Sakit tenggorokan dan batuk ringan permen; Gejala terkait: permen tenggorokan; sakit menelan,Sesuai aturan pakai pada kemasan. Gunakan sesuai petunjuk pada kemasan. Jika sakit berlanjut hubungi dokter.,"Amylmetacresol, 2,4-Dichlorobenzyl alcohol permen",Sakit tenggorokan dan batuk ringan permen; permen tenggorokan; sakit menelan; Gunakan sesuai petunjuk pada kemasan. Jika sakit berlanjut hubungi dokter.,Rasa manis berlebihan,2028-03-15,Produk,https://placehold.co/400x300/f8fafc/d946ef?text=Strepsils+Madu+Lemon,True,"[""otc"",""indonesia"",""chatbot-ready""]"
7945,Strepsils Intensive,Mulut & Tenggorokan,25000.0,147,Flurbiprofen 8.75mg lozenges,Sakit tenggorokan berat dengan NSAID; Gejala terkait: sakit tenggorokan berat; NSAID lozenges,Sesuai aturan pakai pada kemasan. Gunakan sesuai petunjuk pada kemasan. Jika sakit berlanjut hubungi dokter.,Flurbiprofen 8.75mg lozenges,Sakit tenggorokan berat dengan NSAID; sakit tenggorokan berat; NSAID lozenges; Gunakan sesuai petunjuk pada kemasan. Jika sakit berlanjut hubungi dokter.,"Mual, nyeri lambung",2027-06-30,Produk,https://placehold.co/400x300/f8fafc/d946ef?text=Strepsils+Intensive,True,"[""otc"",""indonesia"",""chatbot-ready""]"
7946,Hexadol Gargle,Mulut & Tenggorokan,35000.0,120,Hexetidine 0.1%,Infeksi mulut dan gingivitis antiseptik kumur; Gejala terkait: radang gusi; gingivitis; kumur antiseptik,Sesuai aturan pakai pada kemasan. Gunakan sesuai petunjuk pada kemasan. Jika sakit berlanjut hubungi dokter.,Hexetidine 0.1%,Infeksi mulut dan gingivitis antiseptik kumur; radang gusi; gingivitis; kumur antiseptik; Gunakan sesuai petunjuk pada kemasan. Jika sakit berlanjut hubungi dokter.,Rasa tidak enak,2026-12-31,Cairan,https://placehold.co/400x300/f8fafc/d946ef?text=Hexadol+Gargle,True,"[""otc"",""indonesia"",""chatbot-ready""]"
7947,Listerine Cool Mint 80ml,Mulut & Tenggorokan,22000.0,83,"Essential Oils (Thymol, Eucalyptol, Menthol)",Membunuh kuman mulut dan napas segar; Gejala terkait: kumur antibakteri; napas segar; listerine,Sesuai aturan pakai pada kemasan. Gunakan sesuai petunjuk pada kemasan. Jika sakit berlanjut hubungi dokter.,"Essential Oils (Thymol, Eucalyptol, Menthol)",Membunuh kuman mulut dan napas segar; kumur antibakteri; napas segar; listerine; Gunakan sesuai petunjuk pada kemasan. Jika sakit berlanjut hubungi dokter.,Sensasi terbakar,2028-12-31,Produk,https://placehold.co/400x300/f8fafc/d946ef?text=Listerine+Cool+Mint+80ml,True,"[""otc"",""indonesia"",""chatbot-ready""]"
7948,Nystatin Drop,Mulut & Tenggorokan,35000.0,125,Nystatin 100.000 unit/ml drops,Kandidiasis oral bayi (sariawan jamur); Gejala terkait: sariawan jamur bayi; kandidiasis oral,Sesuai aturan pakai pada kemasan. Gunakan sesuai petunjuk pada kemasan. Jika sakit berlanjut hubungi dokter.,Nystatin 100.000 unit/ml drops,Kandidiasis oral bayi (sariawan jamur); sariawan jamur bayi; kandidiasis oral; Gunakan sesuai petunjuk pada kemasan. Jika sakit berlanjut hubungi dokter.,Mual (jarang),2027-06-30,Produk,https://placehold.co/400x300/f8fafc/d946ef?text=Nystatin+Drop,True,"[""otc"",""indonesia"",""chatbot-ready""]"
7949,Tolak Angin Cair Box 5s,Herbal & Tradisional,20000.0,134,"Adas, Kayu Ules, Cengkeh, Jahe, Madu","Masuk angin, perut kembung, mual; Gejala terkait: masuk angin; mual; kembung perut",Sesuai aturan pakai pada kemasan. Gunakan sesuai petunjuk pada kemasan. Jika sakit berlanjut hubungi dokter.,"Adas, Kayu Ules, Cengkeh, Jahe, Madu","Masuk angin, perut kembung, mual; masuk angin; mual; kembung perut; Gunakan sesuai petunjuk pada kemasan. Jika sakit berlanjut hubungi dokter.",Alergi (jarang),2027-06-30,Produk,/static/medicines/Tolak Angin Cair Box 5s.jpg,True,"[""otc"",""indonesia"",""chatbot-ready""]"
7950,Tolak Angin Anax Box 5s,Herbal & Tradisional,18000.0,88,"Adas, Cengkeh, Jahe, Madu formula anak",Masuk angin anak; Gejala terkait: masuk angin anak; perut kembung anak,Sesuai aturan pakai pada kemasan. Gunakan sesuai petunjuk pada kemasan. Jika sakit berlanjut hubungi dokter.,"Adas, Cengkeh, Jahe, Madu formula anak",Masuk angin anak; masuk angin anak; perut kembung anak; Gunakan sesuai petunjuk pada kemasan. Jika sakit berlanjut hubungi dokter.,Jarang,2028-03-15,Produk,/static/medicines/Tolak Angin Anax Box 5s.jpg,True,"[""otc"",""indonesia"",""chatbot-ready""]"
7951,Tolak Angin FluBox 5s,Herbal & Tradisional,22000.0,151,"Adas, Cengkeh, Jahe, Echinacea",Masuk angin dengan flu; Gejala terkait: masuk angin flu; greges,Sesuai aturan pakai pada kemasan. Gunakan sesuai petunjuk pada kemasan. Jika sakit berlanjut hubungi dokter.,"Adas, Cengkeh, Jahe, Echinacea",Masuk angin dengan flu; masuk angin flu; greges; Gunakan sesuai petunjuk pada kemasan. Jika sakit berlanjut hubungi dokter.,Jarang,2026-12-31,Produk,/static/medicines/Tolak Angin FluBox 5s.jpg,True,"[""otc"",""indonesia"",""chatbot-ready""]"
7952,Tolak Angin Permen Sachet,Herbal & Tradisional,5000.0,148,"Ekstrak Adas, Cengkeh permen",Masuk angin ringan permen; Gejala terkait: masuk angin permen; mual ringan,Sesuai aturan pakai pada kemasan. Gunakan sesuai petunjuk pada kemasan. Jika sakit berlanjut hubungi dokter.,"Ekstrak Adas, Cengkeh permen",Masuk angin ringan permen; masuk angin permen; mual ringan; Gunakan sesuai petunjuk pada kemasan. Jika sakit berlanjut hubungi dokter.,Jarang,2028-12-31,Sachet,/static/medicines/Tolak Angin Permen Sachet.jpg,True,"[""otc"",""indonesia"",""chatbot-ready""]"
7953,Tolak Angin Botol 60ml,Herbal & Tradisional,35000.0,155,"Adas, Cengkeh, Jahe botol besar",Masuk angin kemasan besar; Gejala terkait: masuk angin banyak; keluarga,Sesuai aturan pakai pada kemasan. Gunakan sesuai petunjuk pada kemasan. Jika sakit berlanjut hubungi dokter.,"Adas, Cengkeh, Jahe botol besar",Masuk angin kemasan besar; masuk angin banyak; keluarga; Gunakan sesuai petunjuk pada kemasan. Jika sakit berlanjut hubungi dokter.,Jarang,2027-06-30,Produk,/static/medicines/Tolak Angin Botol 60ml.jpg,True,"[""otc"",""indonesia"",""chatbot-ready""]"
7954,Antangin JRG Cair isi 12 Sachet,Herbal & Tradisional,38000.0,149,"Jahe, Royal Jelly, Ginseng cair","Masuk angin, greges, badan lemah; Gejala terkait: greges; meriang; lemah badan",Sesuai aturan pakai pada kemasan. Gunakan sesuai petunjuk pada kemasan. Jika sakit berlanjut hubungi dokter.,"Jahe, Royal Jelly, Ginseng cair","Masuk angin, greges, badan lemah; greges; meriang; lemah badan; Gunakan sesuai petunjuk pada kemasan. Jika sakit berlanjut hubungi dokter.",Rasa hangat berlebih,2028-12-31,Sachet,/static/medicines/Antangin JRG Cair isi 12 Sachet.webp,True,"[""otc"",""indonesia"",""chatbot-ready""]"
7955,Antangin Habbatussauda Box 5s,Herbal & Tradisional,20000.0,137,"Jahe, Habbatussauda, Madu",Masuk angin dengan habatussauda; Gejala terkait: masuk angin habbatussauda; imun herbal,Sesuai aturan pakai pada kemasan. Gunakan sesuai petunjuk pada kemasan. Jika sakit berlanjut hubungi dokter.,"Jahe, Habbatussauda, Madu",Masuk angin dengan habatussauda; masuk angin habbatussauda; imun herbal; Gunakan sesuai petunjuk pada kemasan. Jika sakit berlanjut hubungi dokter.,Jarang,2028-12-31,Produk,/static/medicines/Antangin Habbatussauda Box 5s.webp,True,"[""otc"",""indonesia"",""chatbot-ready""]"
7956,Antangin Mint Box 5s,Herbal & Tradisional,18000.0,101,"Jahe, Royal Jelly, Ginseng, Mint",Masuk angin rasa mint segar; Gejala terkait: masuk angin mint; segar,Sesuai aturan pakai pada kemasan. Gunakan sesuai petunjuk pada kemasan. Jika sakit berlanjut hubungi dokter.,"Jahe, Royal Jelly, Ginseng, Mint",Masuk angin rasa mint segar; masuk angin mint; segar; Gunakan sesuai petunjuk pada kemasan. Jika sakit berlanjut hubungi dokter.,Jarang,2028-12-31,Produk,/static/medicines/Antangin Mint Box 5s.png,True,"[""otc"",""indonesia"",""chatbot-ready""]"
7957,Antangin Tablet 4s,Herbal & Tradisional,4000.0,134,"Jahe, Royal Jelly tablet",Masuk angin tablet praktis; Gejala terkait: masuk angin tablet murah,Sesuai aturan pakai pada kemasan. Gunakan sesuai petunjuk pada kemasan. Jika sakit berlanjut hubungi dokter.,"Jahe, Royal Jelly tablet",Masuk angin tablet praktis; masuk angin tablet murah; Gunakan sesuai petunjuk pada kemasan. Jika sakit berlanjut hubungi dokter.,Jarang,2027-06-30,Tablet,/static/medicines/Antangin Tablet 4s.jpg,True,"[""otc"",""indonesia"",""chatbot-ready""]"
7958,Bejo Anak Jahe Merah Box 5s,Herbal & Tradisional,15000.0,129,"Jahe Merah, Adas, Madu anak",Masuk angin anak; Gejala terkait: meriang anak; masuk angin anak jahe,Sesuai aturan pakai pada kemasan. Gunakan sesuai petunjuk pada kemasan. Jika sakit berlanjut hubungi dokter.,"Jahe Merah, Adas, Madu anak",Masuk angin anak; meriang anak; masuk angin anak jahe; Gunakan sesuai petunjuk pada kemasan. Jika sakit berlanjut hubungi dokter.,Perut hangat,2028-12-31,Produk,/static/medicines/Bejo Anak Jahe Merah Box 5s.webp,True,"[""otc"",""indonesia"",""chatbot-ready""]"
7959,Bejo Wedang Susu Jahe Merah Box 5s,Herbal & Tradisional,18000.0,157,"Jahe Merah, Susu, Madu wedang",Masuk angin hangat; Gejala terkait: wedang jahe; hangat; masuk angin,Sesuai aturan pakai pada kemasan. Gunakan sesuai petunjuk pada kemasan. Jika sakit berlanjut hubungi dokter.,"Jahe Merah, Susu, Madu wedang",Masuk angin hangat; wedang jahe; hangat; masuk angin; Gunakan sesuai petunjuk pada kemasan. Jika sakit berlanjut hubungi dokter.,Perut hangat,2026-12-31,Produk,/static/medicines/Bejo Wedang Susu Jahe Merah Box 5s.webp,True,"[""otc"",""indonesia"",""chatbot-ready""]"
7960,Kuldon Tablet Strip 4s,Herbal & Tradisional,3500.0,112,"Daun Saga, Bunga Krisan, Alang-alang","Panas dalam, sariawan, sembelit herbal; Gejala terkait: panas dalam; sariawan pil; jamu",Sesuai aturan pakai pada kemasan. Gunakan sesuai petunjuk pada kemasan. Jika sakit berlanjut hubungi dokter.,"Daun Saga, Bunga Krisan, Alang-alang","Panas dalam, sariawan, sembelit herbal; panas dalam; sariawan pil; jamu; Gunakan sesuai petunjuk pada kemasan. Jika sakit berlanjut hubungi dokter.",Jarang,2027-06-30,Tablet,/static/medicines/Kuldon Tablet Strip 4s.jpg,True,"[""otc"",""indonesia"",""chatbot-ready""]"
7961,Kuldon Strip 10s,Herbal & Tradisional,7000.0,147,"Daun Saga, Bunga Krisan herbal lebih banyak",Panas dalam strip 10s; Gejala terkait: panas dalam strip 10s,Sesuai aturan pakai pada kemasan. Gunakan sesuai petunjuk pada kemasan. Jika sakit berlanjut hubungi dokter.,"Daun Saga, Bunga Krisan herbal lebih banyak",Panas dalam strip 10s; panas dalam strip 10s; Gunakan sesuai petunjuk pada kemasan. Jika sakit berlanjut hubungi dokter.,Jarang,2028-03-15,Produk,/static/medicines/Kuldon Strip 10s.jpg,True,"[""otc"",""indonesia"",""chatbot-ready""]"
7962,Adem Sari Sachet 5s,Herbal & Tradisional,15000.0,118,"Ekstrak Citrus, Pulosari, Vitamin C sachet",Panas dalam sachet; Gejala terkait: tenggorokan kering; panas dalam sachet,Sesuai aturan pakai pada kemasan. Gunakan sesuai petunjuk pada kemasan. Jika sakit berlanjut hubungi dokter.,"Ekstrak Citrus, Pulosari, Vitamin C sachet",Panas dalam sachet; tenggorokan kering; panas dalam sachet; Gunakan sesuai petunjuk pada kemasan. Jika sakit berlanjut hubungi dokter.,Kembung (gas),2026-12-31,Sachet,/static/medicines/Adem Sari Sachet 5s.jpg,True,"[""otc"",""indonesia"",""chatbot-ready""]"
7963,Adem Sari Ching Ku Botol 320ml,Herbal & Tradisional,8000.0,88,"Gypsum Fibrosum, Calcitum, Citrus minuman",Panas dalam minuman; Gejala terkait: air panas dalam; tenggorokan panas,Sesuai aturan pakai pada kemasan. Gunakan sesuai petunjuk pada kemasan. Jika sakit berlanjut hubungi dokter.,"Gypsum Fibrosum, Calcitum, Citrus minuman",Panas dalam minuman; air panas dalam; tenggorokan panas; Gunakan sesuai petunjuk pada kemasan. Jika sakit berlanjut hubungi dokter.,Jarang,2028-12-31,Produk,/static/medicines/Adem Sari Ching Ku Botol 320ml.jpg,True,"[""otc"",""indonesia"",""chatbot-ready""]"
7964,Adem Sari Botol 200ml,Herbal & Tradisional,7000.0,155,"Gypsum Fibrosum, Citrus Extract botol kecil",Panas dalam botol kecil; Gejala terkait: panas dalam botol kecil,Sesuai aturan pakai pada kemasan. Gunakan sesuai petunjuk pada kemasan. Jika sakit berlanjut hubungi dokter.,"Gypsum Fibrosum, Citrus Extract botol kecil",Panas dalam botol kecil; panas dalam botol kecil; Gunakan sesuai petunjuk pada kemasan. Jika sakit berlanjut hubungi dokter.,Jarang,2028-12-31,Produk,/static/medicines/Adem Sari Botol 200ml.jpg,True,"[""otc"",""indonesia"",""chatbot-ready""]"
7965,Larutan Cap Kaki Tiga Botol 320ml,Herbal & Tradisional,7000.0,151,"Gypsum Fibrosum, Calcitum (obat panas dalam)",Panas dalam tradisional; Gejala terkait: air panas dalam; bibir pecah-pecah,Sesuai aturan pakai pada kemasan. Gunakan sesuai petunjuk pada kemasan. Jika sakit berlanjut hubungi dokter.,"Gypsum Fibrosum, Calcitum (obat panas dalam)",Panas dalam tradisional; air panas dalam; bibir pecah-pecah; Gunakan sesuai petunjuk pada kemasan. Jika sakit berlanjut hubungi dokter.,Jarang,2026-12-31,Produk,/static/medicines/Larutan Cap Kaki Tiga Botol 320ml.jpg,True,"[""otc"",""indonesia"",""chatbot-ready""]"
7966,Larutan Cap Kaki Tiga Botol 500ml,Herbal & Tradisional,10000.0,181,"Gypsum Fibrosum, Calcitum besar",Panas dalam stok besar; Gejala terkait: panas dalam besar,Sesuai aturan pakai pada kemasan. Gunakan sesuai petunjuk pada kemasan. Jika sakit berlanjut hubungi dokter.,"Gypsum Fibrosum, Calcitum besar",Panas dalam stok besar; panas dalam besar; Gunakan sesuai petunjuk pada kemasan. Jika sakit berlanjut hubungi dokter.,Jarang,2028-12-31,Produk,/static/medicines/Larutan Cap Kaki Tiga Botol 500ml.jpg,True,"[""otc"",""indonesia"",""chatbot-ready""]"
7967,Larutan Cap Kaki Tiga Kaleng Berperisa 320ml,Herbal & Tradisional,8000.0,155,"Gypsum Fibrosum, Calcitum berperisa",Panas dalam berperisa; Gejala terkait: panas dalam berperisa,Sesuai aturan pakai pada kemasan. Gunakan sesuai petunjuk pada kemasan. Jika sakit berlanjut hubungi dokter.,"Gypsum Fibrosum, Calcitum berperisa",Panas dalam berperisa; panas dalam berperisa; Gunakan sesuai petunjuk pada kemasan. Jika sakit berlanjut hubungi dokter.,Jarang,2027-06-30,Produk,/static/medicines/Larutan Cap Kaki Tiga Kaleng Berperisa 320ml.jpg,True,"[""otc"",""indonesia"",""chatbot-ready""]"
7968,Jamu Beras Kencur Sachet,Herbal & Tradisional,3000.0,190,"Beras, Kencur, Jahe, Asam Jawa","Pegal linu, badan pegal herbal tradisional; Gejala terkait: pegal herbal; badan pegal jamu",Sesuai aturan pakai pada kemasan. Gunakan sesuai petunjuk pada kemasan. Jika sakit berlanjut hubungi dokter.,"Beras, Kencur, Jahe, Asam Jawa","Pegal linu, badan pegal herbal tradisional; pegal herbal; badan pegal jamu; Gunakan sesuai petunjuk pada kemasan. Jika sakit berlanjut hubungi dokter.",Jarang,2028-03-15,Sachet,https://placehold.co/400x300/f8fafc/84cc16?text=Jamu+Beras+Kencur+Sachet,True,"[""otc"",""indonesia"",""chatbot-ready""]"
7969,Jamu Kudu Laos Sachet,Herbal & Tradisional,3000.0,91,"Mengkudu, Laos, Kunyit","Lambung sehat, masuk angin herbal; Gejala terkait: lambung herbal; jamu kudu",Sesuai aturan pakai pada kemasan. Gunakan sesuai petunjuk pada kemasan. Jika sakit berlanjut hubungi dokter.,"Mengkudu, Laos, Kunyit","Lambung sehat, masuk angin herbal; lambung herbal; jamu kudu; Gunakan sesuai petunjuk pada kemasan. Jika sakit berlanjut hubungi dokter.",Jarang,2028-12-31,Sachet,https://placehold.co/400x300/f8fafc/84cc16?text=Jamu+Kudu+Laos+Sachet,True,"[""otc"",""indonesia"",""chatbot-ready""]"
7970,Habatussauda Oil Capsule,Herbal & Tradisional,55000.0,95,Black Seed Oil (Nigella Sativa),"Imun, asma ringan, stamina herbal Islam; Gejala terkait: habbatussauda; imun Islam; stamina",Sesuai aturan pakai pada kemasan. Gunakan sesuai petunjuk pada kemasan. Jika sakit berlanjut hubungi dokter.,Black Seed Oil (Nigella Sativa),"Imun, asma ringan, stamina herbal Islam; habbatussauda; imun Islam; stamina; Gunakan sesuai petunjuk pada kemasan. Jika sakit berlanjut hubungi dokter.",Mulas (jarang),2027-06-30,Produk,https://placehold.co/400x300/f8fafc/84cc16?text=Habatussauda+Oil+Capsule,True,"[""otc"",""indonesia"",""chatbot-ready""]"
7971,Minyak Kayu Putih Cap Lang 60ml,Herbal & Tradisional,18000.0,83,Cajuput Oil 100%,"Kembung bayi, masuk angin, gigitan serangga; Gejala terkait: kembung bayi; masuk angin; minyak kayu putih",Sesuai aturan pakai pada kemasan. Gunakan sesuai petunjuk pada kemasan. Jika sakit berlanjut hubungi dokter.,Cajuput Oil 100%,"Kembung bayi, masuk angin, gigitan serangga; kembung bayi; masuk angin; minyak kayu putih; Gunakan sesuai petunjuk pada kemasan. Jika sakit berlanjut hubungi dokter.",Panas lokal,2027-06-30,Produk,https://placehold.co/400x300/f8fafc/84cc16?text=Minyak+Kayu+Putih+Cap+Lang+60m,True,"[""otc"",""indonesia"",""chatbot-ready""]"
7972,Sido Muncul Herbal Jahe Merah,Herbal & Tradisional,8000.0,150,Jahe Merah Extract sachet,Stamina dan kehangatan tubuh herbal; Gejala terkait: stamina herbal; jahe merah; badan hangat,Sesuai aturan pakai pada kemasan. Gunakan sesuai petunjuk pada kemasan. Jika sakit berlanjut hubungi dokter.,Jahe Merah Extract sachet,Stamina dan kehangatan tubuh herbal; stamina herbal; jahe merah; badan hangat; Gunakan sesuai petunjuk pada kemasan. Jika sakit berlanjut hubungi dokter.,Perut hangat,2027-06-30,Produk,https://placehold.co/400x300/f8fafc/84cc16?text=Sido+Muncul+Herbal+Jahe+Merah,True,"[""otc"",""indonesia"",""chatbot-ready""]"
7973,Curcuma Force Kapsul,Herbal & Tradisional,35000.0,190,Curcuma longa 500mg,"Radang, antioksidan, kesehatan hati herbal; Gejala terkait: antiinflamasi herbal; hati sehat; kunyit",Sesuai aturan pakai pada kemasan. Gunakan sesuai petunjuk pada kemasan. Jika sakit berlanjut hubungi dokter.,Curcuma longa 500mg,"Radang, antioksidan, kesehatan hati herbal; antiinflamasi herbal; hati sehat; kunyit; Gunakan sesuai petunjuk pada kemasan. Jika sakit berlanjut hubungi dokter.",Jarang,2027-06-30,Produk,https://placehold.co/400x300/f8fafc/84cc16?text=Curcuma+Force+Kapsul,True,"[""otc"",""indonesia"",""chatbot-ready""]"
7974,Sterimar Nasal Hygiene 50ml,Perawatan Hidung & Pernapasan,125000.0,181,Isotonic Sea Water 0.9% NaCl,"Membersihkan hidung dari kotoran, polusi; Gejala terkait: cuci hidung; hidung berlendir; polusi",Sesuai aturan pakai pada kemasan. Gunakan sesuai petunjuk pada kemasan. Jika sakit berlanjut hubungi dokter.,Isotonic Sea Water 0.9% NaCl,"Membersihkan hidung dari kotoran, polusi; cuci hidung; hidung berlendir; polusi; Gunakan sesuai petunjuk pada kemasan. Jika sakit berlanjut hubungi dokter.",Rasa asin,2028-03-15,Produk,/static/medicines/Sterimar Nasal Hygiene 50ml.jpg,True,"[""otc"",""indonesia"",""chatbot-ready""]"
7975,Sterimar Baby Nasal Hygiene 50ml,Perawatan Hidung & Pernapasan,135000.0,121,Isotonic Sea Water 0.9% NaCl baby,Membersihkan hidung bayi tersumbat; Gejala terkait: hidung bayi mampet; cuci hidung bayi,Sesuai aturan pakai pada kemasan. Gunakan sesuai petunjuk pada kemasan. Jika sakit berlanjut hubungi dokter.,Isotonic Sea Water 0.9% NaCl baby,Membersihkan hidung bayi tersumbat; hidung bayi mampet; cuci hidung bayi; Gunakan sesuai petunjuk pada kemasan. Jika sakit berlanjut hubungi dokter.,Rasa asin,2028-12-31,Produk,/static/medicines/Sterimar Baby Nasal Hygiene 50ml.jpg,True,"[""otc"",""indonesia"",""chatbot-ready""]"
7976,Sterimar Blocked Nose 50ml,Perawatan Hidung & Pernapasan,145000.0,151,Hypertonic Sea Water 2.2% NaCl,Hidung buntu parah hypertonic; Gejala terkait: hidung buntu parah; hypertonic,Sesuai aturan pakai pada kemasan. Gunakan sesuai petunjuk pada kemasan. Jika sakit berlanjut hubungi dokter.,Hypertonic Sea Water 2.2% NaCl,Hidung buntu parah hypertonic; hidung buntu parah; hypertonic; Gunakan sesuai petunjuk pada kemasan. Jika sakit berlanjut hubungi dokter.,Rasa sangat asin,2028-12-31,Produk,/static/medicines/Sterimar Blocked Nose 50ml.jpg,True,"[""otc"",""indonesia"",""chatbot-ready""]"
7977,Breathy Nasal Drops 30ml,Perawatan Hidung & Pernapasan,45000.0,167,Sodium Chloride 0.65% drops,"Hidung kering bayi, cuci hidung lembut; Gejala terkait: tetes hidung bayi; hidung kering",Sesuai aturan pakai pada kemasan. Gunakan sesuai petunjuk pada kemasan. Jika sakit berlanjut hubungi dokter.,Sodium Chloride 0.65% drops,"Hidung kering bayi, cuci hidung lembut; tetes hidung bayi; hidung kering; Gunakan sesuai petunjuk pada kemasan. Jika sakit berlanjut hubungi dokter.",Jarang,2028-12-31,Produk,/static/medicines/Breathy Nasal Drops 30ml.jpg,True,"[""otc"",""indonesia"",""chatbot-ready""]"
7978,Breathy Tube 50g,Perawatan Hidung & Pernapasan,55000.0,118,NaCl 0.9% gel nasal,Hidung kering gel; Gejala terkait: hidung kering gel; nasal gel,Sesuai aturan pakai pada kemasan. Gunakan sesuai petunjuk pada kemasan. Jika sakit berlanjut hubungi dokter.,NaCl 0.9% gel nasal,Hidung kering gel; hidung kering gel; nasal gel; Gunakan sesuai petunjuk pada kemasan. Jika sakit berlanjut hubungi dokter.,Jarang,2028-12-31,Produk,/static/medicines/Breathy Tube 50g.jpg,True,"[""otc"",""indonesia"",""chatbot-ready""]"
7979,Iliadin Dewasa Nasal Spray 10ml,Perawatan Hidung & Pernapasan,65000.0,150,Oxymetazoline HCl 0.05% spray dewasa,Hidung buntu berat (maks 3 hari); Gejala terkait: hidung buntu parah; semprot hidung; oxymetazoline,Sesuai aturan pakai pada kemasan. Gunakan sesuai petunjuk pada kemasan. Jika sakit berlanjut hubungi dokter.,Oxymetazoline HCl 0.05% spray dewasa,Hidung buntu berat (maks 3 hari); hidung buntu parah; semprot hidung; oxymetazoline; Gunakan sesuai petunjuk pada kemasan. Jika sakit berlanjut hubungi dokter.,Rebound congestion >3 hari,2028-03-15,Spray,/static/medicines/Iliadin Dewasa Nasal Spray 10ml.jpg,True,"[""otc"",""indonesia"",""chatbot-ready""]"
7980,Iliadin Anak Nasal Drops 10ml,Perawatan Hidung & Pernapasan,60000.0,170,Oxymetazoline HCl 0.025% drops anak,Hidung buntu anak (maks 3 hari); Gejala terkait: hidung mampet anak; tetes hidung mampet,Sesuai aturan pakai pada kemasan. Gunakan sesuai petunjuk pada kemasan. Jika sakit berlanjut hubungi dokter.,Oxymetazoline HCl 0.025% drops anak,Hidung buntu anak (maks 3 hari); hidung mampet anak; tetes hidung mampet; Gunakan sesuai petunjuk pada kemasan. Jika sakit berlanjut hubungi dokter.,Rebound congestion,2027-06-30,Produk,/static/medicines/Iliadin Anak Nasal Drops 10ml.jpg,True,"[""otc"",""indonesia"",""chatbot-ready""]"
7981,Vicks Inhaler,Perawatan Hidung & Pernapasan,18000.0,138,"Menthol 51.6%, Camphor 33.1%, Pine Needle Oil",Hidung tersumbat instan inhaler; Gejala terkait: hirup hidung; hidung tersumbat instan; vicks,Sesuai aturan pakai pada kemasan. Gunakan sesuai petunjuk pada kemasan. Jika sakit berlanjut hubungi dokter.,"Menthol 51.6%, Camphor 33.1%, Pine Needle Oil",Hidung tersumbat instan inhaler; hirup hidung; hidung tersumbat instan; vicks; Gunakan sesuai petunjuk pada kemasan. Jika sakit berlanjut hubungi dokter.,Iritasi ringan,2027-06-30,Produk,/static/medicines/Vicks Inhaler.jpg,True,"[""otc"",""indonesia"",""chatbot-ready""]"
7982,Transpulmin Baby Balsam 10g,Perawatan Hidung & Pernapasan,65000.0,93,"Eucalyptus Oil, Chamomile, Almond Oil","Dada bayi, napas lega baby balsam; Gejala terkait: balsem dada bayi; napas lega bayi; dada sesak bayi",Sesuai aturan pakai pada kemasan. Gunakan sesuai petunjuk pada kemasan. Jika sakit berlanjut hubungi dokter.,"Eucalyptus Oil, Chamomile, Almond Oil","Dada bayi, napas lega baby balsam; balsem dada bayi; napas lega bayi; dada sesak bayi; Gunakan sesuai petunjuk pada kemasan. Jika sakit berlanjut hubungi dokter.",Kemerahan (jarang),2027-06-30,Produk,/static/medicines/Transpulmin Baby Balsam 10g.jpg,True,"[""otc"",""indonesia"",""chatbot-ready""]"
7983,Balsem Lang Pot 10g,Perawatan Hidung & Pernapasan,8000.0,126,"Menthol, Camphor, Eucalyptus Oil",Masuk angin dan dada sesak balsem; Gejala terkait: balsem putih; dada sesak flu,Sesuai aturan pakai pada kemasan. Gunakan sesuai petunjuk pada kemasan. Jika sakit berlanjut hubungi dokter.,"Menthol, Camphor, Eucalyptus Oil",Masuk angin dan dada sesak balsem; balsem putih; dada sesak flu; Gunakan sesuai petunjuk pada kemasan. Jika sakit berlanjut hubungi dokter.,Perih kulit berlebih,2026-12-31,Produk,/static/medicines/Balsem Lang Pot 10g.jpg,True,"[""otc"",""indonesia"",""chatbot-ready""]"
7984,Balsem Lang Pot 20g,Perawatan Hidung & Pernapasan,14000.0,91,"Menthol, Camphor, Eucalyptus Oil medium",Masuk angin medium balsem; Gejala terkait: balsem masuk angin; dada,Sesuai aturan pakai pada kemasan. Gunakan sesuai petunjuk pada kemasan. Jika sakit berlanjut hubungi dokter.,"Menthol, Camphor, Eucalyptus Oil medium",Masuk angin medium balsem; balsem masuk angin; dada; Gunakan sesuai petunjuk pada kemasan. Jika sakit berlanjut hubungi dokter.,Perih,2028-03-15,Produk,/static/medicines/Balsem Lang Pot 20g.jpg,True,"[""otc"",""indonesia"",""chatbot-ready""]"
7985,Balsem Lang Pot 40g,Perawatan Hidung & Pernapasan,24000.0,140,"Menthol, Camphor, Eucalyptus Oil besar",Balsem keluarga kemasan besar; Gejala terkait: balsem besar; keluarga,Sesuai aturan pakai pada kemasan. Gunakan sesuai petunjuk pada kemasan. Jika sakit berlanjut hubungi dokter.,"Menthol, Camphor, Eucalyptus Oil besar",Balsem keluarga kemasan besar; balsem besar; keluarga; Gunakan sesuai petunjuk pada kemasan. Jika sakit berlanjut hubungi dokter.,Perih,2027-06-30,Produk,/static/medicines/Balsem Lang Pot 40g.jpg,True,"[""otc"",""indonesia"",""chatbot-ready""]"
7986,Balsem Lang Tube 50g,Perawatan Hidung & Pernapasan,22000.0,166,"Menthol, Camphor, Eucalyptus Oil tube",Balsem masuk angin tube; Gejala terkait: balsem tube; napas lega,Sesuai aturan pakai pada kemasan. Gunakan sesuai petunjuk pada kemasan. Jika sakit berlanjut hubungi dokter.,"Menthol, Camphor, Eucalyptus Oil tube",Balsem masuk angin tube; balsem tube; napas lega; Gunakan sesuai petunjuk pada kemasan. Jika sakit berlanjut hubungi dokter.,Perih,2026-12-31,Produk,/static/medicines/Balsem Lang Tube 50g.jpg,True,"[""otc"",""indonesia"",""chatbot-ready""]"
7987,Flixonase Nasal Spray,Perawatan Hidung & Pernapasan,120000.0,90,Fluticasone Propionate 50mcg/dose,Rinitis alergi kronis (Perlu pengawasan); Gejala terkait: rinitis alergi kronis; hidung berair alergi,Sesuai aturan pakai pada kemasan. Gunakan sesuai petunjuk pada kemasan. Jika sakit berlanjut hubungi dokter.,Fluticasone Propionate 50mcg/dose,Rinitis alergi kronis (Perlu pengawasan); rinitis alergi kronis; hidung berair alergi; Gunakan sesuai petunjuk pada kemasan. Jika sakit berlanjut hubungi dokter.,Mimisan sesekali,2028-03-15,Spray,https://placehold.co/400x300/f8fafc/64748b?text=Flixonase+Nasal+Spray,True,"[""otc"",""indonesia"",""chatbot-ready""]"
7988,Rhinocort Nasal Spray,Perawatan Hidung & Pernapasan,145000.0,140,Budesonide 64mcg/dose,Rinitis alergi dan polip hidung (Perlu pengawasan); Gejala terkait: rinitis kronis; polip hidung,Sesuai aturan pakai pada kemasan. Gunakan sesuai petunjuk pada kemasan. Jika sakit berlanjut hubungi dokter.,Budesonide 64mcg/dose,Rinitis alergi dan polip hidung (Perlu pengawasan); rinitis kronis; polip hidung; Gunakan sesuai petunjuk pada kemasan. Jika sakit berlanjut hubungi dokter.,Mimisan,2027-06-30,Spray,https://placehold.co/400x300/f8fafc/64748b?text=Rhinocort+Nasal+Spray,True,"[""otc"",""indonesia"",""chatbot-ready""]"
7989,Afrin Nasal Spray,Perawatan Hidung & Pernapasan,55000.0,90,Oxymetazoline 0.05%,Hidung tersumbat berat (maks 3 hari); Gejala terkait: hidung mampet berat; oxymetazoline,Sesuai aturan pakai pada kemasan. Gunakan sesuai petunjuk pada kemasan. Jika sakit berlanjut hubungi dokter.,Oxymetazoline 0.05%,Hidung tersumbat berat (maks 3 hari); hidung mampet berat; oxymetazoline; Gunakan sesuai petunjuk pada kemasan. Jika sakit berlanjut hubungi dokter.,Rebound congestion,2026-12-31,Spray,https://placehold.co/400x300/f8fafc/64748b?text=Afrin+Nasal+Spray,True,"[""otc"",""indonesia"",""chatbot-ready""]"
7990,Minyak Kayu Putih Konicare 60ml,Perawatan Hidung & Pernapasan,22000.0,94,"Cajuput Oil, Eucalyptus Oil, Camphor","Kembung, masuk angin, hidung tersumbat oles dada; Gejala terkait: kembung bayi; dada sesak; minyak kayu putih",Sesuai aturan pakai pada kemasan. Gunakan sesuai petunjuk pada kemasan. Jika sakit berlanjut hubungi dokter.,"Cajuput Oil, Eucalyptus Oil, Camphor","Kembung, masuk angin, hidung tersumbat oles dada; kembung bayi; dada sesak; minyak kayu putih; Gunakan sesuai petunjuk pada kemasan. Jika sakit berlanjut hubungi dokter.",Panas lokal,2028-12-31,Produk,https://placehold.co/400x300/f8fafc/64748b?text=Minyak+Kayu+Putih+Konicare+60m,True,"[""otc"",""indonesia"",""chatbot-ready""]"
7991,Migran Tablet,Nyeri & Demam,22000.0,104,"Paracetamol 500mg, Caffeine 50mg, Ergotamine 1mg",Migrain dan sakit kepala berat; Gejala terkait: migrain; sakit kepala sebelah,Sesuai aturan pakai pada kemasan. Gunakan sesuai petunjuk pada kemasan. Jika sakit berlanjut hubungi dokter.,"Paracetamol 500mg, Caffeine 50mg, Ergotamine 1mg",Migrain dan sakit kepala berat; migrain; sakit kepala sebelah; Gunakan sesuai petunjuk pada kemasan. Jika sakit berlanjut hubungi dokter.,"Mual, berdebar",2028-03-15,Tablet,https://placehold.co/400x300/f8fafc/ef4444?text=Migran+Tablet,True,"[""otc"",""indonesia"",""chatbot-ready""]"
7992,Renadinac Tablet,Nyeri & Demam,18000.0,108,Natrium Diklofenak 50mg,"Nyeri akut, sendi, haid; Gejala terkait: nyeri akut; nyeri sendi; diclofenac",Sesuai aturan pakai pada kemasan. Gunakan sesuai petunjuk pada kemasan. Jika sakit berlanjut hubungi dokter.,Natrium Diklofenak 50mg,"Nyeri akut, sendi, haid; nyeri akut; nyeri sendi; diclofenac; Gunakan sesuai petunjuk pada kemasan. Jika sakit berlanjut hubungi dokter.",Nyeri lambung,2027-06-30,Tablet,https://placehold.co/400x300/f8fafc/ef4444?text=Renadinac+Tablet,True,"[""otc"",""indonesia"",""chatbot-ready""]"
7993,Novalgin Tablet,Nyeri & Demam,18000.0,186,Metampiron 500mg,"Nyeri berat, kolik; Gejala terkait: nyeri kolik; sakit perut mendadak",Sesuai aturan pakai pada kemasan. Gunakan sesuai petunjuk pada kemasan. Jika sakit berlanjut hubungi dokter.,Metampiron 500mg,"Nyeri berat, kolik; nyeri kolik; sakit perut mendadak; Gunakan sesuai petunjuk pada kemasan. Jika sakit berlanjut hubungi dokter.",Agranulositosis (jarang),2026-12-31,Tablet,https://placehold.co/400x300/f8fafc/ef4444?text=Novalgin+Tablet,True,"[""otc"",""indonesia"",""chatbot-ready""]"
7994,Actalipid Tablet,Suplemen,25000.0,121,Simvastatin 10mg,Kolesterol tinggi (Perlu pantau dokter); Gejala terkait: kolesterol; lemak darah tinggi,Sesuai aturan pakai pada kemasan. Gunakan sesuai petunjuk pada kemasan. Jika sakit berlanjut hubungi dokter.,Simvastatin 10mg,Kolesterol tinggi (Perlu pantau dokter); kolesterol; lemak darah tinggi; Gunakan sesuai petunjuk pada kemasan. Jika sakit berlanjut hubungi dokter.,"Nyeri otot, hepatotoksisitas",2026-12-31,Tablet,https://placehold.co/400x300/f8fafc/eab308?text=Actalipid+Tablet,True,"[""otc"",""indonesia"",""chatbot-ready""]"
7995,Glucosamine Tablet,Nyeri & Demam,85000.0,128,Glucosamine Sulfate 500mg,"Nyeri sendi lutut, osteoarthritis; Gejala terkait: nyeri lutut; sendi aus; glucosamine",Sesuai aturan pakai pada kemasan. Gunakan sesuai petunjuk pada kemasan. Jika sakit berlanjut hubungi dokter.,Glucosamine Sulfate 500mg,"Nyeri sendi lutut, osteoarthritis; nyeri lutut; sendi aus; glucosamine; Gunakan sesuai petunjuk pada kemasan. Jika sakit berlanjut hubungi dokter.","Mual ringan, gatal",2028-03-15,Tablet,https://placehold.co/400x300/f8fafc/ef4444?text=Glucosamine+Tablet,True,"[""otc"",""indonesia"",""chatbot-ready""]"
7996,MSM Tablet,Nyeri & Demam,65000.0,114,Methylsulfonylmethane 500mg,Nyeri sendi dan peradangan; Gejala terkait: sendi; anti radang; msm,Sesuai aturan pakai pada kemasan. Gunakan sesuai petunjuk pada kemasan. Jika sakit berlanjut hubungi dokter.,Methylsulfonylmethane 500mg,Nyeri sendi dan peradangan; sendi; anti radang; msm; Gunakan sesuai petunjuk pada kemasan. Jika sakit berlanjut hubungi dokter.,Jarang,2028-12-31,Tablet,https://placehold.co/400x300/f8fafc/ef4444?text=MSM+Tablet,True,"[""otc"",""indonesia"",""chatbot-ready""]"
7997,Natrium Diklofenak 50mg,Nyeri & Demam,8000.0,84,Natrium Diklofenak 50mg,Nyeri dan radang sendi; Gejala terkait: nyeri sendi; rematik,Sesuai aturan pakai pada kemasan. Gunakan sesuai petunjuk pada kemasan. Jika sakit berlanjut hubungi dokter.,Natrium Diklofenak 50mg,Nyeri dan radang sendi; nyeri sendi; rematik; Gunakan sesuai petunjuk pada kemasan. Jika sakit berlanjut hubungi dokter.,Nyeri lambung,2026-12-31,Produk,https://placehold.co/400x300/f8fafc/ef4444?text=Natrium+Diklofenak+50mg,True,"[""otc"",""indonesia"",""chatbot-ready""]"
7998,Meloxicam Tablet,Nyeri & Demam,12000.0,124,Meloxicam 7.5mg,"Osteoarthritis, rematik; Gejala terkait: rematik; sendi; meloxicam",Sesuai aturan pakai pada kemasan. Gunakan sesuai petunjuk pada kemasan. Jika sakit berlanjut hubungi dokter.,Meloxicam 7.5mg,"Osteoarthritis, rematik; rematik; sendi; meloxicam; Gunakan sesuai petunjuk pada kemasan. Jika sakit berlanjut hubungi dokter.",Nyeri lambung,2026-12-31,Tablet,https://placehold.co/400x300/f8fafc/ef4444?text=Meloxicam+Tablet,True,"[""otc"",""indonesia"",""chatbot-ready""]"
7999,Ketorolac Tablet,Nyeri & Demam,18000.0,132,Ketorolac Tromethamine 10mg,Nyeri sedang-berat; Gejala terkait: nyeri pasca operasi; nyeri hebat,Sesuai aturan pakai pada kemasan. Gunakan sesuai petunjuk pada kemasan. Jika sakit berlanjut hubungi dokter.,Ketorolac Tromethamine 10mg,Nyeri sedang-berat; nyeri pasca operasi; nyeri hebat; Gunakan sesuai petunjuk pada kemasan. Jika sakit berlanjut hubungi dokter.,Perdarahan GI,2028-03-15,Tablet,https://placehold.co/400x300/f8fafc/ef4444?text=Ketorolac+Tablet,True,"[""otc"",""indonesia"",""chatbot-ready""]"
8000,Omega-3 Fish Oil,Suplemen,85000.0,145,"EPA 360mg, DHA 240mg per kapsul","Kesehatan jantung, kolesterol, otak; Gejala terkait: jantung; otak; omega 3; kolesterol",Sesuai aturan pakai pada kemasan. Gunakan sesuai petunjuk pada kemasan. Jika sakit berlanjut hubungi dokter.,"EPA 360mg, DHA 240mg per kapsul","Kesehatan jantung, kolesterol, otak; jantung; otak; omega 3; kolesterol; Gunakan sesuai petunjuk pada kemasan. Jika sakit berlanjut hubungi dokter.","Bau ikan, mual",2027-06-30,Produk,https://placehold.co/400x300/f8fafc/eab308?text=Omega-3+Fish+Oil,True,"[""otc"",""indonesia"",""chatbot-ready""]"
8001,Vitamin D3 1000IU,Suplemen,75000.0,158,Cholecalciferol 1000 IU,"Tulang, imun, mood; Gejala terkait: vitamin d; tulang; imun",Sesuai aturan pakai pada kemasan. Gunakan sesuai petunjuk pada kemasan. Jika sakit berlanjut hubungi dokter.,Cholecalciferol 1000 IU,"Tulang, imun, mood; vitamin d; tulang; imun; Gunakan sesuai petunjuk pada kemasan. Jika sakit berlanjut hubungi dokter.",Toksisitas dosis sangat tinggi,2027-06-30,Produk,https://placehold.co/400x300/f8fafc/eab308?text=Vitamin+D3+1000IU,True,"[""otc"",""indonesia"",""chatbot-ready""]"
8002,Vitamin B12 500mcg,Suplemen,15000.0,167,Cyanocobalamin 500mcg,"Anemia, kesemutan, energi; Gejala terkait: B12; anemia; kesemutan; energi",Sesuai aturan pakai pada kemasan. Gunakan sesuai petunjuk pada kemasan. Jika sakit berlanjut hubungi dokter.,Cyanocobalamin 500mcg,"Anemia, kesemutan, energi; B12; anemia; kesemutan; energi; Gunakan sesuai petunjuk pada kemasan. Jika sakit berlanjut hubungi dokter.",Jarang,2028-03-15,Produk,https://placehold.co/400x300/f8fafc/eab308?text=Vitamin+B12+500mcg,True,"[""otc"",""indonesia"",""chatbot-ready""]"
8003,Zinc Tablet 20mg,Suplemen,12000.0,173,Zinc Gluconate 20mg,"Imun, penyembuhan luka, tumbuh kembang; Gejala terkait: zinc; imun; luka tidak sembuh",Sesuai aturan pakai pada kemasan. Gunakan sesuai petunjuk pada kemasan. Jika sakit berlanjut hubungi dokter.,Zinc Gluconate 20mg,"Imun, penyembuhan luka, tumbuh kembang; zinc; imun; luka tidak sembuh; Gunakan sesuai petunjuk pada kemasan. Jika sakit berlanjut hubungi dokter.",Mual dosis tinggi,2028-12-31,Tablet,https://placehold.co/400x300/f8fafc/eab308?text=Zinc+Tablet+20mg,True,"[""otc"",""indonesia"",""chatbot-ready""]"
8004,Folic Acid Tablet 400mcg,Suplemen,8000.0,127,Asam Folat 400mcg,"Pencegahan cacat lahir, ibu hamil; Gejala terkait: asam folat; ibu hamil; kehamilan",Sesuai aturan pakai pada kemasan. Gunakan sesuai petunjuk pada kemasan. Jika sakit berlanjut hubungi dokter.,Asam Folat 400mcg,"Pencegahan cacat lahir, ibu hamil; asam folat; ibu hamil; kehamilan; Gunakan sesuai petunjuk pada kemasan. Jika sakit berlanjut hubungi dokter.",Jarang,2026-12-31,Tablet,https://placehold.co/400x300/f8fafc/eab308?text=Folic+Acid+Tablet+400mcg,True,"[""otc"",""indonesia"",""chatbot-ready""]"
8005,Biotin Tablet 2.5mg,Suplemen,55000.0,182,D-Biotin 2.5mg,"Kesehatan rambut, kuku, kulit; Gejala terkait: rambut rontok; kuku lemah; biotin",Sesuai aturan pakai pada kemasan. Gunakan sesuai petunjuk pada kemasan. Jika sakit berlanjut hubungi dokter.,D-Biotin 2.5mg,"Kesehatan rambut, kuku, kulit; rambut rontok; kuku lemah; biotin; Gunakan sesuai petunjuk pada kemasan. Jika sakit berlanjut hubungi dokter.",Jarang,2028-03-15,Tablet,https://placehold.co/400x300/f8fafc/eab308?text=Biotin+Tablet+2.5mg,True,"[""otc"",""indonesia"",""chatbot-ready""]"
8006,Kolagen Tripeptide,Suplemen,115000.0,186,Marine Collagen Peptide 1000mg,"Kesehatan kulit, sendi, tulang rawan; Gejala terkait: kulit kencang; sendi; kolagen",Sesuai aturan pakai pada kemasan. Gunakan sesuai petunjuk pada kemasan. Jika sakit berlanjut hubungi dokter.,Marine Collagen Peptide 1000mg,"Kesehatan kulit, sendi, tulang rawan; kulit kencang; sendi; kolagen; Gunakan sesuai petunjuk pada kemasan. Jika sakit berlanjut hubungi dokter.",Jarang,2027-06-30,Produk,https://placehold.co/400x300/f8fafc/eab308?text=Kolagen+Tripeptide,True,"[""otc"",""indonesia"",""chatbot-ready""]"
8007,Magnesium Tablet 250mg,Suplemen,25000.0,110,Magnesium Oxide 250mg,"Kram otot, insomnia, kelelahan; Gejala terkait: kram kaki malam; insomnia; magnesium",Sesuai aturan pakai pada kemasan. Gunakan sesuai petunjuk pada kemasan. Jika sakit berlanjut hubungi dokter.,Magnesium Oxide 250mg,"Kram otot, insomnia, kelelahan; kram kaki malam; insomnia; magnesium; Gunakan sesuai petunjuk pada kemasan. Jika sakit berlanjut hubungi dokter.",Diare dosis tinggi,2028-12-31,Tablet,https://placehold.co/400x300/f8fafc/eab308?text=Magnesium+Tablet+250mg,True,"[""otc"",""indonesia"",""chatbot-ready""]"
8008,Berocca Effervescent,Suplemen,45000.0,93,B Vitamins + Vitamin C + Zinc effervescent,Energi dan fokus mental; Gejala terkait: energi; fokus; vitamin b kompleks,Sesuai aturan pakai pada kemasan. Gunakan sesuai petunjuk pada kemasan. Jika sakit berlanjut hubungi dokter.,B Vitamins + Vitamin C + Zinc effervescent,Energi dan fokus mental; energi; fokus; vitamin b kompleks; Gunakan sesuai petunjuk pada kemasan. Jika sakit berlanjut hubungi dokter.,"Kembung, urin kuning",2028-12-31,Produk,https://placehold.co/400x300/f8fafc/eab308?text=Berocca+Effervescent,True,"[""otc"",""indonesia"",""chatbot-ready""]"
8009,Suplemen Koenzim Q10,Suplemen,125000.0,177,Coenzyme Q10 100mg,"Energi sel, jantung, antioksidan; Gejala terkait: antioksidan; jantung; energi sel",Sesuai aturan pakai pada kemasan. Gunakan sesuai petunjuk pada kemasan. Jika sakit berlanjut hubungi dokter.,Coenzyme Q10 100mg,"Energi sel, jantung, antioksidan; antioksidan; jantung; energi sel; Gunakan sesuai petunjuk pada kemasan. Jika sakit berlanjut hubungi dokter.","Jarang, insomnia ringan",2028-03-15,Produk,https://placehold.co/400x300/f8fafc/eab308?text=Suplemen+Koenzim+Q10,True,"[""otc"",""indonesia"",""chatbot-ready""]"
8010,Curcumin Kapsul,Suplemen,65000.0,109,"Curcumin 500mg, Piperine 5mg","Anti radang, antioksidan premium; Gejala terkait: anti radang; antioksidan; kunyit premium",Sesuai aturan pakai pada kemasan. Gunakan sesuai petunjuk pada kemasan. Jika sakit berlanjut hubungi dokter.,"Curcumin 500mg, Piperine 5mg","Anti radang, antioksidan premium; anti radang; antioksidan; kunyit premium; Gunakan sesuai petunjuk pada kemasan. Jika sakit berlanjut hubungi dokter.","Jarang, mual ringan",2028-03-15,Produk,https://placehold.co/400x300/f8fafc/eab308?text=Curcumin+Kapsul,True,"[""otc"",""indonesia"",""chatbot-ready""]"
8011,Prenavit Tablet,Suplemen,55000.0,178,Multivitamin Mineral Ibu Hamil,Nutrisi lengkap kehamilan; Gejala terkait: hamil; kehamilan; vitamin prenatal,Sesuai aturan pakai pada kemasan. Gunakan sesuai petunjuk pada kemasan. Jika sakit berlanjut hubungi dokter.,Multivitamin Mineral Ibu Hamil,Nutrisi lengkap kehamilan; hamil; kehamilan; vitamin prenatal; Gunakan sesuai petunjuk pada kemasan. Jika sakit berlanjut hubungi dokter.,Mual,2028-12-31,Tablet,https://placehold.co/400x300/f8fafc/eab308?text=Prenavit+Tablet,True,"[""otc"",""indonesia"",""chatbot-ready""]"
8012,Noni Gold Kapsul,Suplemen,45000.0,98,Morinda citrifolia 500mg,Stamina dan imun herbal mengkudu; Gejala terkait: stamina; imun; mengkudu; noni,Sesuai aturan pakai pada kemasan. Gunakan sesuai petunjuk pada kemasan. Jika sakit berlanjut hubungi dokter.,Morinda citrifolia 500mg,Stamina dan imun herbal mengkudu; stamina; imun; mengkudu; noni; Gunakan sesuai petunjuk pada kemasan. Jika sakit berlanjut hubungi dokter.,Jarang,2028-03-15,Produk,https://placehold.co/400x300/f8fafc/eab308?text=Noni+Gold+Kapsul,True,"[""otc"",""indonesia"",""chatbot-ready""]"
8013,Spirulina Tablet 500mg,Suplemen,85000.0,131,Arthrospira platensis 500mg,"Protein nabati, antioksidan, energi; Gejala terkait: protein nabati; vegan; spirulina; energi",Sesuai aturan pakai pada kemasan. Gunakan sesuai petunjuk pada kemasan. Jika sakit berlanjut hubungi dokter.,Arthrospira platensis 500mg,"Protein nabati, antioksidan, energi; protein nabati; vegan; spirulina; energi; Gunakan sesuai petunjuk pada kemasan. Jika sakit berlanjut hubungi dokter.",Jarang (reaksi alergi),2027-06-30,Tablet,https://placehold.co/400x300/f8fafc/eab308?text=Spirulina+Tablet+500mg,True,"[""otc"",""indonesia"",""chatbot-ready""]"
8014,Mefenacid Tablet,Nyeri & Demam,8000.0,106,Asam Mefenamat 250mg,"Nyeri haid ringan, gigi; Gejala terkait: nyeri haid ringan; gigi",Sesuai aturan pakai pada kemasan. Gunakan sesuai petunjuk pada kemasan. Jika sakit berlanjut hubungi dokter.,Asam Mefenamat 250mg,"Nyeri haid ringan, gigi; nyeri haid ringan; gigi; Gunakan sesuai petunjuk pada kemasan. Jika sakit berlanjut hubungi dokter.",Iritasi lambung,2028-12-31,Tablet,https://placehold.co/400x300/f8fafc/ef4444?text=Mefenacid+Tablet,True,"[""otc"",""indonesia"",""chatbot-ready""]"
8015,Acnevil Gel,Obat Kulit & Luka,35000.0,166,Clindamycin 1%,Jerawat meradang; Gejala terkait: jerawat meradang; clindamycin; jerawat batu,Sesuai aturan pakai pada kemasan. Gunakan sesuai petunjuk pada kemasan. Jika sakit berlanjut hubungi dokter.,Clindamycin 1%,Jerawat meradang; jerawat meradang; clindamycin; jerawat batu; Gunakan sesuai petunjuk pada kemasan. Jika sakit berlanjut hubungi dokter.,Kulit kering,2027-06-30,Topikal,https://placehold.co/400x300/f8fafc/ec4899?text=Acnevil+Gel,True,"[""otc"",""indonesia"",""chatbot-ready""]"
8016,Skinoren Gel 15g,Obat Kulit & Luka,85000.0,94,Azelaic Acid 20%,"Jerawat, hiperpigmentasi; Gejala terkait: jerawat; bekas jerawat hitam; azelaic acid",Sesuai aturan pakai pada kemasan. Gunakan sesuai petunjuk pada kemasan. Jika sakit berlanjut hubungi dokter.,Azelaic Acid 20%,"Jerawat, hiperpigmentasi; jerawat; bekas jerawat hitam; azelaic acid; Gunakan sesuai petunjuk pada kemasan. Jika sakit berlanjut hubungi dokter.","Kulit kering, perih",2028-03-15,Topikal,https://placehold.co/400x300/f8fafc/ec4899?text=Skinoren+Gel+15g,True,"[""otc"",""indonesia"",""chatbot-ready""]"
8017,Clobetasol Cream 0.05%,Obat Kulit & Luka,25000.0,145,Clobetasol Propionate 0.05%,"Psoriasis, lichen planus; Gejala terkait: psoriasis; kulit bersisik; gatal parah",Sesuai aturan pakai pada kemasan. Gunakan sesuai petunjuk pada kemasan. Jika sakit berlanjut hubungi dokter.,Clobetasol Propionate 0.05%,"Psoriasis, lichen planus; psoriasis; kulit bersisik; gatal parah; Gunakan sesuai petunjuk pada kemasan. Jika sakit berlanjut hubungi dokter.",Penipisan kulit,2028-12-31,Topikal,https://placehold.co/400x300/f8fafc/ec4899?text=Clobetasol+Cream+0.05%,True,"[""otc"",""indonesia"",""chatbot-ready""]"
8018,Chloramphenicol Cream,Obat Kulit & Luka,12000.0,150,Chloramphenicol 2%,Infeksi kulit bakteri gram positif; Gejala terkait: infeksi kulit; luka bernanah murah,Sesuai aturan pakai pada kemasan. Gunakan sesuai petunjuk pada kemasan. Jika sakit berlanjut hubungi dokter.,Chloramphenicol 2%,Infeksi kulit bakteri gram positif; infeksi kulit; luka bernanah murah; Gunakan sesuai petunjuk pada kemasan. Jika sakit berlanjut hubungi dokter.,Alergi lokal,2028-03-15,Topikal,https://placehold.co/400x300/f8fafc/ec4899?text=Chloramphenicol+Cream,True,"[""otc"",""indonesia"",""chatbot-ready""]"
8019,Gentamicin Cream 0.1%,Obat Kulit & Luka,8000.0,185,Gentamicin Sulfate 0.1%,"Impetigo, folikulitis; Gejala terkait: impetigo murah; folikulitis",Sesuai aturan pakai pada kemasan. Gunakan sesuai petunjuk pada kemasan. Jika sakit berlanjut hubungi dokter.,Gentamicin Sulfate 0.1%,"Impetigo, folikulitis; impetigo murah; folikulitis; Gunakan sesuai petunjuk pada kemasan. Jika sakit berlanjut hubungi dokter.",Gatal lokal,2028-03-15,Topikal,https://placehold.co/400x300/f8fafc/ec4899?text=Gentamicin+Cream+0.1%,True,"[""otc"",""indonesia"",""chatbot-ready""]"
8020,Tretinoin Cream 0.025%,Obat Kulit & Luka,25000.0,162,Tretinoin 0.025%,Jerawat dan anti penuaan; Gejala terkait: jerawat; anti aging; retinol,Sesuai aturan pakai pada kemasan. Gunakan sesuai petunjuk pada kemasan. Jika sakit berlanjut hubungi dokter.,Tretinoin 0.025%,Jerawat dan anti penuaan; jerawat; anti aging; retinol; Gunakan sesuai petunjuk pada kemasan. Jika sakit berlanjut hubungi dokter.,"Kulit merah, mengelupas",2026-12-31,Topikal,https://placehold.co/400x300/f8fafc/ec4899?text=Tretinoin+Cream+0.025%,True,"[""otc"",""indonesia"",""chatbot-ready""]"
8021,Calcipotriol Cream,Obat Kulit & Luka,135000.0,168,Calcipotriol 50mcg/g,Psoriasis plak ringan-sedang; Gejala terkait: psoriasis plak; kulit bersisik tebal,Sesuai aturan pakai pada kemasan. Gunakan sesuai petunjuk pada kemasan. Jika sakit berlanjut hubungi dokter.,Calcipotriol 50mcg/g,Psoriasis plak ringan-sedang; psoriasis plak; kulit bersisik tebal; Gunakan sesuai petunjuk pada kemasan. Jika sakit berlanjut hubungi dokter.,Iritasi lokal,2028-12-31,Topikal,https://placehold.co/400x300/f8fafc/ec4899?text=Calcipotriol+Cream,True,"[""otc"",""indonesia"",""chatbot-ready""]"
8022,Alphosyl HC Krim,Obat Kulit & Luka,95000.0,119,"Hydrocortisone, Coal Tar",Psoriasis dan seborrheic dermatitis; Gejala terkait: psoriasis; ketombe berat; seborrheic,Sesuai aturan pakai pada kemasan. Gunakan sesuai petunjuk pada kemasan. Jika sakit berlanjut hubungi dokter.,"Hydrocortisone, Coal Tar",Psoriasis dan seborrheic dermatitis; psoriasis; ketombe berat; seborrheic; Gunakan sesuai petunjuk pada kemasan. Jika sakit berlanjut hubungi dokter.,Kulit sensitif,2027-06-30,Produk,https://placehold.co/400x300/f8fafc/ec4899?text=Alphosyl+HC+Krim,True,"[""otc"",""indonesia"",""chatbot-ready""]"
8023,Duoderm CGF Plester,Obat Kulit & Luka,85000.0,87,"Gelatin, Pectin, CMC hidrokoloid","Luka kronik, dekubitus, luka operasi; Gejala terkait: luka kronik; luka diabetes; decubitus",Sesuai aturan pakai pada kemasan. Gunakan sesuai petunjuk pada kemasan. Jika sakit berlanjut hubungi dokter.,"Gelatin, Pectin, CMC hidrokoloid","Luka kronik, dekubitus, luka operasi; luka kronik; luka diabetes; decubitus; Gunakan sesuai petunjuk pada kemasan. Jika sakit berlanjut hubungi dokter.",Maserasi kulit,2027-06-30,Produk,https://placehold.co/400x300/f8fafc/ec4899?text=Duoderm+CGF+Plester,True,"[""otc"",""indonesia"",""chatbot-ready""]"
8024,Mebo Scar Gel 15g,Obat Kulit & Luka,95000.0,94,"Allium Cepa Extract, Heparin, Allantoin",Bekas luka dan keloid; Gejala terkait: bekas luka tonjolan; keloid; scar,Sesuai aturan pakai pada kemasan. Gunakan sesuai petunjuk pada kemasan. Jika sakit berlanjut hubungi dokter.,"Allium Cepa Extract, Heparin, Allantoin",Bekas luka dan keloid; bekas luka tonjolan; keloid; scar; Gunakan sesuai petunjuk pada kemasan. Jika sakit berlanjut hubungi dokter.,Jarang,2028-12-31,Topikal,https://placehold.co/400x300/f8fafc/ec4899?text=Mebo+Scar+Gel+15g,True,"[""otc"",""indonesia"",""chatbot-ready""]"
8025,Kloderma Cream,Obat Kulit & Luka,55000.0,90,Clobetasone Butyrate 0.05%,"Eksim ringan, dermatitis kontak; Gejala terkait: eksim; dermatitis kontak; gatal meradang",Sesuai aturan pakai pada kemasan. Gunakan sesuai petunjuk pada kemasan. Jika sakit berlanjut hubungi dokter.,Clobetasone Butyrate 0.05%,"Eksim ringan, dermatitis kontak; eksim; dermatitis kontak; gatal meradang; Gunakan sesuai petunjuk pada kemasan. Jika sakit berlanjut hubungi dokter.",Penipisan kulit bila lama,2027-06-30,Topikal,https://placehold.co/400x300/f8fafc/ec4899?text=Kloderma+Cream,True,"[""otc"",""indonesia"",""chatbot-ready""]"
8026,Hydrocortisone 1% Cream,Obat Kulit & Luka,8000.0,177,Hydrocortisone 1%,"Gatal radang ringan, diapers rash; Gejala terkait: gatal radang; diapers rash; kortison ringan",Sesuai aturan pakai pada kemasan. Gunakan sesuai petunjuk pada kemasan. Jika sakit berlanjut hubungi dokter.,Hydrocortisone 1%,"Gatal radang ringan, diapers rash; gatal radang; diapers rash; kortison ringan; Gunakan sesuai petunjuk pada kemasan. Jika sakit berlanjut hubungi dokter.",Penipisan kulit,2028-03-15,Topikal,https://placehold.co/400x300/f8fafc/ec4899?text=Hydrocortisone+1%+Cream,True,"[""otc"",""indonesia"",""chatbot-ready""]"
8027,Iodine Povidone 10% 60ml,Obat Kulit & Luka,18000.0,109,Povidone Iodine 10%,Antiseptik kulit luka terbuka; Gejala terkait: antiseptik generic; luka murah,Sesuai aturan pakai pada kemasan. Gunakan sesuai petunjuk pada kemasan. Jika sakit berlanjut hubungi dokter.,Povidone Iodine 10%,Antiseptik kulit luka terbuka; antiseptik generic; luka murah; Gunakan sesuai petunjuk pada kemasan. Jika sakit berlanjut hubungi dokter.,"Iritasi, kulit coklat",2028-03-15,Produk,https://placehold.co/400x300/f8fafc/ec4899?text=Iodine+Povidone+10%+60ml,True,"[""otc"",""indonesia"",""chatbot-ready""]"
8028,Metronidazole Gel,Obat Kulit & Luka,22000.0,94,Metronidazole 0.75%,"Rosacea, jerawat infeksi anaerob; Gejala terkait: rosacea; jerawat anaerob; kemerahan wajah",Sesuai aturan pakai pada kemasan. Gunakan sesuai petunjuk pada kemasan. Jika sakit berlanjut hubungi dokter.,Metronidazole 0.75%,"Rosacea, jerawat infeksi anaerob; rosacea; jerawat anaerob; kemerahan wajah; Gunakan sesuai petunjuk pada kemasan. Jika sakit berlanjut hubungi dokter.","Iritasi lokal, mulut metalik",2026-12-31,Topikal,https://placehold.co/400x300/f8fafc/ec4899?text=Metronidazole+Gel,True,"[""otc"",""indonesia"",""chatbot-ready""]"
8029,Pityriasis Shampoo,Antijamur & Kulit,35000.0,188,Selenium Sulfide 1%,"Ketombe berat, tinea capitis; Gejala terkait: ketombe parah; kutu rambut jamur",Sesuai aturan pakai pada kemasan. Gunakan sesuai petunjuk pada kemasan. Jika sakit berlanjut hubungi dokter.,Selenium Sulfide 1%,"Ketombe berat, tinea capitis; ketombe parah; kutu rambut jamur; Gunakan sesuai petunjuk pada kemasan. Jika sakit berlanjut hubungi dokter.",Kulit kepala kering,2028-12-31,Produk,https://placehold.co/400x300/f8fafc/14b8a6?text=Pityriasis+Shampoo,True,"[""otc"",""indonesia"",""chatbot-ready""]"
8030,Nizoral Shampoo 60ml,Antijamur & Kulit,65000.0,102,Ketoconazole 2% shampoo,"Ketombe jamur, seborrheic dermatitis kepala; Gejala terkait: ketombe jamur; kulit kepala bersisik",Sesuai aturan pakai pada kemasan. Gunakan sesuai petunjuk pada kemasan. Jika sakit berlanjut hubungi dokter.,Ketoconazole 2% shampoo,"Ketombe jamur, seborrheic dermatitis kepala; ketombe jamur; kulit kepala bersisik; Gunakan sesuai petunjuk pada kemasan. Jika sakit berlanjut hubungi dokter.",Iritasi kulit kepala,2028-12-31,Produk,https://placehold.co/400x300/f8fafc/14b8a6?text=Nizoral+Shampoo+60ml,True,"[""otc"",""indonesia"",""chatbot-ready""]"
8031,Selsun Shampoo 60ml,Antijamur & Kulit,45000.0,164,Selenium Sulfide 1.8%,Ketombe berat dan jamur kepala; Gejala terkait: ketombe; tinea versicolor kepala,Sesuai aturan pakai pada kemasan. Gunakan sesuai petunjuk pada kemasan. Jika sakit berlanjut hubungi dokter.,Selenium Sulfide 1.8%,Ketombe berat dan jamur kepala; ketombe; tinea versicolor kepala; Gunakan sesuai petunjuk pada kemasan. Jika sakit berlanjut hubungi dokter.,Rambut kering,2028-12-31,Produk,https://placehold.co/400x300/f8fafc/14b8a6?text=Selsun+Shampoo+60ml,True,"[""otc"",""indonesia"",""chatbot-ready""]"
8032,Amoxicillin Kapsul 500mg,Obat Kulit & Luka,18000.0,113,Amoxicillin Trihydrate 500mg,Infeksi bakteri ringan-sedang (perlu resep dokter); Gejala terkait: infeksi; amoxicillin; antibiotik,Sesuai aturan pakai pada kemasan. Gunakan sesuai petunjuk pada kemasan. Jika sakit berlanjut hubungi dokter.,Amoxicillin Trihydrate 500mg,Infeksi bakteri ringan-sedang (perlu resep dokter); infeksi; amoxicillin; antibiotik; Gunakan sesuai petunjuk pada kemasan. Jika sakit berlanjut hubungi dokter.,"Alergi, diare",2026-12-31,Produk,https://placehold.co/400x300/f8fafc/ec4899?text=Amoxicillin+Kapsul+500mg,True,"[""otc"",""indonesia"",""chatbot-ready""]"
8033,Amoxicillin Sirup 60ml,Obat Kulit & Luka,22000.0,173,Amoxicillin 125mg/5ml sirup,Infeksi bakteri anak (perlu resep); Gejala terkait: infeksi anak; antibiotik anak,Sesuai aturan pakai pada kemasan. Gunakan sesuai petunjuk pada kemasan. Jika sakit berlanjut hubungi dokter.,Amoxicillin 125mg/5ml sirup,Infeksi bakteri anak (perlu resep); infeksi anak; antibiotik anak; Gunakan sesuai petunjuk pada kemasan. Jika sakit berlanjut hubungi dokter.,"Alergi, diare",2026-12-31,Sirup,https://placehold.co/400x300/f8fafc/ec4899?text=Amoxicillin+Sirup+60ml,False,"[""otc"",""indonesia"",""chatbot-ready""]"
8034,Ampicillin Kapsul 500mg,Obat Kulit & Luka,12000.0,116,Ampicillin Trihydrate 500mg,"Infeksi saluran napas, kemih; Gejala terkait: infeksi napas; saluran kemih",Sesuai aturan pakai pada kemasan. Gunakan sesuai petunjuk pada kemasan. Jika sakit berlanjut hubungi dokter.,Ampicillin Trihydrate 500mg,"Infeksi saluran napas, kemih; infeksi napas; saluran kemih; Gunakan sesuai petunjuk pada kemasan. Jika sakit berlanjut hubungi dokter.","Alergi, diare",2027-06-30,Produk,https://placehold.co/400x300/f8fafc/ec4899?text=Ampicillin+Kapsul+500mg,True,"[""otc"",""indonesia"",""chatbot-ready""]"
8035,Cotrimoxazole Tablet,Obat Kulit & Luka,5000.0,186,"Sulfamethoxazole 400mg, Trimethoprim 80mg","Infeksi saluran kemih, diare bakteri; Gejala terkait: ISK; infeksi kemih; bactrim generik",Sesuai aturan pakai pada kemasan. Gunakan sesuai petunjuk pada kemasan. Jika sakit berlanjut hubungi dokter.,"Sulfamethoxazole 400mg, Trimethoprim 80mg","Infeksi saluran kemih, diare bakteri; ISK; infeksi kemih; bactrim generik; Gunakan sesuai petunjuk pada kemasan. Jika sakit berlanjut hubungi dokter.","Alergi sulfa, mual",2026-12-31,Tablet,https://placehold.co/400x300/f8fafc/ec4899?text=Cotrimoxazole+Tablet,True,"[""otc"",""indonesia"",""chatbot-ready""]"
8036,Erythromycin Tablet 500mg,Obat Kulit & Luka,15000.0,110,Erythromycin Ethylsuccinate 500mg,"Infeksi kulit, napas, alergi penisilin; Gejala terkait: infeksi kulit; alergi penisilin",Sesuai aturan pakai pada kemasan. Gunakan sesuai petunjuk pada kemasan. Jika sakit berlanjut hubungi dokter.,Erythromycin Ethylsuccinate 500mg,"Infeksi kulit, napas, alergi penisilin; infeksi kulit; alergi penisilin; Gunakan sesuai petunjuk pada kemasan. Jika sakit berlanjut hubungi dokter.","Mual, nyeri perut",2028-03-15,Tablet,https://placehold.co/400x300/f8fafc/ec4899?text=Erythromycin+Tablet+500mg,True,"[""otc"",""indonesia"",""chatbot-ready""]"
8037,Chloramphenicol Kapsul 250mg,Obat Kulit & Luka,8000.0,113,Chloramphenicol 250mg,"Tifoid, infeksi berat; Gejala terkait: tifoid; demam tifoid; typhus",Sesuai aturan pakai pada kemasan. Gunakan sesuai petunjuk pada kemasan. Jika sakit berlanjut hubungi dokter.,Chloramphenicol 250mg,"Tifoid, infeksi berat; tifoid; demam tifoid; typhus; Gunakan sesuai petunjuk pada kemasan. Jika sakit berlanjut hubungi dokter.",Aplasia sumsum tulang (jarang),2026-12-31,Produk,https://placehold.co/400x300/f8fafc/ec4899?text=Chloramphenicol+Kapsul+250mg,True,"[""otc"",""indonesia"",""chatbot-ready""]"
8038,Tetracycline Kapsul 250mg,Obat Kulit & Luka,8000.0,183,Tetracycline HCl 250mg,"Jerawat parah, klamidia, leptospirosis; Gejala terkait: jerawat parah; tetracycline",Sesuai aturan pakai pada kemasan. Gunakan sesuai petunjuk pada kemasan. Jika sakit berlanjut hubungi dokter.,Tetracycline HCl 250mg,"Jerawat parah, klamidia, leptospirosis; jerawat parah; tetracycline; Gunakan sesuai petunjuk pada kemasan. Jika sakit berlanjut hubungi dokter.","Fotosensitisasi, gigi kuning anak",2026-12-31,Produk,https://placehold.co/400x300/f8fafc/ec4899?text=Tetracycline+Kapsul+250mg,True,"[""otc"",""indonesia"",""chatbot-ready""]"
8039,Metronidazole Tablet 500mg,Pencernaan & Diare,8000.0,148,Metronidazole 500mg,"Amebiasis, trikomoniasis, infeksi anaerob; Gejala terkait: amuba; diare bakteri anaerob; flagyl",Sesuai aturan pakai pada kemasan. Gunakan sesuai petunjuk pada kemasan. Jika sakit berlanjut hubungi dokter.,Metronidazole 500mg,"Amebiasis, trikomoniasis, infeksi anaerob; amuba; diare bakteri anaerob; flagyl; Gunakan sesuai petunjuk pada kemasan. Jika sakit berlanjut hubungi dokter.","Mual, metalik mulut, tidak boleh alkohol",2026-12-31,Tablet,https://placehold.co/400x300/f8fafc/f59e0b?text=Metronidazole+Tablet+500mg,True,"[""otc"",""indonesia"",""chatbot-ready""]"
8040,Thiamphenicol Kapsul 500mg,Obat Kulit & Luka,15000.0,163,Thiamphenicol 500mg,"Infeksi saluran napas, ISK; Gejala terkait: infeksi napas; tifoid",Sesuai aturan pakai pada kemasan. Gunakan sesuai petunjuk pada kemasan. Jika sakit berlanjut hubungi dokter.,Thiamphenicol 500mg,"Infeksi saluran napas, ISK; infeksi napas; tifoid; Gunakan sesuai petunjuk pada kemasan. Jika sakit berlanjut hubungi dokter.","Mual, agranulositosis",2028-12-31,Produk,https://placehold.co/400x300/f8fafc/ec4899?text=Thiamphenicol+Kapsul+500mg,True,"[""otc"",""indonesia"",""chatbot-ready""]"
8041,Spiramycin Tablet,Mulut & Tenggorokan,25000.0,81,Spiramycin 500mg,Infeksi mulut dan tenggorokan; Gejala terkait: infeksi gigi; periodontitis,Sesuai aturan pakai pada kemasan. Gunakan sesuai petunjuk pada kemasan. Jika sakit berlanjut hubungi dokter.,Spiramycin 500mg,Infeksi mulut dan tenggorokan; infeksi gigi; periodontitis; Gunakan sesuai petunjuk pada kemasan. Jika sakit berlanjut hubungi dokter.,"Mual, diare",2028-03-15,Tablet,https://placehold.co/400x300/f8fafc/d946ef?text=Spiramycin+Tablet,True,"[""otc"",""indonesia"",""chatbot-ready""]"
8042,Urinozinc Tablet,Suplemen,95000.0,163,"Zinc Oxide, Saw Palmetto, Lycopene",Kesehatan prostat dan saluran kemih pria; Gejala terkait: prostat; saluran kemih pria; ISK pria,Sesuai aturan pakai pada kemasan. Gunakan sesuai petunjuk pada kemasan. Jika sakit berlanjut hubungi dokter.,"Zinc Oxide, Saw Palmetto, Lycopene",Kesehatan prostat dan saluran kemih pria; prostat; saluran kemih pria; ISK pria; Gunakan sesuai petunjuk pada kemasan. Jika sakit berlanjut hubungi dokter.,Jarang,2028-12-31,Tablet,https://placehold.co/400x300/f8fafc/eab308?text=Urinozinc+Tablet,True,"[""otc"",""indonesia"",""chatbot-ready""]"
8043,Cranberry Extract Kapsul,Suplemen,75000.0,93,Vaccinium Macrocarpon 400mg,Pencegahan ISK wanita; Gejala terkait: ISK wanita; infeksi kandung kemih; cranberry,Sesuai aturan pakai pada kemasan. Gunakan sesuai petunjuk pada kemasan. Jika sakit berlanjut hubungi dokter.,Vaccinium Macrocarpon 400mg,Pencegahan ISK wanita; ISK wanita; infeksi kandung kemih; cranberry; Gunakan sesuai petunjuk pada kemasan. Jika sakit berlanjut hubungi dokter.,Mual ringan,2028-03-15,Produk,https://placehold.co/400x300/f8fafc/eab308?text=Cranberry+Extract+Kapsul,True,"[""otc"",""indonesia"",""chatbot-ready""]"
8044,Kejibeling Kapsul,Herbal & Tradisional,25000.0,98,Strobilanthes crispus,"Batu ginjal, melancarkan kemih herbal; Gejala terkait: batu ginjal; kencing batu; herbal ginjal",Sesuai aturan pakai pada kemasan. Gunakan sesuai petunjuk pada kemasan. Jika sakit berlanjut hubungi dokter.,Strobilanthes crispus,"Batu ginjal, melancarkan kemih herbal; batu ginjal; kencing batu; herbal ginjal; Gunakan sesuai petunjuk pada kemasan. Jika sakit berlanjut hubungi dokter.",Jarang,2026-12-31,Produk,https://placehold.co/400x300/f8fafc/84cc16?text=Kejibeling+Kapsul,True,"[""otc"",""indonesia"",""chatbot-ready""]"
8045,Tempuyung Kapsul,Herbal & Tradisional,22000.0,159,Sonchus arvensis Extract,Batu ginjal dan melancarkan urin; Gejala terkait: batu ginjal; sulit kencing; tempuyung,Sesuai aturan pakai pada kemasan. Gunakan sesuai petunjuk pada kemasan. Jika sakit berlanjut hubungi dokter.,Sonchus arvensis Extract,Batu ginjal dan melancarkan urin; batu ginjal; sulit kencing; tempuyung; Gunakan sesuai petunjuk pada kemasan. Jika sakit berlanjut hubungi dokter.,Jarang,2028-03-15,Produk,https://placehold.co/400x300/f8fafc/84cc16?text=Tempuyung+Kapsul,True,"[""otc"",""indonesia"",""chatbot-ready""]"
8046,Potasium Sitrat Tablet,Suplemen,65000.0,81,Kalium Sitrat 1080mg,"Batu ginjal kalsium, asidosis; Gejala terkait: batu ginjal; asidosis; alkalinisasi urin",Sesuai aturan pakai pada kemasan. Gunakan sesuai petunjuk pada kemasan. Jika sakit berlanjut hubungi dokter.,Kalium Sitrat 1080mg,"Batu ginjal kalsium, asidosis; batu ginjal; asidosis; alkalinisasi urin; Gunakan sesuai petunjuk pada kemasan. Jika sakit berlanjut hubungi dokter.",Mual,2028-03-15,Tablet,https://placehold.co/400x300/f8fafc/eab308?text=Potasium+Sitrat+Tablet,True,"[""otc"",""indonesia"",""chatbot-ready""]"
8047,Insulin Plant Kapsul,Herbal & Tradisional,35000.0,99,Costus Igneus Ekstrak,Membantu metabolisme gula darah herbal; Gejala terkait: gula darah tinggi; diabetes herbal,Sesuai aturan pakai pada kemasan. Gunakan sesuai petunjuk pada kemasan. Jika sakit berlanjut hubungi dokter.,Costus Igneus Ekstrak,Membantu metabolisme gula darah herbal; gula darah tinggi; diabetes herbal; Gunakan sesuai petunjuk pada kemasan. Jika sakit berlanjut hubungi dokter.,Jarang,2028-03-15,Produk,https://placehold.co/400x300/f8fafc/84cc16?text=Insulin+Plant+Kapsul,True,"[""otc"",""indonesia"",""chatbot-ready""]"
8048,Bitter Melon Kapsul,Herbal & Tradisional,45000.0,180,Momordica charantia 500mg,Membantu kontrol gula darah; Gejala terkait: pare; gula darah; diabetes,Sesuai aturan pakai pada kemasan. Gunakan sesuai petunjuk pada kemasan. Jika sakit berlanjut hubungi dokter.,Momordica charantia 500mg,Membantu kontrol gula darah; pare; gula darah; diabetes; Gunakan sesuai petunjuk pada kemasan. Jika sakit berlanjut hubungi dokter.,"Hipoglikemia, mual",2026-12-31,Produk,https://placehold.co/400x300/f8fafc/84cc16?text=Bitter+Melon+Kapsul,True,"[""otc"",""indonesia"",""chatbot-ready""]"
8049,Chromium Picolinate,Suplemen,65000.0,181,Chromium 200mcg,Membantu metabolisme glukosa; Gejala terkait: gula darah; insulin sensitif; chromium,Sesuai aturan pakai pada kemasan. Gunakan sesuai petunjuk pada kemasan. Jika sakit berlanjut hubungi dokter.,Chromium 200mcg,Membantu metabolisme glukosa; gula darah; insulin sensitif; chromium; Gunakan sesuai petunjuk pada kemasan. Jika sakit berlanjut hubungi dokter.,Jarang,2026-12-31,Produk,https://placehold.co/400x300/f8fafc/eab308?text=Chromium+Picolinate,True,"[""otc"",""indonesia"",""chatbot-ready""]"
8050,Alpha Lipoic Acid Kapsul,Suplemen,75000.0,92,Alpha Lipoic Acid 600mg,"Neuropati diabetik, antioksidan; Gejala terkait: neuropati; kesemutan diabetes; antioksidan kuat",Sesuai aturan pakai pada kemasan. Gunakan sesuai petunjuk pada kemasan. Jika sakit berlanjut hubungi dokter.,Alpha Lipoic Acid 600mg,"Neuropati diabetik, antioksidan; neuropati; kesemutan diabetes; antioksidan kuat; Gunakan sesuai petunjuk pada kemasan. Jika sakit berlanjut hubungi dokter.","Mual, ruam kulit",2028-12-31,Produk,https://placehold.co/400x300/f8fafc/eab308?text=Alpha+Lipoic+Acid+Kapsul,True,"[""otc"",""indonesia"",""chatbot-ready""]"
8051,Gymnema Sylvestre Kapsul,Herbal & Tradisional,55000.0,189,Gymnema Sylvestre 400mg,Membantu mengurangi absorpsi gula; Gejala terkait: gula darah; diabetes; gymnema,Sesuai aturan pakai pada kemasan. Gunakan sesuai petunjuk pada kemasan. Jika sakit berlanjut hubungi dokter.,Gymnema Sylvestre 400mg,Membantu mengurangi absorpsi gula; gula darah; diabetes; gymnema; Gunakan sesuai petunjuk pada kemasan. Jika sakit berlanjut hubungi dokter.,Jarang,2028-03-15,Produk,https://placehold.co/400x300/f8fafc/84cc16?text=Gymnema+Sylvestre+Kapsul,True,"[""otc"",""indonesia"",""chatbot-ready""]"
8052,CoQ10 Kapsul 100mg,Suplemen,125000.0,113,Ubiquinone 100mg,"Fungsi jantung, energi, tekanan darah; Gejala terkait: jantung; tensi; coq10; energi",Sesuai aturan pakai pada kemasan. Gunakan sesuai petunjuk pada kemasan. Jika sakit berlanjut hubungi dokter.,Ubiquinone 100mg,"Fungsi jantung, energi, tekanan darah; jantung; tensi; coq10; energi; Gunakan sesuai petunjuk pada kemasan. Jika sakit berlanjut hubungi dokter.","Insomnia ringan, mual",2026-12-31,Produk,https://placehold.co/400x300/f8fafc/eab308?text=CoQ10+Kapsul+100mg,True,"[""otc"",""indonesia"",""chatbot-ready""]"
8053,Resveratrol Kapsul,Suplemen,95000.0,130,Trans-Resveratrol 100mg,"Antioksidan jantung, kolesterol; Gejala terkait: antioksidan; jantung; kolesterol; anggur merah",Sesuai aturan pakai pada kemasan. Gunakan sesuai petunjuk pada kemasan. Jika sakit berlanjut hubungi dokter.,Trans-Resveratrol 100mg,"Antioksidan jantung, kolesterol; antioksidan; jantung; kolesterol; anggur merah; Gunakan sesuai petunjuk pada kemasan. Jika sakit berlanjut hubungi dokter.",Jarang,2028-03-15,Produk,https://placehold.co/400x300/f8fafc/eab308?text=Resveratrol+Kapsul,True,"[""otc"",""indonesia"",""chatbot-ready""]"
8054,Celery Seed Extract,Herbal & Tradisional,95000.0,119,Apium graveolens Seed 450mg,Tekanan darah tinggi herbal; Gejala terkait: tekanan darah; hipertensi herbal; seledri,Sesuai aturan pakai pada kemasan. Gunakan sesuai petunjuk pada kemasan. Jika sakit berlanjut hubungi dokter.,Apium graveolens Seed 450mg,Tekanan darah tinggi herbal; tekanan darah; hipertensi herbal; seledri; Gunakan sesuai petunjuk pada kemasan. Jika sakit berlanjut hubungi dokter.,Jarang,2026-12-31,Produk,https://placehold.co/400x300/f8fafc/84cc16?text=Celery+Seed+Extract,True,"[""otc"",""indonesia"",""chatbot-ready""]"
8055,Garlic Extract Tablet,Herbal & Tradisional,65000.0,134,Allium sativum 1000mg,"Kolesterol, tekanan darah, imun; Gejala terkait: kolesterol; tekanan darah; bawang putih",Sesuai aturan pakai pada kemasan. Gunakan sesuai petunjuk pada kemasan. Jika sakit berlanjut hubungi dokter.,Allium sativum 1000mg,"Kolesterol, tekanan darah, imun; kolesterol; tekanan darah; bawang putih; Gunakan sesuai petunjuk pada kemasan. Jika sakit berlanjut hubungi dokter.","Bau bawang, mual",2028-03-15,Tablet,https://placehold.co/400x300/f8fafc/84cc16?text=Garlic+Extract+Tablet,True,"[""otc"",""indonesia"",""chatbot-ready""]"
8056,Hawthorn Berry Kapsul,Herbal & Tradisional,85000.0,129,Crataegus monogyna 600mg,Kesehatan jantung herbal barat; Gejala terkait: jantung herbal; palpitasi ringan,Sesuai aturan pakai pada kemasan. Gunakan sesuai petunjuk pada kemasan. Jika sakit berlanjut hubungi dokter.,Crataegus monogyna 600mg,Kesehatan jantung herbal barat; jantung herbal; palpitasi ringan; Gunakan sesuai petunjuk pada kemasan. Jika sakit berlanjut hubungi dokter.,Jarang,2026-12-31,Produk,https://placehold.co/400x300/f8fafc/84cc16?text=Hawthorn+Berry+Kapsul,True,"[""otc"",""indonesia"",""chatbot-ready""]"
8057,Propolis Kapsul,Herbal & Tradisional,95000.0,88,Brazilian Green Propolis 500mg,"Imun, antibakteri alami, antioksidan; Gejala terkait: propolis; antibakteri; imun premium",Sesuai aturan pakai pada kemasan. Gunakan sesuai petunjuk pada kemasan. Jika sakit berlanjut hubungi dokter.,Brazilian Green Propolis 500mg,"Imun, antibakteri alami, antioksidan; propolis; antibakteri; imun premium; Gunakan sesuai petunjuk pada kemasan. Jika sakit berlanjut hubungi dokter.",Alergi lebah (jarang),2026-12-31,Produk,https://placehold.co/400x300/f8fafc/84cc16?text=Propolis+Kapsul,True,"[""otc"",""indonesia"",""chatbot-ready""]"
8058,Soyisoflavon Kapsul,Suplemen,115000.0,123,Soya Isoflavones 40mg,"Menopause, hot flash, kesehatan wanita; Gejala terkait: menopause; hot flash; isoflavon",Sesuai aturan pakai pada kemasan. Gunakan sesuai petunjuk pada kemasan. Jika sakit berlanjut hubungi dokter.,Soya Isoflavones 40mg,"Menopause, hot flash, kesehatan wanita; menopause; hot flash; isoflavon; Gunakan sesuai petunjuk pada kemasan. Jika sakit berlanjut hubungi dokter.",Jarang,2027-06-30,Produk,https://placehold.co/400x300/f8fafc/eab308?text=Soyisoflavon+Kapsul,True,"[""otc"",""indonesia"",""chatbot-ready""]"
8059,Eve Primrose Oil Kapsul,Suplemen,95000.0,112,Gamma Linolenic Acid 45mg,"PMS, nyeri haid, hormonal balance; Gejala terkait: PMS; nyeri haid hormonal; evening primrose",Sesuai aturan pakai pada kemasan. Gunakan sesuai petunjuk pada kemasan. Jika sakit berlanjut hubungi dokter.,Gamma Linolenic Acid 45mg,"PMS, nyeri haid, hormonal balance; PMS; nyeri haid hormonal; evening primrose; Gunakan sesuai petunjuk pada kemasan. Jika sakit berlanjut hubungi dokter.","Jarang, sakit kepala ringan",2028-12-31,Produk,https://placehold.co/400x300/f8fafc/eab308?text=Eve+Primrose+Oil+Kapsul,True,"[""otc"",""indonesia"",""chatbot-ready""]"
8060,Vitex Agnus Castus,Herbal & Tradisional,85000.0,189,Vitex Agnus Castus Extract 400mg,"Ketidakseimbangan hormon wanita, PMS; Gejala terkait: hormonal wanita; PMS parah; vitex",Sesuai aturan pakai pada kemasan. Gunakan sesuai petunjuk pada kemasan. Jika sakit berlanjut hubungi dokter.,Vitex Agnus Castus Extract 400mg,"Ketidakseimbangan hormon wanita, PMS; hormonal wanita; PMS parah; vitex; Gunakan sesuai petunjuk pada kemasan. Jika sakit berlanjut hubungi dokter.",Jarang,2027-06-30,Produk,https://placehold.co/400x300/f8fafc/84cc16?text=Vitex+Agnus+Castus,True,"[""otc"",""indonesia"",""chatbot-ready""]"
8061,Calcium Pantothenate,Suplemen,25000.0,107,Calcium Pantothenate 500mg (Vit B5),"Metabolisme, kesehatan kulit dan rambut; Gejala terkait: vitamin b5; kulit; metabolisme",Sesuai aturan pakai pada kemasan. Gunakan sesuai petunjuk pada kemasan. Jika sakit berlanjut hubungi dokter.,Calcium Pantothenate 500mg (Vit B5),"Metabolisme, kesehatan kulit dan rambut; vitamin b5; kulit; metabolisme; Gunakan sesuai petunjuk pada kemasan. Jika sakit berlanjut hubungi dokter.",Jarang,2026-12-31,Produk,https://placehold.co/400x300/f8fafc/eab308?text=Calcium+Pantothenate,True,"[""otc"",""indonesia"",""chatbot-ready""]"
8062,Iron Chelate Kapsul,Suplemen,85000.0,136,Ferrous Bisglycinate 25mg,Anemia tanpa efek sembelit; Gejala terkait: anemia; zat besi lembut; hamil,Sesuai aturan pakai pada kemasan. Gunakan sesuai petunjuk pada kemasan. Jika sakit berlanjut hubungi dokter.,Ferrous Bisglycinate 25mg,Anemia tanpa efek sembelit; anemia; zat besi lembut; hamil; Gunakan sesuai petunjuk pada kemasan. Jika sakit berlanjut hubungi dokter.,"Lebih mahal, jarang",2028-12-31,Produk,https://placehold.co/400x300/f8fafc/eab308?text=Iron+Chelate+Kapsul,True,"[""otc"",""indonesia"",""chatbot-ready""]"
8063,Melatonin 3mg Tablet,Suplemen,95000.0,106,Melatonin 3mg,"Insomnia, jet lag, gangguan tidur; Gejala terkait: insomnia; susah tidur; jet lag",Sesuai aturan pakai pada kemasan. Gunakan sesuai petunjuk pada kemasan. Jika sakit berlanjut hubungi dokter.,Melatonin 3mg,"Insomnia, jet lag, gangguan tidur; insomnia; susah tidur; jet lag; Gunakan sesuai petunjuk pada kemasan. Jika sakit berlanjut hubungi dokter.","Mengantuk, mimpi vivid",2026-12-31,Tablet,https://placehold.co/400x300/f8fafc/eab308?text=Melatonin+3mg+Tablet,True,"[""otc"",""indonesia"",""chatbot-ready""]"
8064,Passiflora Kapsul,Herbal & Tradisional,65000.0,167,Passiflora incarnata 400mg,Cemas ringan dan gangguan tidur herbal; Gejala terkait: cemas; susah tidur; herbal relaksasi,Sesuai aturan pakai pada kemasan. Gunakan sesuai petunjuk pada kemasan. Jika sakit berlanjut hubungi dokter.,Passiflora incarnata 400mg,Cemas ringan dan gangguan tidur herbal; cemas; susah tidur; herbal relaksasi; Gunakan sesuai petunjuk pada kemasan. Jika sakit berlanjut hubungi dokter.,Mengantuk,2027-06-30,Produk,https://placehold.co/400x300/f8fafc/84cc16?text=Passiflora+Kapsul,True,"[""otc"",""indonesia"",""chatbot-ready""]"
8065,Valerian Root Kapsul,Herbal & Tradisional,85000.0,132,Valeriana officinalis 300mg,"Insomnia herbal, cemas; Gejala terkait: insomnia herbal; valerian; relaksasi",Sesuai aturan pakai pada kemasan. Gunakan sesuai petunjuk pada kemasan. Jika sakit berlanjut hubungi dokter.,Valeriana officinalis 300mg,"Insomnia herbal, cemas; insomnia herbal; valerian; relaksasi; Gunakan sesuai petunjuk pada kemasan. Jika sakit berlanjut hubungi dokter.",Mengantuk siang,2028-12-31,Produk,https://placehold.co/400x300/f8fafc/84cc16?text=Valerian+Root+Kapsul,True,"[""otc"",""indonesia"",""chatbot-ready""]"
8066,Diphenhydramine Tablet 25mg,Alergi & Gatal,5000.0,167,Diphenhydramine HCl 25mg,"Gangguan tidur, antihistamin; Gejala terkait: susah tidur; insomnia ringan; antihistamin",Sesuai aturan pakai pada kemasan. Gunakan sesuai petunjuk pada kemasan. Jika sakit berlanjut hubungi dokter.,Diphenhydramine HCl 25mg,"Gangguan tidur, antihistamin; susah tidur; insomnia ringan; antihistamin; Gunakan sesuai petunjuk pada kemasan. Jika sakit berlanjut hubungi dokter.","Sangat mengantuk, mulut kering",2028-03-15,Tablet,https://placehold.co/400x300/f8fafc/8b5cf6?text=Diphenhydramine+Tablet+25mg,True,"[""otc"",""indonesia"",""chatbot-ready""]"
8067,Enterogermina Oral Suspension,Pencernaan & Diare,55000.0,171,Bacillus clausii 2 billion/5ml,"Diare akut, pemulihan antibiotik; Gejala terkait: probiotik spore; diare antibiotik; pemulihan",Sesuai aturan pakai pada kemasan. Gunakan sesuai petunjuk pada kemasan. Jika sakit berlanjut hubungi dokter.,Bacillus clausii 2 billion/5ml,"Diare akut, pemulihan antibiotik; probiotik spore; diare antibiotik; pemulihan; Gunakan sesuai petunjuk pada kemasan. Jika sakit berlanjut hubungi dokter.",Jarang,2028-12-31,Produk,https://placehold.co/400x300/f8fafc/f59e0b?text=Enterogermina+Oral+Suspension,True,"[""otc"",""indonesia"",""chatbot-ready""]"
8068,Bio Lacto B Drops,Pencernaan & Diare,95000.0,112,Lactobacillus acidophilus drops bayi,"Kolik, diare bayi, imun saluran cerna bayi; Gejala terkait: kolik bayi; probiotik drops bayi",Sesuai aturan pakai pada kemasan. Gunakan sesuai petunjuk pada kemasan. Jika sakit berlanjut hubungi dokter.,Lactobacillus acidophilus drops bayi,"Kolik, diare bayi, imun saluran cerna bayi; kolik bayi; probiotik drops bayi; Gunakan sesuai petunjuk pada kemasan. Jika sakit berlanjut hubungi dokter.",Jarang,2026-12-31,Produk,https://placehold.co/400x300/f8fafc/f59e0b?text=Bio+Lacto+B+Drops,True,"[""otc"",""indonesia"",""chatbot-ready""]"
8069,Simethicone Tablet 40mg,Pencernaan & Diare,3000.0,166,Simethicone 40mg,Kembung dan gas berlebih generik murah; Gejala terkait: kembung generik; gas perut; anak kembung,Sesuai aturan pakai pada kemasan. Gunakan sesuai petunjuk pada kemasan. Jika sakit berlanjut hubungi dokter.,Simethicone 40mg,Kembung dan gas berlebih generik murah; kembung generik; gas perut; anak kembung; Gunakan sesuai petunjuk pada kemasan. Jika sakit berlanjut hubungi dokter.,Jarang,2026-12-31,Tablet,https://placehold.co/400x300/f8fafc/f59e0b?text=Simethicone+Tablet+40mg,True,"[""otc"",""indonesia"",""chatbot-ready""]"
8070,Domperidone Tablet 10mg,Lambung & Maag,12000.0,155,Domperidone 10mg,"Mual, muntah, lambung lambat; Gejala terkait: mual; muntah; lambung lambat; motilitas",Sesuai aturan pakai pada kemasan. Gunakan sesuai petunjuk pada kemasan. Jika sakit berlanjut hubungi dokter.,Domperidone 10mg,"Mual, muntah, lambung lambat; mual; muntah; lambung lambat; motilitas; Gunakan sesuai petunjuk pada kemasan. Jika sakit berlanjut hubungi dokter.","Sakit kepala, galaktore (jarang)",2028-12-31,Tablet,https://placehold.co/400x300/f8fafc/10b981?text=Domperidone+Tablet+10mg,True,"[""otc"",""indonesia"",""chatbot-ready""]"
8071,Ondansetron Tablet 4mg,Pencernaan & Diare,22000.0,118,Ondansetron HCl 4mg,"Mual muntah kehamilan, pasca kemo; Gejala terkait: mual muntah kehamilan; morning sickness",Sesuai aturan pakai pada kemasan. Gunakan sesuai petunjuk pada kemasan. Jika sakit berlanjut hubungi dokter.,Ondansetron HCl 4mg,"Mual muntah kehamilan, pasca kemo; mual muntah kehamilan; morning sickness; Gunakan sesuai petunjuk pada kemasan. Jika sakit berlanjut hubungi dokter.","Sakit kepala, konstipasi",2028-03-15,Tablet,https://placehold.co/400x300/f8fafc/f59e0b?text=Ondansetron+Tablet+4mg,True,"[""otc"",""indonesia"",""chatbot-ready""]"
8072,Hyoscine Tablet 10mg,Pencernaan & Diare,8000.0,97,Hyoscine Butylbromide 10mg,"Kram perut, kolik, nyeri spasmodik; Gejala terkait: kram perut; kolik; perut kejang",Sesuai aturan pakai pada kemasan. Gunakan sesuai petunjuk pada kemasan. Jika sakit berlanjut hubungi dokter.,Hyoscine Butylbromide 10mg,"Kram perut, kolik, nyeri spasmodik; kram perut; kolik; perut kejang; Gunakan sesuai petunjuk pada kemasan. Jika sakit berlanjut hubungi dokter.","Mulut kering, sembelit",2027-06-30,Tablet,https://placehold.co/400x300/f8fafc/f59e0b?text=Hyoscine+Tablet+10mg,True,"[""otc"",""indonesia"",""chatbot-ready""]"
8073,Cisapride Tablet,Lambung & Maag,35000.0,111,Cisapride 5mg,"Lambung kosong lambat, GERD ringan; Gejala terkait: lambung lambat; kembung; dispepsia",Sesuai aturan pakai pada kemasan. Gunakan sesuai petunjuk pada kemasan. Jika sakit berlanjut hubungi dokter.,Cisapride 5mg,"Lambung kosong lambat, GERD ringan; lambung lambat; kembung; dispepsia; Gunakan sesuai petunjuk pada kemasan. Jika sakit berlanjut hubungi dokter.",Palpitasi (jangan dg aritmia),2027-06-30,Tablet,https://placehold.co/400x300/f8fafc/10b981?text=Cisapride+Tablet,True,"[""otc"",""indonesia"",""chatbot-ready""]"
8074,Activated Charcoal Kapsul,Pencernaan & Diare,8000.0,184,Karbon aktif 250mg kapsul,"Keracunan, kembung berlebih kapsul; Gejala terkait: keracunan makanan; mual keracunan; norit kapsul",Sesuai aturan pakai pada kemasan. Gunakan sesuai petunjuk pada kemasan. Jika sakit berlanjut hubungi dokter.,Karbon aktif 250mg kapsul,"Keracunan, kembung berlebih kapsul; keracunan makanan; mual keracunan; norit kapsul; Gunakan sesuai petunjuk pada kemasan. Jika sakit berlanjut hubungi dokter.",Feses hitam,2027-06-30,Produk,https://placehold.co/400x300/f8fafc/f59e0b?text=Activated+Charcoal+Kapsul,True,"[""otc"",""indonesia"",""chatbot-ready""]"
8075,Bifodan Kapsul,Pencernaan & Diare,65000.0,176,"Bifidobacterium, Lactobacillus probiotik","Keseimbangan flora usus, IBS; Gejala terkait: IBS; usus sensitif; probiotik premium",Sesuai aturan pakai pada kemasan. Gunakan sesuai petunjuk pada kemasan. Jika sakit berlanjut hubungi dokter.,"Bifidobacterium, Lactobacillus probiotik","Keseimbangan flora usus, IBS; IBS; usus sensitif; probiotik premium; Gunakan sesuai petunjuk pada kemasan. Jika sakit berlanjut hubungi dokter.",Jarang,2028-12-31,Produk,https://placehold.co/400x300/f8fafc/f59e0b?text=Bifodan+Kapsul,True,"[""otc"",""indonesia"",""chatbot-ready""]"
8076,Lactulose Sirup,Pencernaan & Diare,45000.0,83,Lactulose 3.35g/5ml,Sembelit kronis dan ensefalopati hepatik; Gejala terkait: sembelit kronis; bab tidak lancar; lactulose,Sesuai aturan pakai pada kemasan. Gunakan sesuai petunjuk pada kemasan. Jika sakit berlanjut hubungi dokter.,Lactulose 3.35g/5ml,Sembelit kronis dan ensefalopati hepatik; sembelit kronis; bab tidak lancar; lactulose; Gunakan sesuai petunjuk pada kemasan. Jika sakit berlanjut hubungi dokter.,"Kembung, kram",2028-12-31,Sirup,https://placehold.co/400x300/f8fafc/f59e0b?text=Lactulose+Sirup,True,"[""otc"",""indonesia"",""chatbot-ready""]"
8077,Bisacodyl Suppositoria Anak,Pencernaan & Diare,15000.0,122,Bisacodyl 5mg suppositoria,Sembelit anak segera; Gejala terkait: sembelit bayi; anak tidak bisa bab; pencahar instan,Sesuai aturan pakai pada kemasan. Gunakan sesuai petunjuk pada kemasan. Jika sakit berlanjut hubungi dokter.,Bisacodyl 5mg suppositoria,Sembelit anak segera; sembelit bayi; anak tidak bisa bab; pencahar instan; Gunakan sesuai petunjuk pada kemasan. Jika sakit berlanjut hubungi dokter.,"Kram perut, iritasi lokal",2028-03-15,Produk,https://placehold.co/400x300/f8fafc/f59e0b?text=Bisacodyl+Suppositoria+Anak,True,"[""otc"",""indonesia"",""chatbot-ready""]"
8078,Clindamycin Gel 1%,Obat Kulit & Luka,22000.0,151,Clindamycin Phosphate 1%,Jerawat meradang topikal; Gejala terkait: jerawat meradang gel; acne gel,Sesuai aturan pakai pada kemasan. Gunakan sesuai petunjuk pada kemasan. Jika sakit berlanjut hubungi dokter.,Clindamycin Phosphate 1%,Jerawat meradang topikal; jerawat meradang gel; acne gel; Gunakan sesuai petunjuk pada kemasan. Jika sakit berlanjut hubungi dokter.,Kulit kering,2028-12-31,Topikal,https://placehold.co/400x300/f8fafc/ec4899?text=Clindamycin+Gel+1%,True,"[""otc"",""indonesia"",""chatbot-ready""]"
8079,Nicotinamide Gel,Obat Kulit & Luka,85000.0,150,Niacinamide 4%,"Pori besar, produksi sebum berlebih; Gejala terkait: pori-pori besar; minyak wajah; niacinamide",Sesuai aturan pakai pada kemasan. Gunakan sesuai petunjuk pada kemasan. Jika sakit berlanjut hubungi dokter.,Niacinamide 4%,"Pori besar, produksi sebum berlebih; pori-pori besar; minyak wajah; niacinamide; Gunakan sesuai petunjuk pada kemasan. Jika sakit berlanjut hubungi dokter.",Jarang,2026-12-31,Topikal,https://placehold.co/400x300/f8fafc/ec4899?text=Nicotinamide+Gel,True,"[""otc"",""indonesia"",""chatbot-ready""]"
8080,Salicylic Acid 2% Gel,Obat Kulit & Luka,18000.0,149,Salicylic Acid 2% gel,"Komedo, jerawat ringan, kulit berminyak; Gejala terkait: komedo; jerawat ringan; SA gel",Sesuai aturan pakai pada kemasan. Gunakan sesuai petunjuk pada kemasan. Jika sakit berlanjut hubungi dokter.,Salicylic Acid 2% gel,"Komedo, jerawat ringan, kulit berminyak; komedo; jerawat ringan; SA gel; Gunakan sesuai petunjuk pada kemasan. Jika sakit berlanjut hubungi dokter.","Kulit kering, perih",2027-06-30,Topikal,https://placehold.co/400x300/f8fafc/ec4899?text=Salicylic+Acid+2%+Gel,True,"[""otc"",""indonesia"",""chatbot-ready""]"
8081,Benzoyl Peroxide 5% Gel,Obat Kulit & Luka,35000.0,138,Benzoyl Peroxide 5%,Jerawat sedang membandel; Gejala terkait: jerawat bandel; bp5; benzoyl peroxide,Sesuai aturan pakai pada kemasan. Gunakan sesuai petunjuk pada kemasan. Jika sakit berlanjut hubungi dokter.,Benzoyl Peroxide 5%,Jerawat sedang membandel; jerawat bandel; bp5; benzoyl peroxide; Gunakan sesuai petunjuk pada kemasan. Jika sakit berlanjut hubungi dokter.,"Kulit kering parah, mengelupas",2028-12-31,Topikal,https://placehold.co/400x300/f8fafc/ec4899?text=Benzoyl+Peroxide+5%+Gel,True,"[""otc"",""indonesia"",""chatbot-ready""]"
8082,Fluocinolone Cream 0.025%,Obat Kulit & Luka,18000.0,111,Fluocinolone Acetonide 0.025%,"Eksim, psoriasis, lichen; Gejala terkait: eksim kronis; psoriasis ringan",Sesuai aturan pakai pada kemasan. Gunakan sesuai petunjuk pada kemasan. Jika sakit berlanjut hubungi dokter.,Fluocinolone Acetonide 0.025%,"Eksim, psoriasis, lichen; eksim kronis; psoriasis ringan; Gunakan sesuai petunjuk pada kemasan. Jika sakit berlanjut hubungi dokter.",Penipisan kulit,2028-03-15,Topikal,https://placehold.co/400x300/f8fafc/ec4899?text=Fluocinolone+Cream+0.025%,True,"[""otc"",""indonesia"",""chatbot-ready""]"
8083,Gentamicin Eye Drops,Mata & Telinga,18000.0,90,Gentamicin Sulfate 0.3% tetes mata,Konjungtivitis bakteri; Gejala terkait: belekan; mata bernanah; konjungtivitis,Sesuai aturan pakai pada kemasan. Gunakan sesuai petunjuk pada kemasan. Jika sakit berlanjut hubungi dokter.,Gentamicin Sulfate 0.3% tetes mata,Konjungtivitis bakteri; belekan; mata bernanah; konjungtivitis; Gunakan sesuai petunjuk pada kemasan. Jika sakit berlanjut hubungi dokter.,Iritasi mata,2026-12-31,Produk,https://placehold.co/400x300/f8fafc/0ea5e9?text=Gentamicin+Eye+Drops,True,"[""otc"",""indonesia"",""chatbot-ready""]"
8084,Kloramfenikol Tetes Mata,Mata & Telinga,8000.0,129,Chloramphenicol 0.5%,Belekan bakteri mata generik; Gejala terkait: belekan murah; mata bernanah generik,Sesuai aturan pakai pada kemasan. Gunakan sesuai petunjuk pada kemasan. Jika sakit berlanjut hubungi dokter.,Chloramphenicol 0.5%,Belekan bakteri mata generik; belekan murah; mata bernanah generik; Gunakan sesuai petunjuk pada kemasan. Jika sakit berlanjut hubungi dokter.,Pandangan kabur sementara,2028-12-31,Produk,https://placehold.co/400x300/f8fafc/0ea5e9?text=Kloramfenikol+Tetes+Mata,True,"[""otc"",""indonesia"",""chatbot-ready""]"
8085,Silver Sulfadiazine Cream 1%,Obat Kulit & Luka,35000.0,124,Silver Sulfadiazine 1%,"Luka bakar, luka infeksi kronis; Gejala terkait: luka bakar generik; silver sulfadiazine",Sesuai aturan pakai pada kemasan. Gunakan sesuai petunjuk pada kemasan. Jika sakit berlanjut hubungi dokter.,Silver Sulfadiazine 1%,"Luka bakar, luka infeksi kronis; luka bakar generik; silver sulfadiazine; Gunakan sesuai petunjuk pada kemasan. Jika sakit berlanjut hubungi dokter.","Iritasi lokal, bercak hitam",2028-03-15,Topikal,https://placehold.co/400x300/f8fafc/ec4899?text=Silver+Sulfadiazine+Cream+1%,True,"[""otc"",""indonesia"",""chatbot-ready""]"
8086,Antimo Tablet,Obat Batuk,5000.0,182,"Diphenhydramine HCl 25mg, Caffeine 20mg",Mabuk perjalanan; Gejala terkait: mabuk darat; mabuk perjalanan; mabuk laut,Sesuai aturan pakai pada kemasan. Gunakan sesuai petunjuk pada kemasan. Jika sakit berlanjut hubungi dokter.,"Diphenhydramine HCl 25mg, Caffeine 20mg",Mabuk perjalanan; mabuk darat; mabuk perjalanan; mabuk laut; Gunakan sesuai petunjuk pada kemasan. Jika sakit berlanjut hubungi dokter.,Mengantuk atau justru antri tidur,2028-12-31,Tablet,https://placehold.co/400x300/f8fafc/3b82f6?text=Antimo+Tablet,True,"[""otc"",""indonesia"",""chatbot-ready""]"
8087,Antimo Anak Sirup,Obat Batuk,15000.0,124,Diphenhydramine HCl sirup anak,Mabuk perjalanan anak; Gejala terkait: mabuk perjalanan anak; mabuk mobil anak,Sesuai aturan pakai pada kemasan. Gunakan sesuai petunjuk pada kemasan. Jika sakit berlanjut hubungi dokter.,Diphenhydramine HCl sirup anak,Mabuk perjalanan anak; mabuk perjalanan anak; mabuk mobil anak; Gunakan sesuai petunjuk pada kemasan. Jika sakit berlanjut hubungi dokter.,Mengantuk,2028-12-31,Sirup,https://placehold.co/400x300/f8fafc/3b82f6?text=Antimo+Anak+Sirup,True,"[""otc"",""indonesia"",""chatbot-ready""]"
8088,Scopola Tablet,Obat Batuk,5000.0,150,Dimenhydrinate 50mg,Mabuk perjalanan dewasa; Gejala terkait: mabuk laut; mabuk udara,Sesuai aturan pakai pada kemasan. Gunakan sesuai petunjuk pada kemasan. Jika sakit berlanjut hubungi dokter.,Dimenhydrinate 50mg,Mabuk perjalanan dewasa; mabuk laut; mabuk udara; Gunakan sesuai petunjuk pada kemasan. Jika sakit berlanjut hubungi dokter.,"Sangat mengantuk, mulut kering",2027-06-30,Tablet,https://placehold.co/400x300/f8fafc/3b82f6?text=Scopola+Tablet,True,"[""otc"",""indonesia"",""chatbot-ready""]"
8089,Prochlorperazine Tablet,Pencernaan & Diare,12000.0,169,Prochlorperazine 5mg,"Mual muntah, vertigo; Gejala terkait: vertigo; mual muntah; prochlorperazine",Sesuai aturan pakai pada kemasan. Gunakan sesuai petunjuk pada kemasan. Jika sakit berlanjut hubungi dokter.,Prochlorperazine 5mg,"Mual muntah, vertigo; vertigo; mual muntah; prochlorperazine; Gunakan sesuai petunjuk pada kemasan. Jika sakit berlanjut hubungi dokter.","Mengantuk, extrapyramidal",2028-12-31,Tablet,https://placehold.co/400x300/f8fafc/f59e0b?text=Prochlorperazine+Tablet,True,"[""otc"",""indonesia"",""chatbot-ready""]"
8090,Betahistine Tablet,Pencernaan & Diare,18000.0,175,Betahistine HCl 8mg,"Vertigo (Meniere's), tinnitus; Gejala terkait: vertigo; meniere; telinga berdenging",Sesuai aturan pakai pada kemasan. Gunakan sesuai petunjuk pada kemasan. Jika sakit berlanjut hubungi dokter.,Betahistine HCl 8mg,"Vertigo (Meniere's), tinnitus; vertigo; meniere; telinga berdenging; Gunakan sesuai petunjuk pada kemasan. Jika sakit berlanjut hubungi dokter.","Sakit kepala, mual ringan",2028-03-15,Tablet,https://placehold.co/400x300/f8fafc/f59e0b?text=Betahistine+Tablet,True,"[""otc"",""indonesia"",""chatbot-ready""]"
8091,Cinnarizine Tablet 25mg,Obat Batuk,5000.0,116,Cinnarizine 25mg,"Vertigo, mabuk perjalanan, pusing berputar; Gejala terkait: vertigo; pusing berputar; cinnarizine",Sesuai aturan pakai pada kemasan. Gunakan sesuai petunjuk pada kemasan. Jika sakit berlanjut hubungi dokter.,Cinnarizine 25mg,"Vertigo, mabuk perjalanan, pusing berputar; vertigo; pusing berputar; cinnarizine; Gunakan sesuai petunjuk pada kemasan. Jika sakit berlanjut hubungi dokter.","Mengantuk, mulut kering",2028-03-15,Tablet,https://placehold.co/400x300/f8fafc/3b82f6?text=Cinnarizine+Tablet+25mg,True,"[""otc"",""indonesia"",""chatbot-ready""]"
8092,Flunarizine Kapsul 5mg,Nyeri & Demam,18000.0,86,Flunarizine 5mg,"Migrain profilaktik, vertigo; Gejala terkait: pencegahan migrain; vertigo kronis",Sesuai aturan pakai pada kemasan. Gunakan sesuai petunjuk pada kemasan. Jika sakit berlanjut hubungi dokter.,Flunarizine 5mg,"Migrain profilaktik, vertigo; pencegahan migrain; vertigo kronis; Gunakan sesuai petunjuk pada kemasan. Jika sakit berlanjut hubungi dokter.","Mengantuk, depresi",2028-12-31,Produk,https://placehold.co/400x300/f8fafc/ef4444?text=Flunarizine+Kapsul+5mg,True,"[""otc"",""indonesia"",""chatbot-ready""]"
8093,ORS Sachets Oralit WHO,Pencernaan & Diare,1500.0,82,"NaCl 3.5g, KCl 1.5g, Glukosa 20g, NaHCO3",Rehidrasi standar WHO; Gejala terkait: oralit who; dehidrasi; elektrolit,Sesuai aturan pakai pada kemasan. Gunakan sesuai petunjuk pada kemasan. Jika sakit berlanjut hubungi dokter.,"NaCl 3.5g, KCl 1.5g, Glukosa 20g, NaHCO3",Rehidrasi standar WHO; oralit who; dehidrasi; elektrolit; Gunakan sesuai petunjuk pada kemasan. Jika sakit berlanjut hubungi dokter.,Mual bila cepat,2026-12-31,Sachet,https://placehold.co/400x300/f8fafc/f59e0b?text=ORS+Sachets+Oralit+WHO,True,"[""otc"",""indonesia"",""chatbot-ready""]"
8094,Bioron Tablet,Suplemen,55000.0,187,"Boron 3mg, Calcium, Vitamin D3",Kesehatan tulang dan sendi; Gejala terkait: tulang; sendi; osteoporosis pencegahan,Sesuai aturan pakai pada kemasan. Gunakan sesuai petunjuk pada kemasan. Jika sakit berlanjut hubungi dokter.,"Boron 3mg, Calcium, Vitamin D3",Kesehatan tulang dan sendi; tulang; sendi; osteoporosis pencegahan; Gunakan sesuai petunjuk pada kemasan. Jika sakit berlanjut hubungi dokter.,Jarang,2028-03-15,Tablet,https://placehold.co/400x300/f8fafc/eab308?text=Bioron+Tablet,True,"[""otc"",""indonesia"",""chatbot-ready""]"
8095,Chondroitin Kapsul,Nyeri & Demam,65000.0,102,Chondroitin Sulfate 400mg,Kesehatan sendi dan tulang rawan; Gejala terkait: sendi aus; lutut nyeri; tulang rawan,Sesuai aturan pakai pada kemasan. Gunakan sesuai petunjuk pada kemasan. Jika sakit berlanjut hubungi dokter.,Chondroitin Sulfate 400mg,Kesehatan sendi dan tulang rawan; sendi aus; lutut nyeri; tulang rawan; Gunakan sesuai petunjuk pada kemasan. Jika sakit berlanjut hubungi dokter.,Mual ringan,2028-12-31,Produk,https://placehold.co/400x300/f8fafc/ef4444?text=Chondroitin+Kapsul,True,"[""otc"",""indonesia"",""chatbot-ready""]"
8096,Atorvastatin 10mg,Suplemen,22000.0,112,Atorvastatin Calcium 10mg,Kolesterol tinggi (Perlu resep dokter); Gejala terkait: kolesterol; lemak darah; statin,Sesuai aturan pakai pada kemasan. Gunakan sesuai petunjuk pada kemasan. Jika sakit berlanjut hubungi dokter.,Atorvastatin Calcium 10mg,Kolesterol tinggi (Perlu resep dokter); kolesterol; lemak darah; statin; Gunakan sesuai petunjuk pada kemasan. Jika sakit berlanjut hubungi dokter.,"Nyeri otot, hati",2028-03-15,Produk,https://placehold.co/400x300/f8fafc/eab308?text=Atorvastatin+10mg,True,"[""otc"",""indonesia"",""chatbot-ready""]"
8097,Acarbose Tablet,Herbal & Tradisional,15000.0,113,Acarbose 50mg,Diabetes tipe 2 (Perlu resep); Gejala terkait: diabetes; gula darah; acarbose,Sesuai aturan pakai pada kemasan. Gunakan sesuai petunjuk pada kemasan. Jika sakit berlanjut hubungi dokter.,Acarbose 50mg,Diabetes tipe 2 (Perlu resep); diabetes; gula darah; acarbose; Gunakan sesuai petunjuk pada kemasan. Jika sakit berlanjut hubungi dokter.,"Kembung, diare",2028-12-31,Tablet,https://placehold.co/400x300/f8fafc/84cc16?text=Acarbose+Tablet,True,"[""otc"",""indonesia"",""chatbot-ready""]"
8098,Glibenclamide Tablet,Herbal & Tradisional,5000.0,126,Glibenclamide 5mg,Diabetes tipe 2 (Perlu resep); Gejala terkait: diabetes; gula darah; sulfonilurea,Sesuai aturan pakai pada kemasan. Gunakan sesuai petunjuk pada kemasan. Jika sakit berlanjut hubungi dokter.,Glibenclamide 5mg,Diabetes tipe 2 (Perlu resep); diabetes; gula darah; sulfonilurea; Gunakan sesuai petunjuk pada kemasan. Jika sakit berlanjut hubungi dokter.,Hipoglikemia,2027-06-30,Tablet,https://placehold.co/400x300/f8fafc/84cc16?text=Glibenclamide+Tablet,True,"[""otc"",""indonesia"",""chatbot-ready""]"
8099,Metformin Tablet 500mg,Herbal & Tradisional,5000.0,85,Metformin HCl 500mg,Diabetes tipe 2 (Perlu resep); Gejala terkait: diabetes; gula darah; metformin,Sesuai aturan pakai pada kemasan. Gunakan sesuai petunjuk pada kemasan. Jika sakit berlanjut hubungi dokter.,Metformin HCl 500mg,Diabetes tipe 2 (Perlu resep); diabetes; gula darah; metformin; Gunakan sesuai petunjuk pada kemasan. Jika sakit berlanjut hubungi dokter.,"Mual, diare GI",2027-06-30,Tablet,https://placehold.co/400x300/f8fafc/84cc16?text=Metformin+Tablet+500mg,True,"[""otc"",""indonesia"",""chatbot-ready""]"
8100,Amlodipine Tablet 5mg,Herbal & Tradisional,8000.0,98,Amlodipine Besylate 5mg,"Hipertensi, angina (Perlu resep); Gejala terkait: tekanan darah tinggi; hipertensi; CCB",Sesuai aturan pakai pada kemasan. Gunakan sesuai petunjuk pada kemasan. Jika sakit berlanjut hubungi dokter.,Amlodipine Besylate 5mg,"Hipertensi, angina (Perlu resep); tekanan darah tinggi; hipertensi; CCB; Gunakan sesuai petunjuk pada kemasan. Jika sakit berlanjut hubungi dokter.","Kaki bengkak, kemerahan wajah",2028-12-31,Tablet,https://placehold.co/400x300/f8fafc/84cc16?text=Amlodipine+Tablet+5mg,True,"[""otc"",""indonesia"",""chatbot-ready""]"
8101,Captopril Tablet 25mg,Herbal & Tradisional,5000.0,144,Captopril 25mg,"Hipertensi, gagal jantung (Perlu resep); Gejala terkait: hipertensi; ACE inhibitor",Sesuai aturan pakai pada kemasan. Gunakan sesuai petunjuk pada kemasan. Jika sakit berlanjut hubungi dokter.,Captopril 25mg,"Hipertensi, gagal jantung (Perlu resep); hipertensi; ACE inhibitor; Gunakan sesuai petunjuk pada kemasan. Jika sakit berlanjut hubungi dokter.","Batuk kering, hipotensi",2027-06-30,Tablet,https://placehold.co/400x300/f8fafc/84cc16?text=Captopril+Tablet+25mg,True,"[""otc"",""indonesia"",""chatbot-ready""]"
8102,Simvastatin Tablet 10mg,Herbal & Tradisional,5000.0,106,Simvastatin 10mg,Kolesterol (Perlu resep); Gejala terkait: kolesterol; simvastatin; lemak darah,Sesuai aturan pakai pada kemasan. Gunakan sesuai petunjuk pada kemasan. Jika sakit berlanjut hubungi dokter.,Simvastatin 10mg,Kolesterol (Perlu resep); kolesterol; simvastatin; lemak darah; Gunakan sesuai petunjuk pada kemasan. Jika sakit berlanjut hubungi dokter.,"Nyeri otot, hati",2027-06-30,Tablet,https://placehold.co/400x300/f8fafc/84cc16?text=Simvastatin+Tablet+10mg,True,"[""otc"",""indonesia"",""chatbot-ready""]"
8103,Candesartan Tablet,Herbal & Tradisional,18000.0,130,Candesartan Cilexetil 8mg,"Hipertensi, perlindungan ginjal (Perlu resep); Gejala terkait: hipertensi; ARB; tekanan darah tinggi",Sesuai aturan pakai pada kemasan. Gunakan sesuai petunjuk pada kemasan. Jika sakit berlanjut hubungi dokter.,Candesartan Cilexetil 8mg,"Hipertensi, perlindungan ginjal (Perlu resep); hipertensi; ARB; tekanan darah tinggi; Gunakan sesuai petunjuk pada kemasan. Jika sakit berlanjut hubungi dokter.","Pusing, hipotensi",2028-03-15,Tablet,https://placehold.co/400x300/f8fafc/84cc16?text=Candesartan+Tablet,True,"[""otc"",""indonesia"",""chatbot-ready""]"
8104,Lisinopril Tablet 5mg,Herbal & Tradisional,8000.0,110,Lisinopril 5mg,"Hipertensi, gagal jantung (Perlu resep); Gejala terkait: tekanan darah; ACE inhibitor; jantung",Sesuai aturan pakai pada kemasan. Gunakan sesuai petunjuk pada kemasan. Jika sakit berlanjut hubungi dokter.,Lisinopril 5mg,"Hipertensi, gagal jantung (Perlu resep); tekanan darah; ACE inhibitor; jantung; Gunakan sesuai petunjuk pada kemasan. Jika sakit berlanjut hubungi dokter.","Batuk kering, hipotensi",2028-03-15,Tablet,https://placehold.co/400x300/f8fafc/84cc16?text=Lisinopril+Tablet+5mg,True,"[""otc"",""indonesia"",""chatbot-ready""]"
8105,Salbutamol Inhaler,Perawatan Hidung & Pernapasan,55000.0,137,Salbutamol 100mcg/dosis MDI,Asma akut dan PPOK (perlu resep di sebagian apotek); Gejala terkait: asma; sesak napas; bronkodilator; inhaler,Sesuai aturan pakai pada kemasan. Gunakan sesuai petunjuk pada kemasan. Jika sakit berlanjut hubungi dokter.,Salbutamol 100mcg/dosis MDI,Asma akut dan PPOK (perlu resep di sebagian apotek); asma; sesak napas; bronkodilator; inhaler; Gunakan sesuai petunjuk pada kemasan. Jika sakit berlanjut hubungi dokter.,"Berdebar, tremor tangan",2027-06-30,Produk,https://placehold.co/400x300/f8fafc/64748b?text=Salbutamol+Inhaler,True,"[""otc"",""indonesia"",""chatbot-ready""]"
8106,Ventolin Inhaler,Perawatan Hidung & Pernapasan,85000.0,104,Salbutamol 100mcg/dosis,Asma dan PPOK; Gejala terkait: asma; ventolin; bronkodilator,Sesuai aturan pakai pada kemasan. Gunakan sesuai petunjuk pada kemasan. Jika sakit berlanjut hubungi dokter.,Salbutamol 100mcg/dosis,Asma dan PPOK; asma; ventolin; bronkodilator; Gunakan sesuai petunjuk pada kemasan. Jika sakit berlanjut hubungi dokter.,"Berdebar, tremor",2026-12-31,Produk,https://placehold.co/400x300/f8fafc/64748b?text=Ventolin+Inhaler,True,"[""otc"",""indonesia"",""chatbot-ready""]"
8107,Formoterol Inhaler,Perawatan Hidung & Pernapasan,125000.0,137,Formoterol 12mcg/dosis,Asma maintenance (perlu resep); Gejala terkait: asma maintenance; PPOK; LABA,Sesuai aturan pakai pada kemasan. Gunakan sesuai petunjuk pada kemasan. Jika sakit berlanjut hubungi dokter.,Formoterol 12mcg/dosis,Asma maintenance (perlu resep); asma maintenance; PPOK; LABA; Gunakan sesuai petunjuk pada kemasan. Jika sakit berlanjut hubungi dokter.,"Berdebar, kram otot",2026-12-31,Produk,https://placehold.co/400x300/f8fafc/64748b?text=Formoterol+Inhaler,True,"[""otc"",""indonesia"",""chatbot-ready""]"
8108,Symbicort Inhaler,Perawatan Hidung & Pernapasan,350000.0,183,Budesonide + Formoterol MDI,Asma dan PPOK kombinasi (perlu resep); Gejala terkait: asma berat; PPOK kombinasi; symbicort,Sesuai aturan pakai pada kemasan. Gunakan sesuai petunjuk pada kemasan. Jika sakit berlanjut hubungi dokter.,Budesonide + Formoterol MDI,Asma dan PPOK kombinasi (perlu resep); asma berat; PPOK kombinasi; symbicort; Gunakan sesuai petunjuk pada kemasan. Jika sakit berlanjut hubungi dokter.,"Sariawan mulut, berdebar",2026-12-31,Produk,https://placehold.co/400x300/f8fafc/64748b?text=Symbicort+Inhaler,True,"[""otc"",""indonesia"",""chatbot-ready""]"
8109,Combivent MDI,Perawatan Hidung & Pernapasan,145000.0,135,Salbutamol + Ipratropium,"PPOK, asma berat (perlu resep); Gejala terkait: PPOK; asma berat; bronkodilator ganda",Sesuai aturan pakai pada kemasan. Gunakan sesuai petunjuk pada kemasan. Jika sakit berlanjut hubungi dokter.,Salbutamol + Ipratropium,"PPOK, asma berat (perlu resep); PPOK; asma berat; bronkodilator ganda; Gunakan sesuai petunjuk pada kemasan. Jika sakit berlanjut hubungi dokter.","Berdebar, mulut kering",2028-03-15,Produk,https://placehold.co/400x300/f8fafc/64748b?text=Combivent+MDI,True,"[""otc"",""indonesia"",""chatbot-ready""]"
8110,Mucolite Kapsul,Obat Batuk,45000.0,167,Erdosteine 300mg,"Batuk PPOK, bronkitis kronis; Gejala terkait: PPOK; bronkitis kronis; erdosteine",Sesuai aturan pakai pada kemasan. Gunakan sesuai petunjuk pada kemasan. Jika sakit berlanjut hubungi dokter.,Erdosteine 300mg,"Batuk PPOK, bronkitis kronis; PPOK; bronkitis kronis; erdosteine; Gunakan sesuai petunjuk pada kemasan. Jika sakit berlanjut hubungi dokter.",Mual,2027-06-30,Produk,https://placehold.co/400x300/f8fafc/3b82f6?text=Mucolite+Kapsul,True,"[""otc"",""indonesia"",""chatbot-ready""]"
8111,Spiriva Handihaler,Perawatan Hidung & Pernapasan,250000.0,165,Tiotropium Bromide 18mcg,PPOK maintenance (perlu resep); Gejala terkait: PPOK maintenance; tiotropium; anticholinergik,Sesuai aturan pakai pada kemasan. Gunakan sesuai petunjuk pada kemasan. Jika sakit berlanjut hubungi dokter.,Tiotropium Bromide 18mcg,PPOK maintenance (perlu resep); PPOK maintenance; tiotropium; anticholinergik; Gunakan sesuai petunjuk pada kemasan. Jika sakit berlanjut hubungi dokter.,"Mulut kering, retensi urin",2028-12-31,Produk,https://placehold.co/400x300/f8fafc/64748b?text=Spiriva+Handihaler,True,"[""otc"",""indonesia"",""chatbot-ready""]"
8112,Budesonide Nasal Spray,Perawatan Hidung & Pernapasan,65000.0,143,Budesonide 64mcg/dosis,Rinitis alergi kronis; Gejala terkait: rinitis alergi; hidung meler kronis; steroid nasal,Sesuai aturan pakai pada kemasan. Gunakan sesuai petunjuk pada kemasan. Jika sakit berlanjut hubungi dokter.,Budesonide 64mcg/dosis,Rinitis alergi kronis; rinitis alergi; hidung meler kronis; steroid nasal; Gunakan sesuai petunjuk pada kemasan. Jika sakit berlanjut hubungi dokter.,"Mimisan, iritasi hidung",2028-03-15,Spray,https://placehold.co/400x300/f8fafc/64748b?text=Budesonide+Nasal+Spray,True,"[""otc"",""indonesia"",""chatbot-ready""]"
8113,Mometasone Nasal Spray,Perawatan Hidung & Pernapasan,85000.0,83,Mometasone Furoate 50mcg,"Rinitis alergi, polip hidung; Gejala terkait: rinitis alergi; polip; nasonex generik",Sesuai aturan pakai pada kemasan. Gunakan sesuai petunjuk pada kemasan. Jika sakit berlanjut hubungi dokter.,Mometasone Furoate 50mcg,"Rinitis alergi, polip hidung; rinitis alergi; polip; nasonex generik; Gunakan sesuai petunjuk pada kemasan. Jika sakit berlanjut hubungi dokter.","Mimisan, iritasi",2028-03-15,Spray,https://placehold.co/400x300/f8fafc/64748b?text=Mometasone+Nasal+Spray,True,"[""otc"",""indonesia"",""chatbot-ready""]"
8114,Xyzal Tablet 5mg,Alergi & Gatal,65000.0,177,Levocetirizine HCl 5mg,Alergi generasi ketiga tanpa kantuk; Gejala terkait: alergi terkini; antihistamin baru; gatal,Sesuai aturan pakai pada kemasan. Gunakan sesuai petunjuk pada kemasan. Jika sakit berlanjut hubungi dokter.,Levocetirizine HCl 5mg,Alergi generasi ketiga tanpa kantuk; alergi terkini; antihistamin baru; gatal; Gunakan sesuai petunjuk pada kemasan. Jika sakit berlanjut hubungi dokter.,Mengantuk minimal,2027-06-30,Tablet,https://placehold.co/400x300/f8fafc/8b5cf6?text=Xyzal+Tablet+5mg,True,"[""otc"",""indonesia"",""chatbot-ready""]"
8115,Bilastine Tablet 20mg,Alergi & Gatal,85000.0,177,Bilastine 20mg,Rinitis alergi dan urtikaria tanpa kantuk; Gejala terkait: alergi tanpa kantuk premium; urtikaria,Sesuai aturan pakai pada kemasan. Gunakan sesuai petunjuk pada kemasan. Jika sakit berlanjut hubungi dokter.,Bilastine 20mg,Rinitis alergi dan urtikaria tanpa kantuk; alergi tanpa kantuk premium; urtikaria; Gunakan sesuai petunjuk pada kemasan. Jika sakit berlanjut hubungi dokter.,Jarang,2028-03-15,Tablet,https://placehold.co/400x300/f8fafc/8b5cf6?text=Bilastine+Tablet+20mg,True,"[""otc"",""indonesia"",""chatbot-ready""]"
8116,Rupatadine Tablet 10mg,Alergi & Gatal,75000.0,151,Rupatadine 10mg,Rinitis alergi dan urtikaria kronis; Gejala terkait: alergi kronis; urtikaria; anti-PAF,Sesuai aturan pakai pada kemasan. Gunakan sesuai petunjuk pada kemasan. Jika sakit berlanjut hubungi dokter.,Rupatadine 10mg,Rinitis alergi dan urtikaria kronis; alergi kronis; urtikaria; anti-PAF; Gunakan sesuai petunjuk pada kemasan. Jika sakit berlanjut hubungi dokter.,Mengantuk ringan,2028-12-31,Tablet,https://placehold.co/400x300/f8fafc/8b5cf6?text=Rupatadine+Tablet+10mg,True,"[""otc"",""indonesia"",""chatbot-ready""]"
8117,Pheniramine Maleate Tablet,Alergi & Gatal,4000.0,148,Pheniramine Maleate 25mg,Alergi dan rhinitis generasi 1; Gejala terkait: alergi murah; gatal; rhinitis,Sesuai aturan pakai pada kemasan. Gunakan sesuai petunjuk pada kemasan. Jika sakit berlanjut hubungi dokter.,Pheniramine Maleate 25mg,Alergi dan rhinitis generasi 1; alergi murah; gatal; rhinitis; Gunakan sesuai petunjuk pada kemasan. Jika sakit berlanjut hubungi dokter.,Sangat mengantuk,2028-03-15,Tablet,https://placehold.co/400x300/f8fafc/8b5cf6?text=Pheniramine+Maleate+Tablet,True,"[""otc"",""indonesia"",""chatbot-ready""]"
8118,Betadine Feminine Wash,Obat Kulit & Luka,28000.0,131,Povidone Iodine 10% sabun wanita,Kebersihan area kewanitaan; Gejala terkait: keputihan; gatal area wanita; vaginal wash,Sesuai aturan pakai pada kemasan. Gunakan sesuai petunjuk pada kemasan. Jika sakit berlanjut hubungi dokter.,Povidone Iodine 10% sabun wanita,Kebersihan area kewanitaan; keputihan; gatal area wanita; vaginal wash; Gunakan sesuai petunjuk pada kemasan. Jika sakit berlanjut hubungi dokter.,Iritasi lokal (gunakan sesuai petunjuk),2026-12-31,Produk,https://placehold.co/400x300/f8fafc/ec4899?text=Betadine+Feminine+Wash,True,"[""otc"",""indonesia"",""chatbot-ready""]"
8119,Carefree Pantyliner,Suplemen,15000.0,137,Non-medicated pantyliner,Kelembaban harian wanita; Gejala terkait: pantyliner; wanita; kebersihan,Sesuai aturan pakai pada kemasan. Gunakan sesuai petunjuk pada kemasan. Jika sakit berlanjut hubungi dokter.,Non-medicated pantyliner,Kelembaban harian wanita; pantyliner; wanita; kebersihan; Gunakan sesuai petunjuk pada kemasan. Jika sakit berlanjut hubungi dokter.,Alergi (jarang),2026-12-31,Produk,https://placehold.co/400x300/f8fafc/eab308?text=Carefree+Pantyliner,True,"[""otc"",""indonesia"",""chatbot-ready""]"
8120,Canesten Krim Vaginal,Antijamur & Kulit,55000.0,119,Clotrimazole 1% krim vaginal,"Kandidiasis vaginal, gatal keputihan; Gejala terkait: jamur vaginal; keputihan berbau; gatal intim",Sesuai aturan pakai pada kemasan. Gunakan sesuai petunjuk pada kemasan. Jika sakit berlanjut hubungi dokter.,Clotrimazole 1% krim vaginal,"Kandidiasis vaginal, gatal keputihan; jamur vaginal; keputihan berbau; gatal intim; Gunakan sesuai petunjuk pada kemasan. Jika sakit berlanjut hubungi dokter.",Iritasi lokal,2026-12-31,Produk,https://placehold.co/400x300/f8fafc/14b8a6?text=Canesten+Krim+Vaginal,True,"[""otc"",""indonesia"",""chatbot-ready""]"
8121,Betadine Feminine Gel,Obat Kulit & Luka,35000.0,92,Povidone Iodine 10% gel intim,Keputihan dan kebersihan intim gel; Gejala terkait: keputihan gel; gatal intim,Sesuai aturan pakai pada kemasan. Gunakan sesuai petunjuk pada kemasan. Jika sakit berlanjut hubungi dokter.,Povidone Iodine 10% gel intim,Keputihan dan kebersihan intim gel; keputihan gel; gatal intim; Gunakan sesuai petunjuk pada kemasan. Jika sakit berlanjut hubungi dokter.,Iritasi,2027-06-30,Topikal,https://placehold.co/400x300/f8fafc/ec4899?text=Betadine+Feminine+Gel,True,"[""otc"",""indonesia"",""chatbot-ready""]"
8122,Gynecosid Tablet,Suplemen,15000.0,128,Methylergometrine 0.125mg,"Perdarahan post-partum, haid tidak teratur; Gejala terkait: perdarahan; haid tidak lancar; methylergometrine",Sesuai aturan pakai pada kemasan. Gunakan sesuai petunjuk pada kemasan. Jika sakit berlanjut hubungi dokter.,Methylergometrine 0.125mg,"Perdarahan post-partum, haid tidak teratur; perdarahan; haid tidak lancar; methylergometrine; Gunakan sesuai petunjuk pada kemasan. Jika sakit berlanjut hubungi dokter.","Mual, berdebar (jarang tanpa resep)",2026-12-31,Tablet,https://placehold.co/400x300/f8fafc/eab308?text=Gynecosid+Tablet,True,"[""otc"",""indonesia"",""chatbot-ready""]"
8123,Mefenamic Forte 500mg,Nyeri & Demam,15000.0,186,Mefenamic Acid 500mg,"Nyeri haid berat, nyeri akut; Gejala terkait: nyeri haid berat; dismenore; mefenamat",Sesuai aturan pakai pada kemasan. Gunakan sesuai petunjuk pada kemasan. Jika sakit berlanjut hubungi dokter.,Mefenamic Acid 500mg,"Nyeri haid berat, nyeri akut; nyeri haid berat; dismenore; mefenamat; Gunakan sesuai petunjuk pada kemasan. Jika sakit berlanjut hubungi dokter.",Iritasi lambung parah,2028-12-31,Produk,https://placehold.co/400x300/f8fafc/ef4444?text=Mefenamic+Forte+500mg,True,"[""otc"",""indonesia"",""chatbot-ready""]"
8124,Ibuprofen 400mg Tablet,Nyeri & Demam,8000.0,139,Ibuprofen 400mg,"Nyeri sedang, haid, gigi, radang sendi; Gejala terkait: nyeri sedang; ibuprofen 400; haid",Sesuai aturan pakai pada kemasan. Gunakan sesuai petunjuk pada kemasan. Jika sakit berlanjut hubungi dokter.,Ibuprofen 400mg,"Nyeri sedang, haid, gigi, radang sendi; nyeri sedang; ibuprofen 400; haid; Gunakan sesuai petunjuk pada kemasan. Jika sakit berlanjut hubungi dokter.",Nyeri lambung lebih,2028-03-15,Tablet,https://placehold.co/400x300/f8fafc/ef4444?text=Ibuprofen+400mg+Tablet,True,"[""otc"",""indonesia"",""chatbot-ready""]"
8125,Ibuprofen 200mg Strip,Nyeri & Demam,4000.0,190,Ibuprofen 200mg strip 4s,Nyeri ringan praktis; Gejala terkait: nyeri ringan strip; ibuprofen murah,Sesuai aturan pakai pada kemasan. Gunakan sesuai petunjuk pada kemasan. Jika sakit berlanjut hubungi dokter.,Ibuprofen 200mg strip 4s,Nyeri ringan praktis; nyeri ringan strip; ibuprofen murah; Gunakan sesuai petunjuk pada kemasan. Jika sakit berlanjut hubungi dokter.,Nyeri lambung,2028-12-31,Produk,https://placehold.co/400x300/f8fafc/ef4444?text=Ibuprofen+200mg+Strip,True,"[""otc"",""indonesia"",""chatbot-ready""]"
8126,Aspirin 500mg Tablet,Nyeri & Demam,8000.0,180,Acetylsalicylic Acid 500mg,"Nyeri dan demam dewasa, anti platelet; Gejala terkait: aspirin; anti nyeri; anti demam",Sesuai aturan pakai pada kemasan. Gunakan sesuai petunjuk pada kemasan. Jika sakit berlanjut hubungi dokter.,Acetylsalicylic Acid 500mg,"Nyeri dan demam dewasa, anti platelet; aspirin; anti nyeri; anti demam; Gunakan sesuai petunjuk pada kemasan. Jika sakit berlanjut hubungi dokter.","Perdarahan GI, asma aspirin",2028-12-31,Tablet,https://placehold.co/400x300/f8fafc/ef4444?text=Aspirin+500mg+Tablet,True,"[""otc"",""indonesia"",""chatbot-ready""]"
8127,Aspirin 80mg Kardio,Herbal & Tradisional,15000.0,144,Acetylsalicylic Acid 80mg,Pencegahan serangan jantung/stroke (resep); Gejala terkait: aspirin jantung; anti platelet; pencegahan stroke,Sesuai aturan pakai pada kemasan. Gunakan sesuai petunjuk pada kemasan. Jika sakit berlanjut hubungi dokter.,Acetylsalicylic Acid 80mg,Pencegahan serangan jantung/stroke (resep); aspirin jantung; anti platelet; pencegahan stroke; Gunakan sesuai petunjuk pada kemasan. Jika sakit berlanjut hubungi dokter.,Perdarahan lambung,2028-12-31,Produk,https://placehold.co/400x300/f8fafc/84cc16?text=Aspirin+80mg+Kardio,True,"[""otc"",""indonesia"",""chatbot-ready""]"
8128,Codein Fosfat Tablet,Obat Batuk,8000.0,176,Codeine Phosphate 10mg,Batuk keras (perlu resep narkotika); Gejala terkait: batuk berdahak keras; opioid batuk,Sesuai aturan pakai pada kemasan. Gunakan sesuai petunjuk pada kemasan. Jika sakit berlanjut hubungi dokter.,Codeine Phosphate 10mg,Batuk keras (perlu resep narkotika); batuk berdahak keras; opioid batuk; Gunakan sesuai petunjuk pada kemasan. Jika sakit berlanjut hubungi dokter.,"Sembelit, mengantuk, adiksi",2028-12-31,Tablet,https://placehold.co/400x300/f8fafc/3b82f6?text=Codein+Fosfat+Tablet,True,"[""otc"",""indonesia"",""chatbot-ready""]"
8129,Pseudoephedrine Tablet,Flu & Pilek,8000.0,106,Pseudoephedrine HCl 30mg,"Hidung tersumbat berat, sinusitis; Gejala terkait: hidung mampet; sinusitis; pseudoefedrin",Sesuai aturan pakai pada kemasan. Gunakan sesuai petunjuk pada kemasan. Jika sakit berlanjut hubungi dokter.,Pseudoephedrine HCl 30mg,"Hidung tersumbat berat, sinusitis; hidung mampet; sinusitis; pseudoefedrin; Gunakan sesuai petunjuk pada kemasan. Jika sakit berlanjut hubungi dokter.","Berdebar, insomnia",2028-12-31,Tablet,https://placehold.co/400x300/f8fafc/06b6d4?text=Pseudoephedrine+Tablet,True,"[""otc"",""indonesia"",""chatbot-ready""]"
8130,Cetirizine 5mg Tablet,Alergi & Gatal,5000.0,89,Cetirizine HCl 5mg (dosis anak-remaja),Alergi anak lebih besar; Gejala terkait: alergi anak 6-12; cetirizine setengah,Sesuai aturan pakai pada kemasan. Gunakan sesuai petunjuk pada kemasan. Jika sakit berlanjut hubungi dokter.,Cetirizine HCl 5mg (dosis anak-remaja),Alergi anak lebih besar; alergi anak 6-12; cetirizine setengah; Gunakan sesuai petunjuk pada kemasan. Jika sakit berlanjut hubungi dokter.,Mengantuk ringan,2026-12-31,Tablet,https://placehold.co/400x300/f8fafc/8b5cf6?text=Cetirizine+5mg+Tablet,True,"[""otc"",""indonesia"",""chatbot-ready""]"
8131,Loratadine Sirup 60ml,Alergi & Gatal,22000.0,151,Loratadine 5mg/5ml sirup,Alergi anak tanpa kantuk berat sirup; Gejala terkait: alergi anak sirup; biduran anak sirup,Sesuai aturan pakai pada kemasan. Gunakan sesuai petunjuk pada kemasan. Jika sakit berlanjut hubungi dokter.,Loratadine 5mg/5ml sirup,Alergi anak tanpa kantuk berat sirup; alergi anak sirup; biduran anak sirup; Gunakan sesuai petunjuk pada kemasan. Jika sakit berlanjut hubungi dokter.,Mulut kering,2027-06-30,Sirup,https://placehold.co/400x300/f8fafc/8b5cf6?text=Loratadine+Sirup+60ml,True,"[""otc"",""indonesia"",""chatbot-ready""]"
8132,Diphenhydramine Sirup,Obat Batuk,15000.0,101,Diphenhydramine HCl 12.5mg/5ml,"Batuk alergi anak, rinitis alergi; Gejala terkait: batuk alergi anak; benadryl generik",Sesuai aturan pakai pada kemasan. Gunakan sesuai petunjuk pada kemasan. Jika sakit berlanjut hubungi dokter.,Diphenhydramine HCl 12.5mg/5ml,"Batuk alergi anak, rinitis alergi; batuk alergi anak; benadryl generik; Gunakan sesuai petunjuk pada kemasan. Jika sakit berlanjut hubungi dokter.",Sangat mengantuk,2027-06-30,Sirup,https://placehold.co/400x300/f8fafc/3b82f6?text=Diphenhydramine+Sirup,True,"[""otc"",""indonesia"",""chatbot-ready""]"
8133,Chlorpheniramine Sirup,Alergi & Gatal,10000.0,175,CTM 2mg/5ml,Alergi anak generasi pertama murah; Gejala terkait: alergi anak murah; CTM sirup,Sesuai aturan pakai pada kemasan. Gunakan sesuai petunjuk pada kemasan. Jika sakit berlanjut hubungi dokter.,CTM 2mg/5ml,Alergi anak generasi pertama murah; alergi anak murah; CTM sirup; Gunakan sesuai petunjuk pada kemasan. Jika sakit berlanjut hubungi dokter.,Sangat mengantuk,2026-12-31,Sirup,https://placehold.co/400x300/f8fafc/8b5cf6?text=Chlorpheniramine+Sirup,True,"[""otc"",""indonesia"",""chatbot-ready""]"
8134,Promethazine Tablet 25mg,Alergi & Gatal,5000.0,110,Promethazine HCl 25mg,"Alergi berat, mabuk, mual, insomnia; Gejala terkait: alergi parah; mabuk; prometazin",Sesuai aturan pakai pada kemasan. Gunakan sesuai petunjuk pada kemasan. Jika sakit berlanjut hubungi dokter.,Promethazine HCl 25mg,"Alergi berat, mabuk, mual, insomnia; alergi parah; mabuk; prometazin; Gunakan sesuai petunjuk pada kemasan. Jika sakit berlanjut hubungi dokter.","Sangat mengantuk, mulut kering",2028-12-31,Tablet,https://placehold.co/400x300/f8fafc/8b5cf6?text=Promethazine+Tablet+25mg,True,"[""otc"",""indonesia"",""chatbot-ready""]"
8135,Dexamethasone Tablet 0.5mg,Alergi & Gatal,3000.0,170,Dexamethasone 0.5mg,"Radang berat, alergi berat (Perlu resep); Gejala terkait: radang berat; alergi parah; steroid",Sesuai aturan pakai pada kemasan. Gunakan sesuai petunjuk pada kemasan. Jika sakit berlanjut hubungi dokter.,Dexamethasone 0.5mg,"Radang berat, alergi berat (Perlu resep); radang berat; alergi parah; steroid; Gunakan sesuai petunjuk pada kemasan. Jika sakit berlanjut hubungi dokter.","Cushing, imuno-supresi",2026-12-31,Tablet,https://placehold.co/400x300/f8fafc/8b5cf6?text=Dexamethasone+Tablet+0.5mg,True,"[""otc"",""indonesia"",""chatbot-ready""]"
8136,Methylprednisolone Tablet 4mg,Alergi & Gatal,8000.0,178,Methylprednisolone 4mg,"Radang, alergi berat (Perlu resep); Gejala terkait: radang sendi; alergi sistemik; methylpred",Sesuai aturan pakai pada kemasan. Gunakan sesuai petunjuk pada kemasan. Jika sakit berlanjut hubungi dokter.,Methylprednisolone 4mg,"Radang, alergi berat (Perlu resep); radang sendi; alergi sistemik; methylpred; Gunakan sesuai petunjuk pada kemasan. Jika sakit berlanjut hubungi dokter.","Berat badan naik, ulkus",2026-12-31,Tablet,https://placehold.co/400x300/f8fafc/8b5cf6?text=Methylprednisolone+Tablet+4mg,True,"[""otc"",""indonesia"",""chatbot-ready""]"
8137,Prednisone Tablet 5mg,Alergi & Gatal,5000.0,142,Prednisone 5mg,"Asma, rematik, alergi berat (Perlu resep); Gejala terkait: asma; rematik; prednison",Sesuai aturan pakai pada kemasan. Gunakan sesuai petunjuk pada kemasan. Jika sakit berlanjut hubungi dokter.,Prednisone 5mg,"Asma, rematik, alergi berat (Perlu resep); asma; rematik; prednison; Gunakan sesuai petunjuk pada kemasan. Jika sakit berlanjut hubungi dokter.","Cushing, katarak",2027-06-30,Tablet,https://placehold.co/400x300/f8fafc/8b5cf6?text=Prednisone+Tablet+5mg,True,"[""otc"",""indonesia"",""chatbot-ready""]"
8138,Intunal Tablet,Flu & Pilek,12000.0,172,"Paracetamol 500mg, Phenylpropanolamine HCl 15mg","Flu, sakit kepala, demam, hidung tersumbat; Gejala terkait: flu berat; sakit kepala flu; intunal",Sesuai aturan pakai pada kemasan. Gunakan sesuai petunjuk pada kemasan. Jika sakit berlanjut hubungi dokter.,"Paracetamol 500mg, Phenylpropanolamine HCl 15mg","Flu, sakit kepala, demam, hidung tersumbat; flu berat; sakit kepala flu; intunal; Gunakan sesuai petunjuk pada kemasan. Jika sakit berlanjut hubungi dokter.","Mengantuk ringan, mulut kering",2026-12-31,Tablet,https://placehold.co/400x300/f8fafc/06b6d4?text=Intunal+Tablet,True,"[""otc"",""indonesia"",""chatbot-ready""]"
8139,Vfresh Sirup,Obat Batuk,35000.0,83,"Guaifenesin 50mg/5ml, Salbutamol 1mg/5ml",Batuk berdahak dengan mengi; Gejala terkait: batuk dahak mengi; vfresh sirup,Sesuai aturan pakai pada kemasan. Gunakan sesuai petunjuk pada kemasan. Jika sakit berlanjut hubungi dokter.,"Guaifenesin 50mg/5ml, Salbutamol 1mg/5ml",Batuk berdahak dengan mengi; batuk dahak mengi; vfresh sirup; Gunakan sesuai petunjuk pada kemasan. Jika sakit berlanjut hubungi dokter.,"Berdebar ringan, tremor",2028-12-31,Sirup,https://placehold.co/400x300/f8fafc/3b82f6?text=Vfresh+Sirup,True,"[""otc"",""indonesia"",""chatbot-ready""]"
8140,Vegeta Kapsul,Suplemen,45000.0,94,"Vitamin A, B1, B2, B6, B12, C, D, E, Nicotinamide, Ca, Fe, Zn, Mg",Suplemen multivitamin mineral lengkap; Gejala terkait: multivitamin; suplemen lengkap; vegeta,Sesuai aturan pakai pada kemasan. Gunakan sesuai petunjuk pada kemasan. Jika sakit berlanjut hubungi dokter.,"Vitamin A, B1, B2, B6, B12, C, D, E, Nicotinamide, Ca, Fe, Zn, Mg",Suplemen multivitamin mineral lengkap; multivitamin; suplemen lengkap; vegeta; Gunakan sesuai petunjuk pada kemasan. Jika sakit berlanjut hubungi dokter.,Jarang,2026-12-31,Produk,https://placehold.co/400x300/f8fafc/eab308?text=Vegeta+Kapsul,False,"[""otc"",""indonesia"",""chatbot-ready""]"
8141,Vegeta Junior Tablet Hisap,Suplemen,35000.0,136,Multivitamin Mineral anak rasa buah,Suplemen pertumbuhan anak; Gejala terkait: vitamin anak; multivitamin hisap; tumbuh kembang,Sesuai aturan pakai pada kemasan. Gunakan sesuai petunjuk pada kemasan. Jika sakit berlanjut hubungi dokter.,Multivitamin Mineral anak rasa buah,Suplemen pertumbuhan anak; vitamin anak; multivitamin hisap; tumbuh kembang; Gunakan sesuai petunjuk pada kemasan. Jika sakit berlanjut hubungi dokter.,Jarang,2027-06-30,Tablet,https://placehold.co/400x300/f8fafc/eab308?text=Vegeta+Junior+Tablet+Hisap,True,"[""otc"",""indonesia"",""chatbot-ready""]"
8142,Vegeta Herbal,Suplemen,25000.0,186,Multivitamin Mineral Ibu Hamil,Suplemen kehamilan lengkap; Gejala terkait: vitamin hamil; kehamilan; multivitamin bumil,Sesuai aturan pakai pada kemasan. Gunakan sesuai petunjuk pada kemasan. Jika sakit berlanjut hubungi dokter.,Multivitamin Mineral Ibu Hamil,Suplemen kehamilan lengkap; vitamin hamil; kehamilan; multivitamin bumil; Gunakan sesuai petunjuk pada kemasan. Jika sakit berlanjut hubungi dokter.,Mual ringan,2028-12-31,Produk,https://placehold.co/400x300/f8fafc/eab308?text=Vegeta+Ibu+Hamil,True,"[""otc"",""indonesia"",""chatbot-ready""]"
8143,Enervon C Tablet,Suplemen,35000.0,113,"Vitamin C 500mg, B Kompleks, Zinc",Energi dan imun vitamin C plus B kompleks; Gejala terkait: energi; vitamin C; imun tubuh,Sesuai aturan pakai pada kemasan. Gunakan sesuai petunjuk pada kemasan. Jika sakit berlanjut hubungi dokter.,"Vitamin C 500mg, B Kompleks, Zinc",Energi dan imun vitamin C plus B kompleks; energi; vitamin C; imun tubuh; Gunakan sesuai petunjuk pada kemasan. Jika sakit berlanjut hubungi dokter.,Urin kuning,2026-12-31,Tablet,https://placehold.co/400x300/f8fafc/eab308?text=Enervon+C+Tablet,True,"[""otc"",""indonesia"",""chatbot-ready""]"
8144,Enervon Active Effervescent,Suplemen,50000.0,90,"Vitamin C 1000mg, B Kompleks, Zinc effervescent",Imun dan energi sachet effervescent; Gejala terkait: imun effervescent; antioksidan vitamin C,Sesuai aturan pakai pada kemasan. Gunakan sesuai petunjuk pada kemasan. Jika sakit berlanjut hubungi dokter.,"Vitamin C 1000mg, B Kompleks, Zinc effervescent",Imun dan energi sachet effervescent; imun effervescent; antioksidan vitamin C; Gunakan sesuai petunjuk pada kemasan. Jika sakit berlanjut hubungi dokter.,Kembung ringan,2028-03-15,Produk,https://placehold.co/400x300/f8fafc/eab308?text=Enervon+Active+Effervescent,True,"[""otc"",""indonesia"",""chatbot-ready""]"
8145,Hemaviton Action Kapsul,Suplemen,45000.0,80,"Vitamin B Kompleks, E, Ginseng, Guarana","Stamina pria, energi, vitalitas; Gejala terkait: stamina pria; vitalitas; energi pria",Sesuai aturan pakai pada kemasan. Gunakan sesuai petunjuk pada kemasan. Jika sakit berlanjut hubungi dokter.,"Vitamin B Kompleks, E, Ginseng, Guarana","Stamina pria, energi, vitalitas; stamina pria; vitalitas; energi pria; Gunakan sesuai petunjuk pada kemasan. Jika sakit berlanjut hubungi dokter.",Insomnia (malam),2027-06-30,Produk,https://placehold.co/400x300/f8fafc/eab308?text=Hemaviton+Action+Kapsul,True,"[""otc"",""indonesia"",""chatbot-ready""]"
8146,Hemaviton Energy Drink,Suplemen,12000.0,119,"B Kompleks, C, Kafein, Taurin",Stamina cair instan; Gejala terkait: minuman energi; stamina instan,Sesuai aturan pakai pada kemasan. Gunakan sesuai petunjuk pada kemasan. Jika sakit berlanjut hubungi dokter.,"B Kompleks, C, Kafein, Taurin",Stamina cair instan; minuman energi; stamina instan; Gunakan sesuai petunjuk pada kemasan. Jika sakit berlanjut hubungi dokter.,"Berdebar, insomnia",2026-12-31,Produk,https://placehold.co/400x300/f8fafc/eab308?text=Hemaviton+Energy+Drink,True,"[""otc"",""indonesia"",""chatbot-ready""]"
8147,Fatigon Tablet,Suplemen,3000.0,151,"Vitamin B1, B2, B6, B12, Ca Pantothenate",Suplemen energi harian; Gejala terkait: energi murah; vitamin b kompleks; fatigon,Sesuai aturan pakai pada kemasan. Gunakan sesuai petunjuk pada kemasan. Jika sakit berlanjut hubungi dokter.,"Vitamin B1, B2, B6, B12, Ca Pantothenate",Suplemen energi harian; energi murah; vitamin b kompleks; fatigon; Gunakan sesuai petunjuk pada kemasan. Jika sakit berlanjut hubungi dokter.,Urin kuning,2028-03-15,Tablet,https://placehold.co/400x300/f8fafc/eab308?text=Fatigon+Tablet,True,"[""otc"",""indonesia"",""chatbot-ready""]"
8148,Cavit D3 Kapsul,Suplemen,18000.0,152,Vitamin D3 400 IU,Tulang dan imun anak sampai dewasa; Gejala terkait: vitamin d kapsul; tulang; imun,Sesuai aturan pakai pada kemasan. Gunakan sesuai petunjuk pada kemasan. Jika sakit berlanjut hubungi dokter.,Vitamin D3 400 IU,Tulang dan imun anak sampai dewasa; vitamin d kapsul; tulang; imun; Gunakan sesuai petunjuk pada kemasan. Jika sakit berlanjut hubungi dokter.,Toksisitas (kelebihan dosis),2028-12-31,Produk,https://placehold.co/400x300/f8fafc/eab308?text=Cavit+D3+Kapsul,True,"[""otc"",""indonesia"",""chatbot-ready""]"
8149,Cavit D3 Sirup,Suplemen,45000.0,123,Vitamin D3 400 IU/ml tetes,Vitamin D bayi dan anak tetes; Gejala terkait: vitamin d bayi; tetes vitamin d; kalsium,Sesuai aturan pakai pada kemasan. Gunakan sesuai petunjuk pada kemasan. Jika sakit berlanjut hubungi dokter.,Vitamin D3 400 IU/ml tetes,Vitamin D bayi dan anak tetes; vitamin d bayi; tetes vitamin d; kalsium; Gunakan sesuai petunjuk pada kemasan. Jika sakit berlanjut hubungi dokter.,Toksisitas dosis berlebih,2028-03-15,Sirup,https://placehold.co/400x300/f8fafc/eab308?text=Cavit+D3+Sirup,True,"[""otc"",""indonesia"",""chatbot-ready""]"
8150,Natalac 500mg Tablet,Suplemen,8000.0,149,Calcium Laktat 500mg,"Kalsium tulang, kehamilan, laktasi; Gejala terkait: kalsium; tulang; hamil",Sesuai aturan pakai pada kemasan. Gunakan sesuai petunjuk pada kemasan. Jika sakit berlanjut hubungi dokter.,Calcium Laktat 500mg,"Kalsium tulang, kehamilan, laktasi; kalsium; tulang; hamil; Gunakan sesuai petunjuk pada kemasan. Jika sakit berlanjut hubungi dokter.",Sembelit ringan,2027-06-30,Tablet,https://placehold.co/400x300/f8fafc/eab308?text=Natalac+500mg+Tablet,True,"[""otc"",""indonesia"",""chatbot-ready""]"
8151,Calcigran Sirup,Suplemen,55000.0,102,"Calcium, Vitamin D, Vitamin C, B6",Pertumbuhan tinggi anak; Gejala terkait: tinggi anak; kalsium anak; vitamin pertumbuhan,Sesuai aturan pakai pada kemasan. Gunakan sesuai petunjuk pada kemasan. Jika sakit berlanjut hubungi dokter.,"Calcium, Vitamin D, Vitamin C, B6",Pertumbuhan tinggi anak; tinggi anak; kalsium anak; vitamin pertumbuhan; Gunakan sesuai petunjuk pada kemasan. Jika sakit berlanjut hubungi dokter.,Jarang,2028-12-31,Sirup,https://placehold.co/400x300/f8fafc/eab308?text=Calcigran+Sirup,True,"[""otc"",""indonesia"",""chatbot-ready""]"
8152,Becom C Tablet,Suplemen,25000.0,127,"Vitamin B Kompleks, C, E, Zinc",Suplemen harian keluarga; Gejala terkait: vitamin keluarga; becom c; suplemen harian,Sesuai aturan pakai pada kemasan. Gunakan sesuai petunjuk pada kemasan. Jika sakit berlanjut hubungi dokter.,"Vitamin B Kompleks, C, E, Zinc",Suplemen harian keluarga; vitamin keluarga; becom c; suplemen harian; Gunakan sesuai petunjuk pada kemasan. Jika sakit berlanjut hubungi dokter.,Urin kuning,2028-12-31,Tablet,https://placehold.co/400x300/f8fafc/eab308?text=Becom+C+Tablet,True,"[""otc"",""indonesia"",""chatbot-ready""]"
8153,Becom Z Kapsul,Suplemen,30000.0,145,"Vitamin B Kompleks, C, Zinc",Imun dan metabolisme Zinc plus vitamin; Gejala terkait: imun zinc; vitamin lengkap murah,Sesuai aturan pakai pada kemasan. Gunakan sesuai petunjuk pada kemasan. Jika sakit berlanjut hubungi dokter.,"Vitamin B Kompleks, C, Zinc",Imun dan metabolisme Zinc plus vitamin; imun zinc; vitamin lengkap murah; Gunakan sesuai petunjuk pada kemasan. Jika sakit berlanjut hubungi dokter.,Mual perut kosong,2026-12-31,Produk,https://placehold.co/400x300/f8fafc/eab308?text=Becom+Z+Kapsul,True,"[""otc"",""indonesia"",""chatbot-ready""]"
8154,Yusimox Kapsul,Obat Kulit & Luka,22000.0,80,Amoxicillin 500mg,Infeksi bakteri resep dokter; Gejala terkait: infeksi; amoxicillin merk yusimox,Sesuai aturan pakai pada kemasan. Gunakan sesuai petunjuk pada kemasan. Jika sakit berlanjut hubungi dokter.,Amoxicillin 500mg,Infeksi bakteri resep dokter; infeksi; amoxicillin merk yusimox; Gunakan sesuai petunjuk pada kemasan. Jika sakit berlanjut hubungi dokter.,"Alergi, diare",2028-12-31,Produk,https://placehold.co/400x300/f8fafc/ec4899?text=Yusimox+Kapsul,True,"[""otc"",""indonesia"",""chatbot-ready""]"
8155,Rhinos Neo Sirup,Flu & Pilek,25000.0,106,"Pseudoephedrine, Chlorpheniramine, Paracetamol","Flu anak, pilek, demam; Gejala terkait: flu anak; pilek demam anak",Sesuai aturan pakai pada kemasan. Gunakan sesuai petunjuk pada kemasan. Jika sakit berlanjut hubungi dokter.,"Pseudoephedrine, Chlorpheniramine, Paracetamol","Flu anak, pilek, demam; flu anak; pilek demam anak; Gunakan sesuai petunjuk pada kemasan. Jika sakit berlanjut hubungi dokter.",Mengantuk,2026-12-31,Sirup,https://placehold.co/400x300/f8fafc/06b6d4?text=Rhinos+Neo+Sirup,True,"[""otc"",""indonesia"",""chatbot-ready""]"
8156,Bodrexin Tablet,Nyeri & Demam,8000.0,113,"Paracetamol 500mg, Caffeine 50mg",Sakit kepala migrain ringan plus kafein; Gejala terkait: sakit kepala; migrain ringan; bodrexin,Sesuai aturan pakai pada kemasan. Gunakan sesuai petunjuk pada kemasan. Jika sakit berlanjut hubungi dokter.,"Paracetamol 500mg, Caffeine 50mg",Sakit kepala migrain ringan plus kafein; sakit kepala; migrain ringan; bodrexin; Gunakan sesuai petunjuk pada kemasan. Jika sakit berlanjut hubungi dokter.,"Berdebar, gelisah",2028-12-31,Tablet,https://placehold.co/400x300/f8fafc/ef4444?text=Bodrexin+Tablet,True,"[""otc"",""indonesia"",""chatbot-ready""]"
8157,Paramex Tablet,Nyeri & Demam,5000.0,116,"Paracetamol 500mg, Caffeine 50mg, B1 25mg","Sakit kepala, migrain, demam nyeri; Gejala terkait: sakit kepala migrain; paramex",Sesuai aturan pakai pada kemasan. Gunakan sesuai petunjuk pada kemasan. Jika sakit berlanjut hubungi dokter.,"Paracetamol 500mg, Caffeine 50mg, B1 25mg","Sakit kepala, migrain, demam nyeri; sakit kepala migrain; paramex; Gunakan sesuai petunjuk pada kemasan. Jika sakit berlanjut hubungi dokter.","Mual, gelisah",2027-06-30,Tablet,https://placehold.co/400x300/f8fafc/ef4444?text=Paramex+Tablet,True,"[""otc"",""indonesia"",""chatbot-ready""]"
8158,Paramex Sirup,Nyeri & Demam,15000.0,112,Paracetamol 120mg/5ml + Caffeine,Demam dan nyeri anak; Gejala terkait: demam anak; nyeri anak; paramex sirup,Sesuai aturan pakai pada kemasan. Gunakan sesuai petunjuk pada kemasan. Jika sakit berlanjut hubungi dokter.,Paracetamol 120mg/5ml + Caffeine,Demam dan nyeri anak; demam anak; nyeri anak; paramex sirup; Gunakan sesuai petunjuk pada kemasan. Jika sakit berlanjut hubungi dokter.,Jarang,2028-03-15,Sirup,https://placehold.co/400x300/f8fafc/ef4444?text=Paramex+Sirup,True,"[""otc"",""indonesia"",""chatbot-ready""]"
8159,Sanmol Forte Tablet,Nyeri & Demam,8000.0,164,Paracetamol 650mg,Nyeri dan demam dewasa dosis tinggi; Gejala terkait: demam tinggi; nyeri berat; sanmol forte,Sesuai aturan pakai pada kemasan. Gunakan sesuai petunjuk pada kemasan. Jika sakit berlanjut hubungi dokter.,Paracetamol 650mg,Nyeri dan demam dewasa dosis tinggi; demam tinggi; nyeri berat; sanmol forte; Gunakan sesuai petunjuk pada kemasan. Jika sakit berlanjut hubungi dokter.,Hati (overdosis),2028-03-15,Tablet,https://placehold.co/400x300/f8fafc/ef4444?text=Sanmol+Forte+Tablet,True,"[""otc"",""indonesia"",""chatbot-ready""]"
8160,Tempra Drop,Nyeri & Demam,45000.0,171,Paracetamol 80mg/0.8ml drop,Demam bayi 2-12 bulan; Gejala terkait: demam bayi; tetes demam; tempra drop,Sesuai aturan pakai pada kemasan. Gunakan sesuai petunjuk pada kemasan. Jika sakit berlanjut hubungi dokter.,Paracetamol 80mg/0.8ml drop,Demam bayi 2-12 bulan; demam bayi; tetes demam; tempra drop; Gunakan sesuai petunjuk pada kemasan. Jika sakit berlanjut hubungi dokter.,Jarang,2028-03-15,Produk,https://placehold.co/400x300/f8fafc/ef4444?text=Tempra+Drop,True,"[""otc"",""indonesia"",""chatbot-ready""]"
8161,Proris Sirup,Nyeri & Demam,35000.0,100,Ibuprofen 100mg/5ml,Demam dan nyeri anak anti radang; Gejala terkait: demam anak anti radang; proris,Sesuai aturan pakai pada kemasan. Gunakan sesuai petunjuk pada kemasan. Jika sakit berlanjut hubungi dokter.,Ibuprofen 100mg/5ml,Demam dan nyeri anak anti radang; demam anak anti radang; proris; Gunakan sesuai petunjuk pada kemasan. Jika sakit berlanjut hubungi dokter.,Lambung (jika kosong),2028-12-31,Sirup,https://placehold.co/400x300/f8fafc/ef4444?text=Proris+Sirup,True,"[""otc"",""indonesia"",""chatbot-ready""]"
8162,Dumin Sirup,Nyeri & Demam,40000.0,167,Dexibuprofen 100mg/5ml,Demam anak anti radang kerja cepat; Gejala terkait: demam anak; radang anak; dumin,Sesuai aturan pakai pada kemasan. Gunakan sesuai petunjuk pada kemasan. Jika sakit berlanjut hubungi dokter.,Dexibuprofen 100mg/5ml,Demam anak anti radang kerja cepat; demam anak; radang anak; dumin; Gunakan sesuai petunjuk pada kemasan. Jika sakit berlanjut hubungi dokter.,Mual,2027-06-30,Sirup,https://placehold.co/400x300/f8fafc/ef4444?text=Dumin+Sirup,True,"[""otc"",""indonesia"",""chatbot-ready""]"
8163,Colsancetin Tablet,Flu & Pilek,5000.0,81,"Paracetamol 500mg, Chlorpheniramine 2mg",Flu ringan dan bersin; Gejala terkait: flu ringan; bersin pilek; colsancetin,Sesuai aturan pakai pada kemasan. Gunakan sesuai petunjuk pada kemasan. Jika sakit berlanjut hubungi dokter.,"Paracetamol 500mg, Chlorpheniramine 2mg",Flu ringan dan bersin; flu ringan; bersin pilek; colsancetin; Gunakan sesuai petunjuk pada kemasan. Jika sakit berlanjut hubungi dokter.,Mengantuk,2027-06-30,Tablet,https://placehold.co/400x300/f8fafc/06b6d4?text=Colsancetin+Tablet,True,"[""otc"",""indonesia"",""chatbot-ready""]"
8164,Biogesic Tablet,Nyeri & Demam,3000.0,101,Paracetamol 500mg,Demam dan nyeri murah; Gejala terkait: panas murah; demam generik; biogesic,Sesuai aturan pakai pada kemasan. Gunakan sesuai petunjuk pada kemasan. Jika sakit berlanjut hubungi dokter.,Paracetamol 500mg,Demam dan nyeri murah; panas murah; demam generik; biogesic; Gunakan sesuai petunjuk pada kemasan. Jika sakit berlanjut hubungi dokter.,Jarang,2027-06-30,Tablet,https://placehold.co/400x300/f8fafc/ef4444?text=Biogesic+Tablet,True,"[""otc"",""indonesia"",""chatbot-ready""]"
8165,Parasetamol Tablet 500mg,Nyeri & Demam,2000.0,121,Paracetamol 500mg,Demam dan nyeri dewasa; Gejala terkait: paracetamol generik; demam; nyeri,Sesuai aturan pakai pada kemasan. Gunakan sesuai petunjuk pada kemasan. Jika sakit berlanjut hubungi dokter.,Paracetamol 500mg,Demam dan nyeri dewasa; paracetamol generik; demam; nyeri; Gunakan sesuai petunjuk pada kemasan. Jika sakit berlanjut hubungi dokter.,Jarang,2028-03-15,Tablet,https://placehold.co/400x300/f8fafc/ef4444?text=Parasetamol+Tablet+500mg,True,"[""otc"",""indonesia"",""chatbot-ready""]"
8166,Therasystan Kapsul,Mulut & Tenggorokan,35000.0,115,Nystatin 500.000 IU,Jamur mulut dan saluran cerna (sariawan parah); Gejala terkait: jamur mulut; sariawan jamur; candidiasis oral,Sesuai aturan pakai pada kemasan. Gunakan sesuai petunjuk pada kemasan. Jika sakit berlanjut hubungi dokter.,Nystatin 500.000 IU,Jamur mulut dan saluran cerna (sariawan parah); jamur mulut; sariawan jamur; candidiasis oral; Gunakan sesuai petunjuk pada kemasan. Jika sakit berlanjut hubungi dokter.,Gangguan GI,2028-12-31,Produk,https://placehold.co/400x300/f8fafc/d946ef?text=Therasystan+Kapsul,True,"[""otc"",""indonesia"",""chatbot-ready""]"
8167,Losio Krim Tabir Surya,Obat Kulit & Luka,30000.0,89,"Titanium Dioxide 5%, Octyl Methoxycinnamate 7.5%",Pelindung kulit dari sinar UV; Gejala terkait: tabir surya; sunscreen; losio kimia farma,Sesuai aturan pakai pada kemasan. Gunakan sesuai petunjuk pada kemasan. Jika sakit berlanjut hubungi dokter.,"Titanium Dioxide 5%, Octyl Methoxycinnamate 7.5%",Pelindung kulit dari sinar UV; tabir surya; sunscreen; losio kimia farma; Gunakan sesuai petunjuk pada kemasan. Jika sakit berlanjut hubungi dokter.,Iritasi (jarang),2027-06-30,Produk,https://placehold.co/400x300/f8fafc/ec4899?text=Losio+Krim+Tabir+Surya,True,"[""otc"",""indonesia"",""chatbot-ready""]"
8168,Listerine Cool Mint 100ml,Mulut & Tenggorokan,25000.0,147,"Eucalyptol 0.092%, Menthol 0.043%, Thymol 0.064%","Antiseptik mulut, cegah plak, nafas segar; Gejala terkait: kumur kumur; nafas segar; antiseptik mulut",Sesuai aturan pakai pada kemasan. Gunakan sesuai petunjuk pada kemasan. Jika sakit berlanjut hubungi dokter.,"Eucalyptol 0.092%, Menthol 0.043%, Thymol 0.064%","Antiseptik mulut, cegah plak, nafas segar; kumur kumur; nafas segar; antiseptik mulut; Gunakan sesuai petunjuk pada kemasan. Jika sakit berlanjut hubungi dokter.",Rasa perih sementara,2028-12-31,Produk,https://placehold.co/400x300/f8fafc/d946ef?text=Listerine+Cool+Mint+100ml,True,"[""otc"",""indonesia"",""chatbot-ready""]"
8169,Listerine Total Care 250ml,Mulut & Tenggorokan,40000.0,91,"Essential Oils (Menthol, Thymol, Eucalyptol, Methyl Salicylate)","Kesehatan mulut total, mengurangi plak; Gejala terkait: obat kumur kesehatan mulut; listerine",Sesuai aturan pakai pada kemasan. Gunakan sesuai petunjuk pada kemasan. Jika sakit berlanjut hubungi dokter.,"Essential Oils (Menthol, Thymol, Eucalyptol, Methyl Salicylate)","Kesehatan mulut total, mengurangi plak; obat kumur kesehatan mulut; listerine; Gunakan sesuai petunjuk pada kemasan. Jika sakit berlanjut hubungi dokter.",Rasa panas,2028-12-31,Produk,https://placehold.co/400x300/f8fafc/d946ef?text=Listerine+Total+Care+250ml,True,"[""otc"",""indonesia"",""chatbot-ready""]"
8170,Betadine Mouthwash 100ml,Mulut & Tenggorokan,25000.0,161,Povidone Iodine 1%,Antiseptik mulut sariawan dan infeksi gusi; Gejala terkait: sariawan infeksi mulut; kumur betadine,Sesuai aturan pakai pada kemasan. Gunakan sesuai petunjuk pada kemasan. Jika sakit berlanjut hubungi dokter.,Povidone Iodine 1%,Antiseptik mulut sariawan dan infeksi gusi; sariawan infeksi mulut; kumur betadine; Gunakan sesuai petunjuk pada kemasan. Jika sakit berlanjut hubungi dokter.,"Rasa tidak enak, gigi coklat",2027-06-30,Produk,https://placehold.co/400x300/f8fafc/d946ef?text=Betadine+Mouthwash+100ml,False,"[""otc"",""indonesia"",""chatbot-ready""]"
8171,Gargle Betadine 50ml,Mulut & Tenggorokan,20000.0,151,Povidone Iodine 1% gargle concentrate,Radang tenggorokan berkumur; Gejala terkait: radang tenggorokan kumur; gargle,Sesuai aturan pakai pada kemasan. Gunakan sesuai petunjuk pada kemasan. Jika sakit berlanjut hubungi dokter.,Povidone Iodine 1% gargle concentrate,Radang tenggorokan berkumur; radang tenggorokan kumur; gargle; Gunakan sesuai petunjuk pada kemasan. Jika sakit berlanjut hubungi dokter.,Rasa metalik,2028-12-31,Cairan,https://placehold.co/400x300/f8fafc/d946ef?text=Gargle+Betadine+50ml,True,"[""otc"",""indonesia"",""chatbot-ready""]"
8172,Salonpas Koyo,Obat Oles Nyeri,8000.0,164,"Methyl Salicylate, Menthol, Camphor","Nyeri otot, pegal linu koyo plester; Gejala terkait: pegal linu; nyeri otot; koyo plester",Sesuai aturan pakai pada kemasan. Gunakan sesuai petunjuk pada kemasan. Jika sakit berlanjut hubungi dokter.,"Methyl Salicylate, Menthol, Camphor","Nyeri otot, pegal linu koyo plester; pegal linu; nyeri otot; koyo plester; Gunakan sesuai petunjuk pada kemasan. Jika sakit berlanjut hubungi dokter.",Iritasi kulit,2027-06-30,Produk,https://placehold.co/400x300/f8fafc/f97316?text=Salonpas+Koyo,True,"[""otc"",""indonesia"",""chatbot-ready""]"
8173,Salonpas Hot Koyo,Obat Oles Nyeri,12000.0,106,"Capsaicin 0.025%, Methyl Salicylate, Menthol",Nyeri otot hangat koyo panas; Gejala terkait: koyo panas; nyeri otot hangat,Sesuai aturan pakai pada kemasan. Gunakan sesuai petunjuk pada kemasan. Jika sakit berlanjut hubungi dokter.,"Capsaicin 0.025%, Methyl Salicylate, Menthol",Nyeri otot hangat koyo panas; koyo panas; nyeri otot hangat; Gunakan sesuai petunjuk pada kemasan. Jika sakit berlanjut hubungi dokter.,Rasa panas berlebih,2027-06-30,Produk,https://placehold.co/400x300/f8fafc/f97316?text=Salonpas+Hot+Koyo,True,"[""otc"",""indonesia"",""chatbot-ready""]"
8174,Koyo Sport,Obat Oles Nyeri,5000.0,120,"Methyl Salicylate, Menthol, Camphor plester",Pegal setelah olahraga koyo sport; Gejala terkait: koyo olahraga; pegal olahraga,Sesuai aturan pakai pada kemasan. Gunakan sesuai petunjuk pada kemasan. Jika sakit berlanjut hubungi dokter.,"Methyl Salicylate, Menthol, Camphor plester",Pegal setelah olahraga koyo sport; koyo olahraga; pegal olahraga; Gunakan sesuai petunjuk pada kemasan. Jika sakit berlanjut hubungi dokter.,Iritasi,2026-12-31,Produk,https://placehold.co/400x300/f8fafc/f97316?text=Koyo+Sport,True,"[""otc"",""indonesia"",""chatbot-ready""]"
8175,Counterpain Cream,Obat Oles Nyeri,15000.0,101,"Methyl Salicylate 10%, Menthol 3%","Nyeri otot, pegal linu cream; Gejala terkait: cream pegal; nyeri otot; counterpain",Sesuai aturan pakai pada kemasan. Gunakan sesuai petunjuk pada kemasan. Jika sakit berlanjut hubungi dokter.,"Methyl Salicylate 10%, Menthol 3%","Nyeri otot, pegal linu cream; cream pegal; nyeri otot; counterpain; Gunakan sesuai petunjuk pada kemasan. Jika sakit berlanjut hubungi dokter.",Rasa panas,2027-06-30,Topikal,https://placehold.co/400x300/f8fafc/f97316?text=Counterpain+Cream,True,"[""otc"",""indonesia"",""chatbot-ready""]"
8176,Cream Cap Lang Merah,Obat Oles Nyeri,25000.0,137,"Methyl Salicylate, Menthol, Camphor, Capsicum",Pegal linu dan nyeri otot krim merah; Gejala terkait: linu pegal merah; krim cap lang,Sesuai aturan pakai pada kemasan. Gunakan sesuai petunjuk pada kemasan. Jika sakit berlanjut hubungi dokter.,"Methyl Salicylate, Menthol, Camphor, Capsicum",Pegal linu dan nyeri otot krim merah; linu pegal merah; krim cap lang; Gunakan sesuai petunjuk pada kemasan. Jika sakit berlanjut hubungi dokter.,"Kulit memerah, panas",2027-06-30,Topikal,https://placehold.co/400x300/f8fafc/f97316?text=Cream+Cap+Lang+Merah,True,"[""otc"",""indonesia"",""chatbot-ready""]"
8177,Tiger Balm White,Obat Oles Nyeri,35000.0,109,"Camphor 11%, Menthol 10%","Pegal linu, sakit kepala dioles putih; Gejala terkait: tiger balm putih; pegal linu oles",Sesuai aturan pakai pada kemasan. Gunakan sesuai petunjuk pada kemasan. Jika sakit berlanjut hubungi dokter.,"Camphor 11%, Menthol 10%","Pegal linu, sakit kepala dioles putih; tiger balm putih; pegal linu oles; Gunakan sesuai petunjuk pada kemasan. Jika sakit berlanjut hubungi dokter.",Iritasi kulit,2028-12-31,Produk,https://placehold.co/400x300/f8fafc/f97316?text=Tiger+Balm+White,True,"[""otc"",""indonesia"",""chatbot-ready""]"
8178,Tiger Balm Red,Obat Oles Nyeri,38000.0,154,"Camphor 11%, Menthol 10%, Cajuput Oil",Pegal linu dan nyeri lebih hangat; Gejala terkait: tiger balm merah; pegal linu kuat,Sesuai aturan pakai pada kemasan. Gunakan sesuai petunjuk pada kemasan. Jika sakit berlanjut hubungi dokter.,"Camphor 11%, Menthol 10%, Cajuput Oil",Pegal linu dan nyeri lebih hangat; tiger balm merah; pegal linu kuat; Gunakan sesuai petunjuk pada kemasan. Jika sakit berlanjut hubungi dokter.,Panas berlebih kulit,2028-12-31,Produk,https://placehold.co/400x300/f8fafc/f97316?text=Tiger+Balm+Red,True,"[""otc"",""indonesia"",""chatbot-ready""]"
8179,Deep Heat Rub,Obat Oles Nyeri,45000.0,149,"Methyl Salicylate 20%, Menthol 5%, Eucalyptus Oil 2.5%",Pregame sport rub dan nyeri otot kronis; Gejala terkait: pemanasan olahraga; nyeri otot kronis,Sesuai aturan pakai pada kemasan. Gunakan sesuai petunjuk pada kemasan. Jika sakit berlanjut hubungi dokter.,"Methyl Salicylate 20%, Menthol 5%, Eucalyptus Oil 2.5%",Pregame sport rub dan nyeri otot kronis; pemanasan olahraga; nyeri otot kronis; Gunakan sesuai petunjuk pada kemasan. Jika sakit berlanjut hubungi dokter.,"Sangat panas, iritasi kuat",2028-03-15,Produk,https://placehold.co/400x300/f8fafc/f97316?text=Deep+Heat+Rub,True,"[""otc"",""indonesia"",""chatbot-ready""]"
8180,Voltaren Emulgel 25g,Obat Oles Nyeri,65000.0,95,Diclofenac Diethylammonium 1.16%,"Nyeri sendi, otot, dan radang lokal; Gejala terkait: nyeri sendi oles; radang lokal; voltaren",Sesuai aturan pakai pada kemasan. Gunakan sesuai petunjuk pada kemasan. Jika sakit berlanjut hubungi dokter.,Diclofenac Diethylammonium 1.16%,"Nyeri sendi, otot, dan radang lokal; nyeri sendi oles; radang lokal; voltaren; Gunakan sesuai petunjuk pada kemasan. Jika sakit berlanjut hubungi dokter.","Gatal, ruam",2028-12-31,Topikal,https://placehold.co/400x300/f8fafc/f97316?text=Voltaren+Emulgel+25g,True,"[""otc"",""indonesia"",""chatbot-ready""]"
8181,Voltaren Emulgel 50g,Obat Oles Nyeri,95000.0,100,Diclofenac Diethylammonium 1.16% ukuran besar,Nyeri sendi dan otot lebih hemat; Gejala terkait: nyeri sendi oles besar; anti inflamasi topikal,Sesuai aturan pakai pada kemasan. Gunakan sesuai petunjuk pada kemasan. Jika sakit berlanjut hubungi dokter.,Diclofenac Diethylammonium 1.16% ukuran besar,Nyeri sendi dan otot lebih hemat; nyeri sendi oles besar; anti inflamasi topikal; Gunakan sesuai petunjuk pada kemasan. Jika sakit berlanjut hubungi dokter.,Iritasi ringan,2026-12-31,Topikal,https://placehold.co/400x300/f8fafc/f97316?text=Voltaren+Emulgel+50g,True,"[""otc"",""indonesia"",""chatbot-ready""]"
8182,Myonal Tablet,Nyeri & Demam,15000.0,99,Eperisone HCl 50mg,"Kekakuan otot, nyeri punggung, spasme otot; Gejala terkait: kaku otot; nyeri punggung; eperisone",Sesuai aturan pakai pada kemasan. Gunakan sesuai petunjuk pada kemasan. Jika sakit berlanjut hubungi dokter.,Eperisone HCl 50mg,"Kekakuan otot, nyeri punggung, spasme otot; kaku otot; nyeri punggung; eperisone; Gunakan sesuai petunjuk pada kemasan. Jika sakit berlanjut hubungi dokter.","Mual, pusing, kelemahan otot",2028-03-15,Tablet,https://placehold.co/400x300/f8fafc/ef4444?text=Myonal+Tablet,True,"[""otc"",""indonesia"",""chatbot-ready""]"
8183,Termorex Sirup,Flu & Pilek,15000.0,146,"Paracetamol 250mg/5ml, Guaifenesin 50mg/5ml",Demam batuk pilek anak; Gejala terkait: demam batuk pilek anak; termorex,Sesuai aturan pakai pada kemasan. Gunakan sesuai petunjuk pada kemasan. Jika sakit berlanjut hubungi dokter.,"Paracetamol 250mg/5ml, Guaifenesin 50mg/5ml",Demam batuk pilek anak; demam batuk pilek anak; termorex; Gunakan sesuai petunjuk pada kemasan. Jika sakit berlanjut hubungi dokter.,Mengantuk,2028-12-31,Sirup,https://placehold.co/400x300/f8fafc/06b6d4?text=Termorex+Sirup,True,"[""otc"",""indonesia"",""chatbot-ready""]"
8184,Togafurin Sirup,Nyeri & Demam,18000.0,83,"Paracetamol 120mg/5ml, Thymus Extract 20mg",Demam dan imunitas anak; Gejala terkait: demam anak imun; toga,Sesuai aturan pakai pada kemasan. Gunakan sesuai petunjuk pada kemasan. Jika sakit berlanjut hubungi dokter.,"Paracetamol 120mg/5ml, Thymus Extract 20mg",Demam dan imunitas anak; demam anak imun; toga; Gunakan sesuai petunjuk pada kemasan. Jika sakit berlanjut hubungi dokter.,Jarang,2026-12-31,Sirup,https://placehold.co/400x300/f8fafc/ef4444?text=Togafurin+Sirup,True,"[""otc"",""indonesia"",""chatbot-ready""]"
8185,Sanaflu Sirup,Flu & Pilek,15000.0,104,"Paracetamol 120mg/5ml, Pseudoephedrine, Chlorpheniramine",Flu anak dan demam; Gejala terkait: flu anak; demam pilek anak; sanaflu sirup,Sesuai aturan pakai pada kemasan. Gunakan sesuai petunjuk pada kemasan. Jika sakit berlanjut hubungi dokter.,"Paracetamol 120mg/5ml, Pseudoephedrine, Chlorpheniramine",Flu anak dan demam; flu anak; demam pilek anak; sanaflu sirup; Gunakan sesuai petunjuk pada kemasan. Jika sakit berlanjut hubungi dokter.,Mengantuk,2027-06-30,Sirup,https://placehold.co/400x300/f8fafc/06b6d4?text=Sanaflu+Sirup,True,"[""otc"",""indonesia"",""chatbot-ready""]"
8186,OBH Combi Batuk,Obat Batuk,12000.0,111,"Glyceryl Guaiacolate, Ammonium Chloride, Succus Liquiritiae",Batuk berdahak dewasa; Gejala terkait: batuk berdahak; obh combi,Sesuai aturan pakai pada kemasan. Gunakan sesuai petunjuk pada kemasan. Jika sakit berlanjut hubungi dokter.,"Glyceryl Guaiacolate, Ammonium Chloride, Succus Liquiritiae",Batuk berdahak dewasa; batuk berdahak; obh combi; Gunakan sesuai petunjuk pada kemasan. Jika sakit berlanjut hubungi dokter.,Mual,2028-12-31,Produk,https://placehold.co/400x300/f8fafc/3b82f6?text=OBH+Combi+Batuk,True,"[""otc"",""indonesia"",""chatbot-ready""]"
8187,OBH Combi Batuk Anak,Obat Batuk,15000.0,91,"Glyceryl Guaiacolate, Ammonium Chloride anak",Batuk berdahak anak; Gejala terkait: batuk berdahak anak; obh anak,Sesuai aturan pakai pada kemasan. Gunakan sesuai petunjuk pada kemasan. Jika sakit berlanjut hubungi dokter.,"Glyceryl Guaiacolate, Ammonium Chloride anak",Batuk berdahak anak; batuk berdahak anak; obh anak; Gunakan sesuai petunjuk pada kemasan. Jika sakit berlanjut hubungi dokter.,Mual anak,2028-12-31,Produk,https://placehold.co/400x300/f8fafc/3b82f6?text=OBH+Combi+Batuk+Anak,True,"[""otc"",""indonesia"",""chatbot-ready""]"
