id,name,category,price,stock,description,indication,dosage,ingredients,benefits,side_effects,expiry,type,photo,is_active,tags
1,Panadol Regular,Nyeri & Demam,12000.0,390,Paracetamol 500mg,"Demam, sakit kepala, nyeri ringan; Gejala: demam; sakit kepala; nyeri",Sesuai aturan pakai pada kemasan. Gunakan sesuai petunjuk pada kemasan. Jika sakit berlanjut hubungi dokter.,Paracetamol 500mg,"Demam, sakit kepala, nyeri ringan; demam; sakit kepala; nyeri; Gunakan sesuai petunjuk pada kemasan. Jika sakit berlanjut hubungi dokter.",Jarang: ruam kulit,2028-12-31,Produk,/medicines/Panadol Regular.webp,True,"[""otc"",""indonesia"",""chatbot-ready""]"
2,Panadol Extra,Nyeri & Demam,15000.0,170,"Paracetamol 500mg, Caffeine 65mg","Sakit kepala, migrain, demam; Gejala: migrain; sakit kepala berat",Sesuai aturan pakai pada kemasan. Gunakan sesuai petunjuk pada kemasan. Jika sakit berlanjut hubungi dokter.,"Paracetamol 500mg, Caffeine 65mg","Sakit kepala, migrain, demam; migrain; sakit kepala berat; Gunakan sesuai petunjuk pada kemasan. Jika sakit berlanjut hubungi dokter.",Berdebar (dosis tinggi),2028-12-31,Produk,/medicines/Panadol Extra.webp,True,"[""otc"",""indonesia"",""chatbot-ready""]"
3,Panadol Biru,Nyeri & Demam,12000.0,209,Paracetamol 500mg,Demam dan nyeri ringan; Gejala: demam; nyeri,Sesuai aturan pakai pada kemasan. Gunakan sesuai petunjuk pada kemasan. Jika sakit berlanjut hubungi dokter.,Paracetamol 500mg,Demam dan nyeri ringan; demam; nyeri; Gunakan sesuai petunjuk pada kemasan. Jika sakit berlanjut hubungi dokter.,Jarang,2026-12-31,Produk,/medicines/Panadol Biru.webp,True,"[""otc"",""indonesia"",""chatbot-ready""]"
4,Panadol Cold & Flu,Nyeri & Demam,18500.0,271,"Paracetamol 500mg, Phenylephrine 5mg","Flu, demam, hidung tersumbat; Gejala: flu; demam; hidung tersumbat",Sesuai aturan pakai pada kemasan. Gunakan sesuai petunjuk pada kemasan. Jika sakit berlanjut hubungi dokter.,"Paracetamol 500mg, Phenylephrine 5mg","Flu, demam, hidung tersumbat; flu; demam; hidung tersumbat; Gunakan sesuai petunjuk pada kemasan. Jika sakit berlanjut hubungi dokter.",Mengantuk ringan,2026-12-31,Produk,/medicines/Panadol Cold & Flu.webp,True,"[""otc"",""indonesia"",""chatbot-ready""]"
5,Panadol Anak Sirup,Nyeri & Demam,32000.0,468,Paracetamol 120mg/5ml,Demam dan nyeri pada anak; Gejala: demam anak; panas bayi,Sesuai aturan pakai pada kemasan. Gunakan sesuai petunjuk pada kemasan. Jika sakit berlanjut hubungi dokter.,Paracetamol 120mg/5ml,Demam dan nyeri pada anak; demam anak; panas bayi; Gunakan sesuai petunjuk pada kemasan. Jika sakit berlanjut hubungi dokter.,Jarang,2026-12-31,Sirup,/medicines/Panadol Anak Sirup.webp,True,"[""otc"",""indonesia"",""chatbot-ready""]"
6,Panadol Box 100s,Nyeri & Demam,85000.0,62,Paracetamol 500mg,"Demam, sakit kepala, nyeri ringan; Gejala: panadol isi banyak; demam",Sesuai aturan pakai pada kemasan. Gunakan sesuai petunjuk pada kemasan. Jika sakit berlanjut hubungi dokter.,Paracetamol 500mg,"Demam, sakit kepala, nyeri ringan; panadol isi banyak; demam; Gunakan sesuai petunjuk pada kemasan. Jika sakit berlanjut hubungi dokter.",Jarang,2029-01-15,Produk,/medicines/Panadol Box 100s.webp,True,"[""otc"",""indonesia"",""chatbot-ready""]"
7,Sanmol Strip 4s,Nyeri & Demam,6000.0,492,Paracetamol 500mg,Demam dan nyeri ringan; Gejala: demam; panas; nyeri,Sesuai aturan pakai pada kemasan. Gunakan sesuai petunjuk pada kemasan. Jika sakit berlanjut hubungi dokter.,Paracetamol 500mg,Demam dan nyeri ringan; demam; panas; nyeri; Gunakan sesuai petunjuk pada kemasan. Jika sakit berlanjut hubungi dokter.,Jarang: ruam kulit,2028-03-15,Produk,/medicines/Sanmol Strip 4s.webp,True,"[""otc"",""indonesia"",""chatbot-ready""]"
8,Sanmol Sirup,Nyeri & Demam,22000.0,395,Paracetamol 120mg/5ml,Demam anak; Gejala: demam anak; panas anak,Sesuai aturan pakai pada kemasan. Gunakan sesuai petunjuk pada kemasan. Jika sakit berlanjut hubungi dokter.,Paracetamol 120mg/5ml,Demam anak; demam anak; panas anak; Gunakan sesuai petunjuk pada kemasan. Jika sakit berlanjut hubungi dokter.,Jarang,2026-12-31,Sirup,/medicines/Sanmol Sirup.webp,True,"[""otc"",""indonesia"",""chatbot-ready""]"
9,Sanmol Forte Sirup,Nyeri & Demam,28000.0,250,Paracetamol 250mg/5ml,Demam tinggi anak; Gejala: demam tinggi anak,Sesuai aturan pakai pada kemasan. Gunakan sesuai petunjuk pada kemasan. Jika sakit berlanjut hubungi dokter.,Paracetamol 250mg/5ml,Demam tinggi anak; demam tinggi anak; Gunakan sesuai petunjuk pada kemasan. Jika sakit berlanjut hubungi dokter.,Jarang,2028-03-15,Sirup,/medicines/Sanmol Forte Sirup.webp,True,"[""otc"",""indonesia"",""chatbot-ready""]"
10,Sanmol Drops,Nyeri & Demam,35000.0,108,Paracetamol 100mg/ml,Demam bayi; Gejala: demam bayi; panas bayi,Sesuai aturan pakai pada kemasan. Gunakan sesuai petunjuk pada kemasan. Jika sakit berlanjut hubungi dokter.,Paracetamol 100mg/ml,Demam bayi; demam bayi; panas bayi; Gunakan sesuai petunjuk pada kemasan. Jika sakit berlanjut hubungi dokter.,Jarang,2028-03-15,Tetes,/medicines/Sanmol Drops.webp,True,"[""otc"",""indonesia"",""chatbot-ready""]"
11,Biogesic Paracetamol Isi 4 Tablet,Nyeri & Demam,5000.0,243,Paracetamol 500mg,Demam dan nyeri ringan; Gejala: demam; nyeri,Sesuai aturan pakai pada kemasan. Gunakan sesuai petunjuk pada kemasan. Jika sakit berlanjut hubungi dokter.,Paracetamol 500mg,Demam dan nyeri ringan; demam; nyeri; Gunakan sesuai petunjuk pada kemasan. Jika sakit berlanjut hubungi dokter.,Jarang,2029-01-15,Tablet,/medicines/Biogesic Paracetamol Isi 4 Tablet.webp,True,"[""otc"",""indonesia"",""chatbot-ready""]"
12,Biogesic Sirup Rasa jeruk 60ml,Nyeri & Demam,20000.0,132,Paracetamol 120mg/5ml,Demam anak rasa jeruk; Gejala: demam anak; jeruk,Sesuai aturan pakai pada kemasan. Gunakan sesuai petunjuk pada kemasan. Jika sakit berlanjut hubungi dokter.,Paracetamol 120mg/5ml,Demam anak rasa jeruk; demam anak; jeruk; Gunakan sesuai petunjuk pada kemasan. Jika sakit berlanjut hubungi dokter.,Jarang,2029-01-15,Sirup,/medicines/Biogesic Sirup Rasa jeruk 60ml.webp,True,"[""otc"",""indonesia"",""chatbot-ready""]"
13,Sumagesic Tablet 600mg,Nyeri & Demam,15000.0,234,Paracetamol 600mg,"Sakit kepala, sakit gigi, demam berat; Gejala: demam tinggi; sakit kepala berat; sakit gigi",Sesuai aturan pakai pada kemasan. Gunakan sesuai petunjuk pada kemasan. Jika sakit berlanjut hubungi dokter.,Paracetamol 600mg,"Sakit kepala, sakit gigi, demam berat; demam tinggi; sakit kepala berat; sakit gigi; Gunakan sesuai petunjuk pada kemasan. Jika sakit berlanjut hubungi dokter.",Gangguan hati dosis tinggi,2028-03-15,Tablet,/medicines/Sumagesic Tablet 600mg.webp,True,"[""otc"",""indonesia"",""chatbot-ready""]"
14,Proris Tablet,Nyeri & Demam,12000.0,209,Ibuprofen 200mg,"Nyeri sendi, sakit gigi, demam; Gejala: nyeri radang; demam; sakit gigi",Sesuai aturan pakai pada kemasan. Gunakan sesuai petunjuk pada kemasan. Jika sakit berlanjut hubungi dokter.,Ibuprofen 200mg,"Nyeri sendi, sakit gigi, demam; nyeri radang; demam; sakit gigi; Gunakan sesuai petunjuk pada kemasan. Jika sakit berlanjut hubungi dokter.",Nyeri lambung,2027-06-30,Tablet,/medicines/Proris Tablet.webp,True,"[""otc"",""indonesia"",""chatbot-ready""]"
15,Proris Forte Sirup 50ml,Nyeri & Demam,25000.0,255,Ibuprofen 100mg/5ml,"Demam anak, sakit gigi anak; Gejala: demam anak; sakit gigi anak",Sesuai aturan pakai pada kemasan. Gunakan sesuai petunjuk pada kemasan. Jika sakit berlanjut hubungi dokter.,Ibuprofen 100mg/5ml,"Demam anak, sakit gigi anak; demam anak; sakit gigi anak; Gunakan sesuai petunjuk pada kemasan. Jika sakit berlanjut hubungi dokter.",Nyeri lambung,2027-06-30,Sirup,/medicines/Proris Forte Sirup 50ml.webp,True,"[""otc"",""indonesia"",""chatbot-ready""]"
16,Proris Botol 60ml,Nyeri & Demam,22000.0,309,Ibuprofen 100mg/5ml,Demam dan nyeri anak; Gejala: demam anak; nyeri,Sesuai aturan pakai pada kemasan. Gunakan sesuai petunjuk pada kemasan. Jika sakit berlanjut hubungi dokter.,Ibuprofen 100mg/5ml,Demam dan nyeri anak; demam anak; nyeri; Gunakan sesuai petunjuk pada kemasan. Jika sakit berlanjut hubungi dokter.,Nyeri lambung,2029-01-15,Produk,/medicines/Proris Botol 60ml.webp,True,"[""otc"",""indonesia"",""chatbot-ready""]"
17,Proris Suppositoria,Nyeri & Demam,40000.0,319,Ibuprofen 125mg,Demam tinggi anak yang tidak bisa minum; Gejala: demam tinggi anak; suppositoria,Sesuai aturan pakai pada kemasan. Gunakan sesuai petunjuk pada kemasan. Jika sakit berlanjut hubungi dokter.,Ibuprofen 125mg,Demam tinggi anak yang tidak bisa minum; demam tinggi anak; suppositoria; Gunakan sesuai petunjuk pada kemasan. Jika sakit berlanjut hubungi dokter.,Nyeri lambung,2028-03-15,Produk,/medicines/Proris Suppositoria.webp,True,"[""otc"",""indonesia"",""chatbot-ready""]"
18,Farsifen Tablet,Nyeri & Demam,8000.0,284,Ibuprofen 200mg,"Sakit gigi, demam, nyeri haid; Gejala: nyeri haid; sakit gigi; demam",Sesuai aturan pakai pada kemasan. Gunakan sesuai petunjuk pada kemasan. Jika sakit berlanjut hubungi dokter.,Ibuprofen 200mg,"Sakit gigi, demam, nyeri haid; nyeri haid; sakit gigi; demam; Gunakan sesuai petunjuk pada kemasan. Jika sakit berlanjut hubungi dokter.",Nyeri lambung,2029-01-15,Tablet,/medicines/Farsifen Tablet.webp,True,"[""otc"",""indonesia"",""chatbot-ready""]"
19,Farsifen Sirup 60 ml,Nyeri & Demam,18000.0,287,Ibuprofen 100mg/5ml,Nyeri dan demam anak; Gejala: demam anak; nyeri anak,Sesuai aturan pakai pada kemasan. Gunakan sesuai petunjuk pada kemasan. Jika sakit berlanjut hubungi dokter.,Ibuprofen 100mg/5ml,Nyeri dan demam anak; demam anak; nyeri anak; Gunakan sesuai petunjuk pada kemasan. Jika sakit berlanjut hubungi dokter.,Nyeri lambung,2027-06-30,Sirup,/medicines/Farsifen Sirup 60 ml.webp,True,"[""otc"",""indonesia"",""chatbot-ready""]"
20,Bodrex Tablet,Nyeri & Demam,9000.0,274,"Paracetamol 600mg, Caffeine 50mg","Sakit kepala, pusing; Gejala: sakit kepala; pusing",Sesuai aturan pakai pada kemasan. Gunakan sesuai petunjuk pada kemasan. Jika sakit berlanjut hubungi dokter.,"Paracetamol 600mg, Caffeine 50mg","Sakit kepala, pusing; sakit kepala; pusing; Gunakan sesuai petunjuk pada kemasan. Jika sakit berlanjut hubungi dokter.",Berdebar,2026-12-31,Tablet,/medicines/Bodrex Tablet.webp,True,"[""otc"",""indonesia"",""chatbot-ready""]"
21,Bodrex Extra,Nyeri & Demam,12000.0,196,"Paracetamol 600mg, Caffeine 65mg","Sakit kepala berat, migrain; Gejala: sakit kepala; migrain",Sesuai aturan pakai pada kemasan. Gunakan sesuai petunjuk pada kemasan. Jika sakit berlanjut hubungi dokter.,"Paracetamol 600mg, Caffeine 65mg","Sakit kepala berat, migrain; sakit kepala; migrain; Gunakan sesuai petunjuk pada kemasan. Jika sakit berlanjut hubungi dokter.","Berdebar, insomnia",2026-12-31,Produk,/medicines/Bodrex Extra.webp,True,"[""otc"",""indonesia"",""chatbot-ready""]"
22,Bodrex Migra,Nyeri & Demam,15000.0,385,"Paracetamol, Caffeine, Ergotamine",Migrain akut; Gejala: migrain berat,Sesuai aturan pakai pada kemasan. Gunakan sesuai petunjuk pada kemasan. Jika sakit berlanjut hubungi dokter.,"Paracetamol, Caffeine, Ergotamine",Migrain akut; migrain berat; Gunakan sesuai petunjuk pada kemasan. Jika sakit berlanjut hubungi dokter.,"Berdebar, mual",2028-12-31,Produk,/medicines/Bodrex Migra.webp,True,"[""otc"",""indonesia"",""chatbot-ready""]"
23,Bodrex Flu & Batuk,Nyeri & Demam,14000.0,484,"Paracetamol, Phenylephrine, CTM, Dextromethorphan","Flu, batuk, demam; Gejala: flu batuk; meriang",Sesuai aturan pakai pada kemasan. Gunakan sesuai petunjuk pada kemasan. Jika sakit berlanjut hubungi dokter.,"Paracetamol, Phenylephrine, CTM, Dextromethorphan","Flu, batuk, demam; flu batuk; meriang; Gunakan sesuai petunjuk pada kemasan. Jika sakit berlanjut hubungi dokter.",Mengantuk,2029-01-15,Produk,/medicines/Bodrex Flu & Batuk.webp,True,"[""otc"",""indonesia"",""chatbot-ready""]"
24,Oskadon Tablet,Nyeri & Demam,7000.0,141,"Paracetamol 500mg, Caffeine 35mg","Sakit kepala, pusing; Gejala: sakit kepala; pusing",Sesuai aturan pakai pada kemasan. Gunakan sesuai petunjuk pada kemasan. Jika sakit berlanjut hubungi dokter.,"Paracetamol 500mg, Caffeine 35mg","Sakit kepala, pusing; sakit kepala; pusing; Gunakan sesuai petunjuk pada kemasan. Jika sakit berlanjut hubungi dokter.",Sulit tidur,2029-01-15,Tablet,/medicines/Oskadon Tablet.webp,True,"[""otc"",""indonesia"",""chatbot-ready""]"
25,Oskadon Sp,Nyeri & Demam,8500.0,436,"Paracetamol 500mg, Caffeine 50mg, Propyphenazone",Sakit kepala berat; Gejala: sakit kepala berat,Sesuai aturan pakai pada kemasan. Gunakan sesuai petunjuk pada kemasan. Jika sakit berlanjut hubungi dokter.,"Paracetamol 500mg, Caffeine 50mg, Propyphenazone",Sakit kepala berat; sakit kepala berat; Gunakan sesuai petunjuk pada kemasan. Jika sakit berlanjut hubungi dokter.,"Berdebar, insomnia",2028-12-31,Produk,/medicines/Oskadon Sp.webp,True,"[""otc"",""indonesia"",""chatbot-ready""]"
26,Paramex Nyeri Otot,Nyeri & Demam,10000.0,141,"Paracetamol 250mg, Propyphenazone, Caffeine, Methocarbamol","Nyeri otot, pegal; Gejala: nyeri otot; pegal badan",Sesuai aturan pakai pada kemasan. Gunakan sesuai petunjuk pada kemasan. Jika sakit berlanjut hubungi dokter.,"Paracetamol 250mg, Propyphenazone, Caffeine, Methocarbamol","Nyeri otot, pegal; nyeri otot; pegal badan; Gunakan sesuai petunjuk pada kemasan. Jika sakit berlanjut hubungi dokter.","Berdebar, mengantuk",2027-06-30,Produk,/medicines/Paramex Nyeri Otot.webp,True,"[""otc"",""indonesia"",""chatbot-ready""]"
27,Paramex Tube 30g,Nyeri & Demam,12000.0,128,"Paracetamol 250mg, Propyphenazone, Caffeine",Sakit kepala; Gejala: sakit kepala; pusing,Sesuai aturan pakai pada kemasan. Gunakan sesuai petunjuk pada kemasan. Jika sakit berlanjut hubungi dokter.,"Paracetamol 250mg, Propyphenazone, Caffeine",Sakit kepala; sakit kepala; pusing; Gunakan sesuai petunjuk pada kemasan. Jika sakit berlanjut hubungi dokter.,Berdebar,2027-06-30,Produk,/medicines/Paramex Tube 30g.webp,True,"[""otc"",""indonesia"",""chatbot-ready""]"
28,Inzana Tablet Kunyah,Nyeri & Demam,5000.0,120,Aspirin 80mg,Demam anak ringan; Gejala: demam anak ringan; aspirin anak,Sesuai aturan pakai pada kemasan. Gunakan sesuai petunjuk pada kemasan. Jika sakit berlanjut hubungi dokter.,Aspirin 80mg,Demam anak ringan; demam anak ringan; aspirin anak; Gunakan sesuai petunjuk pada kemasan. Jika sakit berlanjut hubungi dokter.,Iritasi lambung,2028-03-15,Tablet,/medicines/Inzana Tablet Kunyah.webp,True,"[""otc"",""indonesia"",""chatbot-ready""]"
29,Inzana Box 30s,Nyeri & Demam,28000.0,438,Aspirin 80mg,Demam anak; Gejala: demam anak; aspirin,Sesuai aturan pakai pada kemasan. Gunakan sesuai petunjuk pada kemasan. Jika sakit berlanjut hubungi dokter.,Aspirin 80mg,Demam anak; demam anak; aspirin; Gunakan sesuai petunjuk pada kemasan. Jika sakit berlanjut hubungi dokter.,Iritasi lambung,2028-12-31,Produk,/medicines/Inzana Box 30s.webp,True,"[""otc"",""indonesia"",""chatbot-ready""]"
30,Inzana Sachet 5ml,Nyeri & Demam,3000.0,283,Paracetamol sirup,Demam anak sachet praktis; Gejala: demam anak sachet,Sesuai aturan pakai pada kemasan. Gunakan sesuai petunjuk pada kemasan. Jika sakit berlanjut hubungi dokter.,Paracetamol sirup,Demam anak sachet praktis; demam anak sachet; Gunakan sesuai petunjuk pada kemasan. Jika sakit berlanjut hubungi dokter.,Jarang,2027-06-30,Sachet,/medicines/Inzana Sachet 5ml.webp,True,"[""otc"",""indonesia"",""chatbot-ready""]"
31,Contrexyn Tablet Anak,Nyeri & Demam,6000.0,459,"Aspirin 80mg, Vitamin C",Demam anak; Gejala: demam anak,Sesuai aturan pakai pada kemasan. Gunakan sesuai petunjuk pada kemasan. Jika sakit berlanjut hubungi dokter.,"Aspirin 80mg, Vitamin C",Demam anak; demam anak; Gunakan sesuai petunjuk pada kemasan. Jika sakit berlanjut hubungi dokter.,Iritasi lambung,2029-01-15,Tablet,/medicines/Contrexyn Tablet Anak.webp,True,"[""otc"",""indonesia"",""chatbot-ready""]"
32,Contrexyn Sirup,Nyeri & Demam,15000.0,238,Paracetamol 120mg/5ml,Demam anak; Gejala: demam anak,Sesuai aturan pakai pada kemasan. Gunakan sesuai petunjuk pada kemasan. Jika sakit berlanjut hubungi dokter.,Paracetamol 120mg/5ml,Demam anak; demam anak; Gunakan sesuai petunjuk pada kemasan. Jika sakit berlanjut hubungi dokter.,Jarang,2028-03-15,Sirup,/medicines/Contrexyn Sirup.webp,True,"[""otc"",""indonesia"",""chatbot-ready""]"
33,Contrexyn Strip 4s,Nyeri & Demam,5000.0,372,Paracetamol 500mg,Demam dan nyeri; Gejala: demam; nyeri,Sesuai aturan pakai pada kemasan. Gunakan sesuai petunjuk pada kemasan. Jika sakit berlanjut hubungi dokter.,Paracetamol 500mg,Demam dan nyeri; demam; nyeri; Gunakan sesuai petunjuk pada kemasan. Jika sakit berlanjut hubungi dokter.,Jarang,2028-12-31,Produk,/medicines/Contrexyn Strip 4s.webp,True,"[""otc"",""indonesia"",""chatbot-ready""]"
34,Contrexyn Box isi 100 tablet,Nyeri & Demam,65000.0,69,Paracetamol 500mg,Demam dan nyeri stok keluarga; Gejala: demam; nyeri; stok keluarga,Sesuai aturan pakai pada kemasan. Gunakan sesuai petunjuk pada kemasan. Jika sakit berlanjut hubungi dokter.,Paracetamol 500mg,Demam dan nyeri stok keluarga; demam; nyeri; stok keluarga; Gunakan sesuai petunjuk pada kemasan. Jika sakit berlanjut hubungi dokter.,Jarang,2026-12-31,Tablet,/medicines/Contrexyn Box isi 100 tablet.webp,True,"[""otc"",""indonesia"",""chatbot-ready""]"
35,Dumin Tablet,Nyeri & Demam,15000.0,365,Paracetamol 500mg,Demam dan nyeri; Gejala: demam; nyeri,Sesuai aturan pakai pada kemasan. Gunakan sesuai petunjuk pada kemasan. Jika sakit berlanjut hubungi dokter.,Paracetamol 500mg,Demam dan nyeri; demam; nyeri; Gunakan sesuai petunjuk pada kemasan. Jika sakit berlanjut hubungi dokter.,Jarang,2028-03-15,Tablet,/medicines/Dumin Tablet.webp,True,"[""otc"",""indonesia"",""chatbot-ready""]"
36,Dumin Botol 60ml,Nyeri & Demam,22000.0,291,Paracetamol 120mg/5ml,Demam anak; Gejala: demam anak,Sesuai aturan pakai pada kemasan. Gunakan sesuai petunjuk pada kemasan. Jika sakit berlanjut hubungi dokter.,Paracetamol 120mg/5ml,Demam anak; demam anak; Gunakan sesuai petunjuk pada kemasan. Jika sakit berlanjut hubungi dokter.,Jarang,2028-12-31,Produk,/medicines/Dumin Botol 60ml.webp,True,"[""otc"",""indonesia"",""chatbot-ready""]"
37,Dumin Rectal Tube 125mg,Nyeri & Demam,35000.0,477,Paracetamol 125mg,Demam anak yang tidak bisa minum obat; Gejala: demam anak suppositoria; bayi tidak mau minum,Sesuai aturan pakai pada kemasan. Gunakan sesuai petunjuk pada kemasan. Jika sakit berlanjut hubungi dokter.,Paracetamol 125mg,Demam anak yang tidak bisa minum obat; demam anak suppositoria; bayi tidak mau minum; Gunakan sesuai petunjuk pada kemasan. Jika sakit berlanjut hubungi dokter.,Jarang,2028-12-31,Produk,/medicines/Dumin Rectal Tube 125mg.webp,True,"[""otc"",""indonesia"",""chatbot-ready""]"
38,Dumin Rectal Tube 250mg,Nyeri & Demam,40000.0,414,Paracetamol 250mg,Demam anak besar/remaja yang tidak bisa minum; Gejala: demam anak suppositoria,Sesuai aturan pakai pada kemasan. Gunakan sesuai petunjuk pada kemasan. Jika sakit berlanjut hubungi dokter.,Paracetamol 250mg,Demam anak besar/remaja yang tidak bisa minum; demam anak suppositoria; Gunakan sesuai petunjuk pada kemasan. Jika sakit berlanjut hubungi dokter.,Jarang,2028-12-31,Produk,/medicines/Dumin Rectal Tube 250mg.webp,True,"[""otc"",""indonesia"",""chatbot-ready""]"
39,Pamol Tablet,Nyeri & Demam,14000.0,346,Paracetamol 500mg,Demam dan nyeri; Gejala: demam; nyeri,Sesuai aturan pakai pada kemasan. Gunakan sesuai petunjuk pada kemasan. Jika sakit berlanjut hubungi dokter.,Paracetamol 500mg,Demam dan nyeri; demam; nyeri; Gunakan sesuai petunjuk pada kemasan. Jika sakit berlanjut hubungi dokter.,Jarang,2028-12-31,Tablet,/medicines/Pamol Tablet.webp,True,"[""otc"",""indonesia"",""chatbot-ready""]"
40,Pamol Botol 120ml,Nyeri & Demam,20000.0,206,Paracetamol 120mg/5ml,Demam anak; Gejala: demam anak,Sesuai aturan pakai pada kemasan. Gunakan sesuai petunjuk pada kemasan. Jika sakit berlanjut hubungi dokter.,Paracetamol 120mg/5ml,Demam anak; demam anak; Gunakan sesuai petunjuk pada kemasan. Jika sakit berlanjut hubungi dokter.,Jarang,2026-12-31,Produk,/medicines/Pamol Botol 120ml.webp,True,"[""otc"",""indonesia"",""chatbot-ready""]"
41,Pamol Suppositoria,Nyeri & Demam,30000.0,464,Paracetamol 150mg,Demam anak yang sulit minum obat; Gejala: demam suppositoria; anak tidak mau minum,Sesuai aturan pakai pada kemasan. Gunakan sesuai petunjuk pada kemasan. Jika sakit berlanjut hubungi dokter.,Paracetamol 150mg,Demam anak yang sulit minum obat; demam suppositoria; anak tidak mau minum; Gunakan sesuai petunjuk pada kemasan. Jika sakit berlanjut hubungi dokter.,Jarang,2028-03-15,Produk,/medicines/Pamol Suppositoria.webp,True,"[""otc"",""indonesia"",""chatbot-ready""]"
42,Fasidol Strip 10s,Nyeri & Demam,6000.0,192,Paracetamol 500mg,Demam dan nyeri; Gejala: demam; nyeri,Sesuai aturan pakai pada kemasan. Gunakan sesuai petunjuk pada kemasan. Jika sakit berlanjut hubungi dokter.,Paracetamol 500mg,Demam dan nyeri; demam; nyeri; Gunakan sesuai petunjuk pada kemasan. Jika sakit berlanjut hubungi dokter.,Jarang,2028-03-15,Produk,/medicines/Fasidol Strip 10s.webp,True,"[""otc"",""indonesia"",""chatbot-ready""]"
43,Fasidol Forte,Nyeri & Demam,8000.0,206,Paracetamol 650mg,"Demam tinggi, sakit kepala berat; Gejala: demam tinggi; sakit kepala berat",Sesuai aturan pakai pada kemasan. Gunakan sesuai petunjuk pada kemasan. Jika sakit berlanjut hubungi dokter.,Paracetamol 650mg,"Demam tinggi, sakit kepala berat; demam tinggi; sakit kepala berat; Gunakan sesuai petunjuk pada kemasan. Jika sakit berlanjut hubungi dokter.",Jarang,2028-12-31,Produk,/medicines/Fasidol Forte.webp,True,"[""otc"",""indonesia"",""chatbot-ready""]"
44,Fasidol Sirup,Nyeri & Demam,12000.0,353,Paracetamol 120mg/5ml,Demam anak; Gejala: demam anak,Sesuai aturan pakai pada kemasan. Gunakan sesuai petunjuk pada kemasan. Jika sakit berlanjut hubungi dokter.,Paracetamol 120mg/5ml,Demam anak; demam anak; Gunakan sesuai petunjuk pada kemasan. Jika sakit berlanjut hubungi dokter.,Jarang,2029-01-15,Sirup,/medicines/Fasidol Sirup.webp,True,"[""otc"",""indonesia"",""chatbot-ready""]"
45,Fasidol Drops,Nyeri & Demam,15000.0,197,Paracetamol 100mg/ml,Demam bayi; Gejala: demam bayi,Sesuai aturan pakai pada kemasan. Gunakan sesuai petunjuk pada kemasan. Jika sakit berlanjut hubungi dokter.,Paracetamol 100mg/ml,Demam bayi; demam bayi; Gunakan sesuai petunjuk pada kemasan. Jika sakit berlanjut hubungi dokter.,Jarang,2028-03-15,Tetes,/medicines/Fasidol Drops.webp,True,"[""otc"",""indonesia"",""chatbot-ready""]"
46,Tempra Sirup,Nyeri & Demam,42000.0,125,Paracetamol 160mg/5ml,Demam anak; Gejala: demam anak,Sesuai aturan pakai pada kemasan. Gunakan sesuai petunjuk pada kemasan. Jika sakit berlanjut hubungi dokter.,Paracetamol 160mg/5ml,Demam anak; demam anak; Gunakan sesuai petunjuk pada kemasan. Jika sakit berlanjut hubungi dokter.,Jarang,2027-06-30,Sirup,/medicines/Tempra Sirup.webp,True,"[""otc"",""indonesia"",""chatbot-ready""]"
47,Tempra Forte Sirup,Nyeri & Demam,48000.0,451,Paracetamol 250mg/5ml,Demam tinggi anak; Gejala: demam tinggi anak,Sesuai aturan pakai pada kemasan. Gunakan sesuai petunjuk pada kemasan. Jika sakit berlanjut hubungi dokter.,Paracetamol 250mg/5ml,Demam tinggi anak; demam tinggi anak; Gunakan sesuai petunjuk pada kemasan. Jika sakit berlanjut hubungi dokter.,Jarang,2029-01-15,Sirup,/medicines/Tempra Forte Sirup.webp,True,"[""otc"",""indonesia"",""chatbot-ready""]"
48,Tempra Drops,Nyeri & Demam,45000.0,317,Paracetamol 80mg/ml,Demam bayi; Gejala: demam bayi; panas bayi,Sesuai aturan pakai pada kemasan. Gunakan sesuai petunjuk pada kemasan. Jika sakit berlanjut hubungi dokter.,Paracetamol 80mg/ml,Demam bayi; demam bayi; panas bayi; Gunakan sesuai petunjuk pada kemasan. Jika sakit berlanjut hubungi dokter.,Jarang,2029-01-15,Tetes,/medicines/Tempra Drops.webp,True,"[""otc"",""indonesia"",""chatbot-ready""]"
49,Ponstan Kaplet,Nyeri & Demam,25000.0,389,Asam Mefenamat 500mg,"Nyeri haid, sakit gigi, nyeri sendi akut; Gejala: nyeri haid; sakit gigi; asam mefenamat",Sesuai aturan pakai pada kemasan. Gunakan sesuai petunjuk pada kemasan. Jika sakit berlanjut hubungi dokter.,Asam Mefenamat 500mg,"Nyeri haid, sakit gigi, nyeri sendi akut; nyeri haid; sakit gigi; asam mefenamat; Gunakan sesuai petunjuk pada kemasan. Jika sakit berlanjut hubungi dokter.","Nyeri lambung, mual",2026-12-31,Produk,https://placehold.co/400x300/f8fafc/ef4444?text=Ponstan+Kaplet,True,"[""otc"",""indonesia"",""chatbot-ready""]"
50,Mefinal Tablet,Nyeri & Demam,12000.0,177,Asam Mefenamat 500mg,Nyeri dan radang; Gejala: nyeri haid; sakit gigi,Sesuai aturan pakai pada kemasan. Gunakan sesuai petunjuk pada kemasan. Jika sakit berlanjut hubungi dokter.,Asam Mefenamat 500mg,Nyeri dan radang; nyeri haid; sakit gigi; Gunakan sesuai petunjuk pada kemasan. Jika sakit berlanjut hubungi dokter.,Iritasi lambung,2027-06-30,Tablet,https://placehold.co/400x300/f8fafc/ef4444?text=Mefinal+Tablet,True,"[""otc"",""indonesia"",""chatbot-ready""]"
51,Antalgin Tablet,Nyeri & Demam,5000.0,240,Metampiron 500mg,"Nyeri hebat, sakit gigi parah; Gejala: sakit gigi parah; nyeri hebat",Sesuai aturan pakai pada kemasan. Gunakan sesuai petunjuk pada kemasan. Jika sakit berlanjut hubungi dokter.,Metampiron 500mg,"Nyeri hebat, sakit gigi parah; sakit gigi parah; nyeri hebat; Gunakan sesuai petunjuk pada kemasan. Jika sakit berlanjut hubungi dokter.",Agranulositosis (jarang),2028-12-31,Tablet,https://placehold.co/400x300/f8fafc/ef4444?text=Antalgin+Tablet,True,"[""otc"",""indonesia"",""chatbot-ready""]"
52,Fimestan Strip 4s,Nyeri & Demam,10000.0,412,Ibuprofen 400mg,"Nyeri haid berat, nyeri sendi; Gejala: nyeri haid berat; nyeri sendi",Sesuai aturan pakai pada kemasan. Gunakan sesuai petunjuk pada kemasan. Jika sakit berlanjut hubungi dokter.,Ibuprofen 400mg,"Nyeri haid berat, nyeri sendi; nyeri haid berat; nyeri sendi; Gunakan sesuai petunjuk pada kemasan. Jika sakit berlanjut hubungi dokter.",Nyeri lambung,2029-01-15,Produk,https://placehold.co/400x300/f8fafc/ef4444?text=Fimestan+Strip+4s,True,"[""otc"",""indonesia"",""chatbot-ready""]"
53,Feminax Strip 4s,Nyeri & Demam,15000.0,473,"Paracetamol 500mg, Hyoscine Butylbromide 10mg",Nyeri haid dengan kram; Gejala: kram haid; nyeri haid dengan kram,Sesuai aturan pakai pada kemasan. Gunakan sesuai petunjuk pada kemasan. Jika sakit berlanjut hubungi dokter.,"Paracetamol 500mg, Hyoscine Butylbromide 10mg",Nyeri haid dengan kram; kram haid; nyeri haid dengan kram; Gunakan sesuai petunjuk pada kemasan. Jika sakit berlanjut hubungi dokter.,"Mulut kering, mengantuk",2026-12-31,Produk,https://placehold.co/400x300/f8fafc/ef4444?text=Feminax+Strip+4s,True,"[""otc"",""indonesia"",""chatbot-ready""]"
54,Dolgesic Tablet,Nyeri & Demam,12000.0,190,Piroxicam 10mg,"Nyeri sendi, rematik ringan (OTC di banyak apotek); Gejala: rematik; nyeri sendi",Sesuai aturan pakai pada kemasan. Gunakan sesuai petunjuk pada kemasan. Jika sakit berlanjut hubungi dokter.,Piroxicam 10mg,"Nyeri sendi, rematik ringan (OTC di banyak apotek); rematik; nyeri sendi; Gunakan sesuai petunjuk pada kemasan. Jika sakit berlanjut hubungi dokter.",Nyeri lambung,2029-01-15,Tablet,https://placehold.co/400x300/f8fafc/ef4444?text=Dolgesic+Tablet,True,"[""otc"",""indonesia"",""chatbot-ready""]"
55,Neuralgin Tablet,Nyeri & Demam,18000.0,181,"Vitamin B1, B6, B12","Nyeri saraf, kesemutan, pegal linu; Gejala: kesemutan; nyeri saraf; pegal",Sesuai aturan pakai pada kemasan. Gunakan sesuai petunjuk pada kemasan. Jika sakit berlanjut hubungi dokter.,"Vitamin B1, B6, B12","Nyeri saraf, kesemutan, pegal linu; kesemutan; nyeri saraf; pegal; Gunakan sesuai petunjuk pada kemasan. Jika sakit berlanjut hubungi dokter.",Jarang,2028-12-31,Tablet,https://placehold.co/400x300/f8fafc/ef4444?text=Neuralgin+Tablet,True,"[""otc"",""indonesia"",""chatbot-ready""]"
56,OBH Combi Batuk Berdahak Menthol,Obat Batuk,22000.0,465,"Succus liquiritiae, Paracetamol, Ephedrine",Batuk berdahak; Gejala: batuk berdahak; dahak,Sesuai aturan pakai pada kemasan. Gunakan sesuai petunjuk pada kemasan. Jika sakit berlanjut hubungi dokter.,"Succus liquiritiae, Paracetamol, Ephedrine",Batuk berdahak; batuk berdahak; dahak; Gunakan sesuai petunjuk pada kemasan. Jika sakit berlanjut hubungi dokter.,Mengantuk,2029-01-15,Produk,/medicines/OBH Combi Batuk Berdahak Menthol.webp,True,"[""otc"",""indonesia"",""chatbot-ready""]"
57,OBH Combi Batuk Berdahak Jahe,Obat Batuk,22000.0,460,"Succus liquiritiae, Jahe, Paracetamol",Batuk berdahak hangat; Gejala: batuk berdahak; jahe,Sesuai aturan pakai pada kemasan. Gunakan sesuai petunjuk pada kemasan. Jika sakit berlanjut hubungi dokter.,"Succus liquiritiae, Jahe, Paracetamol",Batuk berdahak hangat; batuk berdahak; jahe; Gunakan sesuai petunjuk pada kemasan. Jika sakit berlanjut hubungi dokter.,Mengantuk,2028-12-31,Produk,/medicines/OBH Combi Batuk Berdahak Jahe.webp,True,"[""otc"",""indonesia"",""chatbot-ready""]"
58,OBH Combi Batuk Flu Anak,Obat Batuk,18000.0,366,"Succus liquiritiae, CTM, Paracetamol, Glycerine",Batuk flu anak; Gejala: batuk anak; flu anak,Sesuai aturan pakai pada kemasan. Gunakan sesuai petunjuk pada kemasan. Jika sakit berlanjut hubungi dokter.,"Succus liquiritiae, CTM, Paracetamol, Glycerine",Batuk flu anak; batuk anak; flu anak; Gunakan sesuai petunjuk pada kemasan. Jika sakit berlanjut hubungi dokter.,Mengantuk,2028-12-31,Produk,/medicines/OBH Combi Batuk Flu Anak.webp,True,"[""otc"",""indonesia"",""chatbot-ready""]"
59,OBH Combi Batuk Flu Dewasa,Obat Batuk,25000.0,267,"Succus liquiritiae, Paracetamol, Ephedrine, CTM",Batuk flu dewasa; Gejala: batuk flu; flu dewasa,Sesuai aturan pakai pada kemasan. Gunakan sesuai petunjuk pada kemasan. Jika sakit berlanjut hubungi dokter.,"Succus liquiritiae, Paracetamol, Ephedrine, CTM",Batuk flu dewasa; batuk flu; flu dewasa; Gunakan sesuai petunjuk pada kemasan. Jika sakit berlanjut hubungi dokter.,Mengantuk,2028-12-31,Produk,/medicines/OBH Combi Batuk Flu Dewasa.webp,True,"[""otc"",""indonesia"",""chatbot-ready""]"
60,Woods Peppermint Expectorant 60ml,Obat Batuk,28000.0,342,"Guaifenesin, Bromhexine",Batuk berdahak; Gejala: batuk berdahak; dahak kental,Sesuai aturan pakai pada kemasan. Gunakan sesuai petunjuk pada kemasan. Jika sakit berlanjut hubungi dokter.,"Guaifenesin, Bromhexine",Batuk berdahak; batuk berdahak; dahak kental; Gunakan sesuai petunjuk pada kemasan. Jika sakit berlanjut hubungi dokter.,Mual ringan,2028-03-15,Produk,/medicines/Woods Peppermint Expectorant 60ml.webp,True,"[""otc"",""indonesia"",""chatbot-ready""]"
61,Woods Peppermint Expectorant 100ml,Obat Batuk,40000.0,409,"Guaifenesin, Bromhexine",Batuk berdahak; Gejala: batuk berdahak; ekspektoran,Sesuai aturan pakai pada kemasan. Gunakan sesuai petunjuk pada kemasan. Jika sakit berlanjut hubungi dokter.,"Guaifenesin, Bromhexine",Batuk berdahak; batuk berdahak; ekspektoran; Gunakan sesuai petunjuk pada kemasan. Jika sakit berlanjut hubungi dokter.,Mual ringan,2028-03-15,Produk,/medicines/Woods Peppermint Expectorant 100ml.webp,True,"[""otc"",""indonesia"",""chatbot-ready""]"
62,Woods Antitussive 60ml,Obat Batuk,29000.0,478,"Dextromethorphan, Guaifenesin",Batuk kering; Gejala: batuk kering; gatal tenggorokan,Sesuai aturan pakai pada kemasan. Gunakan sesuai petunjuk pada kemasan. Jika sakit berlanjut hubungi dokter.,"Dextromethorphan, Guaifenesin",Batuk kering; batuk kering; gatal tenggorokan; Gunakan sesuai petunjuk pada kemasan. Jika sakit berlanjut hubungi dokter.,Mengantuk,2028-12-31,Produk,/medicines/Woods Antitussive 60ml.webp,True,"[""otc"",""indonesia"",""chatbot-ready""]"
63,Woods Antitussive 100ml,Obat Batuk,42000.0,138,"Dextromethorphan, Guaifenesin",Batuk kering kemasan besar; Gejala: batuk kering,Sesuai aturan pakai pada kemasan. Gunakan sesuai petunjuk pada kemasan. Jika sakit berlanjut hubungi dokter.,"Dextromethorphan, Guaifenesin",Batuk kering kemasan besar; batuk kering; Gunakan sesuai petunjuk pada kemasan. Jika sakit berlanjut hubungi dokter.,Mengantuk,2028-12-31,Produk,/medicines/Woods Antitussive 100ml.webp,True,"[""otc"",""indonesia"",""chatbot-ready""]"
64,Siladex Mucolytic & Expectorant 60ml,Obat Batuk,22000.0,359,"Bromhexine, Guaifenesin",Batuk berdahak bebas gula; Gejala: batuk berdahak; bebas gula,Sesuai aturan pakai pada kemasan. Gunakan sesuai petunjuk pada kemasan. Jika sakit berlanjut hubungi dokter.,"Bromhexine, Guaifenesin",Batuk berdahak bebas gula; batuk berdahak; bebas gula; Gunakan sesuai petunjuk pada kemasan. Jika sakit berlanjut hubungi dokter.,Mual,2028-03-15,Produk,/medicines/Siladex Mucolytic & Expectorant 60ml.webp,True,"[""otc"",""indonesia"",""chatbot-ready""]"
65,Siladex Antitussive 60ml,Obat Batuk,22000.0,119,Dextromethorphan,Batuk kering bebas gula; Gejala: batuk kering; bebas gula,Sesuai aturan pakai pada kemasan. Gunakan sesuai petunjuk pada kemasan. Jika sakit berlanjut hubungi dokter.,Dextromethorphan,Batuk kering bebas gula; batuk kering; bebas gula; Gunakan sesuai petunjuk pada kemasan. Jika sakit berlanjut hubungi dokter.,Mengantuk,2028-03-15,Produk,/medicines/Siladex Antitussive 60ml.webp,True,"[""otc"",""indonesia"",""chatbot-ready""]"
66,Siladex Cough & Cold,Obat Batuk,23000.0,454,"Bromhexine, Paracetamol, Phenylephrine",Batuk dan flu; Gejala: batuk flu; pilek,Sesuai aturan pakai pada kemasan. Gunakan sesuai petunjuk pada kemasan. Jika sakit berlanjut hubungi dokter.,"Bromhexine, Paracetamol, Phenylephrine",Batuk dan flu; batuk flu; pilek; Gunakan sesuai petunjuk pada kemasan. Jika sakit berlanjut hubungi dokter.,Mengantuk,2028-03-15,Produk,/medicines/Siladex Cough & Cold.webp,True,"[""otc"",""indonesia"",""chatbot-ready""]"
67,Siladex Flu,Obat Batuk,23000.0,404,"Paracetamol, Phenylephrine, CTM",Flu dan batuk ringan; Gejala: flu; batuk ringan,Sesuai aturan pakai pada kemasan. Gunakan sesuai petunjuk pada kemasan. Jika sakit berlanjut hubungi dokter.,"Paracetamol, Phenylephrine, CTM",Flu dan batuk ringan; flu; batuk ringan; Gunakan sesuai petunjuk pada kemasan. Jika sakit berlanjut hubungi dokter.,Mengantuk,2028-12-31,Produk,/medicines/Siladex Flu.webp,True,"[""otc"",""indonesia"",""chatbot-ready""]"
68,Komix OBH Sachet,Obat Batuk,1500.0,145,"Dextromethorphan, Glycyrrhiza",Batuk ringan praktis; Gejala: batuk ringan; batuk sachet,Sesuai aturan pakai pada kemasan. Gunakan sesuai petunjuk pada kemasan. Jika sakit berlanjut hubungi dokter.,"Dextromethorphan, Glycyrrhiza",Batuk ringan praktis; batuk ringan; batuk sachet; Gunakan sesuai petunjuk pada kemasan. Jika sakit berlanjut hubungi dokter.,Mengantuk,2027-06-30,Sachet,/medicines/Komix OBH Sachet.webp,True,"[""otc"",""indonesia"",""chatbot-ready""]"
69,Komix Peppermint Sachet,Obat Batuk,1500.0,368,"Dextromethorphan, Menthol",Batuk dengan sensasi dingin; Gejala: batuk gatal; peppermint,Sesuai aturan pakai pada kemasan. Gunakan sesuai petunjuk pada kemasan. Jika sakit berlanjut hubungi dokter.,"Dextromethorphan, Menthol",Batuk dengan sensasi dingin; batuk gatal; peppermint; Gunakan sesuai petunjuk pada kemasan. Jika sakit berlanjut hubungi dokter.,Mengantuk,2029-01-15,Sachet,/medicines/Komix Peppermint Sachet.webp,True,"[""otc"",""indonesia"",""chatbot-ready""]"
70,Komix Jeruk Nipis Sachet,Obat Batuk,1500.0,114,"Dextromethorphan, Citrus Limon Extract",Batuk rasa jeruk nipis; Gejala: batuk jeruk nipis; batuk sachet,Sesuai aturan pakai pada kemasan. Gunakan sesuai petunjuk pada kemasan. Jika sakit berlanjut hubungi dokter.,"Dextromethorphan, Citrus Limon Extract",Batuk rasa jeruk nipis; batuk jeruk nipis; batuk sachet; Gunakan sesuai petunjuk pada kemasan. Jika sakit berlanjut hubungi dokter.,Mengantuk,2026-12-31,Sachet,/medicines/Komix Jeruk Nipis Sachet.webp,True,"[""otc"",""indonesia"",""chatbot-ready""]"
71,Komix Jahe Sachet,Obat Batuk,1500.0,186,"Dextromethorphan, Jahe Extract",Batuk rasa jahe hangat; Gejala: batuk jahe; tenggorokan hangat,Sesuai aturan pakai pada kemasan. Gunakan sesuai petunjuk pada kemasan. Jika sakit berlanjut hubungi dokter.,"Dextromethorphan, Jahe Extract",Batuk rasa jahe hangat; batuk jahe; tenggorokan hangat; Gunakan sesuai petunjuk pada kemasan. Jika sakit berlanjut hubungi dokter.,Mengantuk,2028-12-31,Sachet,/medicines/Komix Jahe Sachet.webp,True,"[""otc"",""indonesia"",""chatbot-ready""]"
72,Komix Herbal Sachet,Obat Batuk,2500.0,436,"Dextromethorphan, Madu, Propolis",Batuk herbal madu; Gejala: batuk herbal madu; batuk anak,Sesuai aturan pakai pada kemasan. Gunakan sesuai petunjuk pada kemasan. Jika sakit berlanjut hubungi dokter.,"Dextromethorphan, Madu, Propolis",Batuk herbal madu; batuk herbal madu; batuk anak; Gunakan sesuai petunjuk pada kemasan. Jika sakit berlanjut hubungi dokter.,Jarang,2026-12-31,Sachet,/medicines/Komix Herbal Sachet.webp,True,"[""otc"",""indonesia"",""chatbot-ready""]"
73,Komix Botol 120ml,Obat Batuk,35000.0,389,"Dextromethorphan, Guaifenesin",Batuk kemasan botol; Gejala: batuk; ekonomis,Sesuai aturan pakai pada kemasan. Gunakan sesuai petunjuk pada kemasan. Jika sakit berlanjut hubungi dokter.,"Dextromethorphan, Guaifenesin",Batuk kemasan botol; batuk; ekonomis; Gunakan sesuai petunjuk pada kemasan. Jika sakit berlanjut hubungi dokter.,Mengantuk,2027-06-30,Produk,/medicines/Komix Botol 120ml.webp,True,"[""otc"",""indonesia"",""chatbot-ready""]"
74,Komix Box 50s,Obat Batuk,55000.0,88,"Dextromethorphan, Guaifenesin",Batuk isi banyak; Gejala: batuk; stok,Sesuai aturan pakai pada kemasan. Gunakan sesuai petunjuk pada kemasan. Jika sakit berlanjut hubungi dokter.,"Dextromethorphan, Guaifenesin",Batuk isi banyak; batuk; stok; Gunakan sesuai petunjuk pada kemasan. Jika sakit berlanjut hubungi dokter.,Mengantuk,2029-01-15,Produk,/medicines/Komix Box 50s.webp,True,"[""otc"",""indonesia"",""chatbot-ready""]"
75,Laserin Sirup 30ml,Obat Batuk,12000.0,272,"Jahe Merah, Cengkeh, Daun Sirih",Batuk herbal; Gejala: batuk herbal; jahe merah,Sesuai aturan pakai pada kemasan. Gunakan sesuai petunjuk pada kemasan. Jika sakit berlanjut hubungi dokter.,"Jahe Merah, Cengkeh, Daun Sirih",Batuk herbal; batuk herbal; jahe merah; Gunakan sesuai petunjuk pada kemasan. Jika sakit berlanjut hubungi dokter.,Jarang,2029-01-15,Sirup,/medicines/Laserin Sirup 30ml.webp,True,"[""otc"",""indonesia"",""chatbot-ready""]"
76,Laserin Botol 30ml,Obat Batuk,12000.0,146,"Jahe Merah, Cengkeh",Batuk ringan herbal; Gejala: batuk herbal,Sesuai aturan pakai pada kemasan. Gunakan sesuai petunjuk pada kemasan. Jika sakit berlanjut hubungi dokter.,"Jahe Merah, Cengkeh",Batuk ringan herbal; batuk herbal; Gunakan sesuai petunjuk pada kemasan. Jika sakit berlanjut hubungi dokter.,Jarang,2027-06-30,Produk,/medicines/Laserin Botol 30ml.webp,True,"[""otc"",""indonesia"",""chatbot-ready""]"
77,Laserin Sirup 110ml,Obat Batuk,35000.0,200,"Jahe Merah, Cengkeh, Daun Sirih",Batuk herbal kemasan besar; Gejala: batuk herbal besar,Sesuai aturan pakai pada kemasan. Gunakan sesuai petunjuk pada kemasan. Jika sakit berlanjut hubungi dokter.,"Jahe Merah, Cengkeh, Daun Sirih",Batuk herbal kemasan besar; batuk herbal besar; Gunakan sesuai petunjuk pada kemasan. Jika sakit berlanjut hubungi dokter.,Jarang,2028-12-31,Sirup,/medicines/Laserin Sirup 110ml.webp,True,"[""otc"",""indonesia"",""chatbot-ready""]"
78,Bisolvon Tablet,Obat Batuk,25000.0,197,Bromhexine HCl 8mg,Mengencerkan dahak kental; Gejala: dahak kental; bronkitis,Sesuai aturan pakai pada kemasan. Gunakan sesuai petunjuk pada kemasan. Jika sakit berlanjut hubungi dokter.,Bromhexine HCl 8mg,Mengencerkan dahak kental; dahak kental; bronkitis; Gunakan sesuai petunjuk pada kemasan. Jika sakit berlanjut hubungi dokter.,Mual ringan,2028-03-15,Tablet,/medicines/Bisolvon Tablet.webp,True,"[""otc"",""indonesia"",""chatbot-ready""]"
79,Bisolvon Strip 10s,Obat Batuk,18000.0,436,Bromhexine HCl 8mg,Mengencerkan dahak; Gejala: dahak kental,Sesuai aturan pakai pada kemasan. Gunakan sesuai petunjuk pada kemasan. Jika sakit berlanjut hubungi dokter.,Bromhexine HCl 8mg,Mengencerkan dahak; dahak kental; Gunakan sesuai petunjuk pada kemasan. Jika sakit berlanjut hubungi dokter.,Mual ringan,2028-03-15,Produk,/medicines/Bisolvon Strip 10s.webp,True,"[""otc"",""indonesia"",""chatbot-ready""]"
80,Bisolvon Extra Sirup 60ml,Obat Batuk,42000.0,119,Bromhexine HCl,Mengencerkan dahak anak; Gejala: dahak anak; batuk berdahak anak,Sesuai aturan pakai pada kemasan. Gunakan sesuai petunjuk pada kemasan. Jika sakit berlanjut hubungi dokter.,Bromhexine HCl,Mengencerkan dahak anak; dahak anak; batuk berdahak anak; Gunakan sesuai petunjuk pada kemasan. Jika sakit berlanjut hubungi dokter.,Mual,2029-01-15,Sirup,/medicines/Bisolvon Extra Sirup 60ml.webp,True,"[""otc"",""indonesia"",""chatbot-ready""]"
81,Bisolvon Solution 50 ml,Obat Batuk,55000.0,100,Bromhexine HCl (tetes/solution),Dahak sangat kental bayi/dewasa; Gejala: dahak pekat; batuk sulit,Sesuai aturan pakai pada kemasan. Gunakan sesuai petunjuk pada kemasan. Jika sakit berlanjut hubungi dokter.,Bromhexine HCl (tetes/solution),Dahak sangat kental bayi/dewasa; dahak pekat; batuk sulit; Gunakan sesuai petunjuk pada kemasan. Jika sakit berlanjut hubungi dokter.,Mual,2026-12-31,Produk,/medicines/Bisolvon Solution 50 ml.webp,True,"[""otc"",""indonesia"",""chatbot-ready""]"
82,Vicks Formula 44 Sirup 54ml,Obat Batuk,25000.0,497,"Dextromethorphan, Doxylamine",Batuk kering malam; Gejala: batuk malam; batuk kering,Sesuai aturan pakai pada kemasan. Gunakan sesuai petunjuk pada kemasan. Jika sakit berlanjut hubungi dokter.,"Dextromethorphan, Doxylamine",Batuk kering malam; batuk malam; batuk kering; Gunakan sesuai petunjuk pada kemasan. Jika sakit berlanjut hubungi dokter.,Mengantuk,2027-06-30,Sirup,/medicines/Vicks Formula 44 Sirup 54ml.webp,True,"[""otc"",""indonesia"",""chatbot-ready""]"
83,Vicks Formula 44 Anak Sirup 27ml,Obat Batuk,14000.0,161,Dextromethorphan,Batuk kering anak; Gejala: batuk anak kering,Sesuai aturan pakai pada kemasan. Gunakan sesuai petunjuk pada kemasan. Jika sakit berlanjut hubungi dokter.,Dextromethorphan,Batuk kering anak; batuk anak kering; Gunakan sesuai petunjuk pada kemasan. Jika sakit berlanjut hubungi dokter.,Mengantuk,2028-12-31,Sirup,/medicines/Vicks Formula 44 Anak Sirup 27ml.webp,True,"[""otc"",""indonesia"",""chatbot-ready""]"
84,Konidin Tablet,Obat Batuk,5000.0,281,"Guaifenesin, Dextromethorphan, CTM",Batuk alergi; Gejala: batuk alergi; gatal tenggorokan,Sesuai aturan pakai pada kemasan. Gunakan sesuai petunjuk pada kemasan. Jika sakit berlanjut hubungi dokter.,"Guaifenesin, Dextromethorphan, CTM",Batuk alergi; batuk alergi; gatal tenggorokan; Gunakan sesuai petunjuk pada kemasan. Jika sakit berlanjut hubungi dokter.,Sangat mengantuk,2029-01-15,Tablet,/medicines/Konidin Tablet.webp,True,"[""otc"",""indonesia"",""chatbot-ready""]"
85,Konidin Sirup,Obat Batuk,18000.0,202,"Guaifenesin, Dextromethorphan, CTM",Batuk alergi sirup; Gejala: batuk alergi sirup,Sesuai aturan pakai pada kemasan. Gunakan sesuai petunjuk pada kemasan. Jika sakit berlanjut hubungi dokter.,"Guaifenesin, Dextromethorphan, CTM",Batuk alergi sirup; batuk alergi sirup; Gunakan sesuai petunjuk pada kemasan. Jika sakit berlanjut hubungi dokter.,Sangat mengantuk,2028-12-31,Sirup,/medicines/Konidin Sirup.webp,True,"[""otc"",""indonesia"",""chatbot-ready""]"
86,Konidin OBH Sirup,Obat Batuk,19000.0,210,"Succus liquiritiae, Ephedrine, CTM",Batuk berdahak dengan alergi; Gejala: batuk berdahak alergi,Sesuai aturan pakai pada kemasan. Gunakan sesuai petunjuk pada kemasan. Jika sakit berlanjut hubungi dokter.,"Succus liquiritiae, Ephedrine, CTM",Batuk berdahak dengan alergi; batuk berdahak alergi; Gunakan sesuai petunjuk pada kemasan. Jika sakit berlanjut hubungi dokter.,Mengantuk,2028-03-15,Sirup,/medicines/Konidin OBH Sirup.webp,True,"[""otc"",""indonesia"",""chatbot-ready""]"
87,Actifed Kuning (Sirup),Obat Batuk,65000.0,87,"Triprolidine, Pseudoephedrine","Pilek alergi, hidung meler; Gejala: pilek alergi; hidung meler",Sesuai aturan pakai pada kemasan. Gunakan sesuai petunjuk pada kemasan. Jika sakit berlanjut hubungi dokter.,"Triprolidine, Pseudoephedrine","Pilek alergi, hidung meler; pilek alergi; hidung meler; Gunakan sesuai petunjuk pada kemasan. Jika sakit berlanjut hubungi dokter.","Mengantuk, berdebar",2027-06-30,Sirup,/medicines/Actifed Kuning (Sirup).webp,True,"[""otc"",""indonesia"",""chatbot-ready""]"
88,Actifed Hijau (Expectorant),Obat Batuk,68000.0,79,"Triprolidine, Pseudoephedrine, Guaifenesin",Batuk berdahak dengan pilek; Gejala: batuk berdahak pilek; ekspektoran,Sesuai aturan pakai pada kemasan. Gunakan sesuai petunjuk pada kemasan. Jika sakit berlanjut hubungi dokter.,"Triprolidine, Pseudoephedrine, Guaifenesin",Batuk berdahak dengan pilek; batuk berdahak pilek; ekspektoran; Gunakan sesuai petunjuk pada kemasan. Jika sakit berlanjut hubungi dokter.,"Mengantuk, berdebar",2028-03-15,Produk,/medicines/Actifed Hijau (Expectorant).webp,True,"[""otc"",""indonesia"",""chatbot-ready""]"
89,Actifed Merah (Cough Suppressant),Obat Batuk,68000.0,85,"Triprolidine, Pseudoephedrine, Dextromethorphan",Batuk kering dengan pilek; Gejala: batuk kering pilek,Sesuai aturan pakai pada kemasan. Gunakan sesuai petunjuk pada kemasan. Jika sakit berlanjut hubungi dokter.,"Triprolidine, Pseudoephedrine, Dextromethorphan",Batuk kering dengan pilek; batuk kering pilek; Gunakan sesuai petunjuk pada kemasan. Jika sakit berlanjut hubungi dokter.,"Mengantuk, berdebar",2029-01-15,Produk,/medicines/Actifed Merah (Cough Suppressant).webp,True,"[""otc"",""indonesia"",""chatbot-ready""]"
90,Mucos Tablet,Obat Batuk,18000.0,135,Ambroxol HCl 30mg,Batuk berdahak tebal; Gejala: dahak pekat; bronkitis ringan,Sesuai aturan pakai pada kemasan. Gunakan sesuai petunjuk pada kemasan. Jika sakit berlanjut hubungi dokter.,Ambroxol HCl 30mg,Batuk berdahak tebal; dahak pekat; bronkitis ringan; Gunakan sesuai petunjuk pada kemasan. Jika sakit berlanjut hubungi dokter.,Mual ringan,2028-12-31,Tablet,/medicines/Mucos Tablet.webp,True,"[""otc"",""indonesia"",""chatbot-ready""]"
91,Mucos Botol 60ml,Obat Batuk,28000.0,132,Ambroxol HCl,Batuk berdahak sirup; Gejala: dahak kental sirup,Sesuai aturan pakai pada kemasan. Gunakan sesuai petunjuk pada kemasan. Jika sakit berlanjut hubungi dokter.,Ambroxol HCl,Batuk berdahak sirup; dahak kental sirup; Gunakan sesuai petunjuk pada kemasan. Jika sakit berlanjut hubungi dokter.,Mual,2028-12-31,Produk,/medicines/Mucos Botol 60ml.webp,True,"[""otc"",""indonesia"",""chatbot-ready""]"
92,Ambroxol Tablet,Obat Batuk,5000.0,484,Ambroxol HCl 30mg,Pengencer dahak generik; Gejala: dahak kental; batuk berdahak,Sesuai aturan pakai pada kemasan. Gunakan sesuai petunjuk pada kemasan. Jika sakit berlanjut hubungi dokter.,Ambroxol HCl 30mg,Pengencer dahak generik; dahak kental; batuk berdahak; Gunakan sesuai petunjuk pada kemasan. Jika sakit berlanjut hubungi dokter.,Mual ringan,2028-12-31,Tablet,https://placehold.co/400x300/f8fafc/3b82f6?text=Ambroxol+Tablet,True,"[""otc"",""indonesia"",""chatbot-ready""]"
93,Dextromethorphan Tablet,Obat Batuk,3000.0,433,Dextromethorphan 15mg,Batuk kering generik; Gejala: batuk kering; batuk tidak berdahak,Sesuai aturan pakai pada kemasan. Gunakan sesuai petunjuk pada kemasan. Jika sakit berlanjut hubungi dokter.,Dextromethorphan 15mg,Batuk kering generik; batuk kering; batuk tidak berdahak; Gunakan sesuai petunjuk pada kemasan. Jika sakit berlanjut hubungi dokter.,Mengantuk,2027-06-30,Tablet,https://placehold.co/400x300/f8fafc/3b82f6?text=Dextromethorphan+Tablet,True,"[""otc"",""indonesia"",""chatbot-ready""]"
94,Guaifenesin Sirup,Obat Batuk,12000.0,400,Guaifenesin 100mg/5ml,Ekspektoran generik; Gejala: ekspektoran; batuk berdahak,Sesuai aturan pakai pada kemasan. Gunakan sesuai petunjuk pada kemasan. Jika sakit berlanjut hubungi dokter.,Guaifenesin 100mg/5ml,Ekspektoran generik; ekspektoran; batuk berdahak; Gunakan sesuai petunjuk pada kemasan. Jika sakit berlanjut hubungi dokter.,Mual,2029-01-15,Sirup,https://placehold.co/400x300/f8fafc/3b82f6?text=Guaifenesin+Sirup,True,"[""otc"",""indonesia"",""chatbot-ready""]"
95,Erdosteine Kapsul,Obat Batuk,35000.0,151,Erdosteine 300mg,"Batuk dengan dahak sangat kental, bronkitis kronis; Gejala: PPOK; bronkitis kronis; dahak sangat kental",Sesuai aturan pakai pada kemasan. Gunakan sesuai petunjuk pada kemasan. Jika sakit berlanjut hubungi dokter.,Erdosteine 300mg,"Batuk dengan dahak sangat kental, bronkitis kronis; PPOK; bronkitis kronis; dahak sangat kental; Gunakan sesuai petunjuk pada kemasan. Jika sakit berlanjut hubungi dokter.",Mual,2028-12-31,Kapsul,https://placehold.co/400x300/f8fafc/3b82f6?text=Erdosteine+Kapsul,True,"[""otc"",""indonesia"",""chatbot-ready""]"
96,Benadryl Sirup 60ml,Obat Batuk,28000.0,477,Diphenhydramine HCl,"Batuk alergi, rhinitis; Gejala: batuk alergi; rhinitis",Sesuai aturan pakai pada kemasan. Gunakan sesuai petunjuk pada kemasan. Jika sakit berlanjut hubungi dokter.,Diphenhydramine HCl,"Batuk alergi, rhinitis; batuk alergi; rhinitis; Gunakan sesuai petunjuk pada kemasan. Jika sakit berlanjut hubungi dokter.",Sangat mengantuk,2028-12-31,Sirup,https://placehold.co/400x300/f8fafc/3b82f6?text=Benadryl+Sirup+60ml,True,"[""otc"",""indonesia"",""chatbot-ready""]"
97,Gliseril Guaiakolat Tablet,Obat Batuk,2500.0,372,Guaifenesin 100mg,Batuk berdahak murah; Gejala: batuk berdahak murah; generik,Sesuai aturan pakai pada kemasan. Gunakan sesuai petunjuk pada kemasan. Jika sakit berlanjut hubungi dokter.,Guaifenesin 100mg,Batuk berdahak murah; batuk berdahak murah; generik; Gunakan sesuai petunjuk pada kemasan. Jika sakit berlanjut hubungi dokter.,Mual,2027-06-30,Tablet,https://placehold.co/400x300/f8fafc/3b82f6?text=Gliseril+Guaiakolat+Tablet,True,"[""otc"",""indonesia"",""chatbot-ready""]"
98,Respinova Sirup,Obat Batuk,22000.0,387,"Ambrosol, Guaifenesin",Batuk berdahak anak kombinasi; Gejala: batuk berdahak anak; kombinasi,Sesuai aturan pakai pada kemasan. Gunakan sesuai petunjuk pada kemasan. Jika sakit berlanjut hubungi dokter.,"Ambrosol, Guaifenesin",Batuk berdahak anak kombinasi; batuk berdahak anak; kombinasi; Gunakan sesuai petunjuk pada kemasan. Jika sakit berlanjut hubungi dokter.,Mual,2026-12-31,Sirup,https://placehold.co/400x300/f8fafc/3b82f6?text=Respinova+Sirup,True,"[""otc"",""indonesia"",""chatbot-ready""]"
99,Mixagrip Flu,Flu & Pilek,5000.0,351,"Paracetamol 500mg, Phenylephrine 5mg, CTM 2mg",Flu dan pilek; Gejala: flu; pilek; meriang,Sesuai aturan pakai pada kemasan. Gunakan sesuai petunjuk pada kemasan. Jika sakit berlanjut hubungi dokter.,"Paracetamol 500mg, Phenylephrine 5mg, CTM 2mg",Flu dan pilek; flu; pilek; meriang; Gunakan sesuai petunjuk pada kemasan. Jika sakit berlanjut hubungi dokter.,Mengantuk,2029-01-15,Produk,/medicines/Mixagrip Flu.webp,True,"[""otc"",""indonesia"",""chatbot-ready""]"
100,Mixagrip Flu & Batuk,Flu & Pilek,6000.0,165,"Paracetamol, Phenylephrine, CTM, Dextromethorphan","Flu, pilek, batuk; Gejala: flu batuk; pilek batuk",Sesuai aturan pakai pada kemasan. Gunakan sesuai petunjuk pada kemasan. Jika sakit berlanjut hubungi dokter.,"Paracetamol, Phenylephrine, CTM, Dextromethorphan","Flu, pilek, batuk; flu batuk; pilek batuk; Gunakan sesuai petunjuk pada kemasan. Jika sakit berlanjut hubungi dokter.",Mengantuk,2026-12-31,Produk,/medicines/Mixagrip Flu & Batuk.webp,True,"[""otc"",""indonesia"",""chatbot-ready""]"
101,Mixagrip Pegel Linu,Flu & Pilek,6000.0,160,"Paracetamol, Ibuprofen, Phenylephrine",Flu dengan pegal linu; Gejala: flu pegal; meriang pegal,Sesuai aturan pakai pada kemasan. Gunakan sesuai petunjuk pada kemasan. Jika sakit berlanjut hubungi dokter.,"Paracetamol, Ibuprofen, Phenylephrine",Flu dengan pegal linu; flu pegal; meriang pegal; Gunakan sesuai petunjuk pada kemasan. Jika sakit berlanjut hubungi dokter.,"Mengantuk, nyeri lambung",2029-01-15,Gel,/medicines/Mixagrip Pegel Linu.webp,True,"[""otc"",""indonesia"",""chatbot-ready""]"
102,Decolgen Tablet,Flu & Pilek,4500.0,474,"Paracetamol 500mg, PPA 12.5mg, CTM 2mg",Flu dan hidung tersumbat; Gejala: pilek; hidung tersumbat; flu,Sesuai aturan pakai pada kemasan. Gunakan sesuai petunjuk pada kemasan. Jika sakit berlanjut hubungi dokter.,"Paracetamol 500mg, PPA 12.5mg, CTM 2mg",Flu dan hidung tersumbat; pilek; hidung tersumbat; flu; Gunakan sesuai petunjuk pada kemasan. Jika sakit berlanjut hubungi dokter.,"Mengantuk, berdebar",2026-12-31,Tablet,/medicines/Decolgen Tablet.webp,True,"[""otc"",""indonesia"",""chatbot-ready""]"
103,Decolgen Sirup,Flu & Pilek,15000.0,207,"Paracetamol, PPA, CTM",Flu anak; Gejala: flu anak; pilek anak,Sesuai aturan pakai pada kemasan. Gunakan sesuai petunjuk pada kemasan. Jika sakit berlanjut hubungi dokter.,"Paracetamol, PPA, CTM",Flu anak; flu anak; pilek anak; Gunakan sesuai petunjuk pada kemasan. Jika sakit berlanjut hubungi dokter.,Mengantuk,2028-03-15,Sirup,/medicines/Decolgen Sirup.webp,True,"[""otc"",""indonesia"",""chatbot-ready""]"
104,Neozep Forte Tablet,Flu & Pilek,5500.0,278,"Paracetamol 500mg, Phenylephrine 10mg, CTM 2mg",Flu berat dan hidung meler; Gejala: hidung meler; flu berat,Sesuai aturan pakai pada kemasan. Gunakan sesuai petunjuk pada kemasan. Jika sakit berlanjut hubungi dokter.,"Paracetamol 500mg, Phenylephrine 10mg, CTM 2mg",Flu berat dan hidung meler; hidung meler; flu berat; Gunakan sesuai petunjuk pada kemasan. Jika sakit berlanjut hubungi dokter.,Mengantuk,2028-12-31,Tablet,/medicines/Neozep Forte Tablet.webp,True,"[""otc"",""indonesia"",""chatbot-ready""]"
105,Procold Flu Tablet,Flu & Pilek,6000.0,471,"Paracetamol 500mg, Pseudoephedrine 30mg",Flu dan demam; Gejala: flu meriang; pusing flu,Sesuai aturan pakai pada kemasan. Gunakan sesuai petunjuk pada kemasan. Jika sakit berlanjut hubungi dokter.,"Paracetamol 500mg, Pseudoephedrine 30mg",Flu dan demam; flu meriang; pusing flu; Gunakan sesuai petunjuk pada kemasan. Jika sakit berlanjut hubungi dokter.,Berdebar,2028-12-31,Tablet,/medicines/Procold Flu Tablet.webp,True,"[""otc"",""indonesia"",""chatbot-ready""]"
106,Procold Flu & Batuk,Flu & Pilek,7000.0,220,"Paracetamol, Pseudoephedrine, Dextromethorphan",Flu dan batuk; Gejala: flu batuk; pilek batuk,Sesuai aturan pakai pada kemasan. Gunakan sesuai petunjuk pada kemasan. Jika sakit berlanjut hubungi dokter.,"Paracetamol, Pseudoephedrine, Dextromethorphan",Flu dan batuk; flu batuk; pilek batuk; Gunakan sesuai petunjuk pada kemasan. Jika sakit berlanjut hubungi dokter.,"Berdebar, mengantuk",2026-12-31,Produk,/medicines/Procold Flu & Batuk.webp,True,"[""otc"",""indonesia"",""chatbot-ready""]"
107,Inza Tablet,Flu & Pilek,4000.0,313,"Paracetamol 500mg, Pseudoephedrine, CTM",Flu ringan dan bersin; Gejala: flu ringan; bersin,Sesuai aturan pakai pada kemasan. Gunakan sesuai petunjuk pada kemasan. Jika sakit berlanjut hubungi dokter.,"Paracetamol 500mg, Pseudoephedrine, CTM",Flu ringan dan bersin; flu ringan; bersin; Gunakan sesuai petunjuk pada kemasan. Jika sakit berlanjut hubungi dokter.,Mengantuk,2026-12-31,Tablet,/medicines/Inza Tablet.webp,True,"[""otc"",""indonesia"",""chatbot-ready""]"
108,Inza Botol 60ml,Flu & Pilek,18000.0,398,"Paracetamol, Pseudoephedrine, CTM sirup",Flu anak; Gejala: flu anak; pilek anak,Sesuai aturan pakai pada kemasan. Gunakan sesuai petunjuk pada kemasan. Jika sakit berlanjut hubungi dokter.,"Paracetamol, Pseudoephedrine, CTM sirup",Flu anak; flu anak; pilek anak; Gunakan sesuai petunjuk pada kemasan. Jika sakit berlanjut hubungi dokter.,Mengantuk,2029-01-15,Produk,/medicines/Inza Botol 60ml.webp,True,"[""otc"",""indonesia"",""chatbot-ready""]"
109,Inza Strip 10s,Flu & Pilek,8000.0,470,"Paracetamol, Pseudoephedrine, CTM",Flu ringan strip; Gejala: flu; pilek,Sesuai aturan pakai pada kemasan. Gunakan sesuai petunjuk pada kemasan. Jika sakit berlanjut hubungi dokter.,"Paracetamol, Pseudoephedrine, CTM",Flu ringan strip; flu; pilek; Gunakan sesuai petunjuk pada kemasan. Jika sakit berlanjut hubungi dokter.,Mengantuk,2029-01-15,Produk,/medicines/Inza Strip 10s.webp,True,"[""otc"",""indonesia"",""chatbot-ready""]"
110,Sanaflu Tablet,Flu & Pilek,4500.0,172,"Paracetamol 500mg, Phenylephrine, CTM",Flu dan sakit kepala; Gejala: flu sakit kepala,Sesuai aturan pakai pada kemasan. Gunakan sesuai petunjuk pada kemasan. Jika sakit berlanjut hubungi dokter.,"Paracetamol 500mg, Phenylephrine, CTM",Flu dan sakit kepala; flu sakit kepala; Gunakan sesuai petunjuk pada kemasan. Jika sakit berlanjut hubungi dokter.,Mengantuk,2028-12-31,Tablet,/medicines/Sanaflu Tablet.webp,True,"[""otc"",""indonesia"",""chatbot-ready""]"
111,Sanaflu Botol 120ml,Flu & Pilek,22000.0,340,"Paracetamol, Phenylephrine, CTM sirup",Flu anak sirup; Gejala: flu anak sirup,Sesuai aturan pakai pada kemasan. Gunakan sesuai petunjuk pada kemasan. Jika sakit berlanjut hubungi dokter.,"Paracetamol, Phenylephrine, CTM sirup",Flu anak sirup; flu anak sirup; Gunakan sesuai petunjuk pada kemasan. Jika sakit berlanjut hubungi dokter.,Mengantuk,2028-12-31,Produk,/medicines/Sanaflu Botol 120ml.webp,True,"[""otc"",""indonesia"",""chatbot-ready""]"
112,Ultraflu Tablet,Flu & Pilek,4000.0,258,"Paracetamol 500mg, PPA, CTM",Flu dan pilek; Gejala: flu; bersin; pilek,Sesuai aturan pakai pada kemasan. Gunakan sesuai petunjuk pada kemasan. Jika sakit berlanjut hubungi dokter.,"Paracetamol 500mg, PPA, CTM",Flu dan pilek; flu; bersin; pilek; Gunakan sesuai petunjuk pada kemasan. Jika sakit berlanjut hubungi dokter.,Mengantuk,2028-12-31,Tablet,/medicines/Ultraflu Tablet.webp,True,"[""otc"",""indonesia"",""chatbot-ready""]"
113,Ultraflu Extra,Flu & Pilek,5000.0,137,"Paracetamol 650mg, Phenylephrine, CTM",Flu berat; Gejala: flu berat; meriang,Sesuai aturan pakai pada kemasan. Gunakan sesuai petunjuk pada kemasan. Jika sakit berlanjut hubungi dokter.,"Paracetamol 650mg, Phenylephrine, CTM",Flu berat; flu berat; meriang; Gunakan sesuai petunjuk pada kemasan. Jika sakit berlanjut hubungi dokter.,Mengantuk,2028-03-15,Produk,/medicines/Ultraflu Extra.webp,True,"[""otc"",""indonesia"",""chatbot-ready""]"
114,Ultraflu Box 50s,Flu & Pilek,40000.0,338,"Paracetamol, PPA, CTM",Flu stok keluarga; Gejala: flu; stok banyak,Sesuai aturan pakai pada kemasan. Gunakan sesuai petunjuk pada kemasan. Jika sakit berlanjut hubungi dokter.,"Paracetamol, PPA, CTM",Flu stok keluarga; flu; stok banyak; Gunakan sesuai petunjuk pada kemasan. Jika sakit berlanjut hubungi dokter.,Mengantuk,2029-01-15,Produk,/medicines/Ultraflu Box 50s.webp,True,"[""otc"",""indonesia"",""chatbot-ready""]"
115,Rhinos SR Kapsul,Flu & Pilek,65000.0,33,"Loratadine 5mg, Pseudoephedrine 120mg","Rinitis alergi, hidung buntu berat; Gejala: hidung buntu; rinitis alergi; pilek parah",Sesuai aturan pakai pada kemasan. Gunakan sesuai petunjuk pada kemasan. Jika sakit berlanjut hubungi dokter.,"Loratadine 5mg, Pseudoephedrine 120mg","Rinitis alergi, hidung buntu berat; hidung buntu; rinitis alergi; pilek parah; Gunakan sesuai petunjuk pada kemasan. Jika sakit berlanjut hubungi dokter.","Mulut kering, insomnia",2026-12-31,Kapsul,/medicines/Rhinos SR Kapsul.webp,True,"[""otc"",""indonesia"",""chatbot-ready""]"
116,Rhinos Junior Sirup,Flu & Pilek,48000.0,132,"Loratadine 2.5mg, Pseudoephedrine 30mg / 5ml",Rinitis alergi anak; Gejala: pilek alergi anak; hidung tersumbat anak,Sesuai aturan pakai pada kemasan. Gunakan sesuai petunjuk pada kemasan. Jika sakit berlanjut hubungi dokter.,"Loratadine 2.5mg, Pseudoephedrine 30mg / 5ml",Rinitis alergi anak; pilek alergi anak; hidung tersumbat anak; Gunakan sesuai petunjuk pada kemasan. Jika sakit berlanjut hubungi dokter.,Mulut kering,2027-06-30,Sirup,/medicines/Rhinos Junior Sirup.webp,True,"[""otc"",""indonesia"",""chatbot-ready""]"
117,Rhinos Neo Drops,Flu & Pilek,60000.0,53,"Loratadine, Pseudoephedrine drops",Rinitis alergi bayi dan balita; Gejala: pilek bayi; rinitis alergi bayi,Sesuai aturan pakai pada kemasan. Gunakan sesuai petunjuk pada kemasan. Jika sakit berlanjut hubungi dokter.,"Loratadine, Pseudoephedrine drops",Rinitis alergi bayi dan balita; pilek bayi; rinitis alergi bayi; Gunakan sesuai petunjuk pada kemasan. Jika sakit berlanjut hubungi dokter.,Mulut kering,2028-12-31,Tetes,/medicines/Rhinos Neo Drops.webp,True,"[""otc"",""indonesia"",""chatbot-ready""]"
118,Rhinos Strip 10s,Flu & Pilek,35000.0,130,"Loratadine 5mg, Pseudoephedrine 60mg",Rinitis alergi; Gejala: rinitis alergi; pilek strip,Sesuai aturan pakai pada kemasan. Gunakan sesuai petunjuk pada kemasan. Jika sakit berlanjut hubungi dokter.,"Loratadine 5mg, Pseudoephedrine 60mg",Rinitis alergi; rinitis alergi; pilek strip; Gunakan sesuai petunjuk pada kemasan. Jika sakit berlanjut hubungi dokter.,Mulut kering,2028-12-31,Produk,/medicines/Rhinos Strip 10s.webp,True,"[""otc"",""indonesia"",""chatbot-ready""]"
119,Tremenza Tablet,Flu & Pilek,35000.0,131,"Triprolidine 2.5mg, Pseudoephedrine 60mg","Flu alergi, hidung meler berat; Gejala: flu alergi; pilek tak kunjung sembuh",Sesuai aturan pakai pada kemasan. Gunakan sesuai petunjuk pada kemasan. Jika sakit berlanjut hubungi dokter.,"Triprolidine 2.5mg, Pseudoephedrine 60mg","Flu alergi, hidung meler berat; flu alergi; pilek tak kunjung sembuh; Gunakan sesuai petunjuk pada kemasan. Jika sakit berlanjut hubungi dokter.","Sangat mengantuk, mulut kering",2028-03-15,Tablet,/medicines/Tremenza Tablet.webp,True,"[""otc"",""indonesia"",""chatbot-ready""]"
120,Tremenza Sirup,Flu & Pilek,42000.0,286,"Triprolidine, Pseudoephedrine sirup",Flu alergi anak; Gejala: flu alergi anak,Sesuai aturan pakai pada kemasan. Gunakan sesuai petunjuk pada kemasan. Jika sakit berlanjut hubungi dokter.,"Triprolidine, Pseudoephedrine sirup",Flu alergi anak; flu alergi anak; Gunakan sesuai petunjuk pada kemasan. Jika sakit berlanjut hubungi dokter.,"Mengantuk, mulut kering",2029-01-15,Sirup,/medicines/Tremenza Sirup.webp,True,"[""otc"",""indonesia"",""chatbot-ready""]"
121,Ternolol Strip 10s,Flu & Pilek,20000.0,307,"Paracetamol, Pseudoephedrine",Flu anak; Gejala: flu anak; demam pilek,Sesuai aturan pakai pada kemasan. Gunakan sesuai petunjuk pada kemasan. Jika sakit berlanjut hubungi dokter.,"Paracetamol, Pseudoephedrine",Flu anak; flu anak; demam pilek; Gunakan sesuai petunjuk pada kemasan. Jika sakit berlanjut hubungi dokter.,Berdebar,2028-03-15,Produk,/medicines/Ternolol Strip 10s.webp,True,"[""otc"",""indonesia"",""chatbot-ready""]"
122,Ternolol Box 100s,Flu & Pilek,145000.0,62,"Paracetamol, Pseudoephedrine",Flu anak stok banyak; Gejala: flu anak; stok,Sesuai aturan pakai pada kemasan. Gunakan sesuai petunjuk pada kemasan. Jika sakit berlanjut hubungi dokter.,"Paracetamol, Pseudoephedrine",Flu anak stok banyak; flu anak; stok; Gunakan sesuai petunjuk pada kemasan. Jika sakit berlanjut hubungi dokter.,Berdebar,2026-12-31,Produk,/medicines/Ternolol Box 100s.webp,True,"[""otc"",""indonesia"",""chatbot-ready""]"
123,Triaminic Sirup 60ml,Flu & Pilek,45000.0,465,"Pheniramine, Phenylephrine",Batuk pilek anak; Gejala: batuk pilek anak; rhinitis anak,Sesuai aturan pakai pada kemasan. Gunakan sesuai petunjuk pada kemasan. Jika sakit berlanjut hubungi dokter.,"Pheniramine, Phenylephrine",Batuk pilek anak; batuk pilek anak; rhinitis anak; Gunakan sesuai petunjuk pada kemasan. Jika sakit berlanjut hubungi dokter.,Mengantuk,2027-06-30,Sirup,https://placehold.co/400x300/f8fafc/06b6d4?text=Triaminic+Sirup+60ml,True,"[""otc"",""indonesia"",""chatbot-ready""]"
124,Paediatric Tempral Sirup,Flu & Pilek,35000.0,239,"Paracetamol, Phenylephrine, CTM",Flu demam anak; Gejala: flu anak; demam pilek,Sesuai aturan pakai pada kemasan. Gunakan sesuai petunjuk pada kemasan. Jika sakit berlanjut hubungi dokter.,"Paracetamol, Phenylephrine, CTM",Flu demam anak; flu anak; demam pilek; Gunakan sesuai petunjuk pada kemasan. Jika sakit berlanjut hubungi dokter.,Mengantuk,2028-12-31,Sirup,https://placehold.co/400x300/f8fafc/06b6d4?text=Paediatric+Tempral+Sirup,True,"[""otc"",""indonesia"",""chatbot-ready""]"
125,Stopcold Tablet,Flu & Pilek,12000.0,231,"Paracetamol, Pseudoephedrine, Cetirizine",Flu alergi kombinasi lengkap; Gejala: flu alergi lengkap,Sesuai aturan pakai pada kemasan. Gunakan sesuai petunjuk pada kemasan. Jika sakit berlanjut hubungi dokter.,"Paracetamol, Pseudoephedrine, Cetirizine",Flu alergi kombinasi lengkap; flu alergi lengkap; Gunakan sesuai petunjuk pada kemasan. Jika sakit berlanjut hubungi dokter.,Mengantuk ringan,2029-01-15,Tablet,https://placehold.co/400x300/f8fafc/06b6d4?text=Stopcold+Tablet,True,"[""otc"",""indonesia"",""chatbot-ready""]"
126,Promag Tablet Kunyah,Lambung & Maag,9000.0,171,"Hydrotalcite 200mg, Mg(OH)2 150mg, Simethicone 50mg","Maag, perut kembung, ulu hati perih; Gejala: maag; asam lambung; kembung",Sesuai aturan pakai pada kemasan. Gunakan sesuai petunjuk pada kemasan. Jika sakit berlanjut hubungi dokter.,"Hydrotalcite 200mg, Mg(OH)2 150mg, Simethicone 50mg","Maag, perut kembung, ulu hati perih; maag; asam lambung; kembung; Gunakan sesuai petunjuk pada kemasan. Jika sakit berlanjut hubungi dokter.",Diare/sembelit ringan,2027-06-30,Tablet,/medicines/Promag Tablet Kunyah.webp,True,"[""otc"",""indonesia"",""chatbot-ready""]"
127,Promag Forte Tablet,Lambung & Maag,12000.0,440,"Hydrotalcite 500mg, Mg(OH)2, Simethicone",Maag berat dan kembung parah; Gejala: maag berat; asam lambung tinggi,Sesuai aturan pakai pada kemasan. Gunakan sesuai petunjuk pada kemasan. Jika sakit berlanjut hubungi dokter.,"Hydrotalcite 500mg, Mg(OH)2, Simethicone",Maag berat dan kembung parah; maag berat; asam lambung tinggi; Gunakan sesuai petunjuk pada kemasan. Jika sakit berlanjut hubungi dokter.,Sembelit,2027-06-30,Tablet,/medicines/Promag Forte Tablet.webp,True,"[""otc"",""indonesia"",""chatbot-ready""]"
128,Promag Cair Sachet,Lambung & Maag,3000.0,136,"Hydrotalcite, Mg(OH)2, Simethicone cair",Maag akut cepat saji; Gejala: maag cepat; sachet praktis,Sesuai aturan pakai pada kemasan. Gunakan sesuai petunjuk pada kemasan. Jika sakit berlanjut hubungi dokter.,"Hydrotalcite, Mg(OH)2, Simethicone cair",Maag akut cepat saji; maag cepat; sachet praktis; Gunakan sesuai petunjuk pada kemasan. Jika sakit berlanjut hubungi dokter.,Diare,2028-12-31,Sachet,/medicines/Promag Cair Sachet.webp,True,"[""otc"",""indonesia"",""chatbot-ready""]"
129,Promag Double Action,Lambung & Maag,15000.0,149,"Omeprazole 10mg, Hydrotalcite 200mg",Maag dengan asam lambung tinggi kombinasi; Gejala: maag kombinasi; asam lambung,Sesuai aturan pakai pada kemasan. Gunakan sesuai petunjuk pada kemasan. Jika sakit berlanjut hubungi dokter.,"Omeprazole 10mg, Hydrotalcite 200mg",Maag dengan asam lambung tinggi kombinasi; maag kombinasi; asam lambung; Gunakan sesuai petunjuk pada kemasan. Jika sakit berlanjut hubungi dokter.,"Sakit kepala, diare",2028-03-15,Produk,/medicines/Promag Double Action.webp,True,"[""otc"",""indonesia"",""chatbot-ready""]"
130,Promag Herbal,Lambung & Maag,18000.0,275,"Temulawak, Kunyit, Menthol",Maag herbal; Gejala: maag herbal; lambung herbal,Sesuai aturan pakai pada kemasan. Gunakan sesuai petunjuk pada kemasan. Jika sakit berlanjut hubungi dokter.,"Temulawak, Kunyit, Menthol",Maag herbal; maag herbal; lambung herbal; Gunakan sesuai petunjuk pada kemasan. Jika sakit berlanjut hubungi dokter.,Jarang,2026-12-31,Produk,/medicines/Promag Herbal.webp,True,"[""otc"",""indonesia"",""chatbot-ready""]"
131,Promag Botol 30ml,Lambung & Maag,12000.0,394,"Hydrotalcite, Mg(OH)2, Simethicone suspensi",Maag suspensi cair; Gejala: maag cair; suspensi maag,Sesuai aturan pakai pada kemasan. Gunakan sesuai petunjuk pada kemasan. Jika sakit berlanjut hubungi dokter.,"Hydrotalcite, Mg(OH)2, Simethicone suspensi",Maag suspensi cair; maag cair; suspensi maag; Gunakan sesuai petunjuk pada kemasan. Jika sakit berlanjut hubungi dokter.,Diare/sembelit,2028-03-15,Produk,/medicines/Promag Botol 30ml.webp,True,"[""otc"",""indonesia"",""chatbot-ready""]"
132,Mylanta Tablet,Lambung & Maag,12000.0,438,"Al(OH)3 200mg, Mg(OH)2 200mg, Simethicone 20mg",Asam lambung tinggi; Gejala: asam lambung naik; perih perut,Sesuai aturan pakai pada kemasan. Gunakan sesuai petunjuk pada kemasan. Jika sakit berlanjut hubungi dokter.,"Al(OH)3 200mg, Mg(OH)2 200mg, Simethicone 20mg",Asam lambung tinggi; asam lambung naik; perih perut; Gunakan sesuai petunjuk pada kemasan. Jika sakit berlanjut hubungi dokter.,Sembelit,2029-01-15,Tablet,/medicines/Mylanta Tablet.webp,True,"[""otc"",""indonesia"",""chatbot-ready""]"
133,Mylanta Cair 50 ml,Lambung & Maag,18000.0,215,"Al(OH)3, Mg(OH)2, Simethicone suspensi",Asam lambung tinggi suspensi; Gejala: asam lambung; mulas,Sesuai aturan pakai pada kemasan. Gunakan sesuai petunjuk pada kemasan. Jika sakit berlanjut hubungi dokter.,"Al(OH)3, Mg(OH)2, Simethicone suspensi",Asam lambung tinggi suspensi; asam lambung; mulas; Gunakan sesuai petunjuk pada kemasan. Jika sakit berlanjut hubungi dokter.,Sembelit,2029-01-15,Produk,/medicines/Mylanta Cair 50 ml.webp,True,"[""otc"",""indonesia"",""chatbot-ready""]"
134,Mylanta Cair 150 ml,Lambung & Maag,45000.0,296,"Al(OH)3, Mg(OH)2, Simethicone suspensi besar",Asam lambung tinggi kemasan besar; Gejala: asam lambung; kemasan besar,Sesuai aturan pakai pada kemasan. Gunakan sesuai petunjuk pada kemasan. Jika sakit berlanjut hubungi dokter.,"Al(OH)3, Mg(OH)2, Simethicone suspensi besar",Asam lambung tinggi kemasan besar; asam lambung; kemasan besar; Gunakan sesuai petunjuk pada kemasan. Jika sakit berlanjut hubungi dokter.,Sembelit,2029-01-15,Produk,/medicines/Mylanta Cair 150 ml.webp,True,"[""otc"",""indonesia"",""chatbot-ready""]"
135,Mylanta Strip 4s,Lambung & Maag,5000.0,326,"Al(OH)3, Mg(OH)2, Simethicone",Asam lambung strip praktis; Gejala: asam lambung strip,Sesuai aturan pakai pada kemasan. Gunakan sesuai petunjuk pada kemasan. Jika sakit berlanjut hubungi dokter.,"Al(OH)3, Mg(OH)2, Simethicone",Asam lambung strip praktis; asam lambung strip; Gunakan sesuai petunjuk pada kemasan. Jika sakit berlanjut hubungi dokter.,Sembelit,2028-12-31,Produk,/medicines/Mylanta Strip 4s.webp,True,"[""otc"",""indonesia"",""chatbot-ready""]"
136,Polysilane Tablet Kunyah,Lambung & Maag,11000.0,215,"Simethicone, Al(OH)3, Mg(OH)2",Kembung dan maag; Gejala: perut kembung parah; ulu hati,Sesuai aturan pakai pada kemasan. Gunakan sesuai petunjuk pada kemasan. Jika sakit berlanjut hubungi dokter.,"Simethicone, Al(OH)3, Mg(OH)2",Kembung dan maag; perut kembung parah; ulu hati; Gunakan sesuai petunjuk pada kemasan. Jika sakit berlanjut hubungi dokter.,Sembelit,2026-12-31,Tablet,/medicines/Polysilane Tablet Kunyah.webp,True,"[""otc"",""indonesia"",""chatbot-ready""]"
137,Polysilane Suspensi 100ml,Lambung & Maag,28000.0,228,"Simethicone, Al(OH)3, Mg(OH)2 suspensi",Kembung dan maag suspensi; Gejala: kembung suspensi,Sesuai aturan pakai pada kemasan. Gunakan sesuai petunjuk pada kemasan. Jika sakit berlanjut hubungi dokter.,"Simethicone, Al(OH)3, Mg(OH)2 suspensi",Kembung dan maag suspensi; kembung suspensi; Gunakan sesuai petunjuk pada kemasan. Jika sakit berlanjut hubungi dokter.,Sembelit,2027-06-30,Produk,/medicines/Polysilane Suspensi 100ml.webp,True,"[""otc"",""indonesia"",""chatbot-ready""]"
138,Polysilane Max Peppermint,Lambung & Maag,15000.0,189,"Simethicone, Antasida, Menthol",Kembung dan maag rasa mint; Gejala: kembung mint; maag mint,Sesuai aturan pakai pada kemasan. Gunakan sesuai petunjuk pada kemasan. Jika sakit berlanjut hubungi dokter.,"Simethicone, Antasida, Menthol",Kembung dan maag rasa mint; kembung mint; maag mint; Gunakan sesuai petunjuk pada kemasan. Jika sakit berlanjut hubungi dokter.,Sembelit,2026-12-31,Produk,/medicines/Polysilane Max Peppermint.webp,True,"[""otc"",""indonesia"",""chatbot-ready""]"
139,Waisan Sachet,Lambung & Maag,2500.0,435,"Antasida, Sodium Bicarbonate",Sakit maag sachet praktis; Gejala: mual maag; perih sachet,Sesuai aturan pakai pada kemasan. Gunakan sesuai petunjuk pada kemasan. Jika sakit berlanjut hubungi dokter.,"Antasida, Sodium Bicarbonate",Sakit maag sachet praktis; mual maag; perih sachet; Gunakan sesuai petunjuk pada kemasan. Jika sakit berlanjut hubungi dokter.,"Sendawa, kembung karena gas",2026-12-31,Sachet,/medicines/Waisan Sachet.webp,True,"[""otc"",""indonesia"",""chatbot-ready""]"
140,Antasida Doen Tablet,Lambung & Maag,3000.0,429,"Al(OH)3 200mg, Mg(OH)2 200mg",Maag generik murah; Gejala: maag murah; generik antasida,Sesuai aturan pakai pada kemasan. Gunakan sesuai petunjuk pada kemasan. Jika sakit berlanjut hubungi dokter.,"Al(OH)3 200mg, Mg(OH)2 200mg",Maag generik murah; maag murah; generik antasida; Gunakan sesuai petunjuk pada kemasan. Jika sakit berlanjut hubungi dokter.,Sembelit,2027-06-30,Tablet,/medicines/Antasida Doen Tablet.webp,True,"[""otc"",""indonesia"",""chatbot-ready""]"
141,Antasida Doen Sirup 60ml,Lambung & Maag,7000.0,403,"Al(OH)3, Mg(OH)2 suspensi generik",Maag suspensi generik; Gejala: maag sirup generik,Sesuai aturan pakai pada kemasan. Gunakan sesuai petunjuk pada kemasan. Jika sakit berlanjut hubungi dokter.,"Al(OH)3, Mg(OH)2 suspensi generik",Maag suspensi generik; maag sirup generik; Gunakan sesuai petunjuk pada kemasan. Jika sakit berlanjut hubungi dokter.,Sembelit,2029-01-15,Sirup,/medicines/Antasida Doen Sirup 60ml.webp,True,"[""otc"",""indonesia"",""chatbot-ready""]"
142,Antasida Doen Botol 60ml,Lambung & Maag,8000.0,339,"Al(OH)3, Mg(OH)2",Maag generik botol; Gejala: maag generik botol,Sesuai aturan pakai pada kemasan. Gunakan sesuai petunjuk pada kemasan. Jika sakit berlanjut hubungi dokter.,"Al(OH)3, Mg(OH)2",Maag generik botol; maag generik botol; Gunakan sesuai petunjuk pada kemasan. Jika sakit berlanjut hubungi dokter.,Sembelit,2028-12-31,Produk,/medicines/Antasida Doen Botol 60ml.webp,True,"[""otc"",""indonesia"",""chatbot-ready""]"
143,Plantacid Forte Tablet,Lambung & Maag,18000.0,322,"Al(OH)3, Mg(OH)2, Simethicone dosis tinggi",Maag dan tukak lambung; Gejala: tukak lambung; maag berat,Sesuai aturan pakai pada kemasan. Gunakan sesuai petunjuk pada kemasan. Jika sakit berlanjut hubungi dokter.,"Al(OH)3, Mg(OH)2, Simethicone dosis tinggi",Maag dan tukak lambung; tukak lambung; maag berat; Gunakan sesuai petunjuk pada kemasan. Jika sakit berlanjut hubungi dokter.,Sembelit,2027-06-30,Tablet,/medicines/Plantacid Forte Tablet.webp,True,"[""otc"",""indonesia"",""chatbot-ready""]"
144,Plantacid Sirup 100ml,Lambung & Maag,35000.0,121,"Al(OH)3, Mg(OH)2, Simethicone sirup",Tukak lambung sirup; Gejala: tukak lambung sirup,Sesuai aturan pakai pada kemasan. Gunakan sesuai petunjuk pada kemasan. Jika sakit berlanjut hubungi dokter.,"Al(OH)3, Mg(OH)2, Simethicone sirup",Tukak lambung sirup; tukak lambung sirup; Gunakan sesuai petunjuk pada kemasan. Jika sakit berlanjut hubungi dokter.,Sembelit,2027-06-30,Sirup,/medicines/Plantacid Sirup 100ml.webp,True,"[""otc"",""indonesia"",""chatbot-ready""]"
145,Plantacid Forte Sirup 100ml,Lambung & Maag,45000.0,187,"Al(OH)3, Mg(OH)2, Simethicone forte sirup",Tukak lambung berat; Gejala: tukak lambung berat sirup,Sesuai aturan pakai pada kemasan. Gunakan sesuai petunjuk pada kemasan. Jika sakit berlanjut hubungi dokter.,"Al(OH)3, Mg(OH)2, Simethicone forte sirup",Tukak lambung berat; tukak lambung berat sirup; Gunakan sesuai petunjuk pada kemasan. Jika sakit berlanjut hubungi dokter.,Sembelit,2028-03-15,Sirup,/medicines/Plantacid Forte Sirup 100ml.webp,True,"[""otc"",""indonesia"",""chatbot-ready""]"
146,Omeprazole Kapsul 20mg,Lambung & Maag,15000.0,473,Omeprazole 20mg,"GERD, maag kronis, tukak lambung; Gejala: gerd; asam lambung kronis; maag berat",Sesuai aturan pakai pada kemasan. Gunakan sesuai petunjuk pada kemasan. Jika sakit berlanjut hubungi dokter.,Omeprazole 20mg,"GERD, maag kronis, tukak lambung; gerd; asam lambung kronis; maag berat; Gunakan sesuai petunjuk pada kemasan. Jika sakit berlanjut hubungi dokter.","Sakit kepala, diare",2029-01-15,Kapsul,/medicines/Omeprazole Kapsul 20mg.webp,True,"[""otc"",""indonesia"",""chatbot-ready""]"
147,Omeprazole Strip 10s,Lambung & Maag,12000.0,273,Omeprazole 20mg,GERD strip praktis; Gejala: gerd strip; asam lambung,Sesuai aturan pakai pada kemasan. Gunakan sesuai petunjuk pada kemasan. Jika sakit berlanjut hubungi dokter.,Omeprazole 20mg,GERD strip praktis; gerd strip; asam lambung; Gunakan sesuai petunjuk pada kemasan. Jika sakit berlanjut hubungi dokter.,Sakit kepala,2028-12-31,Produk,/medicines/Omeprazole Strip 10s.webp,True,"[""otc"",""indonesia"",""chatbot-ready""]"
148,Lansoprazole Kapsul 30mg,Lambung & Maag,25000.0,168,Lansoprazole 30mg,"GERD berat, tukak lambung; Gejala: gerd berat; maag tidak sembuh",Sesuai aturan pakai pada kemasan. Gunakan sesuai petunjuk pada kemasan. Jika sakit berlanjut hubungi dokter.,Lansoprazole 30mg,"GERD berat, tukak lambung; gerd berat; maag tidak sembuh; Gunakan sesuai petunjuk pada kemasan. Jika sakit berlanjut hubungi dokter.","Diare, sakit kepala",2028-12-31,Kapsul,/medicines/Lansoprazole Kapsul 30mg.webp,True,"[""otc"",""indonesia"",""chatbot-ready""]"
149,Polycrol Forte Tablet,Lambung & Maag,22000.0,123,"Simethicone, Antasida",Kembung keras dan maag; Gejala: kembung keras; lambung penuh,Sesuai aturan pakai pada kemasan. Gunakan sesuai petunjuk pada kemasan. Jika sakit berlanjut hubungi dokter.,"Simethicone, Antasida",Kembung keras dan maag; kembung keras; lambung penuh; Gunakan sesuai petunjuk pada kemasan. Jika sakit berlanjut hubungi dokter.,Konstipasi,2028-12-31,Tablet,/medicines/Polycrol Forte Tablet.webp,True,"[""otc"",""indonesia"",""chatbot-ready""]"
150,Polycrol Forte Gel 100ml,Lambung & Maag,42000.0,442,"Simethicone, Antasida gel",Maag dengan kembung berat gel; Gejala: kembung gel; lambung perih,Sesuai aturan pakai pada kemasan. Gunakan sesuai petunjuk pada kemasan. Jika sakit berlanjut hubungi dokter.,"Simethicone, Antasida gel",Maag dengan kembung berat gel; kembung gel; lambung perih; Gunakan sesuai petunjuk pada kemasan. Jika sakit berlanjut hubungi dokter.,Konstipasi,2029-01-15,Gel,/medicines/Polycrol Forte Gel 100ml.webp,True,"[""otc"",""indonesia"",""chatbot-ready""]"
151,Ranitidine Tablet 150mg,Lambung & Maag,8000.0,431,Ranitidine HCl 150mg,Maag dan GERD (H2 blocker); Gejala: maag h2 blocker; gerd; asam lambung,Sesuai aturan pakai pada kemasan. Gunakan sesuai petunjuk pada kemasan. Jika sakit berlanjut hubungi dokter.,Ranitidine HCl 150mg,Maag dan GERD (H2 blocker); maag h2 blocker; gerd; asam lambung; Gunakan sesuai petunjuk pada kemasan. Jika sakit berlanjut hubungi dokter.,"Sakit kepala, pusing",2027-06-30,Tablet,https://placehold.co/400x300/f8fafc/10b981?text=Ranitidine+Tablet+150mg,True,"[""otc"",""indonesia"",""chatbot-ready""]"
152,Sucralfate Suspensi,Lambung & Maag,35000.0,477,Sucralfate 500mg/5ml,Tukak lambung dan GERD pelindung mukosa; Gejala: tukak lambung pelindung; gerd,Sesuai aturan pakai pada kemasan. Gunakan sesuai petunjuk pada kemasan. Jika sakit berlanjut hubungi dokter.,Sucralfate 500mg/5ml,Tukak lambung dan GERD pelindung mukosa; tukak lambung pelindung; gerd; Gunakan sesuai petunjuk pada kemasan. Jika sakit berlanjut hubungi dokter.,Sembelit,2026-12-31,Produk,https://placehold.co/400x300/f8fafc/10b981?text=Sucralfate+Suspensi,True,"[""otc"",""indonesia"",""chatbot-ready""]"
153,Gasmotin Tablet,Lambung & Maag,45000.0,195,Mosapride Citrate 5mg,"Dispepsia, lambung lambat, mual; Gejala: lambung lambat; dispepsia; mual",Sesuai aturan pakai pada kemasan. Gunakan sesuai petunjuk pada kemasan. Jika sakit berlanjut hubungi dokter.,Mosapride Citrate 5mg,"Dispepsia, lambung lambat, mual; lambung lambat; dispepsia; mual; Gunakan sesuai petunjuk pada kemasan. Jika sakit berlanjut hubungi dokter.","Diare, nyeri kepala",2029-01-15,Tablet,https://placehold.co/400x300/f8fafc/10b981?text=Gasmotin+Tablet,True,"[""otc"",""indonesia"",""chatbot-ready""]"
154,Nairet Tablet,Lambung & Maag,25000.0,473,Bismuth Subcitrate,Tukak lambung H. pylori; Gejala: helicobacter pylori; tukak lambung,Sesuai aturan pakai pada kemasan. Gunakan sesuai petunjuk pada kemasan. Jika sakit berlanjut hubungi dokter.,Bismuth Subcitrate,Tukak lambung H. pylori; helicobacter pylori; tukak lambung; Gunakan sesuai petunjuk pada kemasan. Jika sakit berlanjut hubungi dokter.,"Feses hitam, mual",2028-12-31,Tablet,https://placehold.co/400x300/f8fafc/10b981?text=Nairet+Tablet,True,"[""otc"",""indonesia"",""chatbot-ready""]"
155,Entrostop Tablet,Pencernaan & Diare,9000.0,439,"Attapulgite 300mg, Pectin 100mg",Diare non-spesifik; Gejala: diare; mencret; mulas,Sesuai aturan pakai pada kemasan. Gunakan sesuai petunjuk pada kemasan. Jika sakit berlanjut hubungi dokter.,"Attapulgite 300mg, Pectin 100mg",Diare non-spesifik; diare; mencret; mulas; Gunakan sesuai petunjuk pada kemasan. Jika sakit berlanjut hubungi dokter.,"Sembelit, mual",2027-06-30,Tablet,/medicines/Entrostop Tablet.webp,True,"[""otc"",""indonesia"",""chatbot-ready""]"
156,Entrostop Anak Sirup,Pencernaan & Diare,18000.0,494,"Attapulgite, Pectin sirup anak",Diare anak; Gejala: diare anak; mencret anak,Sesuai aturan pakai pada kemasan. Gunakan sesuai petunjuk pada kemasan. Jika sakit berlanjut hubungi dokter.,"Attapulgite, Pectin sirup anak",Diare anak; diare anak; mencret anak; Gunakan sesuai petunjuk pada kemasan. Jika sakit berlanjut hubungi dokter.,Sembelit,2028-12-31,Sirup,/medicines/Entrostop Anak Sirup.webp,True,"[""otc"",""indonesia"",""chatbot-ready""]"
157,Diatabs Tablet,Pencernaan & Diare,7500.0,263,Attapulgite 600mg,Diare menyerap racun; Gejala: diare keracunan; mencret air,Sesuai aturan pakai pada kemasan. Gunakan sesuai petunjuk pada kemasan. Jika sakit berlanjut hubungi dokter.,Attapulgite 600mg,Diare menyerap racun; diare keracunan; mencret air; Gunakan sesuai petunjuk pada kemasan. Jika sakit berlanjut hubungi dokter.,Sembelit,2028-03-15,Tablet,/medicines/Diatabs Tablet.webp,True,"[""otc"",""indonesia"",""chatbot-ready""]"
158,Diapet Kapsul Strip 4s,Pencernaan & Diare,3500.0,347,"Daun Jambu Biji, Kunyit",Diare herbal; Gejala: diare herbal; mules,Sesuai aturan pakai pada kemasan. Gunakan sesuai petunjuk pada kemasan. Jika sakit berlanjut hubungi dokter.,"Daun Jambu Biji, Kunyit",Diare herbal; diare herbal; mules; Gunakan sesuai petunjuk pada kemasan. Jika sakit berlanjut hubungi dokter.,Jarang,2028-12-31,Kapsul,/medicines/Diapet Kapsul Strip 4s.webp,True,"[""otc"",""indonesia"",""chatbot-ready""]"
159,Diapet Kapsul Strip 10s,Pencernaan & Diare,8000.0,106,"Daun Jambu Biji, Kunyit",Diare herbal kemasan besar; Gejala: diare herbal,Sesuai aturan pakai pada kemasan. Gunakan sesuai petunjuk pada kemasan. Jika sakit berlanjut hubungi dokter.,"Daun Jambu Biji, Kunyit",Diare herbal kemasan besar; diare herbal; Gunakan sesuai petunjuk pada kemasan. Jika sakit berlanjut hubungi dokter.,Jarang,2028-03-15,Kapsul,/medicines/Diapet Kapsul Strip 10s.webp,True,"[""otc"",""indonesia"",""chatbot-ready""]"
160,Diapet Anak Sirup,Pencernaan & Diare,15000.0,197,"Daun Jambu Biji, Kunyit sirup",Diare anak herbal; Gejala: diare anak herbal; mencret anak,Sesuai aturan pakai pada kemasan. Gunakan sesuai petunjuk pada kemasan. Jika sakit berlanjut hubungi dokter.,"Daun Jambu Biji, Kunyit sirup",Diare anak herbal; diare anak herbal; mencret anak; Gunakan sesuai petunjuk pada kemasan. Jika sakit berlanjut hubungi dokter.,Jarang,2027-06-30,Sirup,/medicines/Diapet Anak Sirup.webp,True,"[""otc"",""indonesia"",""chatbot-ready""]"
161,Diapet Box isi 120 Tablet,Pencernaan & Diare,65000.0,51,"Daun Jambu Biji, Kunyit tablet",Diare herbal stok besar; Gejala: diare herbal besar,Sesuai aturan pakai pada kemasan. Gunakan sesuai petunjuk pada kemasan. Jika sakit berlanjut hubungi dokter.,"Daun Jambu Biji, Kunyit tablet",Diare herbal stok besar; diare herbal besar; Gunakan sesuai petunjuk pada kemasan. Jika sakit berlanjut hubungi dokter.,Jarang,2028-03-15,Tablet,/medicines/Diapet Box isi 120 Tablet.webp,True,"[""otc"",""indonesia"",""chatbot-ready""]"
162,Norit Tube (40 Tablet),Pencernaan & Diare,25000.0,297,Activated Charcoal 260mg,"Keracunan makanan, kembung berlebih; Gejala: keracunan makanan; salah makan; norit",Sesuai aturan pakai pada kemasan. Gunakan sesuai petunjuk pada kemasan. Jika sakit berlanjut hubungi dokter.,Activated Charcoal 260mg,"Keracunan makanan, kembung berlebih; keracunan makanan; salah makan; norit; Gunakan sesuai petunjuk pada kemasan. Jika sakit berlanjut hubungi dokter.",Feses hitam,2028-12-31,Tablet,/medicines/Norit Tube (40 Tablet).webp,True,"[""otc"",""indonesia"",""chatbot-ready""]"
163,Norit Box 50s,Pencernaan & Diare,30000.0,357,Activated Charcoal 260mg,Keracunan makanan stok; Gejala: keracunan; norit,Sesuai aturan pakai pada kemasan. Gunakan sesuai petunjuk pada kemasan. Jika sakit berlanjut hubungi dokter.,Activated Charcoal 260mg,Keracunan makanan stok; keracunan; norit; Gunakan sesuai petunjuk pada kemasan. Jika sakit berlanjut hubungi dokter.,Feses hitam,2027-06-30,Produk,/medicines/Norit Box 50s.webp,True,"[""otc"",""indonesia"",""chatbot-ready""]"
164,Dulcolax Tablet 5 mg,Pencernaan & Diare,22000.0,415,Bisacodyl 5mg,Sembelit; Gejala: susah bab; sembelit; pencahar,Sesuai aturan pakai pada kemasan. Gunakan sesuai petunjuk pada kemasan. Jika sakit berlanjut hubungi dokter.,Bisacodyl 5mg,Sembelit; susah bab; sembelit; pencahar; Gunakan sesuai petunjuk pada kemasan. Jika sakit berlanjut hubungi dokter.,"Kram perut, diare",2026-12-31,Tablet,/medicines/Dulcolax Tablet 5 mg.webp,True,"[""otc"",""indonesia"",""chatbot-ready""]"
165,Dulcolax Suppositoria 10mg,Pencernaan & Diare,35000.0,408,Bisacodyl 10mg,Sembelit dengan suppositoria dewasa; Gejala: sembelit berat; suppositoria dewasa,Sesuai aturan pakai pada kemasan. Gunakan sesuai petunjuk pada kemasan. Jika sakit berlanjut hubungi dokter.,Bisacodyl 10mg,Sembelit dengan suppositoria dewasa; sembelit berat; suppositoria dewasa; Gunakan sesuai petunjuk pada kemasan. Jika sakit berlanjut hubungi dokter.,Kram perut,2028-12-31,Produk,/medicines/Dulcolax Suppositoria 10mg.webp,True,"[""otc"",""indonesia"",""chatbot-ready""]"
166,Dulcolax Anak Suppositoria 5mg,Pencernaan & Diare,30000.0,230,Bisacodyl 5mg,Sembelit anak dengan suppositoria; Gejala: sembelit anak; suppositoria anak,Sesuai aturan pakai pada kemasan. Gunakan sesuai petunjuk pada kemasan. Jika sakit berlanjut hubungi dokter.,Bisacodyl 5mg,Sembelit anak dengan suppositoria; sembelit anak; suppositoria anak; Gunakan sesuai petunjuk pada kemasan. Jika sakit berlanjut hubungi dokter.,Kram perut,2028-12-31,Produk,/medicines/Dulcolax Anak Suppositoria 5mg.webp,True,"[""otc"",""indonesia"",""chatbot-ready""]"
167,Dulcolax Botol 120ml,Pencernaan & Diare,35000.0,459,Bisacodyl 5mg/5ml sirup,Sembelit sirup; Gejala: sembelit sirup; susah bab sirup,Sesuai aturan pakai pada kemasan. Gunakan sesuai petunjuk pada kemasan. Jika sakit berlanjut hubungi dokter.,Bisacodyl 5mg/5ml sirup,Sembelit sirup; sembelit sirup; susah bab sirup; Gunakan sesuai petunjuk pada kemasan. Jika sakit berlanjut hubungi dokter.,"Kram perut, mual",2029-01-15,Produk,/medicines/Dulcolax Botol 120ml.webp,True,"[""otc"",""indonesia"",""chatbot-ready""]"
168,Microlax Tube 5ml,Pencernaan & Diare,28000.0,112,"Na Lauryl Sulfoacetate, Sorbitol",Sembelit segera cair; Gejala: bab keras; sembelit parah; pencahar instan,Sesuai aturan pakai pada kemasan. Gunakan sesuai petunjuk pada kemasan. Jika sakit berlanjut hubungi dokter.,"Na Lauryl Sulfoacetate, Sorbitol",Sembelit segera cair; bab keras; sembelit parah; pencahar instan; Gunakan sesuai petunjuk pada kemasan. Jika sakit berlanjut hubungi dokter.,Ketidaknyamanan anus,2029-01-15,Produk,/medicines/Microlax Tube 5ml.webp,True,"[""otc"",""indonesia"",""chatbot-ready""]"
169,Oralit Sachet,Pencernaan & Diare,1000.0,211,"Glukosa 20g, NaCl 3.5g, KCl 1.5g, NaHCO3 2.5g",Rehidrasi saat diare; Gejala: dehidrasi diare; oralit; cairan tubuh,Sesuai aturan pakai pada kemasan. Gunakan sesuai petunjuk pada kemasan. Jika sakit berlanjut hubungi dokter.,"Glukosa 20g, NaCl 3.5g, KCl 1.5g, NaHCO3 2.5g",Rehidrasi saat diare; dehidrasi diare; oralit; cairan tubuh; Gunakan sesuai petunjuk pada kemasan. Jika sakit berlanjut hubungi dokter.,Mual bila terlalu cepat,2027-06-30,Sachet,/medicines/Oralit Sachet.webp,True,"[""otc"",""indonesia"",""chatbot-ready""]"
170,Lodia Tablet,Pencernaan & Diare,25000.0,151,Loperamide HCl 2mg,Diare akut menghentikan segera; Gejala: diare akut parah; diare air,Sesuai aturan pakai pada kemasan. Gunakan sesuai petunjuk pada kemasan. Jika sakit berlanjut hubungi dokter.,Loperamide HCl 2mg,Diare akut menghentikan segera; diare akut parah; diare air; Gunakan sesuai petunjuk pada kemasan. Jika sakit berlanjut hubungi dokter.,"Sembelit, pusing",2028-03-15,Tablet,/medicines/Lodia Tablet.webp,True,"[""otc"",""indonesia"",""chatbot-ready""]"
171,Lodia Box 100s,Pencernaan & Diare,180000.0,61,Loperamide HCl 2mg,Diare akut stok besar; Gejala: diare akut stok,Sesuai aturan pakai pada kemasan. Gunakan sesuai petunjuk pada kemasan. Jika sakit berlanjut hubungi dokter.,Loperamide HCl 2mg,Diare akut stok besar; diare akut stok; Gunakan sesuai petunjuk pada kemasan. Jika sakit berlanjut hubungi dokter.,Sembelit,2028-12-31,Produk,/medicines/Lodia Box 100s.webp,True,"[""otc"",""indonesia"",""chatbot-ready""]"
172,Lacto-B Sachet,Pencernaan & Diare,8000.0,365,"Lactobacillus acidophilus, L. bulgaricus, Streptococcus thermophilus",Diare anak + probiotik; Gejala: probiotik diare; mencret anak; flora usus,Sesuai aturan pakai pada kemasan. Gunakan sesuai petunjuk pada kemasan. Jika sakit berlanjut hubungi dokter.,"Lactobacillus acidophilus, L. bulgaricus, Streptococcus thermophilus",Diare anak + probiotik; probiotik diare; mencret anak; flora usus; Gunakan sesuai petunjuk pada kemasan. Jika sakit berlanjut hubungi dokter.,Jarang,2027-06-30,Sachet,/medicines/Lacto-B Sachet.webp,True,"[""otc"",""indonesia"",""chatbot-ready""]"
173,Liprolac Sachet,Pencernaan & Diare,9000.0,243,Multi-strain probiotik,Kesehatan pencernaan; Gejala: probiotik; pencernaan sehat,Sesuai aturan pakai pada kemasan. Gunakan sesuai petunjuk pada kemasan. Jika sakit berlanjut hubungi dokter.,Multi-strain probiotik,Kesehatan pencernaan; probiotik; pencernaan sehat; Gunakan sesuai petunjuk pada kemasan. Jika sakit berlanjut hubungi dokter.,Jarang,2026-12-31,Sachet,/medicines/Liprolac Sachet.webp,True,"[""otc"",""indonesia"",""chatbot-ready""]"
174,Liprolac Baby Drops,Pencernaan & Diare,150000.0,56,Multi-strain probiotik drops,Pencernaan bayi sehat; Gejala: probiotik bayi; kolik bayi,Sesuai aturan pakai pada kemasan. Gunakan sesuai petunjuk pada kemasan. Jika sakit berlanjut hubungi dokter.,Multi-strain probiotik drops,Pencernaan bayi sehat; probiotik bayi; kolik bayi; Gunakan sesuai petunjuk pada kemasan. Jika sakit berlanjut hubungi dokter.,Jarang,2029-01-15,Tetes,/medicines/Liprolac Baby Drops.webp,True,"[""otc"",""indonesia"",""chatbot-ready""]"
175,Liprolac Botol 30ml,Pencernaan & Diare,45000.0,280,Multi-strain probiotik sirup,Pencernaan anak; Gejala: probiotik anak,Sesuai aturan pakai pada kemasan. Gunakan sesuai petunjuk pada kemasan. Jika sakit berlanjut hubungi dokter.,Multi-strain probiotik sirup,Pencernaan anak; probiotik anak; Gunakan sesuai petunjuk pada kemasan. Jika sakit berlanjut hubungi dokter.,Jarang,2029-01-15,Produk,/medicines/Liprolac Botol 30ml.webp,True,"[""otc"",""indonesia"",""chatbot-ready""]"
176,Liprolac Botol 120ml,Pencernaan & Diare,85000.0,54,Multi-strain probiotik sirup besar,Pencernaan keluarga; Gejala: probiotik keluarga,Sesuai aturan pakai pada kemasan. Gunakan sesuai petunjuk pada kemasan. Jika sakit berlanjut hubungi dokter.,Multi-strain probiotik sirup besar,Pencernaan keluarga; probiotik keluarga; Gunakan sesuai petunjuk pada kemasan. Jika sakit berlanjut hubungi dokter.,Jarang,2028-03-15,Produk,/medicines/Liprolac Botol 120ml.webp,True,"[""otc"",""indonesia"",""chatbot-ready""]"
177,Plantago Ovata Granul,Pencernaan & Diare,45000.0,448,Psyllium Husk,Sembelit kronis dan melancarkan BAB; Gejala: sembelit kronis; konstipasi; BAB tidak lancar,Sesuai aturan pakai pada kemasan. Gunakan sesuai petunjuk pada kemasan. Jika sakit berlanjut hubungi dokter.,Psyllium Husk,Sembelit kronis dan melancarkan BAB; sembelit kronis; konstipasi; BAB tidak lancar; Gunakan sesuai petunjuk pada kemasan. Jika sakit berlanjut hubungi dokter.,Kembung sementara,2028-12-31,Produk,https://placehold.co/400x300/f8fafc/f59e0b?text=Plantago+Ovata+Granul,True,"[""otc"",""indonesia"",""chatbot-ready""]"
178,Biolysin Sirup,Pencernaan & Diare,38000.0,412,"Lysine, Vitamin B Kompleks, Zinc",Nafsu makan anak; Gejala: nafsu makan anak; anak susah makan,Sesuai aturan pakai pada kemasan. Gunakan sesuai petunjuk pada kemasan. Jika sakit berlanjut hubungi dokter.,"Lysine, Vitamin B Kompleks, Zinc",Nafsu makan anak; nafsu makan anak; anak susah makan; Gunakan sesuai petunjuk pada kemasan. Jika sakit berlanjut hubungi dokter.,Jarang,2028-03-15,Sirup,https://placehold.co/400x300/f8fafc/f59e0b?text=Biolysin+Sirup,True,"[""otc"",""indonesia"",""chatbot-ready""]"
179,Curcuma Plus Sirup,Pencernaan & Diare,45000.0,173,"Curcuma Xanthorrhiza, Vitamin, Zinc","Nafsu makan kurang, pencernaan; Gejala: nafsu makan; anak kurus; curcuma",Sesuai aturan pakai pada kemasan. Gunakan sesuai petunjuk pada kemasan. Jika sakit berlanjut hubungi dokter.,"Curcuma Xanthorrhiza, Vitamin, Zinc","Nafsu makan kurang, pencernaan; nafsu makan; anak kurus; curcuma; Gunakan sesuai petunjuk pada kemasan. Jika sakit berlanjut hubungi dokter.",Jarang,2028-03-15,Sirup,https://placehold.co/400x300/f8fafc/f59e0b?text=Curcuma+Plus+Sirup,True,"[""otc"",""indonesia"",""chatbot-ready""]"
180,Scott's Emulsion,Pencernaan & Diare,55000.0,68,"Cod Liver Oil, Calcium, Vitamin A & D","Nafsu makan, daya tahan, pertumbuhan; Gejala: minyak ikan; nafsu makan; vitamin ad",Sesuai aturan pakai pada kemasan. Gunakan sesuai petunjuk pada kemasan. Jika sakit berlanjut hubungi dokter.,"Cod Liver Oil, Calcium, Vitamin A & D","Nafsu makan, daya tahan, pertumbuhan; minyak ikan; nafsu makan; vitamin ad; Gunakan sesuai petunjuk pada kemasan. Jika sakit berlanjut hubungi dokter.",Mual bila berlebih,2027-06-30,Produk,https://placehold.co/400x300/f8fafc/f59e0b?text=Scott's+Emulsion,True,"[""otc"",""indonesia"",""chatbot-ready""]"
181,Noprovit Sirup,Pencernaan & Diare,35000.0,380,"Zinc, Vitamin B1, B6, B12",Nafsu makan anak; Gejala: nafsu makan anak; zinc,Sesuai aturan pakai pada kemasan. Gunakan sesuai petunjuk pada kemasan. Jika sakit berlanjut hubungi dokter.,"Zinc, Vitamin B1, B6, B12",Nafsu makan anak; nafsu makan anak; zinc; Gunakan sesuai petunjuk pada kemasan. Jika sakit berlanjut hubungi dokter.,Jarang,2029-01-15,Sirup,https://placehold.co/400x300/f8fafc/f59e0b?text=Noprovit+Sirup,True,"[""otc"",""indonesia"",""chatbot-ready""]"
182,Enervon C Strip 4s,Vitamin & Suplemen,5000.0,373,"Vitamin C 500mg, Vitamin B Kompleks",Daya tahan tubuh; Gejala: imun; vitamin c; capek,Sesuai aturan pakai pada kemasan. Gunakan sesuai petunjuk pada kemasan. Jika sakit berlanjut hubungi dokter.,"Vitamin C 500mg, Vitamin B Kompleks",Daya tahan tubuh; imun; vitamin c; capek; Gunakan sesuai petunjuk pada kemasan. Jika sakit berlanjut hubungi dokter.,Urin kuning cerah,2029-01-15,Produk,/medicines/Enervon C Strip 4s.webp,True,"[""otc"",""indonesia"",""chatbot-ready""]"
183,Enervon C Effervescent,Vitamin & Suplemen,35000.0,497,"Vitamin C 1000mg, Vitamin B Kompleks effervescent",Daya tahan dan energi; Gejala: imun effervescent; vitamin c tinggi,Sesuai aturan pakai pada kemasan. Gunakan sesuai petunjuk pada kemasan. Jika sakit berlanjut hubungi dokter.,"Vitamin C 1000mg, Vitamin B Kompleks effervescent",Daya tahan dan energi; imun effervescent; vitamin c tinggi; Gunakan sesuai petunjuk pada kemasan. Jika sakit berlanjut hubungi dokter.,Kembung,2028-03-15,Produk,/medicines/Enervon C Effervescent.webp,True,"[""otc"",""indonesia"",""chatbot-ready""]"
184,Enervon C Plus Sirup,Vitamin & Suplemen,25000.0,444,"Vitamin C 100mg, Vitamin B Kompleks sirup",Daya tahan anak; Gejala: vitamin c anak; imun anak,Sesuai aturan pakai pada kemasan. Gunakan sesuai petunjuk pada kemasan. Jika sakit berlanjut hubungi dokter.,"Vitamin C 100mg, Vitamin B Kompleks sirup",Daya tahan anak; vitamin c anak; imun anak; Gunakan sesuai petunjuk pada kemasan. Jika sakit berlanjut hubungi dokter.,Urin kuning,2026-12-31,Sirup,/medicines/Enervon C Plus Sirup.webp,True,"[""otc"",""indonesia"",""chatbot-ready""]"
185,Vitacimin Lemon Strip,Vitamin & Suplemen,2500.0,133,Vitamin C 500mg hisap rasa lemon,Suplemen Vitamin C hisap; Gejala: vitamin hisap; sariawan; vitamin c,Sesuai aturan pakai pada kemasan. Gunakan sesuai petunjuk pada kemasan. Jika sakit berlanjut hubungi dokter.,Vitamin C 500mg hisap rasa lemon,Suplemen Vitamin C hisap; vitamin hisap; sariawan; vitamin c; Gunakan sesuai petunjuk pada kemasan. Jika sakit berlanjut hubungi dokter.,Nyeri lambung,2028-12-31,Produk,/medicines/Vitacimin Lemon Strip.webp,True,"[""otc"",""indonesia"",""chatbot-ready""]"
186,Vitacimin Sweet Orange Strip,Vitamin & Suplemen,2500.0,411,Vitamin C 500mg hisap rasa jeruk,Suplemen Vitamin C hisap; Gejala: vitamin hisap; jeruk,Sesuai aturan pakai pada kemasan. Gunakan sesuai petunjuk pada kemasan. Jika sakit berlanjut hubungi dokter.,Vitamin C 500mg hisap rasa jeruk,Suplemen Vitamin C hisap; vitamin hisap; jeruk; Gunakan sesuai petunjuk pada kemasan. Jika sakit berlanjut hubungi dokter.,Nyeri lambung,2026-12-31,Produk,/medicines/Vitacimin Sweet Orange Strip.webp,True,"[""otc"",""indonesia"",""chatbot-ready""]"
187,Vitacimin Blueberry Strip,Vitamin & Suplemen,2500.0,119,Vitamin C 500mg hisap rasa blueberry,Suplemen Vitamin C hisap; Gejala: vitamin hisap; blueberry,Sesuai aturan pakai pada kemasan. Gunakan sesuai petunjuk pada kemasan. Jika sakit berlanjut hubungi dokter.,Vitamin C 500mg hisap rasa blueberry,Suplemen Vitamin C hisap; vitamin hisap; blueberry; Gunakan sesuai petunjuk pada kemasan. Jika sakit berlanjut hubungi dokter.,Nyeri lambung,2026-12-31,Produk,/medicines/Vitacimin Blueberry Strip.webp,True,"[""otc"",""indonesia"",""chatbot-ready""]"
188,Vitacimin Box 100s,Vitamin & Suplemen,65000.0,59,Vitamin C 500mg hisap,Vitamin C stok besar; Gejala: vitamin c stok besar,Sesuai aturan pakai pada kemasan. Gunakan sesuai petunjuk pada kemasan. Jika sakit berlanjut hubungi dokter.,Vitamin C 500mg hisap,Vitamin C stok besar; vitamin c stok besar; Gunakan sesuai petunjuk pada kemasan. Jika sakit berlanjut hubungi dokter.,Nyeri lambung,2027-06-30,Produk,/medicines/Vitacimin Box 100s.webp,True,"[""otc"",""indonesia"",""chatbot-ready""]"
189,Vicee Strawberry Strip,Vitamin & Suplemen,2000.0,213,Vitamin C 500mg rasa stroberi,Suplemen Vitamin C; Gejala: vitamin c stroberi; imun,Sesuai aturan pakai pada kemasan. Gunakan sesuai petunjuk pada kemasan. Jika sakit berlanjut hubungi dokter.,Vitamin C 500mg rasa stroberi,Suplemen Vitamin C; vitamin c stroberi; imun; Gunakan sesuai petunjuk pada kemasan. Jika sakit berlanjut hubungi dokter.,Nyeri lambung,2027-06-30,Produk,/medicines/Vicee Strawberry Strip.webp,True,"[""otc"",""indonesia"",""chatbot-ready""]"
190,Vicee Orange Strip,Vitamin & Suplemen,2000.0,277,Vitamin C 500mg rasa jeruk,Suplemen Vitamin C; Gejala: vitamin c jeruk; imun,Sesuai aturan pakai pada kemasan. Gunakan sesuai petunjuk pada kemasan. Jika sakit berlanjut hubungi dokter.,Vitamin C 500mg rasa jeruk,Suplemen Vitamin C; vitamin c jeruk; imun; Gunakan sesuai petunjuk pada kemasan. Jika sakit berlanjut hubungi dokter.,Nyeri lambung,2029-01-15,Produk,/medicines/Vicee Orange Strip.webp,True,"[""otc"",""indonesia"",""chatbot-ready""]"
191,Imboost Strip 4s,Vitamin & Suplemen,20000.0,289,"Echinacea purpurea 250mg, Zinc 10mg, Vitamin C",Meningkatkan imun tubuh; Gejala: sistem imun; cegah sakit; echinacea,Sesuai aturan pakai pada kemasan. Gunakan sesuai petunjuk pada kemasan. Jika sakit berlanjut hubungi dokter.,"Echinacea purpurea 250mg, Zinc 10mg, Vitamin C",Meningkatkan imun tubuh; sistem imun; cegah sakit; echinacea; Gunakan sesuai petunjuk pada kemasan. Jika sakit berlanjut hubungi dokter.,Alergi (jarang),2029-01-15,Produk,/medicines/Imboost Strip 4s.webp,True,"[""otc"",""indonesia"",""chatbot-ready""]"
192,Imboost Force Tablet,Vitamin & Suplemen,65000.0,58,"Echinacea, Zinc, Vitamin C, Elderberry",Imun booster tingkat lanjut; Gejala: imun booster; elderberry,Sesuai aturan pakai pada kemasan. Gunakan sesuai petunjuk pada kemasan. Jika sakit berlanjut hubungi dokter.,"Echinacea, Zinc, Vitamin C, Elderberry",Imun booster tingkat lanjut; imun booster; elderberry; Gunakan sesuai petunjuk pada kemasan. Jika sakit berlanjut hubungi dokter.,Alergi jarang,2028-12-31,Tablet,/medicines/Imboost Force Tablet.webp,True,"[""otc"",""indonesia"",""chatbot-ready""]"
193,Imboost Kids Sirup,Vitamin & Suplemen,40000.0,274,"Echinacea, Zinc, Vitamin C sirup anak",Imun anak sering sakit; Gejala: imun anak; anak sering sakit,Sesuai aturan pakai pada kemasan. Gunakan sesuai petunjuk pada kemasan. Jika sakit berlanjut hubungi dokter.,"Echinacea, Zinc, Vitamin C sirup anak",Imun anak sering sakit; imun anak; anak sering sakit; Gunakan sesuai petunjuk pada kemasan. Jika sakit berlanjut hubungi dokter.,Jarang,2029-01-15,Sirup,/medicines/Imboost Kids Sirup.webp,True,"[""otc"",""indonesia"",""chatbot-ready""]"
194,Imboost Extra Vitamin C,Vitamin & Suplemen,45000.0,122,"Echinacea, Zinc, Vitamin C 1000mg",Imun dan vitamin C ekstra; Gejala: imun vitamin c tinggi,Sesuai aturan pakai pada kemasan. Gunakan sesuai petunjuk pada kemasan. Jika sakit berlanjut hubungi dokter.,"Echinacea, Zinc, Vitamin C 1000mg",Imun dan vitamin C ekstra; imun vitamin c tinggi; Gunakan sesuai petunjuk pada kemasan. Jika sakit berlanjut hubungi dokter.,Nyeri lambung,2029-01-15,Produk,/medicines/Imboost Extra Vitamin C.webp,True,"[""otc"",""indonesia"",""chatbot-ready""]"
195,Stimuno Forte Kapsul,Vitamin & Suplemen,35000.0,351,Phyllanthus niruri 50mg,Imunomodulator fitofarmaka; Gejala: imunomodulator; gampang sakit; daya tahan,Sesuai aturan pakai pada kemasan. Gunakan sesuai petunjuk pada kemasan. Jika sakit berlanjut hubungi dokter.,Phyllanthus niruri 50mg,Imunomodulator fitofarmaka; imunomodulator; gampang sakit; daya tahan; Gunakan sesuai petunjuk pada kemasan. Jika sakit berlanjut hubungi dokter.,Jarang,2028-03-15,Kapsul,/medicines/Stimuno Forte Kapsul.webp,True,"[""otc"",""indonesia"",""chatbot-ready""]"
196,Stimuno Sirup Anggur,Vitamin & Suplemen,32000.0,374,Phyllanthus niruri sirup rasa anggur,Daya tahan anak; Gejala: imun anak anggur,Sesuai aturan pakai pada kemasan. Gunakan sesuai petunjuk pada kemasan. Jika sakit berlanjut hubungi dokter.,Phyllanthus niruri sirup rasa anggur,Daya tahan anak; imun anak anggur; Gunakan sesuai petunjuk pada kemasan. Jika sakit berlanjut hubungi dokter.,Jarang,2026-12-31,Sirup,/medicines/Stimuno Sirup Anggur.webp,True,"[""otc"",""indonesia"",""chatbot-ready""]"
197,Stimuno Sirup Jeruk,Vitamin & Suplemen,32000.0,356,Phyllanthus niruri sirup rasa jeruk,Daya tahan anak; Gejala: imun anak jeruk,Sesuai aturan pakai pada kemasan. Gunakan sesuai petunjuk pada kemasan. Jika sakit berlanjut hubungi dokter.,Phyllanthus niruri sirup rasa jeruk,Daya tahan anak; imun anak jeruk; Gunakan sesuai petunjuk pada kemasan. Jika sakit berlanjut hubungi dokter.,Jarang,2029-01-15,Sirup,/medicines/Stimuno Sirup Jeruk.webp,True,"[""otc"",""indonesia"",""chatbot-ready""]"
198,CDR Tube 10 Tablet,Vitamin & Suplemen,48000.0,192,"Calcium 500mg, Vitamin C, D3, B6 effervescent",Kesehatan tulang dan imun; Gejala: kalsium; tulang kuat; imun,Sesuai aturan pakai pada kemasan. Gunakan sesuai petunjuk pada kemasan. Jika sakit berlanjut hubungi dokter.,"Calcium 500mg, Vitamin C, D3, B6 effervescent",Kesehatan tulang dan imun; kalsium; tulang kuat; imun; Gunakan sesuai petunjuk pada kemasan. Jika sakit berlanjut hubungi dokter.,Kembung,2026-12-31,Tablet,/medicines/CDR Tube 10 Tablet.webp,True,"[""otc"",""indonesia"",""chatbot-ready""]"
199,CDR Tube 15 Tablet,Vitamin & Suplemen,68000.0,31,"Calcium 500mg, Vitamin C, D3, B6 effervescent isi 15",Kesehatan tulang besar; Gejala: kalsium; tulang; osteoporosis,Sesuai aturan pakai pada kemasan. Gunakan sesuai petunjuk pada kemasan. Jika sakit berlanjut hubungi dokter.,"Calcium 500mg, Vitamin C, D3, B6 effervescent isi 15",Kesehatan tulang besar; kalsium; tulang; osteoporosis; Gunakan sesuai petunjuk pada kemasan. Jika sakit berlanjut hubungi dokter.,Kembung,2028-03-15,Tablet,/medicines/CDR Tube 15 Tablet.webp,True,"[""otc"",""indonesia"",""chatbot-ready""]"
200,CDR Strip 4s,Vitamin & Suplemen,15000.0,197,"Calcium, Vitamin C, D3 effervescent mini",Kalsium praktis; Gejala: kalsium strip; tulang,Sesuai aturan pakai pada kemasan. Gunakan sesuai petunjuk pada kemasan. Jika sakit berlanjut hubungi dokter.,"Calcium, Vitamin C, D3 effervescent mini",Kalsium praktis; kalsium strip; tulang; Gunakan sesuai petunjuk pada kemasan. Jika sakit berlanjut hubungi dokter.,Kembung,2028-03-15,Produk,/medicines/CDR Strip 4s.webp,True,"[""otc"",""indonesia"",""chatbot-ready""]"
201,Redoxon Triple Action 10s,Vitamin & Suplemen,52000.0,71,"Vitamin C 1000mg, Zinc 10mg, Vitamin D3 400IU",Daya tahan tubuh tiga arah; Gejala: vitamin c triple; imun tinggi,Sesuai aturan pakai pada kemasan. Gunakan sesuai petunjuk pada kemasan. Jika sakit berlanjut hubungi dokter.,"Vitamin C 1000mg, Zinc 10mg, Vitamin D3 400IU",Daya tahan tubuh tiga arah; vitamin c triple; imun tinggi; Gunakan sesuai petunjuk pada kemasan. Jika sakit berlanjut hubungi dokter.,Nyeri lambung,2028-12-31,Produk,/medicines/Redoxon Triple Action 10s.webp,True,"[""otc"",""indonesia"",""chatbot-ready""]"
202,Redoxon Zinc 10s,Vitamin & Suplemen,45000.0,328,"Zinc 10mg, Vitamin C 1000mg effervescent",Imun dan penyembuhan luka; Gejala: zinc imun; penyembuhan luka,Sesuai aturan pakai pada kemasan. Gunakan sesuai petunjuk pada kemasan. Jika sakit berlanjut hubungi dokter.,"Zinc 10mg, Vitamin C 1000mg effervescent",Imun dan penyembuhan luka; zinc imun; penyembuhan luka; Gunakan sesuai petunjuk pada kemasan. Jika sakit berlanjut hubungi dokter.,Nyeri lambung,2028-12-31,Produk,/medicines/Redoxon Zinc 10s.webp,True,"[""otc"",""indonesia"",""chatbot-ready""]"
203,Redoxon Kids Gummy,Vitamin & Suplemen,35000.0,389,"Vitamin C, D, Zinc gummy anak",Suplemen imun anak yang menyenangkan; Gejala: vitamin gummy anak; imun anak menyenangkan,Sesuai aturan pakai pada kemasan. Gunakan sesuai petunjuk pada kemasan. Jika sakit berlanjut hubungi dokter.,"Vitamin C, D, Zinc gummy anak",Suplemen imun anak yang menyenangkan; vitamin gummy anak; imun anak menyenangkan; Gunakan sesuai petunjuk pada kemasan. Jika sakit berlanjut hubungi dokter.,Jarang,2026-12-31,Produk,/medicines/Redoxon Kids Gummy.webp,True,"[""otc"",""indonesia"",""chatbot-ready""]"
204,Fatigon Putih Tablet,Vitamin & Suplemen,7000.0,300,"Vitamin B1, B6, B12, E",Mengatasi kelelahan dan capek; Gejala: capek; kelelahan; pegal linu,Sesuai aturan pakai pada kemasan. Gunakan sesuai petunjuk pada kemasan. Jika sakit berlanjut hubungi dokter.,"Vitamin B1, B6, B12, E",Mengatasi kelelahan dan capek; capek; kelelahan; pegal linu; Gunakan sesuai petunjuk pada kemasan. Jika sakit berlanjut hubungi dokter.,Jarang,2028-03-15,Tablet,/medicines/Fatigon Putih Tablet.webp,True,"[""otc"",""indonesia"",""chatbot-ready""]"
205,Fatigon Spirit Tablet,Vitamin & Suplemen,8500.0,267,"Vitamin B Kompleks, Ginseng",Capek dan kurang tenaga; Gejala: capek; kurang tenaga; ginseng,Sesuai aturan pakai pada kemasan. Gunakan sesuai petunjuk pada kemasan. Jika sakit berlanjut hubungi dokter.,"Vitamin B Kompleks, Ginseng",Capek dan kurang tenaga; capek; kurang tenaga; ginseng; Gunakan sesuai petunjuk pada kemasan. Jika sakit berlanjut hubungi dokter.,Insomnia ringan,2029-01-15,Tablet,/medicines/Fatigon Spirit Tablet.webp,True,"[""otc"",""indonesia"",""chatbot-ready""]"
206,Fatigon Promuno,Vitamin & Suplemen,15000.0,125,"Echinacea, Vitamin C, Zinc",Imun dan pemulihan dari sakit; Gejala: pemulihan sakit; imun,Sesuai aturan pakai pada kemasan. Gunakan sesuai petunjuk pada kemasan. Jika sakit berlanjut hubungi dokter.,"Echinacea, Vitamin C, Zinc",Imun dan pemulihan dari sakit; pemulihan sakit; imun; Gunakan sesuai petunjuk pada kemasan. Jika sakit berlanjut hubungi dokter.,Jarang,2026-12-31,Produk,/medicines/Fatigon Promuno.webp,True,"[""otc"",""indonesia"",""chatbot-ready""]"
207,Fatigon Strip 4s,Vitamin & Suplemen,5000.0,368,"Vitamin B Kompleks, Vitamin E",Capek strip praktis; Gejala: capek strip; vitamin b,Sesuai aturan pakai pada kemasan. Gunakan sesuai petunjuk pada kemasan. Jika sakit berlanjut hubungi dokter.,"Vitamin B Kompleks, Vitamin E",Capek strip praktis; capek strip; vitamin b; Gunakan sesuai petunjuk pada kemasan. Jika sakit berlanjut hubungi dokter.,Jarang,2029-01-15,Produk,/medicines/Fatigon Strip 4s.webp,True,"[""otc"",""indonesia"",""chatbot-ready""]"
208,Renovit Multivitamin Strip,Vitamin & Suplemen,15000.0,423,"12 Vitamin, 13 Mineral",Kebutuhan vitamin harian lengkap; Gejala: multivitamin; vitamin lengkap,Sesuai aturan pakai pada kemasan. Gunakan sesuai petunjuk pada kemasan. Jika sakit berlanjut hubungi dokter.,"12 Vitamin, 13 Mineral",Kebutuhan vitamin harian lengkap; multivitamin; vitamin lengkap; Gunakan sesuai petunjuk pada kemasan. Jika sakit berlanjut hubungi dokter.,Jarang,2026-12-31,Produk,/medicines/Renovit Multivitamin Strip.webp,True,"[""otc"",""indonesia"",""chatbot-ready""]"
209,Renovit Gold Strip,Vitamin & Suplemen,18000.0,320,"12 Vitamin, 13 Mineral + Ginseng",Multivitamin premium; Gejala: multivitamin premium; ginseng,Sesuai aturan pakai pada kemasan. Gunakan sesuai petunjuk pada kemasan. Jika sakit berlanjut hubungi dokter.,"12 Vitamin, 13 Mineral + Ginseng",Multivitamin premium; multivitamin premium; ginseng; Gunakan sesuai petunjuk pada kemasan. Jika sakit berlanjut hubungi dokter.,Insomnia ringan,2028-12-31,Produk,/medicines/Renovit Gold Strip.webp,True,"[""otc"",""indonesia"",""chatbot-ready""]"
210,Renovit Sachet 5ml,Vitamin & Suplemen,8000.0,146,Multivitamin cair sachet,Vitamin harian praktis; Gejala: vitamin sachet; vitamin cair,Sesuai aturan pakai pada kemasan. Gunakan sesuai petunjuk pada kemasan. Jika sakit berlanjut hubungi dokter.,Multivitamin cair sachet,Vitamin harian praktis; vitamin sachet; vitamin cair; Gunakan sesuai petunjuk pada kemasan. Jika sakit berlanjut hubungi dokter.,Jarang,2027-06-30,Sachet,/medicines/Renovit Sachet 5ml.webp,True,"[""otc"",""indonesia"",""chatbot-ready""]"
211,Sangobion Kapsul Strip,Vitamin & Suplemen,18000.0,140,"Ferrous Gluconate 250mg, Folic Acid, Vit B12, Vit C",Anemia kurang zat besi; Gejala: kurang darah; anemia; pusing pucat,Sesuai aturan pakai pada kemasan. Gunakan sesuai petunjuk pada kemasan. Jika sakit berlanjut hubungi dokter.,"Ferrous Gluconate 250mg, Folic Acid, Vit B12, Vit C",Anemia kurang zat besi; kurang darah; anemia; pusing pucat; Gunakan sesuai petunjuk pada kemasan. Jika sakit berlanjut hubungi dokter.,"Feses hitam, sembelit",2028-12-31,Kapsul,/medicines/Sangobion Kapsul Strip.webp,True,"[""otc"",""indonesia"",""chatbot-ready""]"
212,Sangobion Sirup,Vitamin & Suplemen,35000.0,341,"Ferrous Gluconate, Folic Acid, Vitamin B12 sirup",Anemia dan kurang darah; Gejala: kurang darah sirup; anemia sirup,Sesuai aturan pakai pada kemasan. Gunakan sesuai petunjuk pada kemasan. Jika sakit berlanjut hubungi dokter.,"Ferrous Gluconate, Folic Acid, Vitamin B12 sirup",Anemia dan kurang darah; kurang darah sirup; anemia sirup; Gunakan sesuai petunjuk pada kemasan. Jika sakit berlanjut hubungi dokter.,Feses hitam,2028-03-15,Sirup,/medicines/Sangobion Sirup.webp,True,"[""otc"",""indonesia"",""chatbot-ready""]"
213,Sangobion Kids Sirup,Vitamin & Suplemen,32000.0,413,"Ferrous Gluconate, Vit B12 sirup anak",Anemia anak; Gejala: anemia anak; kurang darah anak,Sesuai aturan pakai pada kemasan. Gunakan sesuai petunjuk pada kemasan. Jika sakit berlanjut hubungi dokter.,"Ferrous Gluconate, Vit B12 sirup anak",Anemia anak; anemia anak; kurang darah anak; Gunakan sesuai petunjuk pada kemasan. Jika sakit berlanjut hubungi dokter.,Feses hitam,2026-12-31,Sirup,/medicines/Sangobion Kids Sirup.webp,True,"[""otc"",""indonesia"",""chatbot-ready""]"
214,Sangobion Baby Drops,Vitamin & Suplemen,40000.0,482,Ferrous Gluconate drops bayi,Anemia bayi; Gejala: anemia bayi; zat besi bayi,Sesuai aturan pakai pada kemasan. Gunakan sesuai petunjuk pada kemasan. Jika sakit berlanjut hubungi dokter.,Ferrous Gluconate drops bayi,Anemia bayi; anemia bayi; zat besi bayi; Gunakan sesuai petunjuk pada kemasan. Jika sakit berlanjut hubungi dokter.,Feses hitam,2026-12-31,Tetes,/medicines/Sangobion Baby Drops.webp,True,"[""otc"",""indonesia"",""chatbot-ready""]"
215,Hemabion Kapsul Strip,Vitamin & Suplemen,16000.0,236,"Ferrous Fumarate, Asam Folat, Vit B12",Anemia ibu hamil; Gejala: tambah darah hamil; anemia ibu hamil,Sesuai aturan pakai pada kemasan. Gunakan sesuai petunjuk pada kemasan. Jika sakit berlanjut hubungi dokter.,"Ferrous Fumarate, Asam Folat, Vit B12",Anemia ibu hamil; tambah darah hamil; anemia ibu hamil; Gunakan sesuai petunjuk pada kemasan. Jika sakit berlanjut hubungi dokter.,"Mual, konstipasi",2027-06-30,Kapsul,/medicines/Hemabion Kapsul Strip.webp,True,"[""otc"",""indonesia"",""chatbot-ready""]"
216,Hemabion Strip 10s,Vitamin & Suplemen,22000.0,418,"Ferrous Fumarate, Asam Folat, Vit B12 strip 10s",Anemia dan kehamilan; Gejala: zat besi ibu hamil,Sesuai aturan pakai pada kemasan. Gunakan sesuai petunjuk pada kemasan. Jika sakit berlanjut hubungi dokter.,"Ferrous Fumarate, Asam Folat, Vit B12 strip 10s",Anemia dan kehamilan; zat besi ibu hamil; Gunakan sesuai petunjuk pada kemasan. Jika sakit berlanjut hubungi dokter.,Mual,2027-06-30,Produk,/medicines/Hemabion Strip 10s.webp,True,"[""otc"",""indonesia"",""chatbot-ready""]"
217,You C1000 Vitamin Orange Botol,Vitamin & Suplemen,8000.0,251,Vitamin C 1000mg minuman,Minuman vitamin C segar harian; Gejala: minuman vitamin c; segar,Sesuai aturan pakai pada kemasan. Gunakan sesuai petunjuk pada kemasan. Jika sakit berlanjut hubungi dokter.,Vitamin C 1000mg minuman,Minuman vitamin C segar harian; minuman vitamin c; segar; Gunakan sesuai petunjuk pada kemasan. Jika sakit berlanjut hubungi dokter.,Nyeri lambung,2026-12-31,Produk,/medicines/You C1000 Vitamin Orange Botol.webp,True,"[""otc"",""indonesia"",""chatbot-ready""]"
218,You C1000 Vitamin Lemon Botol,Vitamin & Suplemen,8000.0,458,Vitamin C 1000mg minuman rasa lemon,Vitamin C minum segar lemon; Gejala: vitamin c lemon; minuman vitamin,Sesuai aturan pakai pada kemasan. Gunakan sesuai petunjuk pada kemasan. Jika sakit berlanjut hubungi dokter.,Vitamin C 1000mg minuman rasa lemon,Vitamin C minum segar lemon; vitamin c lemon; minuman vitamin; Gunakan sesuai petunjuk pada kemasan. Jika sakit berlanjut hubungi dokter.,Nyeri lambung,2029-01-15,Produk,/medicines/You C1000 Vitamin Lemon Botol.webp,True,"[""otc"",""indonesia"",""chatbot-ready""]"
219,You C1000 Vitamin Lemon,Vitamin & Suplemen,6000.0,124,Vitamin C 1000mg tablet isap lemon,Vitamin C isap lemon; Gejala: vitamin c isap lemon,Sesuai aturan pakai pada kemasan. Gunakan sesuai petunjuk pada kemasan. Jika sakit berlanjut hubungi dokter.,Vitamin C 1000mg tablet isap lemon,Vitamin C isap lemon; vitamin c isap lemon; Gunakan sesuai petunjuk pada kemasan. Jika sakit berlanjut hubungi dokter.,Nyeri lambung,2028-12-31,Produk,/medicines/You C1000 Vitamin Lemon.webp,True,"[""otc"",""indonesia"",""chatbot-ready""]"
220,Bear Brand Susu Steril Kaleng 189ml,Vitamin & Suplemen,12000.0,185,100% Susu Sapi Murni Steril,"Pemulihan pasca sakit, tipes; Gejala: susu steril; tipes; pemulihan; bear brand",Sesuai aturan pakai pada kemasan. Gunakan sesuai petunjuk pada kemasan. Jika sakit berlanjut hubungi dokter.,100% Susu Sapi Murni Steril,"Pemulihan pasca sakit, tipes; susu steril; tipes; pemulihan; bear brand; Gunakan sesuai petunjuk pada kemasan. Jika sakit berlanjut hubungi dokter.",Alergi laktosa,2027-06-30,Produk,/medicines/Bear Brand Susu Steril Kaleng 189ml.webp,True,"[""otc"",""indonesia"",""chatbot-ready""]"
221,Tje Fuk Kapsul Gingseng,Vitamin & Suplemen,150000.0,38,Ginseng Extract 100mg,Stamina dan vitalitas; Gejala: stamina; ginseng; vitalitas,Sesuai aturan pakai pada kemasan. Gunakan sesuai petunjuk pada kemasan. Jika sakit berlanjut hubungi dokter.,Ginseng Extract 100mg,Stamina dan vitalitas; stamina; ginseng; vitalitas; Gunakan sesuai petunjuk pada kemasan. Jika sakit berlanjut hubungi dokter.,"Insomnia ringan, berdebar",2026-12-31,Kapsul,/medicines/Tje Fuk Kapsul Gingseng.webp,True,"[""otc"",""indonesia"",""chatbot-ready""]"
222,Blackmores Vitamin C 500mg,Vitamin & Suplemen,85000.0,65,Ascorbic Acid 500mg,Suplemen vitamin C paten premium; Gejala: vitamin c premium; imun,Sesuai aturan pakai pada kemasan. Gunakan sesuai petunjuk pada kemasan. Jika sakit berlanjut hubungi dokter.,Ascorbic Acid 500mg,Suplemen vitamin C paten premium; vitamin c premium; imun; Gunakan sesuai petunjuk pada kemasan. Jika sakit berlanjut hubungi dokter.,Nyeri lambung,2028-03-15,Produk,https://placehold.co/400x300/f8fafc/eab308?text=Blackmores+Vitamin+C+500mg,True,"[""otc"",""indonesia"",""chatbot-ready""]"
223,Nature-E Kapsul,Vitamin & Suplemen,35000.0,396,Vitamin E 100 IU,Antioksidan dan kesehatan kulit; Gejala: vitamin e; antioksidan; kulit sehat,Sesuai aturan pakai pada kemasan. Gunakan sesuai petunjuk pada kemasan. Jika sakit berlanjut hubungi dokter.,Vitamin E 100 IU,Antioksidan dan kesehatan kulit; vitamin e; antioksidan; kulit sehat; Gunakan sesuai petunjuk pada kemasan. Jika sakit berlanjut hubungi dokter.,Jarang,2029-01-15,Kapsul,https://placehold.co/400x300/f8fafc/eab308?text=Nature-E+Kapsul,True,"[""otc"",""indonesia"",""chatbot-ready""]"
224,Neurobion Forte Tablet,Vitamin & Suplemen,25000.0,331,"Vitamin B1 100mg, B6 200mg, B12 200mcg","Nyeri saraf, kesemutan, kekurangan vitamin B; Gejala: kesemutan; nyeri saraf; vitamin b",Sesuai aturan pakai pada kemasan. Gunakan sesuai petunjuk pada kemasan. Jika sakit berlanjut hubungi dokter.,"Vitamin B1 100mg, B6 200mg, B12 200mcg","Nyeri saraf, kesemutan, kekurangan vitamin B; kesemutan; nyeri saraf; vitamin b; Gunakan sesuai petunjuk pada kemasan. Jika sakit berlanjut hubungi dokter.",Jarang,2028-03-15,Tablet,https://placehold.co/400x300/f8fafc/eab308?text=Neurobion+Forte+Tablet,True,"[""otc"",""indonesia"",""chatbot-ready""]"
225,Heptasan Sirup,Vitamin & Suplemen,35000.0,182,"Cyproheptadine, Vitamin B Kompleks",Penambah nafsu makan; Gejala: nafsu makan; kurus; anak tidak mau makan,Sesuai aturan pakai pada kemasan. Gunakan sesuai petunjuk pada kemasan. Jika sakit berlanjut hubungi dokter.,"Cyproheptadine, Vitamin B Kompleks",Penambah nafsu makan; nafsu makan; kurus; anak tidak mau makan; Gunakan sesuai petunjuk pada kemasan. Jika sakit berlanjut hubungi dokter.,Sangat mengantuk,2026-12-31,Sirup,https://placehold.co/400x300/f8fafc/eab308?text=Heptasan+Sirup,True,"[""otc"",""indonesia"",""chatbot-ready""]"
226,Theragran-M Tablet,Vitamin & Suplemen,45000.0,348,Multivitamin + Mineral Lengkap,Kebutuhan vitamin mineral harian; Gejala: multivitamin; mineral; lengkap,Sesuai aturan pakai pada kemasan. Gunakan sesuai petunjuk pada kemasan. Jika sakit berlanjut hubungi dokter.,Multivitamin + Mineral Lengkap,Kebutuhan vitamin mineral harian; multivitamin; mineral; lengkap; Gunakan sesuai petunjuk pada kemasan. Jika sakit berlanjut hubungi dokter.,Jarang,2028-12-31,Tablet,https://placehold.co/400x300/f8fafc/eab308?text=Theragran-M+Tablet,True,"[""otc"",""indonesia"",""chatbot-ready""]"
227,Elkana Sirup,Vitamin & Suplemen,42000.0,219,"Lysine, Vitamin B Kompleks, Zinc sirup",Nafsu makan dan pertumbuhan anak; Gejala: nafsu makan anak; pertumbuhan anak,Sesuai aturan pakai pada kemasan. Gunakan sesuai petunjuk pada kemasan. Jika sakit berlanjut hubungi dokter.,"Lysine, Vitamin B Kompleks, Zinc sirup",Nafsu makan dan pertumbuhan anak; nafsu makan anak; pertumbuhan anak; Gunakan sesuai petunjuk pada kemasan. Jika sakit berlanjut hubungi dokter.,Jarang,2028-12-31,Sirup,https://placehold.co/400x300/f8fafc/eab308?text=Elkana+Sirup,True,"[""otc"",""indonesia"",""chatbot-ready""]"
228,Cetirizine Tablet 10mg,Alergi & Gatal,6000.0,207,Cetirizine HCl 10mg,"Alergi gatal, biduran, bersin alergi; Gejala: alergi; biduran; bersin debu",Sesuai aturan pakai pada kemasan. Gunakan sesuai petunjuk pada kemasan. Jika sakit berlanjut hubungi dokter.,Cetirizine HCl 10mg,"Alergi gatal, biduran, bersin alergi; alergi; biduran; bersin debu; Gunakan sesuai petunjuk pada kemasan. Jika sakit berlanjut hubungi dokter.",Mengantuk ringan,2029-01-15,Tablet,/medicines/Cetirizine Tablet 10mg.webp,True,"[""otc"",""indonesia"",""chatbot-ready""]"
229,Cetirizine Sirup 60ml,Alergi & Gatal,25000.0,169,Cetirizine HCl 2.5mg/5ml,Alergi anak; Gejala: alergi anak; biduran anak,Sesuai aturan pakai pada kemasan. Gunakan sesuai petunjuk pada kemasan. Jika sakit berlanjut hubungi dokter.,Cetirizine HCl 2.5mg/5ml,Alergi anak; alergi anak; biduran anak; Gunakan sesuai petunjuk pada kemasan. Jika sakit berlanjut hubungi dokter.,Mengantuk ringan,2028-12-31,Sirup,/medicines/Cetirizine Sirup 60ml.webp,True,"[""otc"",""indonesia"",""chatbot-ready""]"
230,Cetirizine Box 50s,Alergi & Gatal,45000.0,232,Cetirizine HCl 10mg,Alergi stok keluarga; Gejala: alergi stok; biduran,Sesuai aturan pakai pada kemasan. Gunakan sesuai petunjuk pada kemasan. Jika sakit berlanjut hubungi dokter.,Cetirizine HCl 10mg,Alergi stok keluarga; alergi stok; biduran; Gunakan sesuai petunjuk pada kemasan. Jika sakit berlanjut hubungi dokter.,Mengantuk ringan,2028-03-15,Produk,/medicines/Cetirizine Box 50s.webp,True,"[""otc"",""indonesia"",""chatbot-ready""]"
231,Loratadine Tablet 10mg,Alergi & Gatal,8000.0,362,Loratadine 10mg,Alergi tanpa mengantuk berat; Gejala: alergi kerja; biduran pagi,Sesuai aturan pakai pada kemasan. Gunakan sesuai petunjuk pada kemasan. Jika sakit berlanjut hubungi dokter.,Loratadine 10mg,Alergi tanpa mengantuk berat; alergi kerja; biduran pagi; Gunakan sesuai petunjuk pada kemasan. Jika sakit berlanjut hubungi dokter.,Mulut kering,2029-01-15,Tablet,/medicines/Loratadine Tablet 10mg.webp,True,"[""otc"",""indonesia"",""chatbot-ready""]"
232,Incidal-OD Kapsul,Alergi & Gatal,35000.0,378,Cetirizine HCl 10mg,Alergi paten sehari sekali; Gejala: alergi paten; gatal paten,Sesuai aturan pakai pada kemasan. Gunakan sesuai petunjuk pada kemasan. Jika sakit berlanjut hubungi dokter.,Cetirizine HCl 10mg,Alergi paten sehari sekali; alergi paten; gatal paten; Gunakan sesuai petunjuk pada kemasan. Jika sakit berlanjut hubungi dokter.,Mengantuk,2026-12-31,Kapsul,/medicines/Incidal-OD Kapsul.webp,True,"[""otc"",""indonesia"",""chatbot-ready""]"
233,Incidal-OD Sirup,Alergi & Gatal,55000.0,38,Cetirizine HCl sirup,Alergi anak paten; Gejala: alergi anak paten; biduran anak,Sesuai aturan pakai pada kemasan. Gunakan sesuai petunjuk pada kemasan. Jika sakit berlanjut hubungi dokter.,Cetirizine HCl sirup,Alergi anak paten; alergi anak paten; biduran anak; Gunakan sesuai petunjuk pada kemasan. Jika sakit berlanjut hubungi dokter.,Mengantuk,2028-12-31,Sirup,/medicines/Incidal-OD Sirup.webp,True,"[""otc"",""indonesia"",""chatbot-ready""]"
234,Incidal-OD Strip 10s,Alergi & Gatal,25000.0,397,Cetirizine HCl 10mg,Alergi paten strip; Gejala: alergi strip paten,Sesuai aturan pakai pada kemasan. Gunakan sesuai petunjuk pada kemasan. Jika sakit berlanjut hubungi dokter.,Cetirizine HCl 10mg,Alergi paten strip; alergi strip paten; Gunakan sesuai petunjuk pada kemasan. Jika sakit berlanjut hubungi dokter.,Mengantuk,2028-03-15,Produk,/medicines/Incidal-OD Strip 10s.webp,True,"[""otc"",""indonesia"",""chatbot-ready""]"
235,Alleron Tablet,Alergi & Gatal,3000.0,115,CTM (Chlorpheniramine Maleate) 4mg,Alergi gatal dan rhinitis murah; Gejala: alergi murah; gatal malam; CTM,Sesuai aturan pakai pada kemasan. Gunakan sesuai petunjuk pada kemasan. Jika sakit berlanjut hubungi dokter.,CTM (Chlorpheniramine Maleate) 4mg,Alergi gatal dan rhinitis murah; alergi murah; gatal malam; CTM; Gunakan sesuai petunjuk pada kemasan. Jika sakit berlanjut hubungi dokter.,Sangat mengantuk,2028-12-31,Tablet,/medicines/Alleron Tablet.webp,True,"[""otc"",""indonesia"",""chatbot-ready""]"
236,Alleron Botol 60ml,Alergi & Gatal,15000.0,471,CTM 2mg/5ml sirup,Alergi anak murah; Gejala: alergi anak murah,Sesuai aturan pakai pada kemasan. Gunakan sesuai petunjuk pada kemasan. Jika sakit berlanjut hubungi dokter.,CTM 2mg/5ml sirup,Alergi anak murah; alergi anak murah; Gunakan sesuai petunjuk pada kemasan. Jika sakit berlanjut hubungi dokter.,Sangat mengantuk,2029-01-15,Produk,/medicines/Alleron Botol 60ml.webp,True,"[""otc"",""indonesia"",""chatbot-ready""]"
237,CTM Tablet 4mg,Alergi & Gatal,2000.0,196,Chlorpheniramine Maleate 4mg,Antihistamin generasi pertama murah; Gejala: obat gatal murah; antihistamin; CTM,Sesuai aturan pakai pada kemasan. Gunakan sesuai petunjuk pada kemasan. Jika sakit berlanjut hubungi dokter.,Chlorpheniramine Maleate 4mg,Antihistamin generasi pertama murah; obat gatal murah; antihistamin; CTM; Gunakan sesuai petunjuk pada kemasan. Jika sakit berlanjut hubungi dokter.,Sangat mengantuk,2027-06-30,Tablet,/medicines/CTM Tablet 4mg.webp,True,"[""otc"",""indonesia"",""chatbot-ready""]"
238,Caladine Lotion 60ml,Alergi & Gatal,18000.0,286,"Calamine 8%, Zinc Oxide 5%, Diphenhydramine 1%","Gatal biang keringat, gigitan serangga; Gejala: biang keringat; gatal oles; gigitan serangga",Sesuai aturan pakai pada kemasan. Gunakan sesuai petunjuk pada kemasan. Jika sakit berlanjut hubungi dokter.,"Calamine 8%, Zinc Oxide 5%, Diphenhydramine 1%","Gatal biang keringat, gigitan serangga; biang keringat; gatal oles; gigitan serangga; Gunakan sesuai petunjuk pada kemasan. Jika sakit berlanjut hubungi dokter.",Kulit sedikit kering,2029-01-15,Topikal,/medicines/Caladine Lotion 60ml.webp,True,"[""otc"",""indonesia"",""chatbot-ready""]"
239,Caladine Lotion 95ml,Alergi & Gatal,25000.0,288,"Calamine, Zinc Oxide, Diphenhydramine",Gatal biang keringat kemasan besar; Gejala: biang keringat besar; gatal kulit,Sesuai aturan pakai pada kemasan. Gunakan sesuai petunjuk pada kemasan. Jika sakit berlanjut hubungi dokter.,"Calamine, Zinc Oxide, Diphenhydramine",Gatal biang keringat kemasan besar; biang keringat besar; gatal kulit; Gunakan sesuai petunjuk pada kemasan. Jika sakit berlanjut hubungi dokter.,Kulit sedikit kering,2027-06-30,Topikal,/medicines/Caladine Lotion 95ml.webp,True,"[""otc"",""indonesia"",""chatbot-ready""]"
240,Caladine Powder 60g,Alergi & Gatal,12000.0,129,"Calamine, Zinc Oxide, Menthol bedak",Gatal biang keringat bedak; Gejala: bedak gatal; biang keringat bedak,Sesuai aturan pakai pada kemasan. Gunakan sesuai petunjuk pada kemasan. Jika sakit berlanjut hubungi dokter.,"Calamine, Zinc Oxide, Menthol bedak",Gatal biang keringat bedak; bedak gatal; biang keringat bedak; Gunakan sesuai petunjuk pada kemasan. Jika sakit berlanjut hubungi dokter.,Kulit sedikit kering,2028-03-15,Produk,/medicines/Caladine Powder 60g.webp,True,"[""otc"",""indonesia"",""chatbot-ready""]"
241,Caladine Powder 100g,Alergi & Gatal,18000.0,409,"Calamine, Zinc Oxide, Menthol bedak besar",Gatal biang keringat bedak besar; Gejala: bedak gatal besar,Sesuai aturan pakai pada kemasan. Gunakan sesuai petunjuk pada kemasan. Jika sakit berlanjut hubungi dokter.,"Calamine, Zinc Oxide, Menthol bedak besar",Gatal biang keringat bedak besar; bedak gatal besar; Gunakan sesuai petunjuk pada kemasan. Jika sakit berlanjut hubungi dokter.,Kulit kering,2026-12-31,Produk,/medicines/Caladine Powder 100g.webp,True,"[""otc"",""indonesia"",""chatbot-ready""]"
242,Caladine Baby Balm 30 g,Alergi & Gatal,25000.0,429,"Calamine, Zinc Oxide, Beeswax",Ruam popok dan gatal bayi; Gejala: ruam popok; gatal bayi; iritasi bayi,Sesuai aturan pakai pada kemasan. Gunakan sesuai petunjuk pada kemasan. Jika sakit berlanjut hubungi dokter.,"Calamine, Zinc Oxide, Beeswax",Ruam popok dan gatal bayi; ruam popok; gatal bayi; iritasi bayi; Gunakan sesuai petunjuk pada kemasan. Jika sakit berlanjut hubungi dokter.,Kulit kering,2028-03-15,Produk,/medicines/Caladine Baby Balm 30 g.webp,True,"[""otc"",""indonesia"",""chatbot-ready""]"
243,Herocyn Bedak 75g,Alergi & Gatal,15000.0,445,"Menthol 0.5%, Sulfur, Salicylic Acid bedak",Gatal badan dan kaki bedak; Gejala: bedak gatal badan; biang keringat dewasa,Sesuai aturan pakai pada kemasan. Gunakan sesuai petunjuk pada kemasan. Jika sakit berlanjut hubungi dokter.,"Menthol 0.5%, Sulfur, Salicylic Acid bedak",Gatal badan dan kaki bedak; bedak gatal badan; biang keringat dewasa; Gunakan sesuai petunjuk pada kemasan. Jika sakit berlanjut hubungi dokter.,Pedih di luka terbuka,2028-12-31,Produk,/medicines/Herocyn Bedak 75g.webp,True,"[""otc"",""indonesia"",""chatbot-ready""]"
244,Herocyn Bedak 150g,Alergi & Gatal,25000.0,402,"Menthol, Sulfur, Salicylic Acid bedak besar",Gatal badan kemasan besar; Gejala: bedak gatal besar,Sesuai aturan pakai pada kemasan. Gunakan sesuai petunjuk pada kemasan. Jika sakit berlanjut hubungi dokter.,"Menthol, Sulfur, Salicylic Acid bedak besar",Gatal badan kemasan besar; bedak gatal besar; Gunakan sesuai petunjuk pada kemasan. Jika sakit berlanjut hubungi dokter.,Pedih di luka,2026-12-31,Produk,/medicines/Herocyn Bedak 150g.webp,True,"[""otc"",""indonesia"",""chatbot-ready""]"
245,Herocyn Baby Powder,Alergi & Gatal,18000.0,318,"Menthol, Zinc Oxide bedak bayi",Biang keringat dan ruam bayi; Gejala: bedak bayi gatal; biang keringat bayi,Sesuai aturan pakai pada kemasan. Gunakan sesuai petunjuk pada kemasan. Jika sakit berlanjut hubungi dokter.,"Menthol, Zinc Oxide bedak bayi",Biang keringat dan ruam bayi; bedak bayi gatal; biang keringat bayi; Gunakan sesuai petunjuk pada kemasan. Jika sakit berlanjut hubungi dokter.,Pedih di luka,2026-12-31,Produk,/medicines/Herocyn Baby Powder.webp,True,"[""otc"",""indonesia"",""chatbot-ready""]"
246,Telfast Tablet 120mg,Alergi & Gatal,85000.0,87,Fexofenadine HCl 120mg,Alergi rinitis berat tanpa kantuk; Gejala: alergi tanpa ngantuk; gatal rinitis,Sesuai aturan pakai pada kemasan. Gunakan sesuai petunjuk pada kemasan. Jika sakit berlanjut hubungi dokter.,Fexofenadine HCl 120mg,Alergi rinitis berat tanpa kantuk; alergi tanpa ngantuk; gatal rinitis; Gunakan sesuai petunjuk pada kemasan. Jika sakit berlanjut hubungi dokter.,Sakit kepala ringan,2027-06-30,Tablet,/medicines/Telfast Tablet 120mg.webp,True,"[""otc"",""indonesia"",""chatbot-ready""]"
247,Telfast Tablet 180mg,Alergi & Gatal,95000.0,45,Fexofenadine HCl 180mg,Alergi berat tanpa kantuk; Gejala: alergi berat; urtikaria,Sesuai aturan pakai pada kemasan. Gunakan sesuai petunjuk pada kemasan. Jika sakit berlanjut hubungi dokter.,Fexofenadine HCl 180mg,Alergi berat tanpa kantuk; alergi berat; urtikaria; Gunakan sesuai petunjuk pada kemasan. Jika sakit berlanjut hubungi dokter.,Sakit kepala,2028-12-31,Tablet,/medicines/Telfast Tablet 180mg.webp,True,"[""otc"",""indonesia"",""chatbot-ready""]"
248,Telfast botol 120ml,Alergi & Gatal,145000.0,31,Fexofenadine HCl 30mg/5ml sirup,Alergi anak tanpa kantuk; Gejala: alergi anak tanpa ngantuk,Sesuai aturan pakai pada kemasan. Gunakan sesuai petunjuk pada kemasan. Jika sakit berlanjut hubungi dokter.,Fexofenadine HCl 30mg/5ml sirup,Alergi anak tanpa kantuk; alergi anak tanpa ngantuk; Gunakan sesuai petunjuk pada kemasan. Jika sakit berlanjut hubungi dokter.,Sakit kepala ringan,2027-06-30,Produk,/medicines/Telfast botol 120ml.webp,True,"[""otc"",""indonesia"",""chatbot-ready""]"
249,Ryvel Tablet,Alergi & Gatal,40000.0,349,Cetirizine HCl 10mg,Alergi paten lainnya; Gejala: biduran; alergi kulit,Sesuai aturan pakai pada kemasan. Gunakan sesuai petunjuk pada kemasan. Jika sakit berlanjut hubungi dokter.,Cetirizine HCl 10mg,Alergi paten lainnya; biduran; alergi kulit; Gunakan sesuai petunjuk pada kemasan. Jika sakit berlanjut hubungi dokter.,Mengantuk,2027-06-30,Tablet,/medicines/Ryvel Tablet.webp,True,"[""otc"",""indonesia"",""chatbot-ready""]"
250,Ryvel Sirup,Alergi & Gatal,65000.0,63,Cetirizine HCl sirup,Alergi anak paten; Gejala: alergi anak,Sesuai aturan pakai pada kemasan. Gunakan sesuai petunjuk pada kemasan. Jika sakit berlanjut hubungi dokter.,Cetirizine HCl sirup,Alergi anak paten; alergi anak; Gunakan sesuai petunjuk pada kemasan. Jika sakit berlanjut hubungi dokter.,Mengantuk,2026-12-31,Sirup,/medicines/Ryvel Sirup.webp,True,"[""otc"",""indonesia"",""chatbot-ready""]"
251,Ryvel Drops,Alergi & Gatal,70000.0,77,Cetirizine HCl drops bayi,Alergi bayi; Gejala: alergi bayi; biduran bayi,Sesuai aturan pakai pada kemasan. Gunakan sesuai petunjuk pada kemasan. Jika sakit berlanjut hubungi dokter.,Cetirizine HCl drops bayi,Alergi bayi; alergi bayi; biduran bayi; Gunakan sesuai petunjuk pada kemasan. Jika sakit berlanjut hubungi dokter.,Mengantuk ringan,2029-01-15,Tetes,/medicines/Ryvel Drops.webp,True,"[""otc"",""indonesia"",""chatbot-ready""]"
252,Ryvel Botol 120ml,Alergi & Gatal,85000.0,90,Cetirizine HCl sirup besar,Alergi kemasan besar; Gejala: alergi sirup besar,Sesuai aturan pakai pada kemasan. Gunakan sesuai petunjuk pada kemasan. Jika sakit berlanjut hubungi dokter.,Cetirizine HCl sirup besar,Alergi kemasan besar; alergi sirup besar; Gunakan sesuai petunjuk pada kemasan. Jika sakit berlanjut hubungi dokter.,Mengantuk,2028-12-31,Produk,/medicines/Ryvel Botol 120ml.webp,True,"[""otc"",""indonesia"",""chatbot-ready""]"
253,Desloratadine Tablet,Alergi & Gatal,18000.0,256,Desloratadine 5mg,Alergi generasi ketiga tanpa kantuk; Gejala: alergi tanpa kantuk; antihistamin modern,Sesuai aturan pakai pada kemasan. Gunakan sesuai petunjuk pada kemasan. Jika sakit berlanjut hubungi dokter.,Desloratadine 5mg,Alergi generasi ketiga tanpa kantuk; alergi tanpa kantuk; antihistamin modern; Gunakan sesuai petunjuk pada kemasan. Jika sakit berlanjut hubungi dokter.,Jarang,2028-12-31,Tablet,https://placehold.co/400x300/f8fafc/8b5cf6?text=Desloratadine+Tablet,True,"[""otc"",""indonesia"",""chatbot-ready""]"
254,Avil Tablet,Alergi & Gatal,5000.0,471,Pheniramine Maleate 25mg,"Alergi berat, reaksi alergi akut; Gejala: reaksi alergi; gatal parah; antihistamin",Sesuai aturan pakai pada kemasan. Gunakan sesuai petunjuk pada kemasan. Jika sakit berlanjut hubungi dokter.,Pheniramine Maleate 25mg,"Alergi berat, reaksi alergi akut; reaksi alergi; gatal parah; antihistamin; Gunakan sesuai petunjuk pada kemasan. Jika sakit berlanjut hubungi dokter.",Sangat mengantuk,2027-06-30,Tablet,https://placehold.co/400x300/f8fafc/8b5cf6?text=Avil+Tablet,True,"[""otc"",""indonesia"",""chatbot-ready""]"
255,Hydrocortisone Cream 2.5%,Alergi & Gatal,15000.0,257,Hydrocortisone 2.5%,"Gatal radang kulit, eksim ringan; Gejala: eksim; gatal radang; kortison topikal",Sesuai aturan pakai pada kemasan. Gunakan sesuai petunjuk pada kemasan. Jika sakit berlanjut hubungi dokter.,Hydrocortisone 2.5%,"Gatal radang kulit, eksim ringan; eksim; gatal radang; kortison topikal; Gunakan sesuai petunjuk pada kemasan. Jika sakit berlanjut hubungi dokter.",Penipisan kulit (pemakaian lama),2026-12-31,Topikal,https://placehold.co/400x300/f8fafc/8b5cf6?text=Hydrocortisone+Cream+2.5%,True,"[""otc"",""indonesia"",""chatbot-ready""]"
256,Elocon Cream 5g,Alergi & Gatal,85000.0,45,Mometasone Furoate 0.1%,"Eksim, psoriasis, dermatitis atopik; Gejala: eksim parah; psoriasis; dermatitis",Sesuai aturan pakai pada kemasan. Gunakan sesuai petunjuk pada kemasan. Jika sakit berlanjut hubungi dokter.,Mometasone Furoate 0.1%,"Eksim, psoriasis, dermatitis atopik; eksim parah; psoriasis; dermatitis; Gunakan sesuai petunjuk pada kemasan. Jika sakit berlanjut hubungi dokter.",Penipisan kulit,2026-12-31,Topikal,https://placehold.co/400x300/f8fafc/8b5cf6?text=Elocon+Cream+5g,True,"[""otc"",""indonesia"",""chatbot-ready""]"
257,Caladryl Lotion,Alergi & Gatal,35000.0,124,"Calamine, Diphenhydramine","Gatal akibat poison ivy, biang keringat; Gejala: gatal parah; calamine premium",Sesuai aturan pakai pada kemasan. Gunakan sesuai petunjuk pada kemasan. Jika sakit berlanjut hubungi dokter.,"Calamine, Diphenhydramine","Gatal akibat poison ivy, biang keringat; gatal parah; calamine premium; Gunakan sesuai petunjuk pada kemasan. Jika sakit berlanjut hubungi dokter.",Kulit kering,2027-06-30,Topikal,https://placehold.co/400x300/f8fafc/8b5cf6?text=Caladryl+Lotion,True,"[""otc"",""indonesia"",""chatbot-ready""]"
258,Betadine Solution 15ml,Obat Kulit & Luka,18000.0,476,Povidone Iodine 10%,Antiseptik luka kecil; Gejala: obat merah; luka lecet; antiseptik,Sesuai aturan pakai pada kemasan. Gunakan sesuai petunjuk pada kemasan. Jika sakit berlanjut hubungi dokter.,Povidone Iodine 10%,Antiseptik luka kecil; obat merah; luka lecet; antiseptik; Gunakan sesuai petunjuk pada kemasan. Jika sakit berlanjut hubungi dokter.,Iritasi ringan,2026-12-31,Produk,/medicines/Betadine Solution 15ml.webp,True,"[""otc"",""indonesia"",""chatbot-ready""]"
259,Betadine Solution 30ml,Obat Kulit & Luka,32000.0,344,Povidone Iodine 10%,Antiseptik luka medium; Gejala: antiseptik; luka potong,Sesuai aturan pakai pada kemasan. Gunakan sesuai petunjuk pada kemasan. Jika sakit berlanjut hubungi dokter.,Povidone Iodine 10%,Antiseptik luka medium; antiseptik; luka potong; Gunakan sesuai petunjuk pada kemasan. Jika sakit berlanjut hubungi dokter.,Iritasi ringan,2027-06-30,Produk,/medicines/Betadine Solution 30ml.webp,True,"[""otc"",""indonesia"",""chatbot-ready""]"
260,Betadine Solution 60ml,Obat Kulit & Luka,55000.0,87,Povidone Iodine 10%,Antiseptik luka kemasan besar; Gejala: antiseptik besar,Sesuai aturan pakai pada kemasan. Gunakan sesuai petunjuk pada kemasan. Jika sakit berlanjut hubungi dokter.,Povidone Iodine 10%,Antiseptik luka kemasan besar; antiseptik besar; Gunakan sesuai petunjuk pada kemasan. Jika sakit berlanjut hubungi dokter.,Iritasi ringan,2027-06-30,Produk,/medicines/Betadine Solution 60ml.webp,True,"[""otc"",""indonesia"",""chatbot-ready""]"
261,Betadine Ointment 10g,Obat Kulit & Luka,25000.0,209,Povidone Iodine 10% salep,"Luka berinfeksi, borok; Gejala: luka bernanah; antiseptik salep",Sesuai aturan pakai pada kemasan. Gunakan sesuai petunjuk pada kemasan. Jika sakit berlanjut hubungi dokter.,Povidone Iodine 10% salep,"Luka berinfeksi, borok; luka bernanah; antiseptik salep; Gunakan sesuai petunjuk pada kemasan. Jika sakit berlanjut hubungi dokter.",Iritasi lokal,2026-12-31,Salep,/medicines/Betadine Ointment 10g.webp,True,"[""otc"",""indonesia"",""chatbot-ready""]"
262,Betadine Plaster,Obat Kulit & Luka,5000.0,201,Povidone Iodine 10% plaster,Luka lecet kecil plaster antiseptik; Gejala: plaster antiseptik; luka kecil,Sesuai aturan pakai pada kemasan. Gunakan sesuai petunjuk pada kemasan. Jika sakit berlanjut hubungi dokter.,Povidone Iodine 10% plaster,Luka lecet kecil plaster antiseptik; plaster antiseptik; luka kecil; Gunakan sesuai petunjuk pada kemasan. Jika sakit berlanjut hubungi dokter.,Iritasi lokal,2026-12-31,Produk,/medicines/Betadine Plaster.webp,True,"[""otc"",""indonesia"",""chatbot-ready""]"
263,Rivanol 100 ml,Obat Kulit & Luka,6000.0,486,Ethacridine Lactate 0.1%,"Membersihkan luka basah, kompres luka; Gejala: cuci luka; luka basah; kompres",Sesuai aturan pakai pada kemasan. Gunakan sesuai petunjuk pada kemasan. Jika sakit berlanjut hubungi dokter.,Ethacridine Lactate 0.1%,"Membersihkan luka basah, kompres luka; cuci luka; luka basah; kompres; Gunakan sesuai petunjuk pada kemasan. Jika sakit berlanjut hubungi dokter.",Kulit menguning sementara,2029-01-15,Produk,/medicines/Rivanol 100 ml.webp,True,"[""otc"",""indonesia"",""chatbot-ready""]"
264,Rivanol 300 ml,Obat Kulit & Luka,12000.0,378,Ethacridine Lactate 0.1% besar,Membersihkan luka besar; Gejala: cuci luka besar,Sesuai aturan pakai pada kemasan. Gunakan sesuai petunjuk pada kemasan. Jika sakit berlanjut hubungi dokter.,Ethacridine Lactate 0.1% besar,Membersihkan luka besar; cuci luka besar; Gunakan sesuai petunjuk pada kemasan. Jika sakit berlanjut hubungi dokter.,Kulit menguning,2028-03-15,Produk,/medicines/Rivanol 300 ml.webp,True,"[""otc"",""indonesia"",""chatbot-ready""]"
265,Hansaplast Spray Antiseptik 50ml,Obat Kulit & Luka,45000.0,349,Octenidine Dihydrochloride,Cuci luka tanpa perih modern; Gejala: cuci luka gak perih; semprot luka; luka bayi,Sesuai aturan pakai pada kemasan. Gunakan sesuai petunjuk pada kemasan. Jika sakit berlanjut hubungi dokter.,Octenidine Dihydrochloride,Cuci luka tanpa perih modern; cuci luka gak perih; semprot luka; luka bayi; Gunakan sesuai petunjuk pada kemasan. Jika sakit berlanjut hubungi dokter.,Jarang,2028-03-15,Spray,/medicines/Hansaplast Spray Antiseptik 50ml.webp,True,"[""otc"",""indonesia"",""chatbot-ready""]"
266,Hansaplast Koyo Panas,Obat Kulit & Luka,8000.0,321,"Methyl Salicylate, Menthol koyo",Nyeri otot dan pegal lewat koyo; Gejala: koyo panas; pegal linu; nyeri punggung,Sesuai aturan pakai pada kemasan. Gunakan sesuai petunjuk pada kemasan. Jika sakit berlanjut hubungi dokter.,"Methyl Salicylate, Menthol koyo",Nyeri otot dan pegal lewat koyo; koyo panas; pegal linu; nyeri punggung; Gunakan sesuai petunjuk pada kemasan. Jika sakit berlanjut hubungi dokter.,Kemerahan kulit,2028-12-31,Produk,/medicines/Hansaplast Koyo Panas.webp,True,"[""otc"",""indonesia"",""chatbot-ready""]"
267,Hansaplast Koyo Hangat,Obat Kulit & Luka,8000.0,350,"Capsaicin, Menthol koyo hangat",Pegal hangat; Gejala: koyo hangat; pegal,Sesuai aturan pakai pada kemasan. Gunakan sesuai petunjuk pada kemasan. Jika sakit berlanjut hubungi dokter.,"Capsaicin, Menthol koyo hangat",Pegal hangat; koyo hangat; pegal; Gunakan sesuai petunjuk pada kemasan. Jika sakit berlanjut hubungi dokter.,Kemerahan kulit,2027-06-30,Produk,/medicines/Hansaplast Koyo Hangat.webp,True,"[""otc"",""indonesia"",""chatbot-ready""]"
268,Hansaplast Tube 15g,Obat Kulit & Luka,25000.0,485,"Dexpanthenol, Chlorhexidine cream",Perawatan luka dan kulit sensitif; Gejala: perawatan luka; kulit sensitif,Sesuai aturan pakai pada kemasan. Gunakan sesuai petunjuk pada kemasan. Jika sakit berlanjut hubungi dokter.,"Dexpanthenol, Chlorhexidine cream",Perawatan luka dan kulit sensitif; perawatan luka; kulit sensitif; Gunakan sesuai petunjuk pada kemasan. Jika sakit berlanjut hubungi dokter.,Jarang,2029-01-15,Produk,/medicines/Hansaplast Tube 15g.webp,True,"[""otc"",""indonesia"",""chatbot-ready""]"
269,Bioplacenton Gel 15g,Obat Kulit & Luka,35000.0,311,"Placenta Extract 10%, Neomycin Sulfate 0.5%","Luka bakar knalpot, luka bakar ringan; Gejala: luka bakar; luka knalpot; salep luka bakar",Sesuai aturan pakai pada kemasan. Gunakan sesuai petunjuk pada kemasan. Jika sakit berlanjut hubungi dokter.,"Placenta Extract 10%, Neomycin Sulfate 0.5%","Luka bakar knalpot, luka bakar ringan; luka bakar; luka knalpot; salep luka bakar; Gunakan sesuai petunjuk pada kemasan. Jika sakit berlanjut hubungi dokter.",Alergi neomycin (jarang),2028-12-31,Gel,/medicines/Bioplacenton Gel 15g.webp,True,"[""otc"",""indonesia"",""chatbot-ready""]"
270,Burnazin Cream 35g,Obat Kulit & Luka,85000.0,81,Silver Sulfadiazine 1%,Luka bakar derajat 2; Gejala: luka bakar parah; silver sulfadiazine,Sesuai aturan pakai pada kemasan. Gunakan sesuai petunjuk pada kemasan. Jika sakit berlanjut hubungi dokter.,Silver Sulfadiazine 1%,Luka bakar derajat 2; luka bakar parah; silver sulfadiazine; Gunakan sesuai petunjuk pada kemasan. Jika sakit berlanjut hubungi dokter.,Iritasi kulit sementara,2029-01-15,Topikal,/medicines/Burnazin Cream 35g.webp,True,"[""otc"",""indonesia"",""chatbot-ready""]"
271,Dermatix Ultra Gel 5g,Obat Kulit & Luka,120000.0,92,"Cyclopentasiloxane, Vitamin C Ester gel","Bekas luka menonjol, keloid, stretchmark; Gejala: bekas luka; keloid; stretchmark",Sesuai aturan pakai pada kemasan. Gunakan sesuai petunjuk pada kemasan. Jika sakit berlanjut hubungi dokter.,"Cyclopentasiloxane, Vitamin C Ester gel","Bekas luka menonjol, keloid, stretchmark; bekas luka; keloid; stretchmark; Gunakan sesuai petunjuk pada kemasan. Jika sakit berlanjut hubungi dokter.",Jarang,2027-06-30,Gel,/medicines/Dermatix Ultra Gel 5g.webp,True,"[""otc"",""indonesia"",""chatbot-ready""]"
272,Mebo Ointment 20g,Obat Kulit & Luka,110000.0,90,"Radix Scutellariae, Cortex Phellodendri, Minyak Wijen","Luka bakar, ulkus herbal; Gejala: luka bakar herbal; ulkus; bau wijen",Sesuai aturan pakai pada kemasan. Gunakan sesuai petunjuk pada kemasan. Jika sakit berlanjut hubungi dokter.,"Radix Scutellariae, Cortex Phellodendri, Minyak Wijen","Luka bakar, ulkus herbal; luka bakar herbal; ulkus; bau wijen; Gunakan sesuai petunjuk pada kemasan. Jika sakit berlanjut hubungi dokter.",Bau wijen kuat,2027-06-30,Salep,/medicines/Mebo Ointment 20g.webp,True,"[""otc"",""indonesia"",""chatbot-ready""]"
273,Mebo Tube 50g,Obat Kulit & Luka,220000.0,64,"Radix Scutellariae, minyak wijen tube besar",Luka bakar besar herbal; Gejala: luka bakar luas; herbal,Sesuai aturan pakai pada kemasan. Gunakan sesuai petunjuk pada kemasan. Jika sakit berlanjut hubungi dokter.,"Radix Scutellariae, minyak wijen tube besar",Luka bakar besar herbal; luka bakar luas; herbal; Gunakan sesuai petunjuk pada kemasan. Jika sakit berlanjut hubungi dokter.,Bau wijen,2029-01-15,Produk,/medicines/Mebo Tube 50g.webp,True,"[""otc"",""indonesia"",""chatbot-ready""]"
274,Nebacetin Ointment 5g,Obat Kulit & Luka,28000.0,344,"Neomycin Sulfate 3500IU, Bacitracin 250IU","Luka bernanah, infeksi bakteri kulit; Gejala: luka bernanah; koreng; infeksi kulit",Sesuai aturan pakai pada kemasan. Gunakan sesuai petunjuk pada kemasan. Jika sakit berlanjut hubungi dokter.,"Neomycin Sulfate 3500IU, Bacitracin 250IU","Luka bernanah, infeksi bakteri kulit; luka bernanah; koreng; infeksi kulit; Gunakan sesuai petunjuk pada kemasan. Jika sakit berlanjut hubungi dokter.",Alergi lokal,2028-12-31,Salep,/medicines/Nebacetin Ointment 5g.webp,True,"[""otc"",""indonesia"",""chatbot-ready""]"
275,Nebacetin Powder 5g,Obat Kulit & Luka,35000.0,376,"Neomycin Sulfate, Bacitracin bubuk",Luka basah bernanah bubuk; Gejala: luka basah; koreng bubuk,Sesuai aturan pakai pada kemasan. Gunakan sesuai petunjuk pada kemasan. Jika sakit berlanjut hubungi dokter.,"Neomycin Sulfate, Bacitracin bubuk",Luka basah bernanah bubuk; luka basah; koreng bubuk; Gunakan sesuai petunjuk pada kemasan. Jika sakit berlanjut hubungi dokter.,Alergi lokal,2026-12-31,Produk,/medicines/Nebacetin Powder 5g.webp,True,"[""otc"",""indonesia"",""chatbot-ready""]"
276,Garamycin Cream 5g,Obat Kulit & Luka,45000.0,279,Gentamicin Sulfate 0.1% cream,"Impetigo, infeksi kulit bakteri; Gejala: impetigo; infeksi kulit",Sesuai aturan pakai pada kemasan. Gunakan sesuai petunjuk pada kemasan. Jika sakit berlanjut hubungi dokter.,Gentamicin Sulfate 0.1% cream,"Impetigo, infeksi kulit bakteri; impetigo; infeksi kulit; Gunakan sesuai petunjuk pada kemasan. Jika sakit berlanjut hubungi dokter.",Gatal ringan,2027-06-30,Topikal,/medicines/Garamycin Cream 5g.webp,True,"[""otc"",""indonesia"",""chatbot-ready""]"
277,Garamycin Ointment 15g,Obat Kulit & Luka,85000.0,36,Gentamicin Sulfate 0.1% salep,Infeksi kulit kronis; Gejala: infeksi kulit kronis; bisul besar,Sesuai aturan pakai pada kemasan. Gunakan sesuai petunjuk pada kemasan. Jika sakit berlanjut hubungi dokter.,Gentamicin Sulfate 0.1% salep,Infeksi kulit kronis; infeksi kulit kronis; bisul besar; Gunakan sesuai petunjuk pada kemasan. Jika sakit berlanjut hubungi dokter.,Gatal,2029-01-15,Salep,/medicines/Garamycin Ointment 15g.webp,True,"[""otc"",""indonesia"",""chatbot-ready""]"
278,Fusycom Gel,Obat Kulit & Luka,35000.0,317,Fusidic Acid 2%,"Impetigo, infeksi bakteri kulit; Gejala: impetigo; infeksi kulit bakteri",Sesuai aturan pakai pada kemasan. Gunakan sesuai petunjuk pada kemasan. Jika sakit berlanjut hubungi dokter.,Fusidic Acid 2%,"Impetigo, infeksi bakteri kulit; impetigo; infeksi kulit bakteri; Gunakan sesuai petunjuk pada kemasan. Jika sakit berlanjut hubungi dokter.",Iritasi lokal,2028-03-15,Gel,https://placehold.co/400x300/f8fafc/ec4899?text=Fusycom+Gel,True,"[""otc"",""indonesia"",""chatbot-ready""]"
279,Mupirocin Salep,Obat Kulit & Luka,45000.0,392,Mupirocin 2%,Infeksi kulit stafilokokus; Gejala: bisul; infeksi kulit stafilokokus,Sesuai aturan pakai pada kemasan. Gunakan sesuai petunjuk pada kemasan. Jika sakit berlanjut hubungi dokter.,Mupirocin 2%,Infeksi kulit stafilokokus; bisul; infeksi kulit stafilokokus; Gunakan sesuai petunjuk pada kemasan. Jika sakit berlanjut hubungi dokter.,Iritasi lokal,2028-12-31,Salep,https://placehold.co/400x300/f8fafc/ec4899?text=Mupirocin+Salep,True,"[""otc"",""indonesia"",""chatbot-ready""]"
280,Acne-Aid Bar Sabun,Obat Kulit & Luka,35000.0,224,"Triclosan, Zinc",Sabun jerawat anti bakteri; Gejala: jerawat; sabun anti jerawat,Sesuai aturan pakai pada kemasan. Gunakan sesuai petunjuk pada kemasan. Jika sakit berlanjut hubungi dokter.,"Triclosan, Zinc",Sabun jerawat anti bakteri; jerawat; sabun anti jerawat; Gunakan sesuai petunjuk pada kemasan. Jika sakit berlanjut hubungi dokter.,Kulit kering,2028-12-31,Produk,https://placehold.co/400x300/f8fafc/ec4899?text=Acne-Aid+Bar+Sabun,True,"[""otc"",""indonesia"",""chatbot-ready""]"
281,Benzolac Gel 2.5%,Obat Kulit & Luka,25000.0,366,Benzoyl Peroxide 2.5%,Jerawat ringan sedang; Gejala: jerawat; benzoyl peroxide; obat jerawat,Sesuai aturan pakai pada kemasan. Gunakan sesuai petunjuk pada kemasan. Jika sakit berlanjut hubungi dokter.,Benzoyl Peroxide 2.5%,Jerawat ringan sedang; jerawat; benzoyl peroxide; obat jerawat; Gunakan sesuai petunjuk pada kemasan. Jika sakit berlanjut hubungi dokter.,"Kulit kering, mengelupas",2029-01-15,Gel,https://placehold.co/400x300/f8fafc/ec4899?text=Benzolac+Gel+2.5%,True,"[""otc"",""indonesia"",""chatbot-ready""]"
282,Acnes Sealing Jell,Obat Kulit & Luka,28000.0,234,"Triclosan, Zinc, Vitamin E",Gel jerawat anti bakteri; Gejala: gel jerawat; anti bakteri jerawat,Sesuai aturan pakai pada kemasan. Gunakan sesuai petunjuk pada kemasan. Jika sakit berlanjut hubungi dokter.,"Triclosan, Zinc, Vitamin E",Gel jerawat anti bakteri; gel jerawat; anti bakteri jerawat; Gunakan sesuai petunjuk pada kemasan. Jika sakit berlanjut hubungi dokter.,Kulit kering,2028-03-15,Produk,https://placehold.co/400x300/f8fafc/ec4899?text=Acnes+Sealing+Jell,True,"[""otc"",""indonesia"",""chatbot-ready""]"
283,Kalpanax K Cream 5g,Antijamur & Kulit,15000.0,225,Miconazole Nitrate 2%,"Panu, kurap, kutu air cream; Gejala: panu; kurap; jamur kulit",Sesuai aturan pakai pada kemasan. Gunakan sesuai petunjuk pada kemasan. Jika sakit berlanjut hubungi dokter.,Miconazole Nitrate 2%,"Panu, kurap, kutu air cream; panu; kurap; jamur kulit; Gunakan sesuai petunjuk pada kemasan. Jika sakit berlanjut hubungi dokter.",Rasa terbakar,2028-03-15,Topikal,/medicines/Kalpanax K Cream 5g.webp,True,"[""otc"",""indonesia"",""chatbot-ready""]"
284,Kalpanax Cair 10ml,Antijamur & Kulit,12000.0,105,"Salicylic Acid, Benzoic Acid cair",Panu keras dan kutu air cair; Gejala: panu keras; kutu air cair,Sesuai aturan pakai pada kemasan. Gunakan sesuai petunjuk pada kemasan. Jika sakit berlanjut hubungi dokter.,"Salicylic Acid, Benzoic Acid cair",Panu keras dan kutu air cair; panu keras; kutu air cair; Gunakan sesuai petunjuk pada kemasan. Jika sakit berlanjut hubungi dokter.,Rasa terbakar kuat,2026-12-31,Produk,/medicines/Kalpanax Cair 10ml.webp,True,"[""otc"",""indonesia"",""chatbot-ready""]"
285,Kalpanax Box 30s,Antijamur & Kulit,55000.0,70,Miconazole Nitrate tablet kunyah/kapsul,Jamur sistemik atau luas; Gejala: jamur sistemik; panu luas,Sesuai aturan pakai pada kemasan. Gunakan sesuai petunjuk pada kemasan. Jika sakit berlanjut hubungi dokter.,Miconazole Nitrate tablet kunyah/kapsul,Jamur sistemik atau luas; jamur sistemik; panu luas; Gunakan sesuai petunjuk pada kemasan. Jika sakit berlanjut hubungi dokter.,Gangguan lambung,2027-06-30,Produk,/medicines/Kalpanax Box 30s.webp,True,"[""otc"",""indonesia"",""chatbot-ready""]"
286,Daktarin Cream 15g,Antijamur & Kulit,55000.0,36,Miconazole Nitrate 2% cream,Infeksi jamur kulit dan lipatan tubuh; Gejala: jamur selangkangan; kutu air; dermatofitosis,Sesuai aturan pakai pada kemasan. Gunakan sesuai petunjuk pada kemasan. Jika sakit berlanjut hubungi dokter.,Miconazole Nitrate 2% cream,Infeksi jamur kulit dan lipatan tubuh; jamur selangkangan; kutu air; dermatofitosis; Gunakan sesuai petunjuk pada kemasan. Jika sakit berlanjut hubungi dokter.,Iritasi ringan,2027-06-30,Topikal,/medicines/Daktarin Cream 15g.webp,True,"[""otc"",""indonesia"",""chatbot-ready""]"
287,Daktarin Powder 20g,Antijamur & Kulit,65000.0,59,Miconazole Nitrate 2% bedak,Jamur kaki dan sela jari bedak; Gejala: bedak jamur kaki; kutu air bedak,Sesuai aturan pakai pada kemasan. Gunakan sesuai petunjuk pada kemasan. Jika sakit berlanjut hubungi dokter.,Miconazole Nitrate 2% bedak,Jamur kaki dan sela jari bedak; bedak jamur kaki; kutu air bedak; Gunakan sesuai petunjuk pada kemasan. Jika sakit berlanjut hubungi dokter.,Iritasi,2027-06-30,Produk,/medicines/Daktarin Powder 20g.webp,True,"[""otc"",""indonesia"",""chatbot-ready""]"
288,Daktarin Diaper Cream,Antijamur & Kulit,75000.0,41,"Miconazole Nitrate, Zinc Oxide krim popok",Ruam popok karena jamur; Gejala: ruam popok jamur; jamur popok,Sesuai aturan pakai pada kemasan. Gunakan sesuai petunjuk pada kemasan. Jika sakit berlanjut hubungi dokter.,"Miconazole Nitrate, Zinc Oxide krim popok",Ruam popok karena jamur; ruam popok jamur; jamur popok; Gunakan sesuai petunjuk pada kemasan. Jika sakit berlanjut hubungi dokter.,Iritasi,2027-06-30,Topikal,/medicines/Daktarin Diaper Cream.webp,True,"[""otc"",""indonesia"",""chatbot-ready""]"
289,Canesten Cream 10g,Antijamur & Kulit,48000.0,368,Clotrimazole 1% cream,"Panu, kadas, kurap; Gejala: jamur kulit paten; kadas; ringworm",Sesuai aturan pakai pada kemasan. Gunakan sesuai petunjuk pada kemasan. Jika sakit berlanjut hubungi dokter.,Clotrimazole 1% cream,"Panu, kadas, kurap; jamur kulit paten; kadas; ringworm; Gunakan sesuai petunjuk pada kemasan. Jika sakit berlanjut hubungi dokter.",Kemerahan lokal,2027-06-30,Topikal,/medicines/Canesten Cream 10g.webp,True,"[""otc"",""indonesia"",""chatbot-ready""]"
290,Fungiderm Cream 5g,Antijamur & Kulit,18000.0,246,Clotrimazole 1% cream kecil,Infeksi jamur ringan; Gejala: jamur kulit murah; panu,Sesuai aturan pakai pada kemasan. Gunakan sesuai petunjuk pada kemasan. Jika sakit berlanjut hubungi dokter.,Clotrimazole 1% cream kecil,Infeksi jamur ringan; jamur kulit murah; panu; Gunakan sesuai petunjuk pada kemasan. Jika sakit berlanjut hubungi dokter.,Iritasi,2028-03-15,Topikal,/medicines/Fungiderm Cream 5g.webp,True,"[""otc"",""indonesia"",""chatbot-ready""]"
291,Fungiderm Cream 15g,Antijamur & Kulit,35000.0,296,Clotrimazole 1% cream besar,Infeksi jamur sedang; Gejala: jamur selangkangan,Sesuai aturan pakai pada kemasan. Gunakan sesuai petunjuk pada kemasan. Jika sakit berlanjut hubungi dokter.,Clotrimazole 1% cream besar,Infeksi jamur sedang; jamur selangkangan; Gunakan sesuai petunjuk pada kemasan. Jika sakit berlanjut hubungi dokter.,Iritasi,2027-06-30,Topikal,/medicines/Fungiderm Cream 15g.webp,True,"[""otc"",""indonesia"",""chatbot-ready""]"
292,Mycoral Cream 5g,Antijamur & Kulit,22000.0,249,Ketoconazole 2% cream,Jamur membandel pada kulit; Gejala: kurap parah; jamur membandel,Sesuai aturan pakai pada kemasan. Gunakan sesuai petunjuk pada kemasan. Jika sakit berlanjut hubungi dokter.,Ketoconazole 2% cream,Jamur membandel pada kulit; kurap parah; jamur membandel; Gunakan sesuai petunjuk pada kemasan. Jika sakit berlanjut hubungi dokter.,Gatal ringan,2026-12-31,Topikal,/medicines/Mycoral Cream 5g.webp,True,"[""otc"",""indonesia"",""chatbot-ready""]"
293,Mycoral Tablet 200mg,Antijamur & Kulit,55000.0,53,Ketoconazole 200mg tablet,Jamur sistemik dan kulit luas; Gejala: jamur kuku; panu luas; tinea versicolor,Sesuai aturan pakai pada kemasan. Gunakan sesuai petunjuk pada kemasan. Jika sakit berlanjut hubungi dokter.,Ketoconazole 200mg tablet,Jamur sistemik dan kulit luas; jamur kuku; panu luas; tinea versicolor; Gunakan sesuai petunjuk pada kemasan. Jika sakit berlanjut hubungi dokter.,"Mual, gangguan hati",2026-12-31,Tablet,/medicines/Mycoral Tablet 200mg.webp,True,"[""otc"",""indonesia"",""chatbot-ready""]"
294,Mycoral Tube 50g,Antijamur & Kulit,65000.0,45,Ketoconazole 2% tube besar,Jamur kulit luas; Gejala: jamur luas; panu seluruh tubuh,Sesuai aturan pakai pada kemasan. Gunakan sesuai petunjuk pada kemasan. Jika sakit berlanjut hubungi dokter.,Ketoconazole 2% tube besar,Jamur kulit luas; jamur luas; panu seluruh tubuh; Gunakan sesuai petunjuk pada kemasan. Jika sakit berlanjut hubungi dokter.,Gatal ringan,2026-12-31,Produk,/medicines/Mycoral Tube 50g.webp,True,"[""otc"",""indonesia"",""chatbot-ready""]"
295,Scabimite Cream 10g,Antijamur & Kulit,65000.0,35,Permethrin 5%,"Kudis (Scabies), tungau kulit; Gejala: kudis; scabies; tungau kasur; gatal malam",Sesuai aturan pakai pada kemasan. Gunakan sesuai petunjuk pada kemasan. Jika sakit berlanjut hubungi dokter.,Permethrin 5%,"Kudis (Scabies), tungau kulit; kudis; scabies; tungau kasur; gatal malam; Gunakan sesuai petunjuk pada kemasan. Jika sakit berlanjut hubungi dokter.",Rasa panas,2026-12-31,Topikal,/medicines/Scabimite Cream 10g.webp,True,"[""otc"",""indonesia"",""chatbot-ready""]"
296,Scabimite Cream 30g,Antijamur & Kulit,110000.0,49,Permethrin 5% kemasan besar,Kudis seluruh badan; Gejala: kudis badan; scabies luas,Sesuai aturan pakai pada kemasan. Gunakan sesuai petunjuk pada kemasan. Jika sakit berlanjut hubungi dokter.,Permethrin 5% kemasan besar,Kudis seluruh badan; kudis badan; scabies luas; Gunakan sesuai petunjuk pada kemasan. Jika sakit berlanjut hubungi dokter.,Rasa panas,2027-06-30,Topikal,/medicines/Scabimite Cream 30g.webp,True,"[""otc"",""indonesia"",""chatbot-ready""]"
297,Salep 88 Pot 6g,Antijamur & Kulit,12000.0,400,"Salicylic Acid 6%, Benzoic Acid 12%, Sulfur 4%",Panu keras tradisional; Gejala: panu keras; salep gatal panas; murah,Sesuai aturan pakai pada kemasan. Gunakan sesuai petunjuk pada kemasan. Jika sakit berlanjut hubungi dokter.,"Salicylic Acid 6%, Benzoic Acid 12%, Sulfur 4%",Panu keras tradisional; panu keras; salep gatal panas; murah; Gunakan sesuai petunjuk pada kemasan. Jika sakit berlanjut hubungi dokter.,"Panas menyengat, kulit terkelupas",2028-03-15,Salep,/medicines/Salep 88 Pot 6g.webp,True,"[""otc"",""indonesia"",""chatbot-ready""]"
298,Ketoconazole Cream 10g,Antijamur & Kulit,10000.0,231,Ketoconazole 2% generik,Jamur kulit generik murah; Gejala: jamur murah; kurap generik,Sesuai aturan pakai pada kemasan. Gunakan sesuai petunjuk pada kemasan. Jika sakit berlanjut hubungi dokter.,Ketoconazole 2% generik,Jamur kulit generik murah; jamur murah; kurap generik; Gunakan sesuai petunjuk pada kemasan. Jika sakit berlanjut hubungi dokter.,Iritasi,2027-06-30,Topikal,/medicines/Ketoconazole Cream 10g.webp,True,"[""otc"",""indonesia"",""chatbot-ready""]"
299,Ketoconazole Tablet,Antijamur & Kulit,15000.0,309,Ketoconazole 200mg generik,Jamur sistemik generik; Gejala: jamur sistemik murah,Sesuai aturan pakai pada kemasan. Gunakan sesuai petunjuk pada kemasan. Jika sakit berlanjut hubungi dokter.,Ketoconazole 200mg generik,Jamur sistemik generik; jamur sistemik murah; Gunakan sesuai petunjuk pada kemasan. Jika sakit berlanjut hubungi dokter.,Mual,2028-12-31,Tablet,/medicines/Ketoconazole Tablet.webp,True,"[""otc"",""indonesia"",""chatbot-ready""]"
300,Ketoconazole Box 100s,Antijamur & Kulit,95000.0,88,Ketoconazole 200mg generik isi banyak,Jamur stok banyak; Gejala: jamur sistemik stok,Sesuai aturan pakai pada kemasan. Gunakan sesuai petunjuk pada kemasan. Jika sakit berlanjut hubungi dokter.,Ketoconazole 200mg generik isi banyak,Jamur stok banyak; jamur sistemik stok; Gunakan sesuai petunjuk pada kemasan. Jika sakit berlanjut hubungi dokter.,"Mual, hati",2029-01-15,Produk,/medicines/Ketoconazole Box 100s.webp,True,"[""otc"",""indonesia"",""chatbot-ready""]"
301,Terbinafine Cream,Antijamur & Kulit,45000.0,448,Terbinafine HCl 1%,"Kutu air berat, tinea pedis; Gejala: kutu air berat; jamur kaki; tinea pedis",Sesuai aturan pakai pada kemasan. Gunakan sesuai petunjuk pada kemasan. Jika sakit berlanjut hubungi dokter.,Terbinafine HCl 1%,"Kutu air berat, tinea pedis; kutu air berat; jamur kaki; tinea pedis; Gunakan sesuai petunjuk pada kemasan. Jika sakit berlanjut hubungi dokter.",Iritasi ringan,2029-01-15,Topikal,https://placehold.co/400x300/f8fafc/14b8a6?text=Terbinafine+Cream,True,"[""otc"",""indonesia"",""chatbot-ready""]"
302,Fluconazole Kapsul 150mg,Antijamur & Kulit,35000.0,450,Fluconazole 150mg,"Jamur vaginal, kandidiasis oral; Gejala: jamur vaginal; kandidiasis",Sesuai aturan pakai pada kemasan. Gunakan sesuai petunjuk pada kemasan. Jika sakit berlanjut hubungi dokter.,Fluconazole 150mg,"Jamur vaginal, kandidiasis oral; jamur vaginal; kandidiasis; Gunakan sesuai petunjuk pada kemasan. Jika sakit berlanjut hubungi dokter.","Mual, sakit kepala",2028-03-15,Kapsul,https://placehold.co/400x300/f8fafc/14b8a6?text=Fluconazole+Kapsul+150mg,True,"[""otc"",""indonesia"",""chatbot-ready""]"
303,Ciclopirox Olamine Cream,Antijamur & Kulit,55000.0,31,Ciclopirox Olamine 1%,"Tinea versicolor, dermatofitosis; Gejala: tinea versicolor; panu parah",Sesuai aturan pakai pada kemasan. Gunakan sesuai petunjuk pada kemasan. Jika sakit berlanjut hubungi dokter.,Ciclopirox Olamine 1%,"Tinea versicolor, dermatofitosis; tinea versicolor; panu parah; Gunakan sesuai petunjuk pada kemasan. Jika sakit berlanjut hubungi dokter.",Iritasi,2028-12-31,Topikal,https://placehold.co/400x300/f8fafc/14b8a6?text=Ciclopirox+Olamine+Cream,True,"[""otc"",""indonesia"",""chatbot-ready""]"
304,Counterpain Krim 15g,Obat Oles Nyeri,25000.0,197,"Methyl Salicylate 32.2%, Menthol 10%, Eugenol 1.25%","Nyeri otot, keseleo, pegal linu; Gejala: keseleo; salah urat; pegal linu",Sesuai aturan pakai pada kemasan. Gunakan sesuai petunjuk pada kemasan. Jika sakit berlanjut hubungi dokter.,"Methyl Salicylate 32.2%, Menthol 10%, Eugenol 1.25%","Nyeri otot, keseleo, pegal linu; keseleo; salah urat; pegal linu; Gunakan sesuai petunjuk pada kemasan. Jika sakit berlanjut hubungi dokter.",Panas berlebih jika dikompres,2028-03-15,Produk,/medicines/Counterpain Krim 15g.webp,True,"[""otc"",""indonesia"",""chatbot-ready""]"
305,Counterpain Krim 30g,Obat Oles Nyeri,45000.0,392,"Methyl Salicylate, Menthol, Eugenol cream medium",Nyeri otot medium; Gejala: pegal; nyeri otot,Sesuai aturan pakai pada kemasan. Gunakan sesuai petunjuk pada kemasan. Jika sakit berlanjut hubungi dokter.,"Methyl Salicylate, Menthol, Eugenol cream medium",Nyeri otot medium; pegal; nyeri otot; Gunakan sesuai petunjuk pada kemasan. Jika sakit berlanjut hubungi dokter.,Panas berlebih,2027-06-30,Produk,/medicines/Counterpain Krim 30g.webp,True,"[""otc"",""indonesia"",""chatbot-ready""]"
306,Counterpain Cool Gel 30g,Obat Oles Nyeri,50000.0,472,"Methyl Salicylate, Menthol gel dingin","Cedera baru, bengkak akut, peradangan; Gejala: bengkak baru; keseleo dingin; RICE",Sesuai aturan pakai pada kemasan. Gunakan sesuai petunjuk pada kemasan. Jika sakit berlanjut hubungi dokter.,"Methyl Salicylate, Menthol gel dingin","Cedera baru, bengkak akut, peradangan; bengkak baru; keseleo dingin; RICE; Gunakan sesuai petunjuk pada kemasan. Jika sakit berlanjut hubungi dokter.",Jarang,2029-01-15,Gel,/medicines/Counterpain Cool Gel 30g.webp,True,"[""otc"",""indonesia"",""chatbot-ready""]"
307,Voltaren Emulgel 10g,Obat Oles Nyeri,55000.0,45,Diclofenac Diethylamine 1.16%,"Nyeri sendi, tendinitis, memar; Gejala: nyeri sendi lutut; bengkak keseleo; diclofenac",Sesuai aturan pakai pada kemasan. Gunakan sesuai petunjuk pada kemasan. Jika sakit berlanjut hubungi dokter.,Diclofenac Diethylamine 1.16%,"Nyeri sendi, tendinitis, memar; nyeri sendi lutut; bengkak keseleo; diclofenac; Gunakan sesuai petunjuk pada kemasan. Jika sakit berlanjut hubungi dokter.",Kemerahan kulit,2028-03-15,Gel,/medicines/Voltaren Emulgel 10g.webp,True,"[""otc"",""indonesia"",""chatbot-ready""]"
308,Voltaren Emulgel 20g,Obat Oles Nyeri,85000.0,76,Diclofenac Diethylamine 1.16% medium,Nyeri sendi dan otot medium; Gejala: nyeri sendi; otot,Sesuai aturan pakai pada kemasan. Gunakan sesuai petunjuk pada kemasan. Jika sakit berlanjut hubungi dokter.,Diclofenac Diethylamine 1.16% medium,Nyeri sendi dan otot medium; nyeri sendi; otot; Gunakan sesuai petunjuk pada kemasan. Jika sakit berlanjut hubungi dokter.,Kemerahan,2028-12-31,Gel,/medicines/Voltaren Emulgel 20g.webp,True,"[""otc"",""indonesia"",""chatbot-ready""]"
309,Voltaren Botol 30ml,Obat Oles Nyeri,75000.0,78,Diclofenac Diethylamine cair,Nyeri otot cair; Gejala: nyeri sendi; diclofenac cair,Sesuai aturan pakai pada kemasan. Gunakan sesuai petunjuk pada kemasan. Jika sakit berlanjut hubungi dokter.,Diclofenac Diethylamine cair,Nyeri otot cair; nyeri sendi; diclofenac cair; Gunakan sesuai petunjuk pada kemasan. Jika sakit berlanjut hubungi dokter.,Kemerahan,2026-12-31,Produk,/medicines/Voltaren Botol 30ml.webp,True,"[""otc"",""indonesia"",""chatbot-ready""]"
310,Hot In Cream Botol 120ml,Obat Oles Nyeri,35000.0,288,"Methyl Salicylate, Menthol, Pine Oil",Pegal linu dan masuk angin botol besar; Gejala: pegal parah; capek badan,Sesuai aturan pakai pada kemasan. Gunakan sesuai petunjuk pada kemasan. Jika sakit berlanjut hubungi dokter.,"Methyl Salicylate, Menthol, Pine Oil",Pegal linu dan masuk angin botol besar; pegal parah; capek badan; Gunakan sesuai petunjuk pada kemasan. Jika sakit berlanjut hubungi dokter.,Panas kulit sensitif,2028-12-31,Topikal,/medicines/Hot In Cream Botol 120ml.webp,True,"[""otc"",""indonesia"",""chatbot-ready""]"
311,Hot In Cream Tube 60g,Obat Oles Nyeri,22000.0,421,"Methyl Salicylate, Menthol, Pine Oil tube",Pegal linu tube; Gejala: pegal; krim panas,Sesuai aturan pakai pada kemasan. Gunakan sesuai petunjuk pada kemasan. Jika sakit berlanjut hubungi dokter.,"Methyl Salicylate, Menthol, Pine Oil tube",Pegal linu tube; pegal; krim panas; Gunakan sesuai petunjuk pada kemasan. Jika sakit berlanjut hubungi dokter.,Panas,2028-12-31,Topikal,/medicines/Hot In Cream Tube 60g.webp,True,"[""otc"",""indonesia"",""chatbot-ready""]"
312,Hot In Cream Aromatherapy 120ml,Obat Oles Nyeri,38000.0,208,"Methyl Salicylate, Eucalyptus, Lavender",Pegal linu aromaterapi; Gejala: pegal aromaterapi; relaksasi,Sesuai aturan pakai pada kemasan. Gunakan sesuai petunjuk pada kemasan. Jika sakit berlanjut hubungi dokter.,"Methyl Salicylate, Eucalyptus, Lavender",Pegal linu aromaterapi; pegal aromaterapi; relaksasi; Gunakan sesuai petunjuk pada kemasan. Jika sakit berlanjut hubungi dokter.,Panas,2028-03-15,Topikal,/medicines/Hot In Cream Aromatherapy 120ml.webp,True,"[""otc"",""indonesia"",""chatbot-ready""]"
313,Hot In Cream Strong 120ml,Obat Oles Nyeri,40000.0,402,"Methyl Salicylate ekstra kuat, Capsaicin",Pegal linu berat dan rematik; Gejala: rematik; pegal berat; capsaicin,Sesuai aturan pakai pada kemasan. Gunakan sesuai petunjuk pada kemasan. Jika sakit berlanjut hubungi dokter.,"Methyl Salicylate ekstra kuat, Capsaicin",Pegal linu berat dan rematik; rematik; pegal berat; capsaicin; Gunakan sesuai petunjuk pada kemasan. Jika sakit berlanjut hubungi dokter.,Sangat panas,2029-01-15,Topikal,/medicines/Hot In Cream Strong 120ml.webp,True,"[""otc"",""indonesia"",""chatbot-ready""]"
314,Geliga Balsem Otot 10g,Obat Oles Nyeri,8000.0,223,"Methyl Salicylate, Peppermint Oil",Nyeri punggung dan pegal; Gejala: balsem panas; sakit pinggang,Sesuai aturan pakai pada kemasan. Gunakan sesuai petunjuk pada kemasan. Jika sakit berlanjut hubungi dokter.,"Methyl Salicylate, Peppermint Oil",Nyeri punggung dan pegal; balsem panas; sakit pinggang; Gunakan sesuai petunjuk pada kemasan. Jika sakit berlanjut hubungi dokter.,Panas lokal,2026-12-31,Gel,/medicines/Geliga Balsem Otot 10g.webp,True,"[""otc"",""indonesia"",""chatbot-ready""]"
315,Geliga Balsem Otot 20g,Obat Oles Nyeri,14000.0,390,"Methyl Salicylate, Peppermint Oil medium",Nyeri punggung dan pegal; Gejala: balsem; pegal linu,Sesuai aturan pakai pada kemasan. Gunakan sesuai petunjuk pada kemasan. Jika sakit berlanjut hubungi dokter.,"Methyl Salicylate, Peppermint Oil medium",Nyeri punggung dan pegal; balsem; pegal linu; Gunakan sesuai petunjuk pada kemasan. Jika sakit berlanjut hubungi dokter.,Panas lokal,2026-12-31,Gel,/medicines/Geliga Balsem Otot 20g.webp,True,"[""otc"",""indonesia"",""chatbot-ready""]"
316,Geliga Krim 30g,Obat Oles Nyeri,18000.0,366,"Methyl Salicylate, Peppermint Oil cream",Pegal dan nyeri otot cream; Gejala: krim pegal; nyeri punggung,Sesuai aturan pakai pada kemasan. Gunakan sesuai petunjuk pada kemasan. Jika sakit berlanjut hubungi dokter.,"Methyl Salicylate, Peppermint Oil cream",Pegal dan nyeri otot cream; krim pegal; nyeri punggung; Gunakan sesuai petunjuk pada kemasan. Jika sakit berlanjut hubungi dokter.,Panas,2028-12-31,Gel,/medicines/Geliga Krim 30g.webp,True,"[""otc"",""indonesia"",""chatbot-ready""]"
317,GPU Minyak Gosok Botol 30ml,Obat Oles Nyeri,12000.0,307,"Nutmeg Oil, Eucalyptus Oil, Citronella","Urut, keseleo, pegal minyak gosok; Gejala: minyak urut; keseleo; pijat",Sesuai aturan pakai pada kemasan. Gunakan sesuai petunjuk pada kemasan. Jika sakit berlanjut hubungi dokter.,"Nutmeg Oil, Eucalyptus Oil, Citronella","Urut, keseleo, pegal minyak gosok; minyak urut; keseleo; pijat; Gunakan sesuai petunjuk pada kemasan. Jika sakit berlanjut hubungi dokter.",Iritasi lokal,2028-12-31,Produk,/medicines/GPU Minyak Gosok Botol 30ml.webp,True,"[""otc"",""indonesia"",""chatbot-ready""]"
318,GPU Minyak Gosok Botol 60ml,Obat Oles Nyeri,20000.0,182,"Nutmeg Oil, Eucalyptus Oil, Citronella medium",Urut dan pegal medium; Gejala: minyak gosok; pegal,Sesuai aturan pakai pada kemasan. Gunakan sesuai petunjuk pada kemasan. Jika sakit berlanjut hubungi dokter.,"Nutmeg Oil, Eucalyptus Oil, Citronella medium",Urut dan pegal medium; minyak gosok; pegal; Gunakan sesuai petunjuk pada kemasan. Jika sakit berlanjut hubungi dokter.,Iritasi,2027-06-30,Produk,/medicines/GPU Minyak Gosok Botol 60ml.webp,True,"[""otc"",""indonesia"",""chatbot-ready""]"
319,GPU Minyak Gosok Botol 100ml,Obat Oles Nyeri,32000.0,389,"Nutmeg Oil, Eucalyptus Oil, Citronella besar",Minyak gosok kemasan besar; Gejala: minyak gosok besar; pijat,Sesuai aturan pakai pada kemasan. Gunakan sesuai petunjuk pada kemasan. Jika sakit berlanjut hubungi dokter.,"Nutmeg Oil, Eucalyptus Oil, Citronella besar",Minyak gosok kemasan besar; minyak gosok besar; pijat; Gunakan sesuai petunjuk pada kemasan. Jika sakit berlanjut hubungi dokter.,Iritasi,2029-01-15,Produk,/medicines/GPU Minyak Gosok Botol 100ml.webp,True,"[""otc"",""indonesia"",""chatbot-ready""]"
320,Salonpas Koyo Hijau 10s,Obat Oles Nyeri,9000.0,110,"Methyl Salicylate, Menthol koyo",Koyo pereda nyeri otot standar; Gejala: koyo tempel; salah bantal; pegal,Sesuai aturan pakai pada kemasan. Gunakan sesuai petunjuk pada kemasan. Jika sakit berlanjut hubungi dokter.,"Methyl Salicylate, Menthol koyo",Koyo pereda nyeri otot standar; koyo tempel; salah bantal; pegal; Gunakan sesuai petunjuk pada kemasan. Jika sakit berlanjut hubungi dokter.,Kemerahan kulit,2026-12-31,Produk,/medicines/Salonpas Koyo Hijau 10s.webp,True,"[""otc"",""indonesia"",""chatbot-ready""]"
321,Salonpas Koyo Merah Hot 10s,Obat Oles Nyeri,11000.0,210,"Methyl Salicylate, Menthol, Capsicin koyo panas",Koyo pereda nyeri panas; Gejala: koyo panas; nyeri otot,Sesuai aturan pakai pada kemasan. Gunakan sesuai petunjuk pada kemasan. Jika sakit berlanjut hubungi dokter.,"Methyl Salicylate, Menthol, Capsicin koyo panas",Koyo pereda nyeri panas; koyo panas; nyeri otot; Gunakan sesuai petunjuk pada kemasan. Jika sakit berlanjut hubungi dokter.,"Kemerahan, panas",2028-03-15,Produk,/medicines/Salonpas Koyo Merah Hot 10s.webp,True,"[""otc"",""indonesia"",""chatbot-ready""]"
322,Salonpas Gel 15g,Obat Oles Nyeri,18000.0,138,"Methyl Salicylate, Menthol gel oles",Nyeri otot gel; Gejala: nyeri gel; pegal linu,Sesuai aturan pakai pada kemasan. Gunakan sesuai petunjuk pada kemasan. Jika sakit berlanjut hubungi dokter.,"Methyl Salicylate, Menthol gel oles",Nyeri otot gel; nyeri gel; pegal linu; Gunakan sesuai petunjuk pada kemasan. Jika sakit berlanjut hubungi dokter.,Jarang,2029-01-15,Gel,/medicines/Salonpas Gel 15g.webp,True,"[""otc"",""indonesia"",""chatbot-ready""]"
323,Salonpas Liniment Cair 50ml,Obat Oles Nyeri,25000.0,109,"Methyl Salicylate, Menthol, Camphor cair",Nyeri otot cair; Gejala: nyeri cair; pegal gosok,Sesuai aturan pakai pada kemasan. Gunakan sesuai petunjuk pada kemasan. Jika sakit berlanjut hubungi dokter.,"Methyl Salicylate, Menthol, Camphor cair",Nyeri otot cair; nyeri cair; pegal gosok; Gunakan sesuai petunjuk pada kemasan. Jika sakit berlanjut hubungi dokter.,Iritasi,2028-03-15,Produk,/medicines/Salonpas Liniment Cair 50ml.webp,True,"[""otc"",""indonesia"",""chatbot-ready""]"
324,Freshcare Roll On Citrus 10ml,Obat Oles Nyeri,15000.0,181,"Menthol, Camphor, Citrus Essential Oil","Pusing, mabuk, kembung perut roll on; Gejala: mabuk darat; pusing; roll on citrus",Sesuai aturan pakai pada kemasan. Gunakan sesuai petunjuk pada kemasan. Jika sakit berlanjut hubungi dokter.,"Menthol, Camphor, Citrus Essential Oil","Pusing, mabuk, kembung perut roll on; mabuk darat; pusing; roll on citrus; Gunakan sesuai petunjuk pada kemasan. Jika sakit berlanjut hubungi dokter.",Iritasi mata,2028-03-15,Produk,/medicines/Freshcare Roll On Citrus 10ml.webp,True,"[""otc"",""indonesia"",""chatbot-ready""]"
325,Freshcare Roll On Green Tea 10ml,Obat Oles Nyeri,15000.0,342,"Menthol, Camphor, Green Tea",Pusing dan mabuk roll on hijau; Gejala: mabuk; pusing; green tea,Sesuai aturan pakai pada kemasan. Gunakan sesuai petunjuk pada kemasan. Jika sakit berlanjut hubungi dokter.,"Menthol, Camphor, Green Tea",Pusing dan mabuk roll on hijau; mabuk; pusing; green tea; Gunakan sesuai petunjuk pada kemasan. Jika sakit berlanjut hubungi dokter.,Iritasi mata,2028-03-15,Produk,/medicines/Freshcare Roll On Green Tea 10ml.webp,True,"[""otc"",""indonesia"",""chatbot-ready""]"
326,Freshcare Roll On Strong 10ml,Obat Oles Nyeri,16000.0,293,"Menthol ekstra kuat, Camphor, Eucalyptus",Pusing berat roll on kuat; Gejala: pusing kuat; minyak angin kuat,Sesuai aturan pakai pada kemasan. Gunakan sesuai petunjuk pada kemasan. Jika sakit berlanjut hubungi dokter.,"Menthol ekstra kuat, Camphor, Eucalyptus",Pusing berat roll on kuat; pusing kuat; minyak angin kuat; Gunakan sesuai petunjuk pada kemasan. Jika sakit berlanjut hubungi dokter.,Iritasi,2029-01-15,Produk,/medicines/Freshcare Roll On Strong 10ml.webp,True,"[""otc"",""indonesia"",""chatbot-ready""]"
327,Freshcare Smash Double Inhaler,Obat Oles Nyeri,22000.0,111,"Menthol, Camphor, Double Chamber","Hidung tersumbat, mabuk, pusing inhaler; Gejala: inhaler pusing; hidung tersumbat; minyak angin",Sesuai aturan pakai pada kemasan. Gunakan sesuai petunjuk pada kemasan. Jika sakit berlanjut hubungi dokter.,"Menthol, Camphor, Double Chamber","Hidung tersumbat, mabuk, pusing inhaler; inhaler pusing; hidung tersumbat; minyak angin; Gunakan sesuai petunjuk pada kemasan. Jika sakit berlanjut hubungi dokter.",Iritasi,2028-12-31,Produk,/medicines/Freshcare Smash Double Inhaler.webp,True,"[""otc"",""indonesia"",""chatbot-ready""]"
328,Tolak Angin Care Roll On 10ml,Obat Oles Nyeri,16000.0,199,"Peppermint Oil, Ginger Oil, Menthol",Mabuk perjalanan dan masuk angin roll on; Gejala: minyak angin herbal; mabuk darat,Sesuai aturan pakai pada kemasan. Gunakan sesuai petunjuk pada kemasan. Jika sakit berlanjut hubungi dokter.,"Peppermint Oil, Ginger Oil, Menthol",Mabuk perjalanan dan masuk angin roll on; minyak angin herbal; mabuk darat; Gunakan sesuai petunjuk pada kemasan. Jika sakit berlanjut hubungi dokter.,Jarang,2028-03-15,Produk,/medicines/Tolak Angin Care Roll On 10ml.webp,True,"[""otc"",""indonesia"",""chatbot-ready""]"
329,Rheumason Gel,Obat Oles Nyeri,35000.0,396,"Diclofenac, Menthol gel",Nyeri sendi dan otot gel; Gejala: nyeri sendi gel; otot,Sesuai aturan pakai pada kemasan. Gunakan sesuai petunjuk pada kemasan. Jika sakit berlanjut hubungi dokter.,"Diclofenac, Menthol gel",Nyeri sendi dan otot gel; nyeri sendi gel; otot; Gunakan sesuai petunjuk pada kemasan. Jika sakit berlanjut hubungi dokter.,Kemerahan,2028-12-31,Gel,https://placehold.co/400x300/f8fafc/f97316?text=Rheumason+Gel,True,"[""otc"",""indonesia"",""chatbot-ready""]"
330,Piroxicam Gel 0.5%,Obat Oles Nyeri,18000.0,305,Piroxicam 0.5%,Nyeri sendi ringan topikal; Gejala: nyeri sendi topikal; rematik ringan,Sesuai aturan pakai pada kemasan. Gunakan sesuai petunjuk pada kemasan. Jika sakit berlanjut hubungi dokter.,Piroxicam 0.5%,Nyeri sendi ringan topikal; nyeri sendi topikal; rematik ringan; Gunakan sesuai petunjuk pada kemasan. Jika sakit berlanjut hubungi dokter.,Kemerahan lokal,2026-12-31,Gel,https://placehold.co/400x300/f8fafc/f97316?text=Piroxicam+Gel+0.5%,True,"[""otc"",""indonesia"",""chatbot-ready""]"
331,Minyak Tawon,Obat Oles Nyeri,12000.0,498,"Eucalyptus Oil, Clove Oil, Camphor","Pegal linu, masuk angin herbal; Gejala: minyak tawon; pegal herbal",Sesuai aturan pakai pada kemasan. Gunakan sesuai petunjuk pada kemasan. Jika sakit berlanjut hubungi dokter.,"Eucalyptus Oil, Clove Oil, Camphor","Pegal linu, masuk angin herbal; minyak tawon; pegal herbal; Gunakan sesuai petunjuk pada kemasan. Jika sakit berlanjut hubungi dokter.",Panas ringan,2028-03-15,Produk,https://placehold.co/400x300/f8fafc/f97316?text=Minyak+Tawon,True,"[""otc"",""indonesia"",""chatbot-ready""]"
332,Kwan Loong Oil,Obat Oles Nyeri,25000.0,101,"Eucalyptus Oil, Menthol, Camphor","Pegal linu, pusing, mabuk minyak gosok; Gejala: minyak gosok pusing; pegal",Sesuai aturan pakai pada kemasan. Gunakan sesuai petunjuk pada kemasan. Jika sakit berlanjut hubungi dokter.,"Eucalyptus Oil, Menthol, Camphor","Pegal linu, pusing, mabuk minyak gosok; minyak gosok pusing; pegal; Gunakan sesuai petunjuk pada kemasan. Jika sakit berlanjut hubungi dokter.","Panas, iritasi",2028-03-15,Produk,https://placehold.co/400x300/f8fafc/f97316?text=Kwan+Loong+Oil,True,"[""otc"",""indonesia"",""chatbot-ready""]"
333,Insto Regular 7.5ml,Mata & Telinga,16000.0,180,Tetrahydrozoline HCl 0.05%,Mata merah karena iritasi debu; Gejala: mata merah debu; mata perih; obat tetes mata,Sesuai aturan pakai pada kemasan. Gunakan sesuai petunjuk pada kemasan. Jika sakit berlanjut hubungi dokter.,Tetrahydrozoline HCl 0.05%,Mata merah karena iritasi debu; mata merah debu; mata perih; obat tetes mata; Gunakan sesuai petunjuk pada kemasan. Jika sakit berlanjut hubungi dokter.,Mata kering bila lama,2029-01-15,Produk,/medicines/Insto Regular 7.5ml.webp,True,"[""otc"",""indonesia"",""chatbot-ready""]"
334,Insto Dry Eyes 7.5ml,Mata & Telinga,18000.0,231,HPMC 0.3% (Artificial Tears),"Mata kering sindrom, softlens; Gejala: mata kering; softlens; mata lelah",Sesuai aturan pakai pada kemasan. Gunakan sesuai petunjuk pada kemasan. Jika sakit berlanjut hubungi dokter.,HPMC 0.3% (Artificial Tears),"Mata kering sindrom, softlens; mata kering; softlens; mata lelah; Gunakan sesuai petunjuk pada kemasan. Jika sakit berlanjut hubungi dokter.",Pandangan kabur sementara,2028-03-15,Produk,/medicines/Insto Dry Eyes 7.5ml.webp,True,"[""otc"",""indonesia"",""chatbot-ready""]"
335,Insto Cool 7.5ml,Mata & Telinga,18000.0,156,"Tetrahydrozoline, Menthol",Mata merah dengan sensasi sejuk; Gejala: mata merah ngantuk; dingin mata,Sesuai aturan pakai pada kemasan. Gunakan sesuai petunjuk pada kemasan. Jika sakit berlanjut hubungi dokter.,"Tetrahydrozoline, Menthol",Mata merah dengan sensasi sejuk; mata merah ngantuk; dingin mata; Gunakan sesuai petunjuk pada kemasan. Jika sakit berlanjut hubungi dokter.,Mata sangat dingin,2028-03-15,Produk,/medicines/Insto Cool 7.5ml.webp,True,"[""otc"",""indonesia"",""chatbot-ready""]"
336,Rohto Cool 7ml,Mata & Telinga,18000.0,191,"Naphazoline HCl, Menthol 0.08%",Mata merah dengan rasa dingin khas; Gejala: tetes mata dingin; mata merah ngantuk,Sesuai aturan pakai pada kemasan. Gunakan sesuai petunjuk pada kemasan. Jika sakit berlanjut hubungi dokter.,"Naphazoline HCl, Menthol 0.08%",Mata merah dengan rasa dingin khas; tetes mata dingin; mata merah ngantuk; Gunakan sesuai petunjuk pada kemasan. Jika sakit berlanjut hubungi dokter.,Rasa pedas/dingin kuat,2026-12-31,Produk,/medicines/Rohto Cool 7ml.webp,True,"[""otc"",""indonesia"",""chatbot-ready""]"
337,Rohto V-Extra 7ml,Mata & Telinga,25000.0,158,"Naphazoline, Menthol, Vitamin B6, E",Mata merah lelah dengan vitamin; Gejala: mata lelah; tetes vitamin mata,Sesuai aturan pakai pada kemasan. Gunakan sesuai petunjuk pada kemasan. Jika sakit berlanjut hubungi dokter.,"Naphazoline, Menthol, Vitamin B6, E",Mata merah lelah dengan vitamin; mata lelah; tetes vitamin mata; Gunakan sesuai petunjuk pada kemasan. Jika sakit berlanjut hubungi dokter.,Rasa dingin kuat,2026-12-31,Produk,/medicines/Rohto V-Extra 7ml.webp,True,"[""otc"",""indonesia"",""chatbot-ready""]"
338,Rohto C-Cube 7ml,Mata & Telinga,35000.0,247,"Vitamin C, B6, E + Menthol",Mata merah dan nutrisi mata; Gejala: mata premium; vitamin c mata,Sesuai aturan pakai pada kemasan. Gunakan sesuai petunjuk pada kemasan. Jika sakit berlanjut hubungi dokter.,"Vitamin C, B6, E + Menthol",Mata merah dan nutrisi mata; mata premium; vitamin c mata; Gunakan sesuai petunjuk pada kemasan. Jika sakit berlanjut hubungi dokter.,Rasa dingin,2028-03-15,Produk,/medicines/Rohto C-Cube 7ml.webp,True,"[""otc"",""indonesia"",""chatbot-ready""]"
339,Cendo Xitrol Minidose 5x0.6ml,Mata & Telinga,35000.0,139,"Dexamethasone, Neomycin, Polymyxin B",Radang mata bakteri (Perlu pengawasan); Gejala: mata belekan parah; radang mata; bintitan,Sesuai aturan pakai pada kemasan. Gunakan sesuai petunjuk pada kemasan. Jika sakit berlanjut hubungi dokter.,"Dexamethasone, Neomycin, Polymyxin B",Radang mata bakteri (Perlu pengawasan); mata belekan parah; radang mata; bintitan; Gunakan sesuai petunjuk pada kemasan. Jika sakit berlanjut hubungi dokter.,"Pandangan kabur, tekanan bola mata",2029-01-15,Produk,/medicines/Cendo Xitrol Minidose 5x0.6ml.webp,True,"[""otc"",""indonesia"",""chatbot-ready""]"
340,Cendo Lyteers Minidose 5x0.6ml,Mata & Telinga,28000.0,467,"NaCl, KCl, CaCl2 (Artificial Tears)",Mata kering minidose steril; Gejala: mata kering softlens; minidose steril,Sesuai aturan pakai pada kemasan. Gunakan sesuai petunjuk pada kemasan. Jika sakit berlanjut hubungi dokter.,"NaCl, KCl, CaCl2 (Artificial Tears)",Mata kering minidose steril; mata kering softlens; minidose steril; Gunakan sesuai petunjuk pada kemasan. Jika sakit berlanjut hubungi dokter.,Pandangan kabur sementara,2029-01-15,Produk,/medicines/Cendo Lyteers Minidose 5x0.6ml.webp,True,"[""otc"",""indonesia"",""chatbot-ready""]"
341,Cendo Fenicol Salep Mata,Mata & Telinga,25000.0,351,Chloramphenicol 1% salep mata,"Belekan bakteri, bintitan; Gejala: belekan kuning; bintitan; salep mata",Sesuai aturan pakai pada kemasan. Gunakan sesuai petunjuk pada kemasan. Jika sakit berlanjut hubungi dokter.,Chloramphenicol 1% salep mata,"Belekan bakteri, bintitan; belekan kuning; bintitan; salep mata; Gunakan sesuai petunjuk pada kemasan. Jika sakit berlanjut hubungi dokter.",Pandangan kabur,2026-12-31,Salep,/medicines/Cendo Fenicol Salep Mata.webp,True,"[""otc"",""indonesia"",""chatbot-ready""]"
342,Cendo Cenfresh Minidose,Mata & Telinga,30000.0,303,"HPMC, Sodium Hyaluronate artificial tears",Mata kering premium minidose; Gejala: mata kering premium; sodium hyaluronate,Sesuai aturan pakai pada kemasan. Gunakan sesuai petunjuk pada kemasan. Jika sakit berlanjut hubungi dokter.,"HPMC, Sodium Hyaluronate artificial tears",Mata kering premium minidose; mata kering premium; sodium hyaluronate; Gunakan sesuai petunjuk pada kemasan. Jika sakit berlanjut hubungi dokter.,Pandangan kabur,2027-06-30,Produk,/medicines/Cendo Cenfresh Minidose.webp,True,"[""otc"",""indonesia"",""chatbot-ready""]"
343,Visine Original 6ml,Mata & Telinga,18000.0,176,Tetrahydrozoline HCl 0.05%,"Mata merah iritasi asap, polusi; Gejala: mata iritasi asap; polusi",Sesuai aturan pakai pada kemasan. Gunakan sesuai petunjuk pada kemasan. Jika sakit berlanjut hubungi dokter.,Tetrahydrozoline HCl 0.05%,"Mata merah iritasi asap, polusi; mata iritasi asap; polusi; Gunakan sesuai petunjuk pada kemasan. Jika sakit berlanjut hubungi dokter.",Mata kering,2028-12-31,Produk,/medicines/Visine Original 6ml.webp,True,"[""otc"",""indonesia"",""chatbot-ready""]"
344,Visine Tears 6ml,Mata & Telinga,22000.0,303,"PEG 400 1%, PG 0.6% artificial tears",Mata kering dan lelah; Gejala: mata kering; mata lelah layar,Sesuai aturan pakai pada kemasan. Gunakan sesuai petunjuk pada kemasan. Jika sakit berlanjut hubungi dokter.,"PEG 400 1%, PG 0.6% artificial tears",Mata kering dan lelah; mata kering; mata lelah layar; Gunakan sesuai petunjuk pada kemasan. Jika sakit berlanjut hubungi dokter.,Pandangan kabur,2026-12-31,Produk,/medicines/Visine Tears 6ml.webp,True,"[""otc"",""indonesia"",""chatbot-ready""]"
345,Otopain Tetes Telinga 8ml,Mata & Telinga,65000.0,52,"Polymyxin B, Neomycin, Fludrocortisone, Lidocaine",Infeksi dan nyeri telinga (Perlu pengawasan); Gejala: telinga bernanah; sakit telinga; otitis,Sesuai aturan pakai pada kemasan. Gunakan sesuai petunjuk pada kemasan. Jika sakit berlanjut hubungi dokter.,"Polymyxin B, Neomycin, Fludrocortisone, Lidocaine",Infeksi dan nyeri telinga (Perlu pengawasan); telinga bernanah; sakit telinga; otitis; Gunakan sesuai petunjuk pada kemasan. Jika sakit berlanjut hubungi dokter.,Terbakar sementara,2027-06-30,Tetes,/medicines/Otopain Tetes Telinga 8ml.webp,True,"[""otc"",""indonesia"",""chatbot-ready""]"
346,Forumen Tetes Telinga 10ml,Mata & Telinga,45000.0,186,Docusate Sodium 5%,Kotoran telinga keras (serumen); Gejala: telinga mampet; kotoran telinga keras; serumen,Sesuai aturan pakai pada kemasan. Gunakan sesuai petunjuk pada kemasan. Jika sakit berlanjut hubungi dokter.,Docusate Sodium 5%,Kotoran telinga keras (serumen); telinga mampet; kotoran telinga keras; serumen; Gunakan sesuai petunjuk pada kemasan. Jika sakit berlanjut hubungi dokter.,Telinga terasa penuh sementara,2026-12-31,Tetes,/medicines/Forumen Tetes Telinga 10ml.webp,True,"[""otc"",""indonesia"",""chatbot-ready""]"
347,Erlamycetin Salep Mata 5g,Mata & Telinga,18000.0,313,Chloramphenicol 1% salep,Belekan bakteri dan bintitan; Gejala: belekan kuning murah; bintitan murah,Sesuai aturan pakai pada kemasan. Gunakan sesuai petunjuk pada kemasan. Jika sakit berlanjut hubungi dokter.,Chloramphenicol 1% salep,Belekan bakteri dan bintitan; belekan kuning murah; bintitan murah; Gunakan sesuai petunjuk pada kemasan. Jika sakit berlanjut hubungi dokter.,Pandangan kabur,2028-12-31,Salep,/medicines/Erlamycetin Salep Mata 5g.webp,True,"[""otc"",""indonesia"",""chatbot-ready""]"
348,Erlamycetin Tetes Telinga 10ml,Mata & Telinga,22000.0,162,Chloramphenicol 1% tetes telinga,Infeksi bakteri telinga; Gejala: telinga gatal infeksi; belekan telinga,Sesuai aturan pakai pada kemasan. Gunakan sesuai petunjuk pada kemasan. Jika sakit berlanjut hubungi dokter.,Chloramphenicol 1% tetes telinga,Infeksi bakteri telinga; telinga gatal infeksi; belekan telinga; Gunakan sesuai petunjuk pada kemasan. Jika sakit berlanjut hubungi dokter.,Rasa terbakar,2028-03-15,Tetes,/medicines/Erlamycetin Tetes Telinga 10ml.webp,True,"[""otc"",""indonesia"",""chatbot-ready""]"
349,Cendo Tobroson Minidose,Mata & Telinga,45000.0,383,"Tobramycin, Dexamethasone",Konjungtivitis bakteri akut (Perlu resep); Gejala: mata merah infeksi; konjungtivitis,Sesuai aturan pakai pada kemasan. Gunakan sesuai petunjuk pada kemasan. Jika sakit berlanjut hubungi dokter.,"Tobramycin, Dexamethasone",Konjungtivitis bakteri akut (Perlu resep); mata merah infeksi; konjungtivitis; Gunakan sesuai petunjuk pada kemasan. Jika sakit berlanjut hubungi dokter.,Tekanan bola mata,2026-12-31,Produk,https://placehold.co/400x300/f8fafc/0ea5e9?text=Cendo+Tobroson+Minidose,True,"[""otc"",""indonesia"",""chatbot-ready""]"
350,Refresh Tears 10ml,Mata & Telinga,65000.0,71,Carboxymethylcellulose Sodium 0.5%,Mata kering ringan sehari-hari; Gejala: mata kering premium; artificial tears,Sesuai aturan pakai pada kemasan. Gunakan sesuai petunjuk pada kemasan. Jika sakit berlanjut hubungi dokter.,Carboxymethylcellulose Sodium 0.5%,Mata kering ringan sehari-hari; mata kering premium; artificial tears; Gunakan sesuai petunjuk pada kemasan. Jika sakit berlanjut hubungi dokter.,Pandangan kabur,2029-01-15,Produk,https://placehold.co/400x300/f8fafc/0ea5e9?text=Refresh+Tears+10ml,True,"[""otc"",""indonesia"",""chatbot-ready""]"
351,Systane Ultra 10ml,Mata & Telinga,85000.0,77,"Propylene Glycol, PEG 400","Mata kering berat, sindrom mata kering; Gejala: sindrom mata kering; mata kering berat",Sesuai aturan pakai pada kemasan. Gunakan sesuai petunjuk pada kemasan. Jika sakit berlanjut hubungi dokter.,"Propylene Glycol, PEG 400","Mata kering berat, sindrom mata kering; sindrom mata kering; mata kering berat; Gunakan sesuai petunjuk pada kemasan. Jika sakit berlanjut hubungi dokter.",Pandangan kabur sementara,2028-03-15,Produk,https://placehold.co/400x300/f8fafc/0ea5e9?text=Systane+Ultra+10ml,True,"[""otc"",""indonesia"",""chatbot-ready""]"
352,Cendo Deflucon Drop,Mata & Telinga,55000.0,69,Fluorometholone 0.1%,Radang mata non infeksi (Perlu resep); Gejala: radang mata non infeksi; alergi mata,Sesuai aturan pakai pada kemasan. Gunakan sesuai petunjuk pada kemasan. Jika sakit berlanjut hubungi dokter.,Fluorometholone 0.1%,Radang mata non infeksi (Perlu resep); radang mata non infeksi; alergi mata; Gunakan sesuai petunjuk pada kemasan. Jika sakit berlanjut hubungi dokter.,"Glaukoma, katarak (pemakaian lama)",2028-03-15,Tetes,https://placehold.co/400x300/f8fafc/0ea5e9?text=Cendo+Deflucon+Drop,True,"[""otc"",""indonesia"",""chatbot-ready""]"
353,Betadine Mouthwash and Gargle 100ml,Mulut & Tenggorokan,25000.0,426,Povidone Iodine 1%,"Sakit tenggorokan, kumur antiseptik; Gejala: kumur sakit tenggorokan; gusi bengkak",Sesuai aturan pakai pada kemasan. Gunakan sesuai petunjuk pada kemasan. Jika sakit berlanjut hubungi dokter.,Povidone Iodine 1%,"Sakit tenggorokan, kumur antiseptik; kumur sakit tenggorokan; gusi bengkak; Gunakan sesuai petunjuk pada kemasan. Jika sakit berlanjut hubungi dokter.",Perubahan warna gigi (jarang),2028-03-15,Produk,/medicines/Betadine Mouthwash and Gargle 100ml.webp,True,"[""otc"",""indonesia"",""chatbot-ready""]"
354,Betadine Gargle 190ml,Mulut & Tenggorokan,42000.0,267,Povidone Iodine 1% besar,"Sakit tenggorokan, kumur besar; Gejala: kumur antiseptik besar",Sesuai aturan pakai pada kemasan. Gunakan sesuai petunjuk pada kemasan. Jika sakit berlanjut hubungi dokter.,Povidone Iodine 1% besar,"Sakit tenggorokan, kumur besar; kumur antiseptik besar; Gunakan sesuai petunjuk pada kemasan. Jika sakit berlanjut hubungi dokter.",Perubahan warna gigi,2028-12-31,Produk,/medicines/Betadine Gargle 190ml.webp,True,"[""otc"",""indonesia"",""chatbot-ready""]"
355,Betadine Throat Spray 50ml,Mulut & Tenggorokan,120000.0,79,Povidone Iodine 0.45% spray,Sakit tenggorokan spray praktis; Gejala: semprot tenggorokan iodine; sakit menelan,Sesuai aturan pakai pada kemasan. Gunakan sesuai petunjuk pada kemasan. Jika sakit berlanjut hubungi dokter.,Povidone Iodine 0.45% spray,Sakit tenggorokan spray praktis; semprot tenggorokan iodine; sakit menelan; Gunakan sesuai petunjuk pada kemasan. Jika sakit berlanjut hubungi dokter.,Rasa tidak enak,2027-06-30,Spray,/medicines/Betadine Throat Spray 50ml.webp,True,"[""otc"",""indonesia"",""chatbot-ready""]"
356,Tantum Verde Gargle 120ml,Mulut & Tenggorokan,45000.0,277,Benzydamine HCl 0.15%,"Radang tenggorokan dengan efek bius, sariawan; Gejala: sariawan parah; sakit menelan; radang tenggorokan",Sesuai aturan pakai pada kemasan. Gunakan sesuai petunjuk pada kemasan. Jika sakit berlanjut hubungi dokter.,Benzydamine HCl 0.15%,"Radang tenggorokan dengan efek bius, sariawan; sariawan parah; sakit menelan; radang tenggorokan; Gunakan sesuai petunjuk pada kemasan. Jika sakit berlanjut hubungi dokter.",Mulut kebas,2026-12-31,Produk,/medicines/Tantum Verde Gargle 120ml.webp,True,"[""otc"",""indonesia"",""chatbot-ready""]"
357,Tantum Verde Oral Rinse 60ml,Mulut & Tenggorokan,30000.0,499,Benzydamine HCl 0.15% kecil,Sariawan dan radang ringan; Gejala: sariawan; kumur; radang ringan,Sesuai aturan pakai pada kemasan. Gunakan sesuai petunjuk pada kemasan. Jika sakit berlanjut hubungi dokter.,Benzydamine HCl 0.15% kecil,Sariawan dan radang ringan; sariawan; kumur; radang ringan; Gunakan sesuai petunjuk pada kemasan. Jika sakit berlanjut hubungi dokter.,Mulut kebas,2027-06-30,Produk,/medicines/Tantum Verde Oral Rinse 60ml.webp,True,"[""otc"",""indonesia"",""chatbot-ready""]"
358,SP Troches Strawberry Strip 12s,Mulut & Tenggorokan,15000.0,244,Dequalinium Chloride 0.25mg permen,Infeksi mulut bakteri/jamur permen; Gejala: permen sariawan; tenggorokan antiseptik,Sesuai aturan pakai pada kemasan. Gunakan sesuai petunjuk pada kemasan. Jika sakit berlanjut hubungi dokter.,Dequalinium Chloride 0.25mg permen,Infeksi mulut bakteri/jamur permen; permen sariawan; tenggorokan antiseptik; Gunakan sesuai petunjuk pada kemasan. Jika sakit berlanjut hubungi dokter.,Kesat mulut,2028-12-31,Produk,/medicines/SP Troches Strawberry Strip 12s.webp,True,"[""otc"",""indonesia"",""chatbot-ready""]"
359,SP Troches Melon Strip 12s,Mulut & Tenggorokan,15000.0,192,Dequalinium Chloride 0.25mg permen melon,Infeksi mulut permen melon; Gejala: permen sariawan melon,Sesuai aturan pakai pada kemasan. Gunakan sesuai petunjuk pada kemasan. Jika sakit berlanjut hubungi dokter.,Dequalinium Chloride 0.25mg permen melon,Infeksi mulut permen melon; permen sariawan melon; Gunakan sesuai petunjuk pada kemasan. Jika sakit berlanjut hubungi dokter.,Kesat mulut,2026-12-31,Produk,/medicines/SP Troches Melon Strip 12s.webp,True,"[""otc"",""indonesia"",""chatbot-ready""]"
360,FG Troches Strip 10s,Mulut & Tenggorokan,18000.0,417,"Fradiomycin Sulfate, Gramicidin permen","Radang tenggorokan bakteri, amandel; Gejala: radang tenggorokan; amandel; permen antibiotik",Sesuai aturan pakai pada kemasan. Gunakan sesuai petunjuk pada kemasan. Jika sakit berlanjut hubungi dokter.,"Fradiomycin Sulfate, Gramicidin permen","Radang tenggorokan bakteri, amandel; radang tenggorokan; amandel; permen antibiotik; Gunakan sesuai petunjuk pada kemasan. Jika sakit berlanjut hubungi dokter.",Gangguan flora mulut,2026-12-31,Produk,/medicines/FG Troches Strip 10s.webp,True,"[""otc"",""indonesia"",""chatbot-ready""]"
361,Cooling 5 Spray Cherry 15ml,Mulut & Tenggorokan,38000.0,305,Phenol Crystal 0.5% spray,Sakit tenggorokan dan gatal spray; Gejala: semprot tenggorokan; gatal tenggorokan cherry,Sesuai aturan pakai pada kemasan. Gunakan sesuai petunjuk pada kemasan. Jika sakit berlanjut hubungi dokter.,Phenol Crystal 0.5% spray,Sakit tenggorokan dan gatal spray; semprot tenggorokan; gatal tenggorokan cherry; Gunakan sesuai petunjuk pada kemasan. Jika sakit berlanjut hubungi dokter.,Rasa kebas sesaat,2029-01-15,Spray,/medicines/Cooling 5 Spray Cherry 15ml.webp,True,"[""otc"",""indonesia"",""chatbot-ready""]"
362,Cooling 5 Spray Mint 15ml,Mulut & Tenggorokan,38000.0,161,Phenol Crystal 0.5% spray mint,Sakit tenggorokan spray mint; Gejala: semprot tenggorokan mint,Sesuai aturan pakai pada kemasan. Gunakan sesuai petunjuk pada kemasan. Jika sakit berlanjut hubungi dokter.,Phenol Crystal 0.5% spray mint,Sakit tenggorokan spray mint; semprot tenggorokan mint; Gunakan sesuai petunjuk pada kemasan. Jika sakit berlanjut hubungi dokter.,Rasa kebas,2029-01-15,Spray,/medicines/Cooling 5 Spray Mint 15ml.webp,True,"[""otc"",""indonesia"",""chatbot-ready""]"
363,Cooling 5 Plus Orange Spray,Mulut & Tenggorokan,42000.0,427,"Phenol Crystal, Vitamin C spray",Tenggorokan + vitamin C; Gejala: semprot tenggorokan vitamin c,Sesuai aturan pakai pada kemasan. Gunakan sesuai petunjuk pada kemasan. Jika sakit berlanjut hubungi dokter.,"Phenol Crystal, Vitamin C spray",Tenggorokan + vitamin C; semprot tenggorokan vitamin c; Gunakan sesuai petunjuk pada kemasan. Jika sakit berlanjut hubungi dokter.,Rasa kebas,2028-12-31,Spray,/medicines/Cooling 5 Plus Orange Spray.webp,True,"[""otc"",""indonesia"",""chatbot-ready""]"
364,Cooling 5 Box 50s,Mulut & Tenggorokan,55000.0,50,Phenol Crystal lozenges box,Sariawan dan tenggorokan stok banyak; Gejala: lozenges tenggorokan stok,Sesuai aturan pakai pada kemasan. Gunakan sesuai petunjuk pada kemasan. Jika sakit berlanjut hubungi dokter.,Phenol Crystal lozenges box,Sariawan dan tenggorokan stok banyak; lozenges tenggorokan stok; Gunakan sesuai petunjuk pada kemasan. Jika sakit berlanjut hubungi dokter.,Rasa kebas,2027-06-30,Produk,/medicines/Cooling 5 Box 50s.webp,True,"[""otc"",""indonesia"",""chatbot-ready""]"
365,Aloclair Gel 8ml,Mulut & Tenggorokan,95000.0,35,"Aloe Vera, Sodium Hyaluronate gel","Sariawan parah, luka kawat gigi (membentuk lapisan); Gejala: sariawan kawat gigi; sariawan parah; luka mulut",Sesuai aturan pakai pada kemasan. Gunakan sesuai petunjuk pada kemasan. Jika sakit berlanjut hubungi dokter.,"Aloe Vera, Sodium Hyaluronate gel","Sariawan parah, luka kawat gigi (membentuk lapisan); sariawan kawat gigi; sariawan parah; luka mulut; Gunakan sesuai petunjuk pada kemasan. Jika sakit berlanjut hubungi dokter.",Jarang,2028-03-15,Gel,/medicines/Aloclair Gel 8ml.webp,True,"[""otc"",""indonesia"",""chatbot-ready""]"
366,Aloclair Plus Spray 15ml,Mulut & Tenggorokan,115000.0,92,"Aloe Vera, Sodium Hyaluronate spray",Sariawan spray praktis; Gejala: sariawan spray; luka mulut spray,Sesuai aturan pakai pada kemasan. Gunakan sesuai petunjuk pada kemasan. Jika sakit berlanjut hubungi dokter.,"Aloe Vera, Sodium Hyaluronate spray",Sariawan spray praktis; sariawan spray; luka mulut spray; Gunakan sesuai petunjuk pada kemasan. Jika sakit berlanjut hubungi dokter.,Jarang,2028-03-15,Spray,/medicines/Aloclair Plus Spray 15ml.webp,True,"[""otc"",""indonesia"",""chatbot-ready""]"
367,Aloclair Botol 200ml,Mulut & Tenggorokan,145000.0,88,"Aloe Vera, Sodium Hyaluronate kumur",Sariawan kumur; Gejala: sariawan kumur; sariawan besar,Sesuai aturan pakai pada kemasan. Gunakan sesuai petunjuk pada kemasan. Jika sakit berlanjut hubungi dokter.,"Aloe Vera, Sodium Hyaluronate kumur",Sariawan kumur; sariawan kumur; sariawan besar; Gunakan sesuai petunjuk pada kemasan. Jika sakit berlanjut hubungi dokter.,Jarang,2029-01-15,Produk,/medicines/Aloclair Botol 200ml.webp,True,"[""otc"",""indonesia"",""chatbot-ready""]"
368,Kenalog In Orabase 5g,Mulut & Tenggorokan,75000.0,94,Triamcinolone Acetonide 0.1% pasta,Sariawan berat kortikosteroid; Gejala: salep sariawan; sariawan meradang; kortison,Sesuai aturan pakai pada kemasan. Gunakan sesuai petunjuk pada kemasan. Jika sakit berlanjut hubungi dokter.,Triamcinolone Acetonide 0.1% pasta,Sariawan berat kortikosteroid; salep sariawan; sariawan meradang; kortison; Gunakan sesuai petunjuk pada kemasan. Jika sakit berlanjut hubungi dokter.,Infeksi jamur sekunder,2027-06-30,Produk,/medicines/Kenalog In Orabase 5g.webp,True,"[""otc"",""indonesia"",""chatbot-ready""]"
369,Kenalog Tube 15g,Mulut & Tenggorokan,120000.0,60,Triamcinolone Acetonide 0.1% tube besar,Sariawan berat tube besar; Gejala: sariawan kortison besar,Sesuai aturan pakai pada kemasan. Gunakan sesuai petunjuk pada kemasan. Jika sakit berlanjut hubungi dokter.,Triamcinolone Acetonide 0.1% tube besar,Sariawan berat tube besar; sariawan kortison besar; Gunakan sesuai petunjuk pada kemasan. Jika sakit berlanjut hubungi dokter.,Infeksi jamur sekunder,2028-12-31,Produk,/medicines/Kenalog Tube 15g.webp,True,"[""otc"",""indonesia"",""chatbot-ready""]"
370,Enkasari Mouthwash 120ml,Mulut & Tenggorokan,22000.0,418,"Ekstrak Saga, Sirih, Akar Manis",Sariawan dan bau mulut herbal; Gejala: kumur sariawan herbal; bau mulut herbal,Sesuai aturan pakai pada kemasan. Gunakan sesuai petunjuk pada kemasan. Jika sakit berlanjut hubungi dokter.,"Ekstrak Saga, Sirih, Akar Manis",Sariawan dan bau mulut herbal; kumur sariawan herbal; bau mulut herbal; Gunakan sesuai petunjuk pada kemasan. Jika sakit berlanjut hubungi dokter.,Jarang,2027-06-30,Produk,/medicines/Enkasari Mouthwash 120ml.webp,True,"[""otc"",""indonesia"",""chatbot-ready""]"
371,Strepsils Madu Lemon,Mulut & Tenggorokan,12000.0,110,"Amylmetacresol, 2,4-Dichlorobenzyl alcohol permen",Sakit tenggorokan dan batuk ringan permen; Gejala: permen tenggorokan; sakit menelan,Sesuai aturan pakai pada kemasan. Gunakan sesuai petunjuk pada kemasan. Jika sakit berlanjut hubungi dokter.,"Amylmetacresol, 2,4-Dichlorobenzyl alcohol permen",Sakit tenggorokan dan batuk ringan permen; permen tenggorokan; sakit menelan; Gunakan sesuai petunjuk pada kemasan. Jika sakit berlanjut hubungi dokter.,Rasa manis berlebihan,2028-12-31,Produk,https://placehold.co/400x300/f8fafc/d946ef?text=Strepsils+Madu+Lemon,True,"[""otc"",""indonesia"",""chatbot-ready""]"
372,Strepsils Intensive,Mulut & Tenggorokan,25000.0,450,Flurbiprofen 8.75mg lozenges,Sakit tenggorokan berat dengan NSAID; Gejala: sakit tenggorokan berat; NSAID lozenges,Sesuai aturan pakai pada kemasan. Gunakan sesuai petunjuk pada kemasan. Jika sakit berlanjut hubungi dokter.,Flurbiprofen 8.75mg lozenges,Sakit tenggorokan berat dengan NSAID; sakit tenggorokan berat; NSAID lozenges; Gunakan sesuai petunjuk pada kemasan. Jika sakit berlanjut hubungi dokter.,"Mual, nyeri lambung",2027-06-30,Produk,https://placehold.co/400x300/f8fafc/d946ef?text=Strepsils+Intensive,True,"[""otc"",""indonesia"",""chatbot-ready""]"
373,Hexadol Gargle,Mulut & Tenggorokan,35000.0,315,Hexetidine 0.1%,Infeksi mulut dan gingivitis antiseptik kumur; Gejala: radang gusi; gingivitis; kumur antiseptik,Sesuai aturan pakai pada kemasan. Gunakan sesuai petunjuk pada kemasan. Jika sakit berlanjut hubungi dokter.,Hexetidine 0.1%,Infeksi mulut dan gingivitis antiseptik kumur; radang gusi; gingivitis; kumur antiseptik; Gunakan sesuai petunjuk pada kemasan. Jika sakit berlanjut hubungi dokter.,Rasa tidak enak,2026-12-31,Produk,https://placehold.co/400x300/f8fafc/d946ef?text=Hexadol+Gargle,True,"[""otc"",""indonesia"",""chatbot-ready""]"
374,Listerine Cool Mint 80ml,Mulut & Tenggorokan,22000.0,284,"Essential Oils (Thymol, Eucalyptol, Menthol)",Membunuh kuman mulut dan napas segar; Gejala: kumur antibakteri; napas segar; listerine,Sesuai aturan pakai pada kemasan. Gunakan sesuai petunjuk pada kemasan. Jika sakit berlanjut hubungi dokter.,"Essential Oils (Thymol, Eucalyptol, Menthol)",Membunuh kuman mulut dan napas segar; kumur antibakteri; napas segar; listerine; Gunakan sesuai petunjuk pada kemasan. Jika sakit berlanjut hubungi dokter.,Sensasi terbakar,2027-06-30,Produk,https://placehold.co/400x300/f8fafc/d946ef?text=Listerine+Cool+Mint+80ml,True,"[""otc"",""indonesia"",""chatbot-ready""]"
375,Nystatin Drop,Mulut & Tenggorokan,35000.0,474,Nystatin 100.000 unit/ml drops,Kandidiasis oral bayi (sariawan jamur); Gejala: sariawan jamur bayi; kandidiasis oral,Sesuai aturan pakai pada kemasan. Gunakan sesuai petunjuk pada kemasan. Jika sakit berlanjut hubungi dokter.,Nystatin 100.000 unit/ml drops,Kandidiasis oral bayi (sariawan jamur); sariawan jamur bayi; kandidiasis oral; Gunakan sesuai petunjuk pada kemasan. Jika sakit berlanjut hubungi dokter.,Mual (jarang),2027-06-30,Tetes,https://placehold.co/400x300/f8fafc/d946ef?text=Nystatin+Drop,True,"[""otc"",""indonesia"",""chatbot-ready""]"
376,Tolak Angin Cair Box 5s,Herbal & Tradisional,20000.0,228,"Adas, Kayu Ules, Cengkeh, Jahe, Madu","Masuk angin, perut kembung, mual; Gejala: masuk angin; mual; kembung perut",Sesuai aturan pakai pada kemasan. Gunakan sesuai petunjuk pada kemasan. Jika sakit berlanjut hubungi dokter.,"Adas, Kayu Ules, Cengkeh, Jahe, Madu","Masuk angin, perut kembung, mual; masuk angin; mual; kembung perut; Gunakan sesuai petunjuk pada kemasan. Jika sakit berlanjut hubungi dokter.",Alergi (jarang),2028-12-31,Produk,/medicines/Tolak Angin Cair Box 5s.webp,True,"[""otc"",""indonesia"",""chatbot-ready""]"
377,Tolak Angin Anax Box 5s,Herbal & Tradisional,18000.0,442,"Adas, Cengkeh, Jahe, Madu formula anak",Masuk angin anak; Gejala: masuk angin anak; perut kembung anak,Sesuai aturan pakai pada kemasan. Gunakan sesuai petunjuk pada kemasan. Jika sakit berlanjut hubungi dokter.,"Adas, Cengkeh, Jahe, Madu formula anak",Masuk angin anak; masuk angin anak; perut kembung anak; Gunakan sesuai petunjuk pada kemasan. Jika sakit berlanjut hubungi dokter.,Jarang,2027-06-30,Produk,/medicines/Tolak Angin Anax Box 5s.webp,True,"[""otc"",""indonesia"",""chatbot-ready""]"
378,Tolak Angin FluBox 5s,Herbal & Tradisional,22000.0,142,"Adas, Cengkeh, Jahe, Echinacea",Masuk angin dengan flu; Gejala: masuk angin flu; greges,Sesuai aturan pakai pada kemasan. Gunakan sesuai petunjuk pada kemasan. Jika sakit berlanjut hubungi dokter.,"Adas, Cengkeh, Jahe, Echinacea",Masuk angin dengan flu; masuk angin flu; greges; Gunakan sesuai petunjuk pada kemasan. Jika sakit berlanjut hubungi dokter.,Jarang,2027-06-30,Produk,/medicines/Tolak Angin FluBox 5s.webp,True,"[""otc"",""indonesia"",""chatbot-ready""]"
379,Tolak Angin Permen Sachet,Herbal & Tradisional,5000.0,216,"Ekstrak Adas, Cengkeh permen",Masuk angin ringan permen; Gejala: masuk angin permen; mual ringan,Sesuai aturan pakai pada kemasan. Gunakan sesuai petunjuk pada kemasan. Jika sakit berlanjut hubungi dokter.,"Ekstrak Adas, Cengkeh permen",Masuk angin ringan permen; masuk angin permen; mual ringan; Gunakan sesuai petunjuk pada kemasan. Jika sakit berlanjut hubungi dokter.,Jarang,2028-03-15,Sachet,/medicines/Tolak Angin Permen Sachet.webp,True,"[""otc"",""indonesia"",""chatbot-ready""]"
380,Tolak Angin Botol 60ml,Herbal & Tradisional,35000.0,395,"Adas, Cengkeh, Jahe botol besar",Masuk angin kemasan besar; Gejala: masuk angin banyak; keluarga,Sesuai aturan pakai pada kemasan. Gunakan sesuai petunjuk pada kemasan. Jika sakit berlanjut hubungi dokter.,"Adas, Cengkeh, Jahe botol besar",Masuk angin kemasan besar; masuk angin banyak; keluarga; Gunakan sesuai petunjuk pada kemasan. Jika sakit berlanjut hubungi dokter.,Jarang,2026-12-31,Produk,/medicines/Tolak Angin Botol 60ml.webp,True,"[""otc"",""indonesia"",""chatbot-ready""]"
381,Antangin JRG Cair isi 12 Sachet,Herbal & Tradisional,38000.0,454,"Jahe, Royal Jelly, Ginseng cair","Masuk angin, greges, badan lemah; Gejala: greges; meriang; lemah badan",Sesuai aturan pakai pada kemasan. Gunakan sesuai petunjuk pada kemasan. Jika sakit berlanjut hubungi dokter.,"Jahe, Royal Jelly, Ginseng cair","Masuk angin, greges, badan lemah; greges; meriang; lemah badan; Gunakan sesuai petunjuk pada kemasan. Jika sakit berlanjut hubungi dokter.",Rasa hangat berlebih,2029-01-15,Sachet,/medicines/Antangin JRG Cair isi 12 Sachet.webp,True,"[""otc"",""indonesia"",""chatbot-ready""]"
382,Antangin Habbatussauda Box 5s,Herbal & Tradisional,20000.0,457,"Jahe, Habbatussauda, Madu",Masuk angin dengan habatussauda; Gejala: masuk angin habbatussauda; imun herbal,Sesuai aturan pakai pada kemasan. Gunakan sesuai petunjuk pada kemasan. Jika sakit berlanjut hubungi dokter.,"Jahe, Habbatussauda, Madu",Masuk angin dengan habatussauda; masuk angin habbatussauda; imun herbal; Gunakan sesuai petunjuk pada kemasan. Jika sakit berlanjut hubungi dokter.,Jarang,2028-03-15,Produk,/medicines/Antangin Habbatussauda Box 5s.webp,True,"[""otc"",""indonesia"",""chatbot-ready""]"
383,Antangin Mint Box 5s,Herbal & Tradisional,18000.0,331,"Jahe, Royal Jelly, Ginseng, Mint",Masuk angin rasa mint segar; Gejala: masuk angin mint; segar,Sesuai aturan pakai pada kemasan. Gunakan sesuai petunjuk pada kemasan. Jika sakit berlanjut hubungi dokter.,"Jahe, Royal Jelly, Ginseng, Mint",Masuk angin rasa mint segar; masuk angin mint; segar; Gunakan sesuai petunjuk pada kemasan. Jika sakit berlanjut hubungi dokter.,Jarang,2026-12-31,Produk,/medicines/Antangin Mint Box 5s.webp,True,"[""otc"",""indonesia"",""chatbot-ready""]"
384,Antangin Tablet 4s,Herbal & Tradisional,4000.0,281,"Jahe, Royal Jelly tablet",Masuk angin tablet praktis; Gejala: masuk angin tablet murah,Sesuai aturan pakai pada kemasan. Gunakan sesuai petunjuk pada kemasan. Jika sakit berlanjut hubungi dokter.,"Jahe, Royal Jelly tablet",Masuk angin tablet praktis; masuk angin tablet murah; Gunakan sesuai petunjuk pada kemasan. Jika sakit berlanjut hubungi dokter.,Jarang,2028-03-15,Tablet,/medicines/Antangin Tablet 4s.webp,True,"[""otc"",""indonesia"",""chatbot-ready""]"
385,Bejo Anak Jahe Merah Box 5s,Herbal & Tradisional,15000.0,497,"Jahe Merah, Adas, Madu anak",Masuk angin anak; Gejala: meriang anak; masuk angin anak jahe,Sesuai aturan pakai pada kemasan. Gunakan sesuai petunjuk pada kemasan. Jika sakit berlanjut hubungi dokter.,"Jahe Merah, Adas, Madu anak",Masuk angin anak; meriang anak; masuk angin anak jahe; Gunakan sesuai petunjuk pada kemasan. Jika sakit berlanjut hubungi dokter.,Perut hangat,2026-12-31,Produk,/medicines/Bejo Anak Jahe Merah Box 5s.webp,True,"[""otc"",""indonesia"",""chatbot-ready""]"
386,Bejo Wedang Susu Jahe Merah Box 5s,Herbal & Tradisional,18000.0,163,"Jahe Merah, Susu, Madu wedang",Masuk angin hangat; Gejala: wedang jahe; hangat; masuk angin,Sesuai aturan pakai pada kemasan. Gunakan sesuai petunjuk pada kemasan. Jika sakit berlanjut hubungi dokter.,"Jahe Merah, Susu, Madu wedang",Masuk angin hangat; wedang jahe; hangat; masuk angin; Gunakan sesuai petunjuk pada kemasan. Jika sakit berlanjut hubungi dokter.,Perut hangat,2026-12-31,Produk,/medicines/Bejo Wedang Susu Jahe Merah Box 5s.webp,True,"[""otc"",""indonesia"",""chatbot-ready""]"
387,Kuldon Tablet Strip 4s,Herbal & Tradisional,3500.0,329,"Daun Saga, Bunga Krisan, Alang-alang","Panas dalam, sariawan, sembelit herbal; Gejala: panas dalam; sariawan pil; jamu",Sesuai aturan pakai pada kemasan. Gunakan sesuai petunjuk pada kemasan. Jika sakit berlanjut hubungi dokter.,"Daun Saga, Bunga Krisan, Alang-alang","Panas dalam, sariawan, sembelit herbal; panas dalam; sariawan pil; jamu; Gunakan sesuai petunjuk pada kemasan. Jika sakit berlanjut hubungi dokter.",Jarang,2028-12-31,Tablet,/medicines/Kuldon Tablet Strip 4s.webp,True,"[""otc"",""indonesia"",""chatbot-ready""]"
388,Kuldon Strip 10s,Herbal & Tradisional,7000.0,250,"Daun Saga, Bunga Krisan herbal lebih banyak",Panas dalam strip 10s; Gejala: panas dalam strip 10s,Sesuai aturan pakai pada kemasan. Gunakan sesuai petunjuk pada kemasan. Jika sakit berlanjut hubungi dokter.,"Daun Saga, Bunga Krisan herbal lebih banyak",Panas dalam strip 10s; panas dalam strip 10s; Gunakan sesuai petunjuk pada kemasan. Jika sakit berlanjut hubungi dokter.,Jarang,2027-06-30,Produk,/medicines/Kuldon Strip 10s.webp,True,"[""otc"",""indonesia"",""chatbot-ready""]"
389,Adem Sari Sachet 5s,Herbal & Tradisional,15000.0,182,"Ekstrak Citrus, Pulosari, Vitamin C sachet",Panas dalam sachet; Gejala: tenggorokan kering; panas dalam sachet,Sesuai aturan pakai pada kemasan. Gunakan sesuai petunjuk pada kemasan. Jika sakit berlanjut hubungi dokter.,"Ekstrak Citrus, Pulosari, Vitamin C sachet",Panas dalam sachet; tenggorokan kering; panas dalam sachet; Gunakan sesuai petunjuk pada kemasan. Jika sakit berlanjut hubungi dokter.,Kembung (gas),2028-03-15,Sachet,/medicines/Adem Sari Sachet 5s.webp,True,"[""otc"",""indonesia"",""chatbot-ready""]"
390,Adem Sari Ching Ku Botol 320ml,Herbal & Tradisional,8000.0,366,"Gypsum Fibrosum, Calcitum, Citrus minuman",Panas dalam minuman; Gejala: air panas dalam; tenggorokan panas,Sesuai aturan pakai pada kemasan. Gunakan sesuai petunjuk pada kemasan. Jika sakit berlanjut hubungi dokter.,"Gypsum Fibrosum, Calcitum, Citrus minuman",Panas dalam minuman; air panas dalam; tenggorokan panas; Gunakan sesuai petunjuk pada kemasan. Jika sakit berlanjut hubungi dokter.,Jarang,2028-12-31,Produk,/medicines/Adem Sari Ching Ku Botol 320ml.webp,True,"[""otc"",""indonesia"",""chatbot-ready""]"
391,Adem Sari Botol 200ml,Herbal & Tradisional,7000.0,296,"Gypsum Fibrosum, Citrus Extract botol kecil",Panas dalam botol kecil; Gejala: panas dalam botol kecil,Sesuai aturan pakai pada kemasan. Gunakan sesuai petunjuk pada kemasan. Jika sakit berlanjut hubungi dokter.,"Gypsum Fibrosum, Citrus Extract botol kecil",Panas dalam botol kecil; panas dalam botol kecil; Gunakan sesuai petunjuk pada kemasan. Jika sakit berlanjut hubungi dokter.,Jarang,2029-01-15,Produk,/medicines/Adem Sari Botol 200ml.webp,True,"[""otc"",""indonesia"",""chatbot-ready""]"
392,Larutan Cap Kaki Tiga Botol 320ml,Herbal & Tradisional,7000.0,109,"Gypsum Fibrosum, Calcitum (obat panas dalam)",Panas dalam tradisional; Gejala: air panas dalam; bibir pecah-pecah,Sesuai aturan pakai pada kemasan. Gunakan sesuai petunjuk pada kemasan. Jika sakit berlanjut hubungi dokter.,"Gypsum Fibrosum, Calcitum (obat panas dalam)",Panas dalam tradisional; air panas dalam; bibir pecah-pecah; Gunakan sesuai petunjuk pada kemasan. Jika sakit berlanjut hubungi dokter.,Jarang,2027-06-30,Produk,/medicines/Larutan Cap Kaki Tiga Botol 320ml.webp,True,"[""otc"",""indonesia"",""chatbot-ready""]"
393,Larutan Cap Kaki Tiga Botol 500ml,Herbal & Tradisional,10000.0,399,"Gypsum Fibrosum, Calcitum besar",Panas dalam stok besar; Gejala: panas dalam besar,Sesuai aturan pakai pada kemasan. Gunakan sesuai petunjuk pada kemasan. Jika sakit berlanjut hubungi dokter.,"Gypsum Fibrosum, Calcitum besar",Panas dalam stok besar; panas dalam besar; Gunakan sesuai petunjuk pada kemasan. Jika sakit berlanjut hubungi dokter.,Jarang,2029-01-15,Produk,/medicines/Larutan Cap Kaki Tiga Botol 500ml.webp,True,"[""otc"",""indonesia"",""chatbot-ready""]"
394,Larutan Cap Kaki Tiga Kaleng Berperisa 320ml,Herbal & Tradisional,8000.0,105,"Gypsum Fibrosum, Calcitum berperisa",Panas dalam berperisa; Gejala: panas dalam berperisa,Sesuai aturan pakai pada kemasan. Gunakan sesuai petunjuk pada kemasan. Jika sakit berlanjut hubungi dokter.,"Gypsum Fibrosum, Calcitum berperisa",Panas dalam berperisa; panas dalam berperisa; Gunakan sesuai petunjuk pada kemasan. Jika sakit berlanjut hubungi dokter.,Jarang,2028-03-15,Produk,/medicines/Larutan Cap Kaki Tiga Kaleng Berperisa 320ml.webp,True,"[""otc"",""indonesia"",""chatbot-ready""]"
395,Jamu Beras Kencur Sachet,Herbal & Tradisional,3000.0,488,"Beras, Kencur, Jahe, Asam Jawa","Pegal linu, badan pegal herbal tradisional; Gejala: pegal herbal; badan pegal jamu",Sesuai aturan pakai pada kemasan. Gunakan sesuai petunjuk pada kemasan. Jika sakit berlanjut hubungi dokter.,"Beras, Kencur, Jahe, Asam Jawa","Pegal linu, badan pegal herbal tradisional; pegal herbal; badan pegal jamu; Gunakan sesuai petunjuk pada kemasan. Jika sakit berlanjut hubungi dokter.",Jarang,2028-12-31,Sachet,https://placehold.co/400x300/f8fafc/84cc16?text=Jamu+Beras+Kencur+Sachet,True,"[""otc"",""indonesia"",""chatbot-ready""]"
396,Jamu Kudu Laos Sachet,Herbal & Tradisional,3000.0,131,"Mengkudu, Laos, Kunyit","Lambung sehat, masuk angin herbal; Gejala: lambung herbal; jamu kudu",Sesuai aturan pakai pada kemasan. Gunakan sesuai petunjuk pada kemasan. Jika sakit berlanjut hubungi dokter.,"Mengkudu, Laos, Kunyit","Lambung sehat, masuk angin herbal; lambung herbal; jamu kudu; Gunakan sesuai petunjuk pada kemasan. Jika sakit berlanjut hubungi dokter.",Jarang,2029-01-15,Sachet,https://placehold.co/400x300/f8fafc/84cc16?text=Jamu+Kudu+Laos+Sachet,True,"[""otc"",""indonesia"",""chatbot-ready""]"
397,Habatussauda Oil Capsule,Herbal & Tradisional,55000.0,73,Black Seed Oil (Nigella Sativa),"Imun, asma ringan, stamina herbal Islam; Gejala: habbatussauda; imun Islam; stamina",Sesuai aturan pakai pada kemasan. Gunakan sesuai petunjuk pada kemasan. Jika sakit berlanjut hubungi dokter.,Black Seed Oil (Nigella Sativa),"Imun, asma ringan, stamina herbal Islam; habbatussauda; imun Islam; stamina; Gunakan sesuai petunjuk pada kemasan. Jika sakit berlanjut hubungi dokter.",Mulas (jarang),2028-12-31,Kapsul,https://placehold.co/400x300/f8fafc/84cc16?text=Habatussauda+Oil+Capsule,True,"[""otc"",""indonesia"",""chatbot-ready""]"
398,Minyak Kayu Putih Cap Lang 60ml,Herbal & Tradisional,18000.0,130,Cajuput Oil 100%,"Kembung bayi, masuk angin, gigitan serangga; Gejala: kembung bayi; masuk angin; minyak kayu putih",Sesuai aturan pakai pada kemasan. Gunakan sesuai petunjuk pada kemasan. Jika sakit berlanjut hubungi dokter.,Cajuput Oil 100%,"Kembung bayi, masuk angin, gigitan serangga; kembung bayi; masuk angin; minyak kayu putih; Gunakan sesuai petunjuk pada kemasan. Jika sakit berlanjut hubungi dokter.",Panas lokal,2029-01-15,Produk,https://placehold.co/400x300/f8fafc/84cc16?text=Minyak+Kayu+Putih+Cap+Lang+60m,True,"[""otc"",""indonesia"",""chatbot-ready""]"
399,Sido Muncul Herbal Jahe Merah,Herbal & Tradisional,8000.0,171,Jahe Merah Extract sachet,Stamina dan kehangatan tubuh herbal; Gejala: stamina herbal; jahe merah; badan hangat,Sesuai aturan pakai pada kemasan. Gunakan sesuai petunjuk pada kemasan. Jika sakit berlanjut hubungi dokter.,Jahe Merah Extract sachet,Stamina dan kehangatan tubuh herbal; stamina herbal; jahe merah; badan hangat; Gunakan sesuai petunjuk pada kemasan. Jika sakit berlanjut hubungi dokter.,Perut hangat,2028-03-15,Produk,https://placehold.co/400x300/f8fafc/84cc16?text=Sido+Muncul+Herbal+Jahe+Merah,True,"[""otc"",""indonesia"",""chatbot-ready""]"
400,Curcuma Force Kapsul,Herbal & Tradisional,35000.0,256,Curcuma longa 500mg,"Radang, antioksidan, kesehatan hati herbal; Gejala: antiinflamasi herbal; hati sehat; kunyit",Sesuai aturan pakai pada kemasan. Gunakan sesuai petunjuk pada kemasan. Jika sakit berlanjut hubungi dokter.,Curcuma longa 500mg,"Radang, antioksidan, kesehatan hati herbal; antiinflamasi herbal; hati sehat; kunyit; Gunakan sesuai petunjuk pada kemasan. Jika sakit berlanjut hubungi dokter.",Jarang,2028-12-31,Kapsul,https://placehold.co/400x300/f8fafc/84cc16?text=Curcuma+Force+Kapsul,True,"[""otc"",""indonesia"",""chatbot-ready""]"
401,Sterimar Nasal Hygiene 50ml,Perawatan Hidung & Pernapasan,125000.0,89,Isotonic Sea Water 0.9% NaCl,"Membersihkan hidung dari kotoran, polusi; Gejala: cuci hidung; hidung berlendir; polusi",Sesuai aturan pakai pada kemasan. Gunakan sesuai petunjuk pada kemasan. Jika sakit berlanjut hubungi dokter.,Isotonic Sea Water 0.9% NaCl,"Membersihkan hidung dari kotoran, polusi; cuci hidung; hidung berlendir; polusi; Gunakan sesuai petunjuk pada kemasan. Jika sakit berlanjut hubungi dokter.",Rasa asin,2029-01-15,Produk,/medicines/Sterimar Nasal Hygiene 50ml.webp,True,"[""otc"",""indonesia"",""chatbot-ready""]"
402,Sterimar Baby Nasal Hygiene 50ml,Perawatan Hidung & Pernapasan,135000.0,56,Isotonic Sea Water 0.9% NaCl baby,Membersihkan hidung bayi tersumbat; Gejala: hidung bayi mampet; cuci hidung bayi,Sesuai aturan pakai pada kemasan. Gunakan sesuai petunjuk pada kemasan. Jika sakit berlanjut hubungi dokter.,Isotonic Sea Water 0.9% NaCl baby,Membersihkan hidung bayi tersumbat; hidung bayi mampet; cuci hidung bayi; Gunakan sesuai petunjuk pada kemasan. Jika sakit berlanjut hubungi dokter.,Rasa asin,2029-01-15,Produk,/medicines/Sterimar Baby Nasal Hygiene 50ml.webp,True,"[""otc"",""indonesia"",""chatbot-ready""]"
403,Sterimar Blocked Nose 50ml,Perawatan Hidung & Pernapasan,145000.0,33,Hypertonic Sea Water 2.2% NaCl,Hidung buntu parah hypertonic; Gejala: hidung buntu parah; hypertonic,Sesuai aturan pakai pada kemasan. Gunakan sesuai petunjuk pada kemasan. Jika sakit berlanjut hubungi dokter.,Hypertonic Sea Water 2.2% NaCl,Hidung buntu parah hypertonic; hidung buntu parah; hypertonic; Gunakan sesuai petunjuk pada kemasan. Jika sakit berlanjut hubungi dokter.,Rasa sangat asin,2028-12-31,Produk,/medicines/Sterimar Blocked Nose 50ml.webp,True,"[""otc"",""indonesia"",""chatbot-ready""]"
404,Breathy Nasal Drops 30ml,Perawatan Hidung & Pernapasan,45000.0,387,Sodium Chloride 0.65% drops,"Hidung kering bayi, cuci hidung lembut; Gejala: tetes hidung bayi; hidung kering",Sesuai aturan pakai pada kemasan. Gunakan sesuai petunjuk pada kemasan. Jika sakit berlanjut hubungi dokter.,Sodium Chloride 0.65% drops,"Hidung kering bayi, cuci hidung lembut; tetes hidung bayi; hidung kering; Gunakan sesuai petunjuk pada kemasan. Jika sakit berlanjut hubungi dokter.",Jarang,2028-12-31,Tetes,/medicines/Breathy Nasal Drops 30ml.webp,True,"[""otc"",""indonesia"",""chatbot-ready""]"
405,Breathy Tube 50g,Perawatan Hidung & Pernapasan,55000.0,48,NaCl 0.9% gel nasal,Hidung kering gel; Gejala: hidung kering gel; nasal gel,Sesuai aturan pakai pada kemasan. Gunakan sesuai petunjuk pada kemasan. Jika sakit berlanjut hubungi dokter.,NaCl 0.9% gel nasal,Hidung kering gel; hidung kering gel; nasal gel; Gunakan sesuai petunjuk pada kemasan. Jika sakit berlanjut hubungi dokter.,Jarang,2028-12-31,Produk,/medicines/Breathy Tube 50g.webp,True,"[""otc"",""indonesia"",""chatbot-ready""]"
406,Iliadin Dewasa Nasal Spray 10ml,Perawatan Hidung & Pernapasan,65000.0,66,Oxymetazoline HCl 0.05% spray dewasa,Hidung buntu berat (maks 3 hari); Gejala: hidung buntu parah; semprot hidung; oxymetazoline,Sesuai aturan pakai pada kemasan. Gunakan sesuai petunjuk pada kemasan. Jika sakit berlanjut hubungi dokter.,Oxymetazoline HCl 0.05% spray dewasa,Hidung buntu berat (maks 3 hari); hidung buntu parah; semprot hidung; oxymetazoline; Gunakan sesuai petunjuk pada kemasan. Jika sakit berlanjut hubungi dokter.,Rebound congestion >3 hari,2026-12-31,Spray,/medicines/Iliadin Dewasa Nasal Spray 10ml.webp,True,"[""otc"",""indonesia"",""chatbot-ready""]"
407,Iliadin Anak Nasal Drops 10ml,Perawatan Hidung & Pernapasan,60000.0,82,Oxymetazoline HCl 0.025% drops anak,Hidung buntu anak (maks 3 hari); Gejala: hidung mampet anak; tetes hidung mampet,Sesuai aturan pakai pada kemasan. Gunakan sesuai petunjuk pada kemasan. Jika sakit berlanjut hubungi dokter.,Oxymetazoline HCl 0.025% drops anak,Hidung buntu anak (maks 3 hari); hidung mampet anak; tetes hidung mampet; Gunakan sesuai petunjuk pada kemasan. Jika sakit berlanjut hubungi dokter.,Rebound congestion,2028-12-31,Tetes,/medicines/Iliadin Anak Nasal Drops 10ml.webp,True,"[""otc"",""indonesia"",""chatbot-ready""]"
408,Vicks Inhaler,Perawatan Hidung & Pernapasan,18000.0,224,"Menthol 51.6%, Camphor 33.1%, Pine Needle Oil",Hidung tersumbat instan inhaler; Gejala: hirup hidung; hidung tersumbat instan; vicks,Sesuai aturan pakai pada kemasan. Gunakan sesuai petunjuk pada kemasan. Jika sakit berlanjut hubungi dokter.,"Menthol 51.6%, Camphor 33.1%, Pine Needle Oil",Hidung tersumbat instan inhaler; hirup hidung; hidung tersumbat instan; vicks; Gunakan sesuai petunjuk pada kemasan. Jika sakit berlanjut hubungi dokter.,Iritasi ringan,2026-12-31,Produk,/medicines/Vicks Inhaler.webp,True,"[""otc"",""indonesia"",""chatbot-ready""]"
409,Transpulmin Baby Balsam 10g,Perawatan Hidung & Pernapasan,65000.0,44,"Eucalyptus Oil, Chamomile, Almond Oil","Dada bayi, napas lega baby balsam; Gejala: balsem dada bayi; napas lega bayi; dada sesak bayi",Sesuai aturan pakai pada kemasan. Gunakan sesuai petunjuk pada kemasan. Jika sakit berlanjut hubungi dokter.,"Eucalyptus Oil, Chamomile, Almond Oil","Dada bayi, napas lega baby balsam; balsem dada bayi; napas lega bayi; dada sesak bayi; Gunakan sesuai petunjuk pada kemasan. Jika sakit berlanjut hubungi dokter.",Kemerahan (jarang),2028-03-15,Produk,/medicines/Transpulmin Baby Balsam 10g.webp,True,"[""otc"",""indonesia"",""chatbot-ready""]"
410,Balsem Lang Pot 10g,Perawatan Hidung & Pernapasan,8000.0,491,"Menthol, Camphor, Eucalyptus Oil",Masuk angin dan dada sesak balsem; Gejala: balsem putih; dada sesak flu,Sesuai aturan pakai pada kemasan. Gunakan sesuai petunjuk pada kemasan. Jika sakit berlanjut hubungi dokter.,"Menthol, Camphor, Eucalyptus Oil",Masuk angin dan dada sesak balsem; balsem putih; dada sesak flu; Gunakan sesuai petunjuk pada kemasan. Jika sakit berlanjut hubungi dokter.,Perih kulit berlebih,2028-12-31,Produk,/medicines/Balsem Lang Pot 10g.webp,True,"[""otc"",""indonesia"",""chatbot-ready""]"
411,Balsem Lang Pot 20g,Perawatan Hidung & Pernapasan,14000.0,269,"Menthol, Camphor, Eucalyptus Oil medium",Masuk angin medium balsem; Gejala: balsem masuk angin; dada,Sesuai aturan pakai pada kemasan. Gunakan sesuai petunjuk pada kemasan. Jika sakit berlanjut hubungi dokter.,"Menthol, Camphor, Eucalyptus Oil medium",Masuk angin medium balsem; balsem masuk angin; dada; Gunakan sesuai petunjuk pada kemasan. Jika sakit berlanjut hubungi dokter.,Perih,2028-03-15,Produk,/medicines/Balsem Lang Pot 20g.webp,True,"[""otc"",""indonesia"",""chatbot-ready""]"
412,Balsem Lang Pot 40g,Perawatan Hidung & Pernapasan,24000.0,202,"Menthol, Camphor, Eucalyptus Oil besar",Balsem keluarga kemasan besar; Gejala: balsem besar; keluarga,Sesuai aturan pakai pada kemasan. Gunakan sesuai petunjuk pada kemasan. Jika sakit berlanjut hubungi dokter.,"Menthol, Camphor, Eucalyptus Oil besar",Balsem keluarga kemasan besar; balsem besar; keluarga; Gunakan sesuai petunjuk pada kemasan. Jika sakit berlanjut hubungi dokter.,Perih,2026-12-31,Produk,/medicines/Balsem Lang Pot 40g.webp,True,"[""otc"",""indonesia"",""chatbot-ready""]"
413,Balsem Lang Tube 50g,Perawatan Hidung & Pernapasan,22000.0,248,"Menthol, Camphor, Eucalyptus Oil tube",Balsem masuk angin tube; Gejala: balsem tube; napas lega,Sesuai aturan pakai pada kemasan. Gunakan sesuai petunjuk pada kemasan. Jika sakit berlanjut hubungi dokter.,"Menthol, Camphor, Eucalyptus Oil tube",Balsem masuk angin tube; balsem tube; napas lega; Gunakan sesuai petunjuk pada kemasan. Jika sakit berlanjut hubungi dokter.,Perih,2028-12-31,Produk,/medicines/Balsem Lang Tube 50g.webp,True,"[""otc"",""indonesia"",""chatbot-ready""]"
414,Flixonase Nasal Spray,Perawatan Hidung & Pernapasan,120000.0,68,Fluticasone Propionate 50mcg/dose,Rinitis alergi kronis (Perlu pengawasan); Gejala: rinitis alergi kronis; hidung berair alergi,Sesuai aturan pakai pada kemasan. Gunakan sesuai petunjuk pada kemasan. Jika sakit berlanjut hubungi dokter.,Fluticasone Propionate 50mcg/dose,Rinitis alergi kronis (Perlu pengawasan); rinitis alergi kronis; hidung berair alergi; Gunakan sesuai petunjuk pada kemasan. Jika sakit berlanjut hubungi dokter.,Mimisan sesekali,2028-12-31,Spray,https://placehold.co/400x300/f8fafc/64748b?text=Flixonase+Nasal+Spray,True,"[""otc"",""indonesia"",""chatbot-ready""]"
415,Rhinocort Nasal Spray,Perawatan Hidung & Pernapasan,145000.0,35,Budesonide 64mcg/dose,Rinitis alergi dan polip hidung (Perlu pengawasan); Gejala: rinitis kronis; polip hidung,Sesuai aturan pakai pada kemasan. Gunakan sesuai petunjuk pada kemasan. Jika sakit berlanjut hubungi dokter.,Budesonide 64mcg/dose,Rinitis alergi dan polip hidung (Perlu pengawasan); rinitis kronis; polip hidung; Gunakan sesuai petunjuk pada kemasan. Jika sakit berlanjut hubungi dokter.,Mimisan,2028-03-15,Spray,https://placehold.co/400x300/f8fafc/64748b?text=Rhinocort+Nasal+Spray,True,"[""otc"",""indonesia"",""chatbot-ready""]"
416,Afrin Nasal Spray,Perawatan Hidung & Pernapasan,55000.0,79,Oxymetazoline 0.05%,Hidung tersumbat berat (maks 3 hari); Gejala: hidung mampet berat; oxymetazoline,Sesuai aturan pakai pada kemasan. Gunakan sesuai petunjuk pada kemasan. Jika sakit berlanjut hubungi dokter.,Oxymetazoline 0.05%,Hidung tersumbat berat (maks 3 hari); hidung mampet berat; oxymetazoline; Gunakan sesuai petunjuk pada kemasan. Jika sakit berlanjut hubungi dokter.,Rebound congestion,2029-01-15,Spray,https://placehold.co/400x300/f8fafc/64748b?text=Afrin+Nasal+Spray,True,"[""otc"",""indonesia"",""chatbot-ready""]"
417,Minyak Kayu Putih Konicare 60ml,Perawatan Hidung & Pernapasan,22000.0,440,"Cajuput Oil, Eucalyptus Oil, Camphor","Kembung, masuk angin, hidung tersumbat oles dada; Gejala: kembung bayi; dada sesak; minyak kayu putih",Sesuai aturan pakai pada kemasan. Gunakan sesuai petunjuk pada kemasan. Jika sakit berlanjut hubungi dokter.,"Cajuput Oil, Eucalyptus Oil, Camphor","Kembung, masuk angin, hidung tersumbat oles dada; kembung bayi; dada sesak; minyak kayu putih; Gunakan sesuai petunjuk pada kemasan. Jika sakit berlanjut hubungi dokter.",Panas lokal,2027-06-30,Produk,https://placehold.co/400x300/f8fafc/64748b?text=Minyak+Kayu+Putih+Konicare+60m,True,"[""otc"",""indonesia"",""chatbot-ready""]"
418,Migran Tablet,Nyeri & Demam,22000.0,151,"Paracetamol 500mg, Caffeine 50mg, Ergotamine 1mg",Migrain dan sakit kepala berat; Gejala: migrain; sakit kepala sebelah,Sesuai aturan pakai pada kemasan. Gunakan sesuai petunjuk pada kemasan. Jika sakit berlanjut hubungi dokter.,"Paracetamol 500mg, Caffeine 50mg, Ergotamine 1mg",Migrain dan sakit kepala berat; migrain; sakit kepala sebelah; Gunakan sesuai petunjuk pada kemasan. Jika sakit berlanjut hubungi dokter.,"Mual, berdebar",2026-12-31,Tablet,https://placehold.co/400x300/f8fafc/ef4444?text=Migran+Tablet,True,"[""otc"",""indonesia"",""chatbot-ready""]"
419,Renadinac Tablet,Nyeri & Demam,18000.0,385,Natrium Diklofenak 50mg,"Nyeri akut, sendi, haid; Gejala: nyeri akut; nyeri sendi; diclofenac",Sesuai aturan pakai pada kemasan. Gunakan sesuai petunjuk pada kemasan. Jika sakit berlanjut hubungi dokter.,Natrium Diklofenak 50mg,"Nyeri akut, sendi, haid; nyeri akut; nyeri sendi; diclofenac; Gunakan sesuai petunjuk pada kemasan. Jika sakit berlanjut hubungi dokter.",Nyeri lambung,2026-12-31,Tablet,https://placehold.co/400x300/f8fafc/ef4444?text=Renadinac+Tablet,True,"[""otc"",""indonesia"",""chatbot-ready""]"
420,Novalgin Tablet,Nyeri & Demam,18000.0,396,Metampiron 500mg,"Nyeri berat, kolik; Gejala: nyeri kolik; sakit perut mendadak",Sesuai aturan pakai pada kemasan. Gunakan sesuai petunjuk pada kemasan. Jika sakit berlanjut hubungi dokter.,Metampiron 500mg,"Nyeri berat, kolik; nyeri kolik; sakit perut mendadak; Gunakan sesuai petunjuk pada kemasan. Jika sakit berlanjut hubungi dokter.",Agranulositosis (jarang),2027-06-30,Tablet,https://placehold.co/400x300/f8fafc/ef4444?text=Novalgin+Tablet,True,"[""otc"",""indonesia"",""chatbot-ready""]"
421,Actalipid Tablet,Vitamin & Suplemen,25000.0,419,Simvastatin 10mg,Kolesterol tinggi (Perlu pantau dokter); Gejala: kolesterol; lemak darah tinggi,Sesuai aturan pakai pada kemasan. Gunakan sesuai petunjuk pada kemasan. Jika sakit berlanjut hubungi dokter.,Simvastatin 10mg,Kolesterol tinggi (Perlu pantau dokter); kolesterol; lemak darah tinggi; Gunakan sesuai petunjuk pada kemasan. Jika sakit berlanjut hubungi dokter.,"Nyeri otot, hepatotoksisitas",2028-12-31,Tablet,https://placehold.co/400x300/f8fafc/eab308?text=Actalipid+Tablet,True,"[""otc"",""indonesia"",""chatbot-ready""]"
422,Glucosamine Tablet,Nyeri & Demam,85000.0,73,Glucosamine Sulfate 500mg,"Nyeri sendi lutut, osteoarthritis; Gejala: nyeri lutut; sendi aus; glucosamine",Sesuai aturan pakai pada kemasan. Gunakan sesuai petunjuk pada kemasan. Jika sakit berlanjut hubungi dokter.,Glucosamine Sulfate 500mg,"Nyeri sendi lutut, osteoarthritis; nyeri lutut; sendi aus; glucosamine; Gunakan sesuai petunjuk pada kemasan. Jika sakit berlanjut hubungi dokter.","Mual ringan, gatal",2028-03-15,Tablet,https://placehold.co/400x300/f8fafc/ef4444?text=Glucosamine+Tablet,True,"[""otc"",""indonesia"",""chatbot-ready""]"
423,MSM Tablet,Nyeri & Demam,65000.0,90,Methylsulfonylmethane 500mg,Nyeri sendi dan peradangan; Gejala: sendi; anti radang; msm,Sesuai aturan pakai pada kemasan. Gunakan sesuai petunjuk pada kemasan. Jika sakit berlanjut hubungi dokter.,Methylsulfonylmethane 500mg,Nyeri sendi dan peradangan; sendi; anti radang; msm; Gunakan sesuai petunjuk pada kemasan. Jika sakit berlanjut hubungi dokter.,Jarang,2029-01-15,Tablet,https://placehold.co/400x300/f8fafc/ef4444?text=MSM+Tablet,True,"[""otc"",""indonesia"",""chatbot-ready""]"
424,Natrium Diklofenak 50mg,Nyeri & Demam,8000.0,117,Natrium Diklofenak 50mg,Nyeri dan radang sendi; Gejala: nyeri sendi; rematik,Sesuai aturan pakai pada kemasan. Gunakan sesuai petunjuk pada kemasan. Jika sakit berlanjut hubungi dokter.,Natrium Diklofenak 50mg,Nyeri dan radang sendi; nyeri sendi; rematik; Gunakan sesuai petunjuk pada kemasan. Jika sakit berlanjut hubungi dokter.,Nyeri lambung,2029-01-15,Produk,https://placehold.co/400x300/f8fafc/ef4444?text=Natrium+Diklofenak+50mg,True,"[""otc"",""indonesia"",""chatbot-ready""]"
425,Meloxicam Tablet,Nyeri & Demam,12000.0,361,Meloxicam 7.5mg,"Osteoarthritis, rematik; Gejala: rematik; sendi; meloxicam",Sesuai aturan pakai pada kemasan. Gunakan sesuai petunjuk pada kemasan. Jika sakit berlanjut hubungi dokter.,Meloxicam 7.5mg,"Osteoarthritis, rematik; rematik; sendi; meloxicam; Gunakan sesuai petunjuk pada kemasan. Jika sakit berlanjut hubungi dokter.",Nyeri lambung,2029-01-15,Tablet,https://placehold.co/400x300/f8fafc/ef4444?text=Meloxicam+Tablet,True,"[""otc"",""indonesia"",""chatbot-ready""]"
426,Ketorolac Tablet,Nyeri & Demam,18000.0,110,Ketorolac Tromethamine 10mg,Nyeri sedang-berat; Gejala: nyeri pasca operasi; nyeri hebat,Sesuai aturan pakai pada kemasan. Gunakan sesuai petunjuk pada kemasan. Jika sakit berlanjut hubungi dokter.,Ketorolac Tromethamine 10mg,Nyeri sedang-berat; nyeri pasca operasi; nyeri hebat; Gunakan sesuai petunjuk pada kemasan. Jika sakit berlanjut hubungi dokter.,Perdarahan GI,2028-12-31,Tablet,https://placehold.co/400x300/f8fafc/ef4444?text=Ketorolac+Tablet,True,"[""otc"",""indonesia"",""chatbot-ready""]"
427,Omega-3 Fish Oil,Vitamin & Suplemen,85000.0,96,"EPA 360mg, DHA 240mg per kapsul","Kesehatan jantung, kolesterol, otak; Gejala: jantung; otak; omega 3; kolesterol",Sesuai aturan pakai pada kemasan. Gunakan sesuai petunjuk pada kemasan. Jika sakit berlanjut hubungi dokter.,"EPA 360mg, DHA 240mg per kapsul","Kesehatan jantung, kolesterol, otak; jantung; otak; omega 3; kolesterol; Gunakan sesuai petunjuk pada kemasan. Jika sakit berlanjut hubungi dokter.","Bau ikan, mual",2028-03-15,Produk,https://placehold.co/400x300/f8fafc/eab308?text=Omega-3+Fish+Oil,True,"[""otc"",""indonesia"",""chatbot-ready""]"
428,Vitamin D3 1000IU,Vitamin & Suplemen,75000.0,64,Cholecalciferol 1000 IU,"Tulang, imun, mood; Gejala: vitamin d; tulang; imun",Sesuai aturan pakai pada kemasan. Gunakan sesuai petunjuk pada kemasan. Jika sakit berlanjut hubungi dokter.,Cholecalciferol 1000 IU,"Tulang, imun, mood; vitamin d; tulang; imun; Gunakan sesuai petunjuk pada kemasan. Jika sakit berlanjut hubungi dokter.",Toksisitas dosis sangat tinggi,2026-12-31,Produk,https://placehold.co/400x300/f8fafc/eab308?text=Vitamin+D3+1000IU,True,"[""otc"",""indonesia"",""chatbot-ready""]"
429,Vitamin B12 500mcg,Vitamin & Suplemen,15000.0,287,Cyanocobalamin 500mcg,"Anemia, kesemutan, energi; Gejala: B12; anemia; kesemutan; energi",Sesuai aturan pakai pada kemasan. Gunakan sesuai petunjuk pada kemasan. Jika sakit berlanjut hubungi dokter.,Cyanocobalamin 500mcg,"Anemia, kesemutan, energi; B12; anemia; kesemutan; energi; Gunakan sesuai petunjuk pada kemasan. Jika sakit berlanjut hubungi dokter.",Jarang,2028-03-15,Produk,https://placehold.co/400x300/f8fafc/eab308?text=Vitamin+B12+500mcg,True,"[""otc"",""indonesia"",""chatbot-ready""]"
430,Zinc Tablet 20mg,Vitamin & Suplemen,12000.0,309,Zinc Gluconate 20mg,"Imun, penyembuhan luka, tumbuh kembang; Gejala: zinc; imun; luka tidak sembuh",Sesuai aturan pakai pada kemasan. Gunakan sesuai petunjuk pada kemasan. Jika sakit berlanjut hubungi dokter.,Zinc Gluconate 20mg,"Imun, penyembuhan luka, tumbuh kembang; zinc; imun; luka tidak sembuh; Gunakan sesuai petunjuk pada kemasan. Jika sakit berlanjut hubungi dokter.",Mual dosis tinggi,2029-01-15,Tablet,https://placehold.co/400x300/f8fafc/eab308?text=Zinc+Tablet+20mg,True,"[""otc"",""indonesia"",""chatbot-ready""]"
431,Folic Acid Tablet 400mcg,Vitamin & Suplemen,8000.0,335,Asam Folat 400mcg,"Pencegahan cacat lahir, ibu hamil; Gejala: asam folat; ibu hamil; kehamilan",Sesuai aturan pakai pada kemasan. Gunakan sesuai petunjuk pada kemasan. Jika sakit berlanjut hubungi dokter.,Asam Folat 400mcg,"Pencegahan cacat lahir, ibu hamil; asam folat; ibu hamil; kehamilan; Gunakan sesuai petunjuk pada kemasan. Jika sakit berlanjut hubungi dokter.",Jarang,2027-06-30,Tablet,https://placehold.co/400x300/f8fafc/eab308?text=Folic+Acid+Tablet+400mcg,True,"[""otc"",""indonesia"",""chatbot-ready""]"
432,Biotin Tablet 2.5mg,Vitamin & Suplemen,55000.0,46,D-Biotin 2.5mg,"Kesehatan rambut, kuku, kulit; Gejala: rambut rontok; kuku lemah; biotin",Sesuai aturan pakai pada kemasan. Gunakan sesuai petunjuk pada kemasan. Jika sakit berlanjut hubungi dokter.,D-Biotin 2.5mg,"Kesehatan rambut, kuku, kulit; rambut rontok; kuku lemah; biotin; Gunakan sesuai petunjuk pada kemasan. Jika sakit berlanjut hubungi dokter.",Jarang,2028-12-31,Tablet,https://placehold.co/400x300/f8fafc/eab308?text=Biotin+Tablet+2.5mg,True,"[""otc"",""indonesia"",""chatbot-ready""]"
433,Kolagen Tripeptide,Vitamin & Suplemen,115000.0,70,Marine Collagen Peptide 1000mg,"Kesehatan kulit, sendi, tulang rawan; Gejala: kulit kencang; sendi; kolagen",Sesuai aturan pakai pada kemasan. Gunakan sesuai petunjuk pada kemasan. Jika sakit berlanjut hubungi dokter.,Marine Collagen Peptide 1000mg,"Kesehatan kulit, sendi, tulang rawan; kulit kencang; sendi; kolagen; Gunakan sesuai petunjuk pada kemasan. Jika sakit berlanjut hubungi dokter.",Jarang,2029-01-15,Produk,https://placehold.co/400x300/f8fafc/eab308?text=Kolagen+Tripeptide,True,"[""otc"",""indonesia"",""chatbot-ready""]"
434,Magnesium Tablet 250mg,Vitamin & Suplemen,25000.0,410,Magnesium Oxide 250mg,"Kram otot, insomnia, kelelahan; Gejala: kram kaki malam; insomnia; magnesium",Sesuai aturan pakai pada kemasan. Gunakan sesuai petunjuk pada kemasan. Jika sakit berlanjut hubungi dokter.,Magnesium Oxide 250mg,"Kram otot, insomnia, kelelahan; kram kaki malam; insomnia; magnesium; Gunakan sesuai petunjuk pada kemasan. Jika sakit berlanjut hubungi dokter.",Diare dosis tinggi,2029-01-15,Tablet,https://placehold.co/400x300/f8fafc/eab308?text=Magnesium+Tablet+250mg,True,"[""otc"",""indonesia"",""chatbot-ready""]"
435,Berocca Effervescent,Vitamin & Suplemen,45000.0,358,B Vitamins + Vitamin C + Zinc effervescent,Energi dan fokus mental; Gejala: energi; fokus; vitamin b kompleks,Sesuai aturan pakai pada kemasan. Gunakan sesuai petunjuk pada kemasan. Jika sakit berlanjut hubungi dokter.,B Vitamins + Vitamin C + Zinc effervescent,Energi dan fokus mental; energi; fokus; vitamin b kompleks; Gunakan sesuai petunjuk pada kemasan. Jika sakit berlanjut hubungi dokter.,"Kembung, urin kuning",2027-06-30,Produk,https://placehold.co/400x300/f8fafc/eab308?text=Berocca+Effervescent,True,"[""otc"",""indonesia"",""chatbot-ready""]"
436,Suplemen Koenzim Q10,Vitamin & Suplemen,125000.0,32,Coenzyme Q10 100mg,"Energi sel, jantung, antioksidan; Gejala: antioksidan; jantung; energi sel",Sesuai aturan pakai pada kemasan. Gunakan sesuai petunjuk pada kemasan. Jika sakit berlanjut hubungi dokter.,Coenzyme Q10 100mg,"Energi sel, jantung, antioksidan; antioksidan; jantung; energi sel; Gunakan sesuai petunjuk pada kemasan. Jika sakit berlanjut hubungi dokter.","Jarang, insomnia ringan",2027-06-30,Produk,https://placehold.co/400x300/f8fafc/eab308?text=Suplemen+Koenzim+Q10,True,"[""otc"",""indonesia"",""chatbot-ready""]"
437,Curcumin Kapsul,Vitamin & Suplemen,65000.0,89,"Curcumin 500mg, Piperine 5mg","Anti radang, antioksidan premium; Gejala: anti radang; antioksidan; kunyit premium",Sesuai aturan pakai pada kemasan. Gunakan sesuai petunjuk pada kemasan. Jika sakit berlanjut hubungi dokter.,"Curcumin 500mg, Piperine 5mg","Anti radang, antioksidan premium; anti radang; antioksidan; kunyit premium; Gunakan sesuai petunjuk pada kemasan. Jika sakit berlanjut hubungi dokter.","Jarang, mual ringan",2028-12-31,Kapsul,https://placehold.co/400x300/f8fafc/eab308?text=Curcumin+Kapsul,True,"[""otc"",""indonesia"",""chatbot-ready""]"
438,Prenavit Tablet,Vitamin & Suplemen,55000.0,39,Multivitamin Mineral Ibu Hamil,Nutrisi lengkap kehamilan; Gejala: hamil; kehamilan; vitamin prenatal,Sesuai aturan pakai pada kemasan. Gunakan sesuai petunjuk pada kemasan. Jika sakit berlanjut hubungi dokter.,Multivitamin Mineral Ibu Hamil,Nutrisi lengkap kehamilan; hamil; kehamilan; vitamin prenatal; Gunakan sesuai petunjuk pada kemasan. Jika sakit berlanjut hubungi dokter.,Mual,2026-12-31,Tablet,https://placehold.co/400x300/f8fafc/eab308?text=Prenavit+Tablet,True,"[""otc"",""indonesia"",""chatbot-ready""]"
439,Noni Gold Kapsul,Vitamin & Suplemen,45000.0,354,Morinda citrifolia 500mg,Stamina dan imun herbal mengkudu; Gejala: stamina; imun; mengkudu; noni,Sesuai aturan pakai pada kemasan. Gunakan sesuai petunjuk pada kemasan. Jika sakit berlanjut hubungi dokter.,Morinda citrifolia 500mg,Stamina dan imun herbal mengkudu; stamina; imun; mengkudu; noni; Gunakan sesuai petunjuk pada kemasan. Jika sakit berlanjut hubungi dokter.,Jarang,2028-12-31,Kapsul,https://placehold.co/400x300/f8fafc/eab308?text=Noni+Gold+Kapsul,True,"[""otc"",""indonesia"",""chatbot-ready""]"
440,Spirulina Tablet 500mg,Vitamin & Suplemen,85000.0,75,Arthrospira platensis 500mg,"Protein nabati, antioksidan, energi; Gejala: protein nabati; vegan; spirulina; energi",Sesuai aturan pakai pada kemasan. Gunakan sesuai petunjuk pada kemasan. Jika sakit berlanjut hubungi dokter.,Arthrospira platensis 500mg,"Protein nabati, antioksidan, energi; protein nabati; vegan; spirulina; energi; Gunakan sesuai petunjuk pada kemasan. Jika sakit berlanjut hubungi dokter.",Jarang (reaksi alergi),2026-12-31,Tablet,https://placehold.co/400x300/f8fafc/eab308?text=Spirulina+Tablet+500mg,True,"[""otc"",""indonesia"",""chatbot-ready""]"
441,Mefenacid Tablet,Nyeri & Demam,8000.0,124,Asam Mefenamat 250mg,"Nyeri haid ringan, gigi; Gejala: nyeri haid ringan; gigi",Sesuai aturan pakai pada kemasan. Gunakan sesuai petunjuk pada kemasan. Jika sakit berlanjut hubungi dokter.,Asam Mefenamat 250mg,"Nyeri haid ringan, gigi; nyeri haid ringan; gigi; Gunakan sesuai petunjuk pada kemasan. Jika sakit berlanjut hubungi dokter.",Iritasi lambung,2028-12-31,Tablet,https://placehold.co/400x300/f8fafc/ef4444?text=Mefenacid+Tablet,True,"[""otc"",""indonesia"",""chatbot-ready""]"
442,Acnevil Gel,Obat Kulit & Luka,35000.0,472,Clindamycin 1%,Jerawat meradang; Gejala: jerawat meradang; clindamycin; jerawat batu,Sesuai aturan pakai pada kemasan. Gunakan sesuai petunjuk pada kemasan. Jika sakit berlanjut hubungi dokter.,Clindamycin 1%,Jerawat meradang; jerawat meradang; clindamycin; jerawat batu; Gunakan sesuai petunjuk pada kemasan. Jika sakit berlanjut hubungi dokter.,Kulit kering,2028-12-31,Gel,https://placehold.co/400x300/f8fafc/ec4899?text=Acnevil+Gel,True,"[""otc"",""indonesia"",""chatbot-ready""]"
443,Skinoren Gel 15g,Obat Kulit & Luka,85000.0,96,Azelaic Acid 20%,"Jerawat, hiperpigmentasi; Gejala: jerawat; bekas jerawat hitam; azelaic acid",Sesuai aturan pakai pada kemasan. Gunakan sesuai petunjuk pada kemasan. Jika sakit berlanjut hubungi dokter.,Azelaic Acid 20%,"Jerawat, hiperpigmentasi; jerawat; bekas jerawat hitam; azelaic acid; Gunakan sesuai petunjuk pada kemasan. Jika sakit berlanjut hubungi dokter.","Kulit kering, perih",2026-12-31,Gel,https://placehold.co/400x300/f8fafc/ec4899?text=Skinoren+Gel+15g,True,"[""otc"",""indonesia"",""chatbot-ready""]"
444,Clobetasol Cream 0.05%,Obat Kulit & Luka,25000.0,323,Clobetasol Propionate 0.05%,"Psoriasis, lichen planus; Gejala: psoriasis; kulit bersisik; gatal parah",Sesuai aturan pakai pada kemasan. Gunakan sesuai petunjuk pada kemasan. Jika sakit berlanjut hubungi dokter.,Clobetasol Propionate 0.05%,"Psoriasis, lichen planus; psoriasis; kulit bersisik; gatal parah; Gunakan sesuai petunjuk pada kemasan. Jika sakit berlanjut hubungi dokter.",Penipisan kulit,2029-01-15,Topikal,https://placehold.co/400x300/f8fafc/ec4899?text=Clobetasol+Cream+0.05%,True,"[""otc"",""indonesia"",""chatbot-ready""]"
445,Chloramphenicol Cream,Obat Kulit & Luka,12000.0,295,Chloramphenicol 2%,Infeksi kulit bakteri gram positif; Gejala: infeksi kulit; luka bernanah murah,Sesuai aturan pakai pada kemasan. Gunakan sesuai petunjuk pada kemasan. Jika sakit berlanjut hubungi dokter.,Chloramphenicol 2%,Infeksi kulit bakteri gram positif; infeksi kulit; luka bernanah murah; Gunakan sesuai petunjuk pada kemasan. Jika sakit berlanjut hubungi dokter.,Alergi lokal,2028-03-15,Topikal,https://placehold.co/400x300/f8fafc/ec4899?text=Chloramphenicol+Cream,True,"[""otc"",""indonesia"",""chatbot-ready""]"
446,Gentamicin Cream 0.1%,Obat Kulit & Luka,8000.0,325,Gentamicin Sulfate 0.1%,"Impetigo, folikulitis; Gejala: impetigo murah; folikulitis",Sesuai aturan pakai pada kemasan. Gunakan sesuai petunjuk pada kemasan. Jika sakit berlanjut hubungi dokter.,Gentamicin Sulfate 0.1%,"Impetigo, folikulitis; impetigo murah; folikulitis; Gunakan sesuai petunjuk pada kemasan. Jika sakit berlanjut hubungi dokter.",Gatal lokal,2028-03-15,Topikal,https://placehold.co/400x300/f8fafc/ec4899?text=Gentamicin+Cream+0.1%,True,"[""otc"",""indonesia"",""chatbot-ready""]"
447,Tretinoin Cream 0.025%,Obat Kulit & Luka,25000.0,257,Tretinoin 0.025%,Jerawat dan anti penuaan; Gejala: jerawat; anti aging; retinol,Sesuai aturan pakai pada kemasan. Gunakan sesuai petunjuk pada kemasan. Jika sakit berlanjut hubungi dokter.,Tretinoin 0.025%,Jerawat dan anti penuaan; jerawat; anti aging; retinol; Gunakan sesuai petunjuk pada kemasan. Jika sakit berlanjut hubungi dokter.,"Kulit merah, mengelupas",2027-06-30,Topikal,https://placehold.co/400x300/f8fafc/ec4899?text=Tretinoin+Cream+0.025%,True,"[""otc"",""indonesia"",""chatbot-ready""]"
448,Calcipotriol Cream,Obat Kulit & Luka,135000.0,48,Calcipotriol 50mcg/g,Psoriasis plak ringan-sedang; Gejala: psoriasis plak; kulit bersisik tebal,Sesuai aturan pakai pada kemasan. Gunakan sesuai petunjuk pada kemasan. Jika sakit berlanjut hubungi dokter.,Calcipotriol 50mcg/g,Psoriasis plak ringan-sedang; psoriasis plak; kulit bersisik tebal; Gunakan sesuai petunjuk pada kemasan. Jika sakit berlanjut hubungi dokter.,Iritasi lokal,2029-01-15,Topikal,https://placehold.co/400x300/f8fafc/ec4899?text=Calcipotriol+Cream,True,"[""otc"",""indonesia"",""chatbot-ready""]"
449,Alphosyl HC Krim,Obat Kulit & Luka,95000.0,75,"Hydrocortisone, Coal Tar",Psoriasis dan seborrheic dermatitis; Gejala: psoriasis; ketombe berat; seborrheic,Sesuai aturan pakai pada kemasan. Gunakan sesuai petunjuk pada kemasan. Jika sakit berlanjut hubungi dokter.,"Hydrocortisone, Coal Tar",Psoriasis dan seborrheic dermatitis; psoriasis; ketombe berat; seborrheic; Gunakan sesuai petunjuk pada kemasan. Jika sakit berlanjut hubungi dokter.,Kulit sensitif,2028-12-31,Produk,https://placehold.co/400x300/f8fafc/ec4899?text=Alphosyl+HC+Krim,True,"[""otc"",""indonesia"",""chatbot-ready""]"
450,Duoderm CGF Plester,Obat Kulit & Luka,85000.0,85,"Gelatin, Pectin, CMC hidrokoloid","Luka kronik, dekubitus, luka operasi; Gejala: luka kronik; luka diabetes; decubitus",Sesuai aturan pakai pada kemasan. Gunakan sesuai petunjuk pada kemasan. Jika sakit berlanjut hubungi dokter.,"Gelatin, Pectin, CMC hidrokoloid","Luka kronik, dekubitus, luka operasi; luka kronik; luka diabetes; decubitus; Gunakan sesuai petunjuk pada kemasan. Jika sakit berlanjut hubungi dokter.",Maserasi kulit,2028-12-31,Produk,https://placehold.co/400x300/f8fafc/ec4899?text=Duoderm+CGF+Plester,True,"[""otc"",""indonesia"",""chatbot-ready""]"
451,Mebo Scar Gel 15g,Obat Kulit & Luka,95000.0,31,"Allium Cepa Extract, Heparin, Allantoin",Bekas luka dan keloid; Gejala: bekas luka tonjolan; keloid; scar,Sesuai aturan pakai pada kemasan. Gunakan sesuai petunjuk pada kemasan. Jika sakit berlanjut hubungi dokter.,"Allium Cepa Extract, Heparin, Allantoin",Bekas luka dan keloid; bekas luka tonjolan; keloid; scar; Gunakan sesuai petunjuk pada kemasan. Jika sakit berlanjut hubungi dokter.,Jarang,2029-01-15,Gel,https://placehold.co/400x300/f8fafc/ec4899?text=Mebo+Scar+Gel+15g,True,"[""otc"",""indonesia"",""chatbot-ready""]"
452,Kloderma Cream,Obat Kulit & Luka,55000.0,37,Clobetasone Butyrate 0.05%,"Eksim ringan, dermatitis kontak; Gejala: eksim; dermatitis kontak; gatal meradang",Sesuai aturan pakai pada kemasan. Gunakan sesuai petunjuk pada kemasan. Jika sakit berlanjut hubungi dokter.,Clobetasone Butyrate 0.05%,"Eksim ringan, dermatitis kontak; eksim; dermatitis kontak; gatal meradang; Gunakan sesuai petunjuk pada kemasan. Jika sakit berlanjut hubungi dokter.",Penipisan kulit bila lama,2026-12-31,Topikal,https://placehold.co/400x300/f8fafc/ec4899?text=Kloderma+Cream,True,"[""otc"",""indonesia"",""chatbot-ready""]"
453,Hydrocortisone 1% Cream,Obat Kulit & Luka,8000.0,200,Hydrocortisone 1%,"Gatal radang ringan, diapers rash; Gejala: gatal radang; diapers rash; kortison ringan",Sesuai aturan pakai pada kemasan. Gunakan sesuai petunjuk pada kemasan. Jika sakit berlanjut hubungi dokter.,Hydrocortisone 1%,"Gatal radang ringan, diapers rash; gatal radang; diapers rash; kortison ringan; Gunakan sesuai petunjuk pada kemasan. Jika sakit berlanjut hubungi dokter.",Penipisan kulit,2027-06-30,Topikal,https://placehold.co/400x300/f8fafc/ec4899?text=Hydrocortisone+1%+Cream,True,"[""otc"",""indonesia"",""chatbot-ready""]"
454,Iodine Povidone 10% 60ml,Obat Kulit & Luka,18000.0,125,Povidone Iodine 10%,Antiseptik kulit luka terbuka; Gejala: antiseptik generic; luka murah,Sesuai aturan pakai pada kemasan. Gunakan sesuai petunjuk pada kemasan. Jika sakit berlanjut hubungi dokter.,Povidone Iodine 10%,Antiseptik kulit luka terbuka; antiseptik generic; luka murah; Gunakan sesuai petunjuk pada kemasan. Jika sakit berlanjut hubungi dokter.,"Iritasi, kulit coklat",2026-12-31,Produk,https://placehold.co/400x300/f8fafc/ec4899?text=Iodine+Povidone+10%+60ml,True,"[""otc"",""indonesia"",""chatbot-ready""]"
455,Metronidazole Gel,Obat Kulit & Luka,22000.0,126,Metronidazole 0.75%,"Rosacea, jerawat infeksi anaerob; Gejala: rosacea; jerawat anaerob; kemerahan wajah",Sesuai aturan pakai pada kemasan. Gunakan sesuai petunjuk pada kemasan. Jika sakit berlanjut hubungi dokter.,Metronidazole 0.75%,"Rosacea, jerawat infeksi anaerob; rosacea; jerawat anaerob; kemerahan wajah; Gunakan sesuai petunjuk pada kemasan. Jika sakit berlanjut hubungi dokter.","Iritasi lokal, mulut metalik",2028-03-15,Gel,https://placehold.co/400x300/f8fafc/ec4899?text=Metronidazole+Gel,True,"[""otc"",""indonesia"",""chatbot-ready""]"
456,Pityriasis Shampoo,Antijamur & Kulit,35000.0,383,Selenium Sulfide 1%,"Ketombe berat, tinea capitis; Gejala: ketombe parah; kutu rambut jamur",Sesuai aturan pakai pada kemasan. Gunakan sesuai petunjuk pada kemasan. Jika sakit berlanjut hubungi dokter.,Selenium Sulfide 1%,"Ketombe berat, tinea capitis; ketombe parah; kutu rambut jamur; Gunakan sesuai petunjuk pada kemasan. Jika sakit berlanjut hubungi dokter.",Kulit kepala kering,2028-03-15,Produk,https://placehold.co/400x300/f8fafc/14b8a6?text=Pityriasis+Shampoo,True,"[""otc"",""indonesia"",""chatbot-ready""]"
457,Nizoral Shampoo 60ml,Antijamur & Kulit,65000.0,75,Ketoconazole 2% shampoo,"Ketombe jamur, seborrheic dermatitis kepala; Gejala: ketombe jamur; kulit kepala bersisik",Sesuai aturan pakai pada kemasan. Gunakan sesuai petunjuk pada kemasan. Jika sakit berlanjut hubungi dokter.,Ketoconazole 2% shampoo,"Ketombe jamur, seborrheic dermatitis kepala; ketombe jamur; kulit kepala bersisik; Gunakan sesuai petunjuk pada kemasan. Jika sakit berlanjut hubungi dokter.",Iritasi kulit kepala,2029-01-15,Produk,https://placehold.co/400x300/f8fafc/14b8a6?text=Nizoral+Shampoo+60ml,True,"[""otc"",""indonesia"",""chatbot-ready""]"
458,Selsun Shampoo 60ml,Antijamur & Kulit,45000.0,178,Selenium Sulfide 1.8%,Ketombe berat dan jamur kepala; Gejala: ketombe; tinea versicolor kepala,Sesuai aturan pakai pada kemasan. Gunakan sesuai petunjuk pada kemasan. Jika sakit berlanjut hubungi dokter.,Selenium Sulfide 1.8%,Ketombe berat dan jamur kepala; ketombe; tinea versicolor kepala; Gunakan sesuai petunjuk pada kemasan. Jika sakit berlanjut hubungi dokter.,Rambut kering,2028-03-15,Produk,https://placehold.co/400x300/f8fafc/14b8a6?text=Selsun+Shampoo+60ml,True,"[""otc"",""indonesia"",""chatbot-ready""]"
459,Amoxicillin Kapsul 500mg,Obat Kulit & Luka,18000.0,445,Amoxicillin Trihydrate 500mg,Infeksi bakteri ringan-sedang (perlu resep dokter); Gejala: infeksi; amoxicillin; antibiotik,Sesuai aturan pakai pada kemasan. Gunakan sesuai petunjuk pada kemasan. Jika sakit berlanjut hubungi dokter.,Amoxicillin Trihydrate 500mg,Infeksi bakteri ringan-sedang (perlu resep dokter); infeksi; amoxicillin; antibiotik; Gunakan sesuai petunjuk pada kemasan. Jika sakit berlanjut hubungi dokter.,"Alergi, diare",2027-06-30,Kapsul,https://placehold.co/400x300/f8fafc/ec4899?text=Amoxicillin+Kapsul+500mg,True,"[""otc"",""indonesia"",""chatbot-ready""]"
460,Amoxicillin Sirup 60ml,Obat Kulit & Luka,22000.0,181,Amoxicillin 125mg/5ml sirup,Infeksi bakteri anak (perlu resep); Gejala: infeksi anak; antibiotik anak,Sesuai aturan pakai pada kemasan. Gunakan sesuai petunjuk pada kemasan. Jika sakit berlanjut hubungi dokter.,Amoxicillin 125mg/5ml sirup,Infeksi bakteri anak (perlu resep); infeksi anak; antibiotik anak; Gunakan sesuai petunjuk pada kemasan. Jika sakit berlanjut hubungi dokter.,"Alergi, diare",2028-03-15,Sirup,https://placehold.co/400x300/f8fafc/ec4899?text=Amoxicillin+Sirup+60ml,True,"[""otc"",""indonesia"",""chatbot-ready""]"
461,Ampicillin Kapsul 500mg,Obat Kulit & Luka,12000.0,162,Ampicillin Trihydrate 500mg,"Infeksi saluran napas, kemih; Gejala: infeksi napas; saluran kemih",Sesuai aturan pakai pada kemasan. Gunakan sesuai petunjuk pada kemasan. Jika sakit berlanjut hubungi dokter.,Ampicillin Trihydrate 500mg,"Infeksi saluran napas, kemih; infeksi napas; saluran kemih; Gunakan sesuai petunjuk pada kemasan. Jika sakit berlanjut hubungi dokter.","Alergi, diare",2026-12-31,Kapsul,https://placehold.co/400x300/f8fafc/ec4899?text=Ampicillin+Kapsul+500mg,True,"[""otc"",""indonesia"",""chatbot-ready""]"
462,Cotrimoxazole Tablet,Obat Kulit & Luka,5000.0,119,"Sulfamethoxazole 400mg, Trimethoprim 80mg","Infeksi saluran kemih, diare bakteri; Gejala: ISK; infeksi kemih; bactrim generik",Sesuai aturan pakai pada kemasan. Gunakan sesuai petunjuk pada kemasan. Jika sakit berlanjut hubungi dokter.,"Sulfamethoxazole 400mg, Trimethoprim 80mg","Infeksi saluran kemih, diare bakteri; ISK; infeksi kemih; bactrim generik; Gunakan sesuai petunjuk pada kemasan. Jika sakit berlanjut hubungi dokter.","Alergi sulfa, mual",2029-01-15,Tablet,https://placehold.co/400x300/f8fafc/ec4899?text=Cotrimoxazole+Tablet,True,"[""otc"",""indonesia"",""chatbot-ready""]"
463,Erythromycin Tablet 500mg,Obat Kulit & Luka,15000.0,486,Erythromycin Ethylsuccinate 500mg,"Infeksi kulit, napas, alergi penisilin; Gejala: infeksi kulit; alergi penisilin",Sesuai aturan pakai pada kemasan. Gunakan sesuai petunjuk pada kemasan. Jika sakit berlanjut hubungi dokter.,Erythromycin Ethylsuccinate 500mg,"Infeksi kulit, napas, alergi penisilin; infeksi kulit; alergi penisilin; Gunakan sesuai petunjuk pada kemasan. Jika sakit berlanjut hubungi dokter.","Mual, nyeri perut",2028-03-15,Tablet,https://placehold.co/400x300/f8fafc/ec4899?text=Erythromycin+Tablet+500mg,True,"[""otc"",""indonesia"",""chatbot-ready""]"
464,Chloramphenicol Kapsul 250mg,Obat Kulit & Luka,8000.0,404,Chloramphenicol 250mg,"Tifoid, infeksi berat; Gejala: tifoid; demam tifoid; typhus",Sesuai aturan pakai pada kemasan. Gunakan sesuai petunjuk pada kemasan. Jika sakit berlanjut hubungi dokter.,Chloramphenicol 250mg,"Tifoid, infeksi berat; tifoid; demam tifoid; typhus; Gunakan sesuai petunjuk pada kemasan. Jika sakit berlanjut hubungi dokter.",Aplasia sumsum tulang (jarang),2028-03-15,Kapsul,https://placehold.co/400x300/f8fafc/ec4899?text=Chloramphenicol+Kapsul+250mg,True,"[""otc"",""indonesia"",""chatbot-ready""]"
465,Tetracycline Kapsul 250mg,Obat Kulit & Luka,8000.0,232,Tetracycline HCl 250mg,"Jerawat parah, klamidia, leptospirosis; Gejala: jerawat parah; tetracycline",Sesuai aturan pakai pada kemasan. Gunakan sesuai petunjuk pada kemasan. Jika sakit berlanjut hubungi dokter.,Tetracycline HCl 250mg,"Jerawat parah, klamidia, leptospirosis; jerawat parah; tetracycline; Gunakan sesuai petunjuk pada kemasan. Jika sakit berlanjut hubungi dokter.","Fotosensitisasi, gigi kuning anak",2028-03-15,Kapsul,https://placehold.co/400x300/f8fafc/ec4899?text=Tetracycline+Kapsul+250mg,True,"[""otc"",""indonesia"",""chatbot-ready""]"
466,Metronidazole Tablet 500mg,Pencernaan & Diare,8000.0,256,Metronidazole 500mg,"Amebiasis, trikomoniasis, infeksi anaerob; Gejala: amuba; diare bakteri anaerob; flagyl",Sesuai aturan pakai pada kemasan. Gunakan sesuai petunjuk pada kemasan. Jika sakit berlanjut hubungi dokter.,Metronidazole 500mg,"Amebiasis, trikomoniasis, infeksi anaerob; amuba; diare bakteri anaerob; flagyl; Gunakan sesuai petunjuk pada kemasan. Jika sakit berlanjut hubungi dokter.","Mual, metalik mulut, tidak boleh alkohol",2027-06-30,Tablet,https://placehold.co/400x300/f8fafc/f59e0b?text=Metronidazole+Tablet+500mg,True,"[""otc"",""indonesia"",""chatbot-ready""]"
467,Thiamphenicol Kapsul 500mg,Obat Kulit & Luka,15000.0,361,Thiamphenicol 500mg,"Infeksi saluran napas, ISK; Gejala: infeksi napas; tifoid",Sesuai aturan pakai pada kemasan. Gunakan sesuai petunjuk pada kemasan. Jika sakit berlanjut hubungi dokter.,Thiamphenicol 500mg,"Infeksi saluran napas, ISK; infeksi napas; tifoid; Gunakan sesuai petunjuk pada kemasan. Jika sakit berlanjut hubungi dokter.","Mual, agranulositosis",2028-03-15,Kapsul,https://placehold.co/400x300/f8fafc/ec4899?text=Thiamphenicol+Kapsul+500mg,True,"[""otc"",""indonesia"",""chatbot-ready""]"
468,Spiramycin Tablet,Mulut & Tenggorokan,25000.0,482,Spiramycin 500mg,Infeksi mulut dan tenggorokan; Gejala: infeksi gigi; periodontitis,Sesuai aturan pakai pada kemasan. Gunakan sesuai petunjuk pada kemasan. Jika sakit berlanjut hubungi dokter.,Spiramycin 500mg,Infeksi mulut dan tenggorokan; infeksi gigi; periodontitis; Gunakan sesuai petunjuk pada kemasan. Jika sakit berlanjut hubungi dokter.,"Mual, diare",2028-12-31,Tablet,https://placehold.co/400x300/f8fafc/d946ef?text=Spiramycin+Tablet,True,"[""otc"",""indonesia"",""chatbot-ready""]"
469,Urinozinc Tablet,Vitamin & Suplemen,95000.0,42,"Zinc Oxide, Saw Palmetto, Lycopene",Kesehatan prostat dan saluran kemih pria; Gejala: prostat; saluran kemih pria; ISK pria,Sesuai aturan pakai pada kemasan. Gunakan sesuai petunjuk pada kemasan. Jika sakit berlanjut hubungi dokter.,"Zinc Oxide, Saw Palmetto, Lycopene",Kesehatan prostat dan saluran kemih pria; prostat; saluran kemih pria; ISK pria; Gunakan sesuai petunjuk pada kemasan. Jika sakit berlanjut hubungi dokter.,Jarang,2029-01-15,Tablet,https://placehold.co/400x300/f8fafc/eab308?text=Urinozinc+Tablet,True,"[""otc"",""indonesia"",""chatbot-ready""]"
470,Cranberry Extract Kapsul,Vitamin & Suplemen,75000.0,49,Vaccinium Macrocarpon 400mg,Pencegahan ISK wanita; Gejala: ISK wanita; infeksi kandung kemih; cranberry,Sesuai aturan pakai pada kemasan. Gunakan sesuai petunjuk pada kemasan. Jika sakit berlanjut hubungi dokter.,Vaccinium Macrocarpon 400mg,Pencegahan ISK wanita; ISK wanita; infeksi kandung kemih; cranberry; Gunakan sesuai petunjuk pada kemasan. Jika sakit berlanjut hubungi dokter.,Mual ringan,2029-01-15,Kapsul,https://placehold.co/400x300/f8fafc/eab308?text=Cranberry+Extract+Kapsul,True,"[""otc"",""indonesia"",""chatbot-ready""]"
471,Kejibeling Kapsul,Herbal & Tradisional,25000.0,111,Strobilanthes crispus,"Batu ginjal, melancarkan kemih herbal; Gejala: batu ginjal; kencing batu; herbal ginjal",Sesuai aturan pakai pada kemasan. Gunakan sesuai petunjuk pada kemasan. Jika sakit berlanjut hubungi dokter.,Strobilanthes crispus,"Batu ginjal, melancarkan kemih herbal; batu ginjal; kencing batu; herbal ginjal; Gunakan sesuai petunjuk pada kemasan. Jika sakit berlanjut hubungi dokter.",Jarang,2028-03-15,Kapsul,https://placehold.co/400x300/f8fafc/84cc16?text=Kejibeling+Kapsul,True,"[""otc"",""indonesia"",""chatbot-ready""]"
472,Tempuyung Kapsul,Herbal & Tradisional,22000.0,144,Sonchus arvensis Extract,Batu ginjal dan melancarkan urin; Gejala: batu ginjal; sulit kencing; tempuyung,Sesuai aturan pakai pada kemasan. Gunakan sesuai petunjuk pada kemasan. Jika sakit berlanjut hubungi dokter.,Sonchus arvensis Extract,Batu ginjal dan melancarkan urin; batu ginjal; sulit kencing; tempuyung; Gunakan sesuai petunjuk pada kemasan. Jika sakit berlanjut hubungi dokter.,Jarang,2028-12-31,Kapsul,https://placehold.co/400x300/f8fafc/84cc16?text=Tempuyung+Kapsul,True,"[""otc"",""indonesia"",""chatbot-ready""]"
473,Potasium Sitrat Tablet,Vitamin & Suplemen,65000.0,39,Kalium Sitrat 1080mg,"Batu ginjal kalsium, asidosis; Gejala: batu ginjal; asidosis; alkalinisasi urin",Sesuai aturan pakai pada kemasan. Gunakan sesuai petunjuk pada kemasan. Jika sakit berlanjut hubungi dokter.,Kalium Sitrat 1080mg,"Batu ginjal kalsium, asidosis; batu ginjal; asidosis; alkalinisasi urin; Gunakan sesuai petunjuk pada kemasan. Jika sakit berlanjut hubungi dokter.",Mual,2027-06-30,Tablet,https://placehold.co/400x300/f8fafc/eab308?text=Potasium+Sitrat+Tablet,True,"[""otc"",""indonesia"",""chatbot-ready""]"
474,Insulin Plant Kapsul,Herbal & Tradisional,35000.0,295,Costus Igneus Ekstrak,Membantu metabolisme gula darah herbal; Gejala: gula darah tinggi; diabetes herbal,Sesuai aturan pakai pada kemasan. Gunakan sesuai petunjuk pada kemasan. Jika sakit berlanjut hubungi dokter.,Costus Igneus Ekstrak,Membantu metabolisme gula darah herbal; gula darah tinggi; diabetes herbal; Gunakan sesuai petunjuk pada kemasan. Jika sakit berlanjut hubungi dokter.,Jarang,2029-01-15,Kapsul,https://placehold.co/400x300/f8fafc/84cc16?text=Insulin+Plant+Kapsul,True,"[""otc"",""indonesia"",""chatbot-ready""]"
475,Bitter Melon Kapsul,Herbal & Tradisional,45000.0,470,Momordica charantia 500mg,Membantu kontrol gula darah; Gejala: pare; gula darah; diabetes,Sesuai aturan pakai pada kemasan. Gunakan sesuai petunjuk pada kemasan. Jika sakit berlanjut hubungi dokter.,Momordica charantia 500mg,Membantu kontrol gula darah; pare; gula darah; diabetes; Gunakan sesuai petunjuk pada kemasan. Jika sakit berlanjut hubungi dokter.,"Hipoglikemia, mual",2028-03-15,Kapsul,https://placehold.co/400x300/f8fafc/84cc16?text=Bitter+Melon+Kapsul,True,"[""otc"",""indonesia"",""chatbot-ready""]"
476,Chromium Picolinate,Vitamin & Suplemen,65000.0,53,Chromium 200mcg,Membantu metabolisme glukosa; Gejala: gula darah; insulin sensitif; chromium,Sesuai aturan pakai pada kemasan. Gunakan sesuai petunjuk pada kemasan. Jika sakit berlanjut hubungi dokter.,Chromium 200mcg,Membantu metabolisme glukosa; gula darah; insulin sensitif; chromium; Gunakan sesuai petunjuk pada kemasan. Jika sakit berlanjut hubungi dokter.,Jarang,2029-01-15,Produk,https://placehold.co/400x300/f8fafc/eab308?text=Chromium+Picolinate,True,"[""otc"",""indonesia"",""chatbot-ready""]"
477,Alpha Lipoic Acid Kapsul,Vitamin & Suplemen,75000.0,79,Alpha Lipoic Acid 600mg,"Neuropati diabetik, antioksidan; Gejala: neuropati; kesemutan diabetes; antioksidan kuat",Sesuai aturan pakai pada kemasan. Gunakan sesuai petunjuk pada kemasan. Jika sakit berlanjut hubungi dokter.,Alpha Lipoic Acid 600mg,"Neuropati diabetik, antioksidan; neuropati; kesemutan diabetes; antioksidan kuat; Gunakan sesuai petunjuk pada kemasan. Jika sakit berlanjut hubungi dokter.","Mual, ruam kulit",2027-06-30,Kapsul,https://placehold.co/400x300/f8fafc/eab308?text=Alpha+Lipoic+Acid+Kapsul,True,"[""otc"",""indonesia"",""chatbot-ready""]"
478,Gymnema Sylvestre Kapsul,Herbal & Tradisional,55000.0,91,Gymnema Sylvestre 400mg,Membantu mengurangi absorpsi gula; Gejala: gula darah; diabetes; gymnema,Sesuai aturan pakai pada kemasan. Gunakan sesuai petunjuk pada kemasan. Jika sakit berlanjut hubungi dokter.,Gymnema Sylvestre 400mg,Membantu mengurangi absorpsi gula; gula darah; diabetes; gymnema; Gunakan sesuai petunjuk pada kemasan. Jika sakit berlanjut hubungi dokter.,Jarang,2027-06-30,Kapsul,https://placehold.co/400x300/f8fafc/84cc16?text=Gymnema+Sylvestre+Kapsul,True,"[""otc"",""indonesia"",""chatbot-ready""]"
479,CoQ10 Kapsul 100mg,Vitamin & Suplemen,125000.0,56,Ubiquinone 100mg,"Fungsi jantung, energi, tekanan darah; Gejala: jantung; tensi; coq10; energi",Sesuai aturan pakai pada kemasan. Gunakan sesuai petunjuk pada kemasan. Jika sakit berlanjut hubungi dokter.,Ubiquinone 100mg,"Fungsi jantung, energi, tekanan darah; jantung; tensi; coq10; energi; Gunakan sesuai petunjuk pada kemasan. Jika sakit berlanjut hubungi dokter.","Insomnia ringan, mual",2028-12-31,Kapsul,https://placehold.co/400x300/f8fafc/eab308?text=CoQ10+Kapsul+100mg,True,"[""otc"",""indonesia"",""chatbot-ready""]"
480,Resveratrol Kapsul,Vitamin & Suplemen,95000.0,98,Trans-Resveratrol 100mg,"Antioksidan jantung, kolesterol; Gejala: antioksidan; jantung; kolesterol; anggur merah",Sesuai aturan pakai pada kemasan. Gunakan sesuai petunjuk pada kemasan. Jika sakit berlanjut hubungi dokter.,Trans-Resveratrol 100mg,"Antioksidan jantung, kolesterol; antioksidan; jantung; kolesterol; anggur merah; Gunakan sesuai petunjuk pada kemasan. Jika sakit berlanjut hubungi dokter.",Jarang,2026-12-31,Kapsul,https://placehold.co/400x300/f8fafc/eab308?text=Resveratrol+Kapsul,True,"[""otc"",""indonesia"",""chatbot-ready""]"
481,Celery Seed Extract,Herbal & Tradisional,95000.0,32,Apium graveolens Seed 450mg,Tekanan darah tinggi herbal; Gejala: tekanan darah; hipertensi herbal; seledri,Sesuai aturan pakai pada kemasan. Gunakan sesuai petunjuk pada kemasan. Jika sakit berlanjut hubungi dokter.,Apium graveolens Seed 450mg,Tekanan darah tinggi herbal; tekanan darah; hipertensi herbal; seledri; Gunakan sesuai petunjuk pada kemasan. Jika sakit berlanjut hubungi dokter.,Jarang,2027-06-30,Produk,https://placehold.co/400x300/f8fafc/84cc16?text=Celery+Seed+Extract,True,"[""otc"",""indonesia"",""chatbot-ready""]"
482,Garlic Extract Tablet,Herbal & Tradisional,65000.0,79,Allium sativum 1000mg,"Kolesterol, tekanan darah, imun; Gejala: kolesterol; tekanan darah; bawang putih",Sesuai aturan pakai pada kemasan. Gunakan sesuai petunjuk pada kemasan. Jika sakit berlanjut hubungi dokter.,Allium sativum 1000mg,"Kolesterol, tekanan darah, imun; kolesterol; tekanan darah; bawang putih; Gunakan sesuai petunjuk pada kemasan. Jika sakit berlanjut hubungi dokter.","Bau bawang, mual",2029-01-15,Tablet,https://placehold.co/400x300/f8fafc/84cc16?text=Garlic+Extract+Tablet,True,"[""otc"",""indonesia"",""chatbot-ready""]"
483,Hawthorn Berry Kapsul,Herbal & Tradisional,85000.0,60,Crataegus monogyna 600mg,Kesehatan jantung herbal barat; Gejala: jantung herbal; palpitasi ringan,Sesuai aturan pakai pada kemasan. Gunakan sesuai petunjuk pada kemasan. Jika sakit berlanjut hubungi dokter.,Crataegus monogyna 600mg,Kesehatan jantung herbal barat; jantung herbal; palpitasi ringan; Gunakan sesuai petunjuk pada kemasan. Jika sakit berlanjut hubungi dokter.,Jarang,2029-01-15,Kapsul,https://placehold.co/400x300/f8fafc/84cc16?text=Hawthorn+Berry+Kapsul,True,"[""otc"",""indonesia"",""chatbot-ready""]"
484,Propolis Kapsul,Herbal & Tradisional,95000.0,72,Brazilian Green Propolis 500mg,"Imun, antibakteri alami, antioksidan; Gejala: propolis; antibakteri; imun premium",Sesuai aturan pakai pada kemasan. Gunakan sesuai petunjuk pada kemasan. Jika sakit berlanjut hubungi dokter.,Brazilian Green Propolis 500mg,"Imun, antibakteri alami, antioksidan; propolis; antibakteri; imun premium; Gunakan sesuai petunjuk pada kemasan. Jika sakit berlanjut hubungi dokter.",Alergi lebah (jarang),2029-01-15,Kapsul,https://placehold.co/400x300/f8fafc/84cc16?text=Propolis+Kapsul,True,"[""otc"",""indonesia"",""chatbot-ready""]"
485,Soyisoflavon Kapsul,Vitamin & Suplemen,115000.0,41,Soya Isoflavones 40mg,"Menopause, hot flash, kesehatan wanita; Gejala: menopause; hot flash; isoflavon",Sesuai aturan pakai pada kemasan. Gunakan sesuai petunjuk pada kemasan. Jika sakit berlanjut hubungi dokter.,Soya Isoflavones 40mg,"Menopause, hot flash, kesehatan wanita; menopause; hot flash; isoflavon; Gunakan sesuai petunjuk pada kemasan. Jika sakit berlanjut hubungi dokter.",Jarang,2029-01-15,Kapsul,https://placehold.co/400x300/f8fafc/eab308?text=Soyisoflavon+Kapsul,True,"[""otc"",""indonesia"",""chatbot-ready""]"
486,Eve Primrose Oil Kapsul,Vitamin & Suplemen,95000.0,56,Gamma Linolenic Acid 45mg,"PMS, nyeri haid, hormonal balance; Gejala: PMS; nyeri haid hormonal; evening primrose",Sesuai aturan pakai pada kemasan. Gunakan sesuai petunjuk pada kemasan. Jika sakit berlanjut hubungi dokter.,Gamma Linolenic Acid 45mg,"PMS, nyeri haid, hormonal balance; PMS; nyeri haid hormonal; evening primrose; Gunakan sesuai petunjuk pada kemasan. Jika sakit berlanjut hubungi dokter.","Jarang, sakit kepala ringan",2026-12-31,Kapsul,https://placehold.co/400x300/f8fafc/eab308?text=Eve+Primrose+Oil+Kapsul,True,"[""otc"",""indonesia"",""chatbot-ready""]"
487,Vitex Agnus Castus,Herbal & Tradisional,85000.0,33,Vitex Agnus Castus Extract 400mg,"Ketidakseimbangan hormon wanita, PMS; Gejala: hormonal wanita; PMS parah; vitex",Sesuai aturan pakai pada kemasan. Gunakan sesuai petunjuk pada kemasan. Jika sakit berlanjut hubungi dokter.,Vitex Agnus Castus Extract 400mg,"Ketidakseimbangan hormon wanita, PMS; hormonal wanita; PMS parah; vitex; Gunakan sesuai petunjuk pada kemasan. Jika sakit berlanjut hubungi dokter.",Jarang,2026-12-31,Produk,https://placehold.co/400x300/f8fafc/84cc16?text=Vitex+Agnus+Castus,True,"[""otc"",""indonesia"",""chatbot-ready""]"
488,Calcium Pantothenate,Vitamin & Suplemen,25000.0,403,Calcium Pantothenate 500mg (Vit B5),"Metabolisme, kesehatan kulit dan rambut; Gejala: vitamin b5; kulit; metabolisme",Sesuai aturan pakai pada kemasan. Gunakan sesuai petunjuk pada kemasan. Jika sakit berlanjut hubungi dokter.,Calcium Pantothenate 500mg (Vit B5),"Metabolisme, kesehatan kulit dan rambut; vitamin b5; kulit; metabolisme; Gunakan sesuai petunjuk pada kemasan. Jika sakit berlanjut hubungi dokter.",Jarang,2029-01-15,Produk,https://placehold.co/400x300/f8fafc/eab308?text=Calcium+Pantothenate,True,"[""otc"",""indonesia"",""chatbot-ready""]"
489,Iron Chelate Kapsul,Vitamin & Suplemen,85000.0,41,Ferrous Bisglycinate 25mg,Anemia tanpa efek sembelit; Gejala: anemia; zat besi lembut; hamil,Sesuai aturan pakai pada kemasan. Gunakan sesuai petunjuk pada kemasan. Jika sakit berlanjut hubungi dokter.,Ferrous Bisglycinate 25mg,Anemia tanpa efek sembelit; anemia; zat besi lembut; hamil; Gunakan sesuai petunjuk pada kemasan. Jika sakit berlanjut hubungi dokter.,"Lebih mahal, jarang",2028-03-15,Kapsul,https://placehold.co/400x300/f8fafc/eab308?text=Iron+Chelate+Kapsul,True,"[""otc"",""indonesia"",""chatbot-ready""]"
490,Melatonin 3mg Tablet,Vitamin & Suplemen,95000.0,76,Melatonin 3mg,"Insomnia, jet lag, gangguan tidur; Gejala: insomnia; susah tidur; jet lag",Sesuai aturan pakai pada kemasan. Gunakan sesuai petunjuk pada kemasan. Jika sakit berlanjut hubungi dokter.,Melatonin 3mg,"Insomnia, jet lag, gangguan tidur; insomnia; susah tidur; jet lag; Gunakan sesuai petunjuk pada kemasan. Jika sakit berlanjut hubungi dokter.","Mengantuk, mimpi vivid",2028-12-31,Tablet,https://placehold.co/400x300/f8fafc/eab308?text=Melatonin+3mg+Tablet,True,"[""otc"",""indonesia"",""chatbot-ready""]"
491,Passiflora Kapsul,Herbal & Tradisional,65000.0,90,Passiflora incarnata 400mg,Cemas ringan dan gangguan tidur herbal; Gejala: cemas; susah tidur; herbal relaksasi,Sesuai aturan pakai pada kemasan. Gunakan sesuai petunjuk pada kemasan. Jika sakit berlanjut hubungi dokter.,Passiflora incarnata 400mg,Cemas ringan dan gangguan tidur herbal; cemas; susah tidur; herbal relaksasi; Gunakan sesuai petunjuk pada kemasan. Jika sakit berlanjut hubungi dokter.,Mengantuk,2026-12-31,Kapsul,https://placehold.co/400x300/f8fafc/84cc16?text=Passiflora+Kapsul,True,"[""otc"",""indonesia"",""chatbot-ready""]"
492,Valerian Root Kapsul,Herbal & Tradisional,85000.0,40,Valeriana officinalis 300mg,"Insomnia herbal, cemas; Gejala: insomnia herbal; valerian; relaksasi",Sesuai aturan pakai pada kemasan. Gunakan sesuai petunjuk pada kemasan. Jika sakit berlanjut hubungi dokter.,Valeriana officinalis 300mg,"Insomnia herbal, cemas; insomnia herbal; valerian; relaksasi; Gunakan sesuai petunjuk pada kemasan. Jika sakit berlanjut hubungi dokter.",Mengantuk siang,2028-12-31,Kapsul,https://placehold.co/400x300/f8fafc/84cc16?text=Valerian+Root+Kapsul,True,"[""otc"",""indonesia"",""chatbot-ready""]"
493,Diphenhydramine Tablet 25mg,Alergi & Gatal,5000.0,318,Diphenhydramine HCl 25mg,"Gangguan tidur, antihistamin; Gejala: susah tidur; insomnia ringan; antihistamin",Sesuai aturan pakai pada kemasan. Gunakan sesuai petunjuk pada kemasan. Jika sakit berlanjut hubungi dokter.,Diphenhydramine HCl 25mg,"Gangguan tidur, antihistamin; susah tidur; insomnia ringan; antihistamin; Gunakan sesuai petunjuk pada kemasan. Jika sakit berlanjut hubungi dokter.","Sangat mengantuk, mulut kering",2029-01-15,Tablet,https://placehold.co/400x300/f8fafc/8b5cf6?text=Diphenhydramine+Tablet+25mg,True,"[""otc"",""indonesia"",""chatbot-ready""]"
494,Enterogermina Oral Suspension,Pencernaan & Diare,55000.0,54,Bacillus clausii 2 billion/5ml,"Diare akut, pemulihan antibiotik; Gejala: probiotik spore; diare antibiotik; pemulihan",Sesuai aturan pakai pada kemasan. Gunakan sesuai petunjuk pada kemasan. Jika sakit berlanjut hubungi dokter.,Bacillus clausii 2 billion/5ml,"Diare akut, pemulihan antibiotik; probiotik spore; diare antibiotik; pemulihan; Gunakan sesuai petunjuk pada kemasan. Jika sakit berlanjut hubungi dokter.",Jarang,2029-01-15,Produk,https://placehold.co/400x300/f8fafc/f59e0b?text=Enterogermina+Oral+Suspension,True,"[""otc"",""indonesia"",""chatbot-ready""]"
495,Bio Lacto B Drops,Pencernaan & Diare,95000.0,55,Lactobacillus acidophilus drops bayi,"Kolik, diare bayi, imun saluran cerna bayi; Gejala: kolik bayi; probiotik drops bayi",Sesuai aturan pakai pada kemasan. Gunakan sesuai petunjuk pada kemasan. Jika sakit berlanjut hubungi dokter.,Lactobacillus acidophilus drops bayi,"Kolik, diare bayi, imun saluran cerna bayi; kolik bayi; probiotik drops bayi; Gunakan sesuai petunjuk pada kemasan. Jika sakit berlanjut hubungi dokter.",Jarang,2028-12-31,Tetes,https://placehold.co/400x300/f8fafc/f59e0b?text=Bio+Lacto+B+Drops,True,"[""otc"",""indonesia"",""chatbot-ready""]"
496,Simethicone Tablet 40mg,Pencernaan & Diare,3000.0,364,Simethicone 40mg,Kembung dan gas berlebih generik murah; Gejala: kembung generik; gas perut; anak kembung,Sesuai aturan pakai pada kemasan. Gunakan sesuai petunjuk pada kemasan. Jika sakit berlanjut hubungi dokter.,Simethicone 40mg,Kembung dan gas berlebih generik murah; kembung generik; gas perut; anak kembung; Gunakan sesuai petunjuk pada kemasan. Jika sakit berlanjut hubungi dokter.,Jarang,2027-06-30,Tablet,https://placehold.co/400x300/f8fafc/f59e0b?text=Simethicone+Tablet+40mg,True,"[""otc"",""indonesia"",""chatbot-ready""]"
497,Domperidone Tablet 10mg,Lambung & Maag,12000.0,162,Domperidone 10mg,"Mual, muntah, lambung lambat; Gejala: mual; muntah; lambung lambat; motilitas",Sesuai aturan pakai pada kemasan. Gunakan sesuai petunjuk pada kemasan. Jika sakit berlanjut hubungi dokter.,Domperidone 10mg,"Mual, muntah, lambung lambat; mual; muntah; lambung lambat; motilitas; Gunakan sesuai petunjuk pada kemasan. Jika sakit berlanjut hubungi dokter.","Sakit kepala, galaktore (jarang)",2026-12-31,Tablet,https://placehold.co/400x300/f8fafc/10b981?text=Domperidone+Tablet+10mg,True,"[""otc"",""indonesia"",""chatbot-ready""]"
498,Ondansetron Tablet 4mg,Pencernaan & Diare,22000.0,369,Ondansetron HCl 4mg,"Mual muntah kehamilan, pasca kemo; Gejala: mual muntah kehamilan; morning sickness",Sesuai aturan pakai pada kemasan. Gunakan sesuai petunjuk pada kemasan. Jika sakit berlanjut hubungi dokter.,Ondansetron HCl 4mg,"Mual muntah kehamilan, pasca kemo; mual muntah kehamilan; morning sickness; Gunakan sesuai petunjuk pada kemasan. Jika sakit berlanjut hubungi dokter.","Sakit kepala, konstipasi",2028-12-31,Tablet,https://placehold.co/400x300/f8fafc/f59e0b?text=Ondansetron+Tablet+4mg,True,"[""otc"",""indonesia"",""chatbot-ready""]"
499,Hyoscine Tablet 10mg,Pencernaan & Diare,8000.0,481,Hyoscine Butylbromide 10mg,"Kram perut, kolik, nyeri spasmodik; Gejala: kram perut; kolik; perut kejang",Sesuai aturan pakai pada kemasan. Gunakan sesuai petunjuk pada kemasan. Jika sakit berlanjut hubungi dokter.,Hyoscine Butylbromide 10mg,"Kram perut, kolik, nyeri spasmodik; kram perut; kolik; perut kejang; Gunakan sesuai petunjuk pada kemasan. Jika sakit berlanjut hubungi dokter.","Mulut kering, sembelit",2029-01-15,Tablet,https://placehold.co/400x300/f8fafc/f59e0b?text=Hyoscine+Tablet+10mg,True,"[""otc"",""indonesia"",""chatbot-ready""]"
500,Cisapride Tablet,Lambung & Maag,35000.0,226,Cisapride 5mg,"Lambung kosong lambat, GERD ringan; Gejala: lambung lambat; kembung; dispepsia",Sesuai aturan pakai pada kemasan. Gunakan sesuai petunjuk pada kemasan. Jika sakit berlanjut hubungi dokter.,Cisapride 5mg,"Lambung kosong lambat, GERD ringan; lambung lambat; kembung; dispepsia; Gunakan sesuai petunjuk pada kemasan. Jika sakit berlanjut hubungi dokter.",Palpitasi (jangan dg aritmia),2029-01-15,Tablet,https://placehold.co/400x300/f8fafc/10b981?text=Cisapride+Tablet,True,"[""otc"",""indonesia"",""chatbot-ready""]"
501,Activated Charcoal Kapsul,Pencernaan & Diare,8000.0,471,Karbon aktif 250mg kapsul,"Keracunan, kembung berlebih kapsul; Gejala: keracunan makanan; mual keracunan; norit kapsul",Sesuai aturan pakai pada kemasan. Gunakan sesuai petunjuk pada kemasan. Jika sakit berlanjut hubungi dokter.,Karbon aktif 250mg kapsul,"Keracunan, kembung berlebih kapsul; keracunan makanan; mual keracunan; norit kapsul; Gunakan sesuai petunjuk pada kemasan. Jika sakit berlanjut hubungi dokter.",Feses hitam,2028-03-15,Kapsul,https://placehold.co/400x300/f8fafc/f59e0b?text=Activated+Charcoal+Kapsul,True,"[""otc"",""indonesia"",""chatbot-ready""]"
502,Bifodan Kapsul,Pencernaan & Diare,65000.0,58,"Bifidobacterium, Lactobacillus probiotik","Keseimbangan flora usus, IBS; Gejala: IBS; usus sensitif; probiotik premium",Sesuai aturan pakai pada kemasan. Gunakan sesuai petunjuk pada kemasan. Jika sakit berlanjut hubungi dokter.,"Bifidobacterium, Lactobacillus probiotik","Keseimbangan flora usus, IBS; IBS; usus sensitif; probiotik premium; Gunakan sesuai petunjuk pada kemasan. Jika sakit berlanjut hubungi dokter.",Jarang,2026-12-31,Kapsul,https://placehold.co/400x300/f8fafc/f59e0b?text=Bifodan+Kapsul,True,"[""otc"",""indonesia"",""chatbot-ready""]"
503,Lactulose Sirup,Pencernaan & Diare,45000.0,319,Lactulose 3.35g/5ml,Sembelit kronis dan ensefalopati hepatik; Gejala: sembelit kronis; bab tidak lancar; lactulose,Sesuai aturan pakai pada kemasan. Gunakan sesuai petunjuk pada kemasan. Jika sakit berlanjut hubungi dokter.,Lactulose 3.35g/5ml,Sembelit kronis dan ensefalopati hepatik; sembelit kronis; bab tidak lancar; lactulose; Gunakan sesuai petunjuk pada kemasan. Jika sakit berlanjut hubungi dokter.,"Kembung, kram",2028-12-31,Sirup,https://placehold.co/400x300/f8fafc/f59e0b?text=Lactulose+Sirup,True,"[""otc"",""indonesia"",""chatbot-ready""]"
504,Bisacodyl Suppositoria Anak,Pencernaan & Diare,15000.0,319,Bisacodyl 5mg suppositoria,Sembelit anak segera; Gejala: sembelit bayi; anak tidak bisa bab; pencahar instan,Sesuai aturan pakai pada kemasan. Gunakan sesuai petunjuk pada kemasan. Jika sakit berlanjut hubungi dokter.,Bisacodyl 5mg suppositoria,Sembelit anak segera; sembelit bayi; anak tidak bisa bab; pencahar instan; Gunakan sesuai petunjuk pada kemasan. Jika sakit berlanjut hubungi dokter.,"Kram perut, iritasi lokal",2026-12-31,Produk,https://placehold.co/400x300/f8fafc/f59e0b?text=Bisacodyl+Suppositoria+Anak,True,"[""otc"",""indonesia"",""chatbot-ready""]"
505,Clindamycin Gel 1%,Obat Kulit & Luka,22000.0,367,Clindamycin Phosphate 1%,Jerawat meradang topikal; Gejala: jerawat meradang gel; acne gel,Sesuai aturan pakai pada kemasan. Gunakan sesuai petunjuk pada kemasan. Jika sakit berlanjut hubungi dokter.,Clindamycin Phosphate 1%,Jerawat meradang topikal; jerawat meradang gel; acne gel; Gunakan sesuai petunjuk pada kemasan. Jika sakit berlanjut hubungi dokter.,Kulit kering,2027-06-30,Gel,https://placehold.co/400x300/f8fafc/ec4899?text=Clindamycin+Gel+1%,True,"[""otc"",""indonesia"",""chatbot-ready""]"
506,Nicotinamide Gel,Obat Kulit & Luka,85000.0,62,Niacinamide 4%,"Pori besar, produksi sebum berlebih; Gejala: pori-pori besar; minyak wajah; niacinamide",Sesuai aturan pakai pada kemasan. Gunakan sesuai petunjuk pada kemasan. Jika sakit berlanjut hubungi dokter.,Niacinamide 4%,"Pori besar, produksi sebum berlebih; pori-pori besar; minyak wajah; niacinamide; Gunakan sesuai petunjuk pada kemasan. Jika sakit berlanjut hubungi dokter.",Jarang,2027-06-30,Gel,https://placehold.co/400x300/f8fafc/ec4899?text=Nicotinamide+Gel,True,"[""otc"",""indonesia"",""chatbot-ready""]"
507,Salicylic Acid 2% Gel,Obat Kulit & Luka,18000.0,238,Salicylic Acid 2% gel,"Komedo, jerawat ringan, kulit berminyak; Gejala: komedo; jerawat ringan; SA gel",Sesuai aturan pakai pada kemasan. Gunakan sesuai petunjuk pada kemasan. Jika sakit berlanjut hubungi dokter.,Salicylic Acid 2% gel,"Komedo, jerawat ringan, kulit berminyak; komedo; jerawat ringan; SA gel; Gunakan sesuai petunjuk pada kemasan. Jika sakit berlanjut hubungi dokter.","Kulit kering, perih",2028-03-15,Gel,https://placehold.co/400x300/f8fafc/ec4899?text=Salicylic+Acid+2%+Gel,True,"[""otc"",""indonesia"",""chatbot-ready""]"
508,Benzoyl Peroxide 5% Gel,Obat Kulit & Luka,35000.0,437,Benzoyl Peroxide 5%,Jerawat sedang membandel; Gejala: jerawat bandel; bp5; benzoyl peroxide,Sesuai aturan pakai pada kemasan. Gunakan sesuai petunjuk pada kemasan. Jika sakit berlanjut hubungi dokter.,Benzoyl Peroxide 5%,Jerawat sedang membandel; jerawat bandel; bp5; benzoyl peroxide; Gunakan sesuai petunjuk pada kemasan. Jika sakit berlanjut hubungi dokter.,"Kulit kering parah, mengelupas",2028-03-15,Gel,https://placehold.co/400x300/f8fafc/ec4899?text=Benzoyl+Peroxide+5%+Gel,True,"[""otc"",""indonesia"",""chatbot-ready""]"
509,Fluocinolone Cream 0.025%,Obat Kulit & Luka,18000.0,106,Fluocinolone Acetonide 0.025%,"Eksim, psoriasis, lichen; Gejala: eksim kronis; psoriasis ringan",Sesuai aturan pakai pada kemasan. Gunakan sesuai petunjuk pada kemasan. Jika sakit berlanjut hubungi dokter.,Fluocinolone Acetonide 0.025%,"Eksim, psoriasis, lichen; eksim kronis; psoriasis ringan; Gunakan sesuai petunjuk pada kemasan. Jika sakit berlanjut hubungi dokter.",Penipisan kulit,2026-12-31,Topikal,https://placehold.co/400x300/f8fafc/ec4899?text=Fluocinolone+Cream+0.025%,True,"[""otc"",""indonesia"",""chatbot-ready""]"
510,Gentamicin Eye Drops,Mata & Telinga,18000.0,394,Gentamicin Sulfate 0.3% tetes mata,Konjungtivitis bakteri; Gejala: belekan; mata bernanah; konjungtivitis,Sesuai aturan pakai pada kemasan. Gunakan sesuai petunjuk pada kemasan. Jika sakit berlanjut hubungi dokter.,Gentamicin Sulfate 0.3% tetes mata,Konjungtivitis bakteri; belekan; mata bernanah; konjungtivitis; Gunakan sesuai petunjuk pada kemasan. Jika sakit berlanjut hubungi dokter.,Iritasi mata,2026-12-31,Tetes,https://placehold.co/400x300/f8fafc/0ea5e9?text=Gentamicin+Eye+Drops,True,"[""otc"",""indonesia"",""chatbot-ready""]"
511,Kloramfenikol Tetes Mata,Mata & Telinga,8000.0,153,Chloramphenicol 0.5%,Belekan bakteri mata generik; Gejala: belekan murah; mata bernanah generik,Sesuai aturan pakai pada kemasan. Gunakan sesuai petunjuk pada kemasan. Jika sakit berlanjut hubungi dokter.,Chloramphenicol 0.5%,Belekan bakteri mata generik; belekan murah; mata bernanah generik; Gunakan sesuai petunjuk pada kemasan. Jika sakit berlanjut hubungi dokter.,Pandangan kabur sementara,2028-03-15,Tetes,https://placehold.co/400x300/f8fafc/0ea5e9?text=Kloramfenikol+Tetes+Mata,True,"[""otc"",""indonesia"",""chatbot-ready""]"
512,Silver Sulfadiazine Cream 1%,Obat Kulit & Luka,35000.0,298,Silver Sulfadiazine 1%,"Luka bakar, luka infeksi kronis; Gejala: luka bakar generik; silver sulfadiazine",Sesuai aturan pakai pada kemasan. Gunakan sesuai petunjuk pada kemasan. Jika sakit berlanjut hubungi dokter.,Silver Sulfadiazine 1%,"Luka bakar, luka infeksi kronis; luka bakar generik; silver sulfadiazine; Gunakan sesuai petunjuk pada kemasan. Jika sakit berlanjut hubungi dokter.","Iritasi lokal, bercak hitam",2026-12-31,Topikal,https://placehold.co/400x300/f8fafc/ec4899?text=Silver+Sulfadiazine+Cream+1%,True,"[""otc"",""indonesia"",""chatbot-ready""]"
513,Antimo Tablet,Obat Batuk,5000.0,491,"Diphenhydramine HCl 25mg, Caffeine 20mg",Mabuk perjalanan; Gejala: mabuk darat; mabuk perjalanan; mabuk laut,Sesuai aturan pakai pada kemasan. Gunakan sesuai petunjuk pada kemasan. Jika sakit berlanjut hubungi dokter.,"Diphenhydramine HCl 25mg, Caffeine 20mg",Mabuk perjalanan; mabuk darat; mabuk perjalanan; mabuk laut; Gunakan sesuai petunjuk pada kemasan. Jika sakit berlanjut hubungi dokter.,Mengantuk atau justru antri tidur,2029-01-15,Tablet,https://placehold.co/400x300/f8fafc/3b82f6?text=Antimo+Tablet,True,"[""otc"",""indonesia"",""chatbot-ready""]"
514,Antimo Anak Sirup,Obat Batuk,15000.0,461,Diphenhydramine HCl sirup anak,Mabuk perjalanan anak; Gejala: mabuk perjalanan anak; mabuk mobil anak,Sesuai aturan pakai pada kemasan. Gunakan sesuai petunjuk pada kemasan. Jika sakit berlanjut hubungi dokter.,Diphenhydramine HCl sirup anak,Mabuk perjalanan anak; mabuk perjalanan anak; mabuk mobil anak; Gunakan sesuai petunjuk pada kemasan. Jika sakit berlanjut hubungi dokter.,Mengantuk,2026-12-31,Sirup,https://placehold.co/400x300/f8fafc/3b82f6?text=Antimo+Anak+Sirup,True,"[""otc"",""indonesia"",""chatbot-ready""]"
515,Scopola Tablet,Obat Batuk,5000.0,108,Dimenhydrinate 50mg,Mabuk perjalanan dewasa; Gejala: mabuk laut; mabuk udara,Sesuai aturan pakai pada kemasan. Gunakan sesuai petunjuk pada kemasan. Jika sakit berlanjut hubungi dokter.,Dimenhydrinate 50mg,Mabuk perjalanan dewasa; mabuk laut; mabuk udara; Gunakan sesuai petunjuk pada kemasan. Jika sakit berlanjut hubungi dokter.,"Sangat mengantuk, mulut kering",2029-01-15,Tablet,https://placehold.co/400x300/f8fafc/3b82f6?text=Scopola+Tablet,True,"[""otc"",""indonesia"",""chatbot-ready""]"
516,Prochlorperazine Tablet,Pencernaan & Diare,12000.0,451,Prochlorperazine 5mg,"Mual muntah, vertigo; Gejala: vertigo; mual muntah; prochlorperazine",Sesuai aturan pakai pada kemasan. Gunakan sesuai petunjuk pada kemasan. Jika sakit berlanjut hubungi dokter.,Prochlorperazine 5mg,"Mual muntah, vertigo; vertigo; mual muntah; prochlorperazine; Gunakan sesuai petunjuk pada kemasan. Jika sakit berlanjut hubungi dokter.","Mengantuk, extrapyramidal",2026-12-31,Tablet,https://placehold.co/400x300/f8fafc/f59e0b?text=Prochlorperazine+Tablet,True,"[""otc"",""indonesia"",""chatbot-ready""]"
517,Betahistine Tablet,Pencernaan & Diare,18000.0,339,Betahistine HCl 8mg,"Vertigo (Meniere's), tinnitus; Gejala: vertigo; meniere; telinga berdenging",Sesuai aturan pakai pada kemasan. Gunakan sesuai petunjuk pada kemasan. Jika sakit berlanjut hubungi dokter.,Betahistine HCl 8mg,"Vertigo (Meniere's), tinnitus; vertigo; meniere; telinga berdenging; Gunakan sesuai petunjuk pada kemasan. Jika sakit berlanjut hubungi dokter.","Sakit kepala, mual ringan",2027-06-30,Tablet,https://placehold.co/400x300/f8fafc/f59e0b?text=Betahistine+Tablet,True,"[""otc"",""indonesia"",""chatbot-ready""]"
518,Cinnarizine Tablet 25mg,Obat Batuk,5000.0,202,Cinnarizine 25mg,"Vertigo, mabuk perjalanan, pusing berputar; Gejala: vertigo; pusing berputar; cinnarizine",Sesuai aturan pakai pada kemasan. Gunakan sesuai petunjuk pada kemasan. Jika sakit berlanjut hubungi dokter.,Cinnarizine 25mg,"Vertigo, mabuk perjalanan, pusing berputar; vertigo; pusing berputar; cinnarizine; Gunakan sesuai petunjuk pada kemasan. Jika sakit berlanjut hubungi dokter.","Mengantuk, mulut kering",2029-01-15,Tablet,https://placehold.co/400x300/f8fafc/3b82f6?text=Cinnarizine+Tablet+25mg,True,"[""otc"",""indonesia"",""chatbot-ready""]"
519,Flunarizine Kapsul 5mg,Nyeri & Demam,18000.0,132,Flunarizine 5mg,"Migrain profilaktik, vertigo; Gejala: pencegahan migrain; vertigo kronis",Sesuai aturan pakai pada kemasan. Gunakan sesuai petunjuk pada kemasan. Jika sakit berlanjut hubungi dokter.,Flunarizine 5mg,"Migrain profilaktik, vertigo; pencegahan migrain; vertigo kronis; Gunakan sesuai petunjuk pada kemasan. Jika sakit berlanjut hubungi dokter.","Mengantuk, depresi",2028-12-31,Kapsul,https://placehold.co/400x300/f8fafc/ef4444?text=Flunarizine+Kapsul+5mg,True,"[""otc"",""indonesia"",""chatbot-ready""]"
520,ORS Sachets Oralit WHO,Pencernaan & Diare,1500.0,288,"NaCl 3.5g, KCl 1.5g, Glukosa 20g, NaHCO3",Rehidrasi standar WHO; Gejala: oralit who; dehidrasi; elektrolit,Sesuai aturan pakai pada kemasan. Gunakan sesuai petunjuk pada kemasan. Jika sakit berlanjut hubungi dokter.,"NaCl 3.5g, KCl 1.5g, Glukosa 20g, NaHCO3",Rehidrasi standar WHO; oralit who; dehidrasi; elektrolit; Gunakan sesuai petunjuk pada kemasan. Jika sakit berlanjut hubungi dokter.,Mual bila cepat,2028-03-15,Sachet,https://placehold.co/400x300/f8fafc/f59e0b?text=ORS+Sachets+Oralit+WHO,True,"[""otc"",""indonesia"",""chatbot-ready""]"
521,Bioron Tablet,Vitamin & Suplemen,55000.0,96,"Boron 3mg, Calcium, Vitamin D3",Kesehatan tulang dan sendi; Gejala: tulang; sendi; osteoporosis pencegahan,Sesuai aturan pakai pada kemasan. Gunakan sesuai petunjuk pada kemasan. Jika sakit berlanjut hubungi dokter.,"Boron 3mg, Calcium, Vitamin D3",Kesehatan tulang dan sendi; tulang; sendi; osteoporosis pencegahan; Gunakan sesuai petunjuk pada kemasan. Jika sakit berlanjut hubungi dokter.,Jarang,2028-03-15,Tablet,https://placehold.co/400x300/f8fafc/eab308?text=Bioron+Tablet,True,"[""otc"",""indonesia"",""chatbot-ready""]"
522,Chondroitin Kapsul,Nyeri & Demam,65000.0,30,Chondroitin Sulfate 400mg,Kesehatan sendi dan tulang rawan; Gejala: sendi aus; lutut nyeri; tulang rawan,Sesuai aturan pakai pada kemasan. Gunakan sesuai petunjuk pada kemasan. Jika sakit berlanjut hubungi dokter.,Chondroitin Sulfate 400mg,Kesehatan sendi dan tulang rawan; sendi aus; lutut nyeri; tulang rawan; Gunakan sesuai petunjuk pada kemasan. Jika sakit berlanjut hubungi dokter.,Mual ringan,2029-01-15,Kapsul,https://placehold.co/400x300/f8fafc/ef4444?text=Chondroitin+Kapsul,True,"[""otc"",""indonesia"",""chatbot-ready""]"
523,Atorvastatin 10mg,Vitamin & Suplemen,22000.0,468,Atorvastatin Calcium 10mg,Kolesterol tinggi (Perlu resep dokter); Gejala: kolesterol; lemak darah; statin,Sesuai aturan pakai pada kemasan. Gunakan sesuai petunjuk pada kemasan. Jika sakit berlanjut hubungi dokter.,Atorvastatin Calcium 10mg,Kolesterol tinggi (Perlu resep dokter); kolesterol; lemak darah; statin; Gunakan sesuai petunjuk pada kemasan. Jika sakit berlanjut hubungi dokter.,"Nyeri otot, hati",2026-12-31,Produk,https://placehold.co/400x300/f8fafc/eab308?text=Atorvastatin+10mg,True,"[""otc"",""indonesia"",""chatbot-ready""]"
524,Acarbose Tablet,Herbal & Tradisional,15000.0,180,Acarbose 50mg,Diabetes tipe 2 (Perlu resep); Gejala: diabetes; gula darah; acarbose,Sesuai aturan pakai pada kemasan. Gunakan sesuai petunjuk pada kemasan. Jika sakit berlanjut hubungi dokter.,Acarbose 50mg,Diabetes tipe 2 (Perlu resep); diabetes; gula darah; acarbose; Gunakan sesuai petunjuk pada kemasan. Jika sakit berlanjut hubungi dokter.,"Kembung, diare",2028-12-31,Tablet,https://placehold.co/400x300/f8fafc/84cc16?text=Acarbose+Tablet,True,"[""otc"",""indonesia"",""chatbot-ready""]"
525,Glibenclamide Tablet,Herbal & Tradisional,5000.0,260,Glibenclamide 5mg,Diabetes tipe 2 (Perlu resep); Gejala: diabetes; gula darah; sulfonilurea,Sesuai aturan pakai pada kemasan. Gunakan sesuai petunjuk pada kemasan. Jika sakit berlanjut hubungi dokter.,Glibenclamide 5mg,Diabetes tipe 2 (Perlu resep); diabetes; gula darah; sulfonilurea; Gunakan sesuai petunjuk pada kemasan. Jika sakit berlanjut hubungi dokter.,Hipoglikemia,2026-12-31,Tablet,https://placehold.co/400x300/f8fafc/84cc16?text=Glibenclamide+Tablet,True,"[""otc"",""indonesia"",""chatbot-ready""]"
526,Metformin Tablet 500mg,Herbal & Tradisional,5000.0,122,Metformin HCl 500mg,Diabetes tipe 2 (Perlu resep); Gejala: diabetes; gula darah; metformin,Sesuai aturan pakai pada kemasan. Gunakan sesuai petunjuk pada kemasan. Jika sakit berlanjut hubungi dokter.,Metformin HCl 500mg,Diabetes tipe 2 (Perlu resep); diabetes; gula darah; metformin; Gunakan sesuai petunjuk pada kemasan. Jika sakit berlanjut hubungi dokter.,"Mual, diare GI",2029-01-15,Tablet,https://placehold.co/400x300/f8fafc/84cc16?text=Metformin+Tablet+500mg,True,"[""otc"",""indonesia"",""chatbot-ready""]"
527,Amlodipine Tablet 5mg,Herbal & Tradisional,8000.0,435,Amlodipine Besylate 5mg,"Hipertensi, angina (Perlu resep); Gejala: tekanan darah tinggi; hipertensi; CCB",Sesuai aturan pakai pada kemasan. Gunakan sesuai petunjuk pada kemasan. Jika sakit berlanjut hubungi dokter.,Amlodipine Besylate 5mg,"Hipertensi, angina (Perlu resep); tekanan darah tinggi; hipertensi; CCB; Gunakan sesuai petunjuk pada kemasan. Jika sakit berlanjut hubungi dokter.","Kaki bengkak, kemerahan wajah",2029-01-15,Tablet,https://placehold.co/400x300/f8fafc/84cc16?text=Amlodipine+Tablet+5mg,True,"[""otc"",""indonesia"",""chatbot-ready""]"
528,Captopril Tablet 25mg,Herbal & Tradisional,5000.0,169,Captopril 25mg,"Hipertensi, gagal jantung (Perlu resep); Gejala: hipertensi; ACE inhibitor",Sesuai aturan pakai pada kemasan. Gunakan sesuai petunjuk pada kemasan. Jika sakit berlanjut hubungi dokter.,Captopril 25mg,"Hipertensi, gagal jantung (Perlu resep); hipertensi; ACE inhibitor; Gunakan sesuai petunjuk pada kemasan. Jika sakit berlanjut hubungi dokter.","Batuk kering, hipotensi",2028-12-31,Tablet,https://placehold.co/400x300/f8fafc/84cc16?text=Captopril+Tablet+25mg,True,"[""otc"",""indonesia"",""chatbot-ready""]"
529,Simvastatin Tablet 10mg,Herbal & Tradisional,5000.0,472,Simvastatin 10mg,Kolesterol (Perlu resep); Gejala: kolesterol; simvastatin; lemak darah,Sesuai aturan pakai pada kemasan. Gunakan sesuai petunjuk pada kemasan. Jika sakit berlanjut hubungi dokter.,Simvastatin 10mg,Kolesterol (Perlu resep); kolesterol; simvastatin; lemak darah; Gunakan sesuai petunjuk pada kemasan. Jika sakit berlanjut hubungi dokter.,"Nyeri otot, hati",2028-03-15,Tablet,https://placehold.co/400x300/f8fafc/84cc16?text=Simvastatin+Tablet+10mg,True,"[""otc"",""indonesia"",""chatbot-ready""]"
530,Candesartan Tablet,Herbal & Tradisional,18000.0,190,Candesartan Cilexetil 8mg,"Hipertensi, perlindungan ginjal (Perlu resep); Gejala: hipertensi; ARB; tekanan darah tinggi",Sesuai aturan pakai pada kemasan. Gunakan sesuai petunjuk pada kemasan. Jika sakit berlanjut hubungi dokter.,Candesartan Cilexetil 8mg,"Hipertensi, perlindungan ginjal (Perlu resep); hipertensi; ARB; tekanan darah tinggi; Gunakan sesuai petunjuk pada kemasan. Jika sakit berlanjut hubungi dokter.","Pusing, hipotensi",2027-06-30,Tablet,https://placehold.co/400x300/f8fafc/84cc16?text=Candesartan+Tablet,True,"[""otc"",""indonesia"",""chatbot-ready""]"
531,Lisinopril Tablet 5mg,Herbal & Tradisional,8000.0,482,Lisinopril 5mg,"Hipertensi, gagal jantung (Perlu resep); Gejala: tekanan darah; ACE inhibitor; jantung",Sesuai aturan pakai pada kemasan. Gunakan sesuai petunjuk pada kemasan. Jika sakit berlanjut hubungi dokter.,Lisinopril 5mg,"Hipertensi, gagal jantung (Perlu resep); tekanan darah; ACE inhibitor; jantung; Gunakan sesuai petunjuk pada kemasan. Jika sakit berlanjut hubungi dokter.","Batuk kering, hipotensi",2027-06-30,Tablet,https://placehold.co/400x300/f8fafc/84cc16?text=Lisinopril+Tablet+5mg,True,"[""otc"",""indonesia"",""chatbot-ready""]"
532,Salbutamol Inhaler,Perawatan Hidung & Pernapasan,55000.0,46,Salbutamol 100mcg/dosis MDI,Asma akut dan PPOK (perlu resep di sebagian apotek); Gejala: asma; sesak napas; bronkodilator; inhaler,Sesuai aturan pakai pada kemasan. Gunakan sesuai petunjuk pada kemasan. Jika sakit berlanjut hubungi dokter.,Salbutamol 100mcg/dosis MDI,Asma akut dan PPOK (perlu resep di sebagian apotek); asma; sesak napas; bronkodilator; inhaler; Gunakan sesuai petunjuk pada kemasan. Jika sakit berlanjut hubungi dokter.,"Berdebar, tremor tangan",2029-01-15,Produk,https://placehold.co/400x300/f8fafc/64748b?text=Salbutamol+Inhaler,True,"[""otc"",""indonesia"",""chatbot-ready""]"
533,Ventolin Inhaler,Perawatan Hidung & Pernapasan,85000.0,60,Salbutamol 100mcg/dosis,Asma dan PPOK; Gejala: asma; ventolin; bronkodilator,Sesuai aturan pakai pada kemasan. Gunakan sesuai petunjuk pada kemasan. Jika sakit berlanjut hubungi dokter.,Salbutamol 100mcg/dosis,Asma dan PPOK; asma; ventolin; bronkodilator; Gunakan sesuai petunjuk pada kemasan. Jika sakit berlanjut hubungi dokter.,"Berdebar, tremor",2029-01-15,Produk,https://placehold.co/400x300/f8fafc/64748b?text=Ventolin+Inhaler,True,"[""otc"",""indonesia"",""chatbot-ready""]"
534,Formoterol Inhaler,Perawatan Hidung & Pernapasan,125000.0,89,Formoterol 12mcg/dosis,Asma maintenance (perlu resep); Gejala: asma maintenance; PPOK; LABA,Sesuai aturan pakai pada kemasan. Gunakan sesuai petunjuk pada kemasan. Jika sakit berlanjut hubungi dokter.,Formoterol 12mcg/dosis,Asma maintenance (perlu resep); asma maintenance; PPOK; LABA; Gunakan sesuai petunjuk pada kemasan. Jika sakit berlanjut hubungi dokter.,"Berdebar, kram otot",2028-12-31,Produk,https://placehold.co/400x300/f8fafc/64748b?text=Formoterol+Inhaler,True,"[""otc"",""indonesia"",""chatbot-ready""]"
535,Symbicort Inhaler,Perawatan Hidung & Pernapasan,350000.0,57,Budesonide + Formoterol MDI,Asma dan PPOK kombinasi (perlu resep); Gejala: asma berat; PPOK kombinasi; symbicort,Sesuai aturan pakai pada kemasan. Gunakan sesuai petunjuk pada kemasan. Jika sakit berlanjut hubungi dokter.,Budesonide + Formoterol MDI,Asma dan PPOK kombinasi (perlu resep); asma berat; PPOK kombinasi; symbicort; Gunakan sesuai petunjuk pada kemasan. Jika sakit berlanjut hubungi dokter.,"Sariawan mulut, berdebar",2029-01-15,Produk,https://placehold.co/400x300/f8fafc/64748b?text=Symbicort+Inhaler,True,"[""otc"",""indonesia"",""chatbot-ready""]"
536,Combivent MDI,Perawatan Hidung & Pernapasan,145000.0,39,Salbutamol + Ipratropium,"PPOK, asma berat (perlu resep); Gejala: PPOK; asma berat; bronkodilator ganda",Sesuai aturan pakai pada kemasan. Gunakan sesuai petunjuk pada kemasan. Jika sakit berlanjut hubungi dokter.,Salbutamol + Ipratropium,"PPOK, asma berat (perlu resep); PPOK; asma berat; bronkodilator ganda; Gunakan sesuai petunjuk pada kemasan. Jika sakit berlanjut hubungi dokter.","Berdebar, mulut kering",2029-01-15,Produk,https://placehold.co/400x300/f8fafc/64748b?text=Combivent+MDI,True,"[""otc"",""indonesia"",""chatbot-ready""]"
537,Mucolite Kapsul,Obat Batuk,45000.0,165,Erdosteine 300mg,"Batuk PPOK, bronkitis kronis; Gejala: PPOK; bronkitis kronis; erdosteine",Sesuai aturan pakai pada kemasan. Gunakan sesuai petunjuk pada kemasan. Jika sakit berlanjut hubungi dokter.,Erdosteine 300mg,"Batuk PPOK, bronkitis kronis; PPOK; bronkitis kronis; erdosteine; Gunakan sesuai petunjuk pada kemasan. Jika sakit berlanjut hubungi dokter.",Mual,2026-12-31,Kapsul,https://placehold.co/400x300/f8fafc/3b82f6?text=Mucolite+Kapsul,True,"[""otc"",""indonesia"",""chatbot-ready""]"
538,Spiriva Handihaler,Perawatan Hidung & Pernapasan,250000.0,56,Tiotropium Bromide 18mcg,PPOK maintenance (perlu resep); Gejala: PPOK maintenance; tiotropium; anticholinergik,Sesuai aturan pakai pada kemasan. Gunakan sesuai petunjuk pada kemasan. Jika sakit berlanjut hubungi dokter.,Tiotropium Bromide 18mcg,PPOK maintenance (perlu resep); PPOK maintenance; tiotropium; anticholinergik; Gunakan sesuai petunjuk pada kemasan. Jika sakit berlanjut hubungi dokter.,"Mulut kering, retensi urin",2027-06-30,Produk,https://placehold.co/400x300/f8fafc/64748b?text=Spiriva+Handihaler,True,"[""otc"",""indonesia"",""chatbot-ready""]"
539,Budesonide Nasal Spray,Perawatan Hidung & Pernapasan,65000.0,85,Budesonide 64mcg/dosis,Rinitis alergi kronis; Gejala: rinitis alergi; hidung meler kronis; steroid nasal,Sesuai aturan pakai pada kemasan. Gunakan sesuai petunjuk pada kemasan. Jika sakit berlanjut hubungi dokter.,Budesonide 64mcg/dosis,Rinitis alergi kronis; rinitis alergi; hidung meler kronis; steroid nasal; Gunakan sesuai petunjuk pada kemasan. Jika sakit berlanjut hubungi dokter.,"Mimisan, iritasi hidung",2027-06-30,Spray,https://placehold.co/400x300/f8fafc/64748b?text=Budesonide+Nasal+Spray,True,"[""otc"",""indonesia"",""chatbot-ready""]"
540,Mometasone Nasal Spray,Perawatan Hidung & Pernapasan,85000.0,50,Mometasone Furoate 50mcg,"Rinitis alergi, polip hidung; Gejala: rinitis alergi; polip; nasonex generik",Sesuai aturan pakai pada kemasan. Gunakan sesuai petunjuk pada kemasan. Jika sakit berlanjut hubungi dokter.,Mometasone Furoate 50mcg,"Rinitis alergi, polip hidung; rinitis alergi; polip; nasonex generik; Gunakan sesuai petunjuk pada kemasan. Jika sakit berlanjut hubungi dokter.","Mimisan, iritasi",2026-12-31,Spray,https://placehold.co/400x300/f8fafc/64748b?text=Mometasone+Nasal+Spray,True,"[""otc"",""indonesia"",""chatbot-ready""]"
541,Xyzal Tablet 5mg,Alergi & Gatal,65000.0,51,Levocetirizine HCl 5mg,Alergi generasi ketiga tanpa kantuk; Gejala: alergi terkini; antihistamin baru; gatal,Sesuai aturan pakai pada kemasan. Gunakan sesuai petunjuk pada kemasan. Jika sakit berlanjut hubungi dokter.,Levocetirizine HCl 5mg,Alergi generasi ketiga tanpa kantuk; alergi terkini; antihistamin baru; gatal; Gunakan sesuai petunjuk pada kemasan. Jika sakit berlanjut hubungi dokter.,Mengantuk minimal,2027-06-30,Tablet,https://placehold.co/400x300/f8fafc/8b5cf6?text=Xyzal+Tablet+5mg,True,"[""otc"",""indonesia"",""chatbot-ready""]"
542,Bilastine Tablet 20mg,Alergi & Gatal,85000.0,77,Bilastine 20mg,Rinitis alergi dan urtikaria tanpa kantuk; Gejala: alergi tanpa kantuk premium; urtikaria,Sesuai aturan pakai pada kemasan. Gunakan sesuai petunjuk pada kemasan. Jika sakit berlanjut hubungi dokter.,Bilastine 20mg,Rinitis alergi dan urtikaria tanpa kantuk; alergi tanpa kantuk premium; urtikaria; Gunakan sesuai petunjuk pada kemasan. Jika sakit berlanjut hubungi dokter.,Jarang,2027-06-30,Tablet,https://placehold.co/400x300/f8fafc/8b5cf6?text=Bilastine+Tablet+20mg,True,"[""otc"",""indonesia"",""chatbot-ready""]"
543,Rupatadine Tablet 10mg,Alergi & Gatal,75000.0,96,Rupatadine 10mg,Rinitis alergi dan urtikaria kronis; Gejala: alergi kronis; urtikaria; anti-PAF,Sesuai aturan pakai pada kemasan. Gunakan sesuai petunjuk pada kemasan. Jika sakit berlanjut hubungi dokter.,Rupatadine 10mg,Rinitis alergi dan urtikaria kronis; alergi kronis; urtikaria; anti-PAF; Gunakan sesuai petunjuk pada kemasan. Jika sakit berlanjut hubungi dokter.,Mengantuk ringan,2028-12-31,Tablet,https://placehold.co/400x300/f8fafc/8b5cf6?text=Rupatadine+Tablet+10mg,True,"[""otc"",""indonesia"",""chatbot-ready""]"
544,Pheniramine Maleate Tablet,Alergi & Gatal,4000.0,200,Pheniramine Maleate 25mg,Alergi dan rhinitis generasi 1; Gejala: alergi murah; gatal; rhinitis,Sesuai aturan pakai pada kemasan. Gunakan sesuai petunjuk pada kemasan. Jika sakit berlanjut hubungi dokter.,Pheniramine Maleate 25mg,Alergi dan rhinitis generasi 1; alergi murah; gatal; rhinitis; Gunakan sesuai petunjuk pada kemasan. Jika sakit berlanjut hubungi dokter.,Sangat mengantuk,2028-12-31,Tablet,https://placehold.co/400x300/f8fafc/8b5cf6?text=Pheniramine+Maleate+Tablet,True,"[""otc"",""indonesia"",""chatbot-ready""]"
545,Betadine Feminine Wash,Obat Kulit & Luka,28000.0,227,Povidone Iodine 10% sabun wanita,Kebersihan area kewanitaan; Gejala: keputihan; gatal area wanita; vaginal wash,Sesuai aturan pakai pada kemasan. Gunakan sesuai petunjuk pada kemasan. Jika sakit berlanjut hubungi dokter.,Povidone Iodine 10% sabun wanita,Kebersihan area kewanitaan; keputihan; gatal area wanita; vaginal wash; Gunakan sesuai petunjuk pada kemasan. Jika sakit berlanjut hubungi dokter.,Iritasi lokal (gunakan sesuai petunjuk),2026-12-31,Produk,https://placehold.co/400x300/f8fafc/ec4899?text=Betadine+Feminine+Wash,True,"[""otc"",""indonesia"",""chatbot-ready""]"
546,Carefree Pantyliner,Vitamin & Suplemen,15000.0,376,Non-medicated pantyliner,Kelembaban harian wanita; Gejala: pantyliner; wanita; kebersihan,Sesuai aturan pakai pada kemasan. Gunakan sesuai petunjuk pada kemasan. Jika sakit berlanjut hubungi dokter.,Non-medicated pantyliner,Kelembaban harian wanita; pantyliner; wanita; kebersihan; Gunakan sesuai petunjuk pada kemasan. Jika sakit berlanjut hubungi dokter.,Alergi (jarang),2027-06-30,Produk,https://placehold.co/400x300/f8fafc/eab308?text=Carefree+Pantyliner,True,"[""otc"",""indonesia"",""chatbot-ready""]"
547,Canesten Krim Vaginal,Antijamur & Kulit,55000.0,32,Clotrimazole 1% krim vaginal,"Kandidiasis vaginal, gatal keputihan; Gejala: jamur vaginal; keputihan berbau; gatal intim",Sesuai aturan pakai pada kemasan. Gunakan sesuai petunjuk pada kemasan. Jika sakit berlanjut hubungi dokter.,Clotrimazole 1% krim vaginal,"Kandidiasis vaginal, gatal keputihan; jamur vaginal; keputihan berbau; gatal intim; Gunakan sesuai petunjuk pada kemasan. Jika sakit berlanjut hubungi dokter.",Iritasi lokal,2027-06-30,Produk,https://placehold.co/400x300/f8fafc/14b8a6?text=Canesten+Krim+Vaginal,True,"[""otc"",""indonesia"",""chatbot-ready""]"
548,Betadine Feminine Gel,Obat Kulit & Luka,35000.0,265,Povidone Iodine 10% gel intim,Keputihan dan kebersihan intim gel; Gejala: keputihan gel; gatal intim,Sesuai aturan pakai pada kemasan. Gunakan sesuai petunjuk pada kemasan. Jika sakit berlanjut hubungi dokter.,Povidone Iodine 10% gel intim,Keputihan dan kebersihan intim gel; keputihan gel; gatal intim; Gunakan sesuai petunjuk pada kemasan. Jika sakit berlanjut hubungi dokter.,Iritasi,2029-01-15,Gel,https://placehold.co/400x300/f8fafc/ec4899?text=Betadine+Feminine+Gel,True,"[""otc"",""indonesia"",""chatbot-ready""]"
549,Gynecosid Tablet,Vitamin & Suplemen,15000.0,331,Methylergometrine 0.125mg,"Perdarahan post-partum, haid tidak teratur; Gejala: perdarahan; haid tidak lancar; methylergometrine",Sesuai aturan pakai pada kemasan. Gunakan sesuai petunjuk pada kemasan. Jika sakit berlanjut hubungi dokter.,Methylergometrine 0.125mg,"Perdarahan post-partum, haid tidak teratur; perdarahan; haid tidak lancar; methylergometrine; Gunakan sesuai petunjuk pada kemasan. Jika sakit berlanjut hubungi dokter.","Mual, berdebar (jarang tanpa resep)",2026-12-31,Tablet,https://placehold.co/400x300/f8fafc/eab308?text=Gynecosid+Tablet,True,"[""otc"",""indonesia"",""chatbot-ready""]"
550,Mefenamic Forte 500mg,Nyeri & Demam,15000.0,374,Mefenamic Acid 500mg,"Nyeri haid berat, nyeri akut; Gejala: nyeri haid berat; dismenore; mefenamat",Sesuai aturan pakai pada kemasan. Gunakan sesuai petunjuk pada kemasan. Jika sakit berlanjut hubungi dokter.,Mefenamic Acid 500mg,"Nyeri haid berat, nyeri akut; nyeri haid berat; dismenore; mefenamat; Gunakan sesuai petunjuk pada kemasan. Jika sakit berlanjut hubungi dokter.",Iritasi lambung parah,2028-03-15,Produk,https://placehold.co/400x300/f8fafc/ef4444?text=Mefenamic+Forte+500mg,True,"[""otc"",""indonesia"",""chatbot-ready""]"
551,Ibuprofen 400mg Tablet,Nyeri & Demam,8000.0,308,Ibuprofen 400mg,"Nyeri sedang, haid, gigi, radang sendi; Gejala: nyeri sedang; ibuprofen 400; haid",Sesuai aturan pakai pada kemasan. Gunakan sesuai petunjuk pada kemasan. Jika sakit berlanjut hubungi dokter.,Ibuprofen 400mg,"Nyeri sedang, haid, gigi, radang sendi; nyeri sedang; ibuprofen 400; haid; Gunakan sesuai petunjuk pada kemasan. Jika sakit berlanjut hubungi dokter.",Nyeri lambung lebih,2029-01-15,Tablet,https://placehold.co/400x300/f8fafc/ef4444?text=Ibuprofen+400mg+Tablet,True,"[""otc"",""indonesia"",""chatbot-ready""]"
552,Ibuprofen 200mg Strip,Nyeri & Demam,4000.0,455,Ibuprofen 200mg strip 4s,Nyeri ringan praktis; Gejala: nyeri ringan strip; ibuprofen murah,Sesuai aturan pakai pada kemasan. Gunakan sesuai petunjuk pada kemasan. Jika sakit berlanjut hubungi dokter.,Ibuprofen 200mg strip 4s,Nyeri ringan praktis; nyeri ringan strip; ibuprofen murah; Gunakan sesuai petunjuk pada kemasan. Jika sakit berlanjut hubungi dokter.,Nyeri lambung,2026-12-31,Produk,https://placehold.co/400x300/f8fafc/ef4444?text=Ibuprofen+200mg+Strip,True,"[""otc"",""indonesia"",""chatbot-ready""]"
553,Aspirin 500mg Tablet,Nyeri & Demam,8000.0,432,Acetylsalicylic Acid 500mg,"Nyeri dan demam dewasa, anti platelet; Gejala: aspirin; anti nyeri; anti demam",Sesuai aturan pakai pada kemasan. Gunakan sesuai petunjuk pada kemasan. Jika sakit berlanjut hubungi dokter.,Acetylsalicylic Acid 500mg,"Nyeri dan demam dewasa, anti platelet; aspirin; anti nyeri; anti demam; Gunakan sesuai petunjuk pada kemasan. Jika sakit berlanjut hubungi dokter.","Perdarahan GI, asma aspirin",2028-12-31,Tablet,https://placehold.co/400x300/f8fafc/ef4444?text=Aspirin+500mg+Tablet,True,"[""otc"",""indonesia"",""chatbot-ready""]"
554,Aspirin 80mg Kardio,Herbal & Tradisional,15000.0,252,Acetylsalicylic Acid 80mg,Pencegahan serangan jantung/stroke (resep); Gejala: aspirin jantung; anti platelet; pencegahan stroke,Sesuai aturan pakai pada kemasan. Gunakan sesuai petunjuk pada kemasan. Jika sakit berlanjut hubungi dokter.,Acetylsalicylic Acid 80mg,Pencegahan serangan jantung/stroke (resep); aspirin jantung; anti platelet; pencegahan stroke; Gunakan sesuai petunjuk pada kemasan. Jika sakit berlanjut hubungi dokter.,Perdarahan lambung,2028-03-15,Produk,https://placehold.co/400x300/f8fafc/84cc16?text=Aspirin+80mg+Kardio,True,"[""otc"",""indonesia"",""chatbot-ready""]"
555,Codein Fosfat Tablet,Obat Batuk,8000.0,466,Codeine Phosphate 10mg,Batuk keras (perlu resep narkotika); Gejala: batuk berdahak keras; opioid batuk,Sesuai aturan pakai pada kemasan. Gunakan sesuai petunjuk pada kemasan. Jika sakit berlanjut hubungi dokter.,Codeine Phosphate 10mg,Batuk keras (perlu resep narkotika); batuk berdahak keras; opioid batuk; Gunakan sesuai petunjuk pada kemasan. Jika sakit berlanjut hubungi dokter.,"Sembelit, mengantuk, adiksi",2029-01-15,Tablet,https://placehold.co/400x300/f8fafc/3b82f6?text=Codein+Fosfat+Tablet,True,"[""otc"",""indonesia"",""chatbot-ready""]"
556,Pseudoephedrine Tablet,Flu & Pilek,8000.0,155,Pseudoephedrine HCl 30mg,"Hidung tersumbat berat, sinusitis; Gejala: hidung mampet; sinusitis; pseudoefedrin",Sesuai aturan pakai pada kemasan. Gunakan sesuai petunjuk pada kemasan. Jika sakit berlanjut hubungi dokter.,Pseudoephedrine HCl 30mg,"Hidung tersumbat berat, sinusitis; hidung mampet; sinusitis; pseudoefedrin; Gunakan sesuai petunjuk pada kemasan. Jika sakit berlanjut hubungi dokter.","Berdebar, insomnia",2027-06-30,Tablet,https://placehold.co/400x300/f8fafc/06b6d4?text=Pseudoephedrine+Tablet,True,"[""otc"",""indonesia"",""chatbot-ready""]"
557,Cetirizine 5mg Tablet,Alergi & Gatal,5000.0,106,Cetirizine HCl 5mg (dosis anak-remaja),Alergi anak lebih besar; Gejala: alergi anak 6-12; cetirizine setengah,Sesuai aturan pakai pada kemasan. Gunakan sesuai petunjuk pada kemasan. Jika sakit berlanjut hubungi dokter.,Cetirizine HCl 5mg (dosis anak-remaja),Alergi anak lebih besar; alergi anak 6-12; cetirizine setengah; Gunakan sesuai petunjuk pada kemasan. Jika sakit berlanjut hubungi dokter.,Mengantuk ringan,2026-12-31,Tablet,https://placehold.co/400x300/f8fafc/8b5cf6?text=Cetirizine+5mg+Tablet,True,"[""otc"",""indonesia"",""chatbot-ready""]"
558,Loratadine Sirup 60ml,Alergi & Gatal,22000.0,386,Loratadine 5mg/5ml sirup,Alergi anak tanpa kantuk berat sirup; Gejala: alergi anak sirup; biduran anak sirup,Sesuai aturan pakai pada kemasan. Gunakan sesuai petunjuk pada kemasan. Jika sakit berlanjut hubungi dokter.,Loratadine 5mg/5ml sirup,Alergi anak tanpa kantuk berat sirup; alergi anak sirup; biduran anak sirup; Gunakan sesuai petunjuk pada kemasan. Jika sakit berlanjut hubungi dokter.,Mulut kering,2028-03-15,Sirup,https://placehold.co/400x300/f8fafc/8b5cf6?text=Loratadine+Sirup+60ml,True,"[""otc"",""indonesia"",""chatbot-ready""]"
559,Diphenhydramine Sirup,Obat Batuk,15000.0,338,Diphenhydramine HCl 12.5mg/5ml,"Batuk alergi anak, rinitis alergi; Gejala: batuk alergi anak; benadryl generik",Sesuai aturan pakai pada kemasan. Gunakan sesuai petunjuk pada kemasan. Jika sakit berlanjut hubungi dokter.,Diphenhydramine HCl 12.5mg/5ml,"Batuk alergi anak, rinitis alergi; batuk alergi anak; benadryl generik; Gunakan sesuai petunjuk pada kemasan. Jika sakit berlanjut hubungi dokter.",Sangat mengantuk,2028-03-15,Sirup,https://placehold.co/400x300/f8fafc/3b82f6?text=Diphenhydramine+Sirup,True,"[""otc"",""indonesia"",""chatbot-ready""]"
560,Chlorpheniramine Sirup,Alergi & Gatal,10000.0,181,CTM 2mg/5ml,Alergi anak generasi pertama murah; Gejala: alergi anak murah; CTM sirup,Sesuai aturan pakai pada kemasan. Gunakan sesuai petunjuk pada kemasan. Jika sakit berlanjut hubungi dokter.,CTM 2mg/5ml,Alergi anak generasi pertama murah; alergi anak murah; CTM sirup; Gunakan sesuai petunjuk pada kemasan. Jika sakit berlanjut hubungi dokter.,Sangat mengantuk,2028-12-31,Sirup,https://placehold.co/400x300/f8fafc/8b5cf6?text=Chlorpheniramine+Sirup,True,"[""otc"",""indonesia"",""chatbot-ready""]"
561,Promethazine Tablet 25mg,Alergi & Gatal,5000.0,392,Promethazine HCl 25mg,"Alergi berat, mabuk, mual, insomnia; Gejala: alergi parah; mabuk; prometazin",Sesuai aturan pakai pada kemasan. Gunakan sesuai petunjuk pada kemasan. Jika sakit berlanjut hubungi dokter.,Promethazine HCl 25mg,"Alergi berat, mabuk, mual, insomnia; alergi parah; mabuk; prometazin; Gunakan sesuai petunjuk pada kemasan. Jika sakit berlanjut hubungi dokter.","Sangat mengantuk, mulut kering",2029-01-15,Tablet,https://placehold.co/400x300/f8fafc/8b5cf6?text=Promethazine+Tablet+25mg,True,"[""otc"",""indonesia"",""chatbot-ready""]"
562,Dexamethasone Tablet 0.5mg,Alergi & Gatal,3000.0,329,Dexamethasone 0.5mg,"Radang berat, alergi berat (Perlu resep); Gejala: radang berat; alergi parah; steroid",Sesuai aturan pakai pada kemasan. Gunakan sesuai petunjuk pada kemasan. Jika sakit berlanjut hubungi dokter.,Dexamethasone 0.5mg,"Radang berat, alergi berat (Perlu resep); radang berat; alergi parah; steroid; Gunakan sesuai petunjuk pada kemasan. Jika sakit berlanjut hubungi dokter.","Cushing, imuno-supresi",2028-03-15,Tablet,https://placehold.co/400x300/f8fafc/8b5cf6?text=Dexamethasone+Tablet+0.5mg,True,"[""otc"",""indonesia"",""chatbot-ready""]"
563,Methylprednisolone Tablet 4mg,Alergi & Gatal,8000.0,403,Methylprednisolone 4mg,"Radang, alergi berat (Perlu resep); Gejala: radang sendi; alergi sistemik; methylpred",Sesuai aturan pakai pada kemasan. Gunakan sesuai petunjuk pada kemasan. Jika sakit berlanjut hubungi dokter.,Methylprednisolone 4mg,"Radang, alergi berat (Perlu resep); radang sendi; alergi sistemik; methylpred; Gunakan sesuai petunjuk pada kemasan. Jika sakit berlanjut hubungi dokter.","Berat badan naik, ulkus",2026-12-31,Tablet,https://placehold.co/400x300/f8fafc/8b5cf6?text=Methylprednisolone+Tablet+4mg,True,"[""otc"",""indonesia"",""chatbot-ready""]"
564,Prednisone Tablet 5mg,Alergi & Gatal,5000.0,458,Prednisone 5mg,"Asma, rematik, alergi berat (Perlu resep); Gejala: asma; rematik; prednison",Sesuai aturan pakai pada kemasan. Gunakan sesuai petunjuk pada kemasan. Jika sakit berlanjut hubungi dokter.,Prednisone 5mg,"Asma, rematik, alergi berat (Perlu resep); asma; rematik; prednison; Gunakan sesuai petunjuk pada kemasan. Jika sakit berlanjut hubungi dokter.","Cushing, katarak",2027-06-30,Tablet,https://placehold.co/400x300/f8fafc/8b5cf6?text=Prednisone+Tablet+5mg,True,"[""otc"",""indonesia"",""chatbot-ready""]"
