id,name,category,price,stock,description,indication,dosage,ingredients,benefits,side_effects,expiry,type,photo,is_active,tags
1,Montrelief-LC Tablet,Nyeri & Demam,14838.0,84,Levocetirizine (5mg) + Montelukast (10mg),Treatment of Sneezing and runny nose due to allergiesTreatment of Hay feverTreatment of Allergic skin conditions,Dosis sesuai anjuran dokter. Signature Phytochemical Industries,Levocetirizine (5mg) + Montelukast (10mg),Treatment of Sneezing and runny nose due to allergiesTreatment of Hay feverTreatment of Allergic skin conditions,Nausea Diarrhea Dryness in mouth Fatigue Headache Skin rash Sleepiness Vomiting,2028-03-15,Tablet,"https://onemg.gumlet.io/l_watermark_346,w_480,h_480/a_ignore,w_480,h_480,c_fit,q_auto,f_auto/cropped/nmvbhvmpnkvmxwhf7zao.jpg",True,[]
2,Zincast Tablet,Nyeri & Demam,23405.0,77,Levocetirizine (5mg) + Montelukast (10mg),Treatment of Sneezing and runny nose due to allergiesTreatment of Hay feverTreatment of Allergic skin conditions,Dosis sesuai anjuran dokter. Galaxy Biotech,Levocetirizine (5mg) + Montelukast (10mg),Treatment of Sneezing and runny nose due to allergiesTreatment of Hay feverTreatment of Allergic skin conditions,Nausea Diarrhea Dryness in mouth Fatigue Headache Skin rash Sleepiness Vomiting,2027-06-30,Tablet,"https://onemg.gumlet.io/l_watermark_346,w_480,h_480/a_ignore,w_480,h_480,c_fit,q_auto,f_auto/e4e99b0c0d8a475d870190746a56f684.jpg",True,[]
3,L Montus Kid Tablet,Nyeri & Demam,34366.0,109,Levocetirizine (2.5mg) + Montelukast (4mg),Treatment of Sneezing and runny nose due to allergiesTreatment of Hay feverTreatment of Allergic skin conditions,Dosis sesuai anjuran dokter. Fourrts India Laboratories Pvt Ltd,Levocetirizine (2.5mg) + Montelukast (4mg),Treatment of Sneezing and runny nose due to allergiesTreatment of Hay feverTreatment of Allergic skin conditions,Rash Nausea Diarrhea Dryness in mouth Fatigue Headache Skin rash Sleepiness Vomiting,2027-06-30,Tablet,"https://onemg.gumlet.io/l_watermark_346,w_480,h_480/a_ignore,w_480,h_480,c_fit,q_auto,f_auto/cropped/lkuwc81gsk7tuvqbfoaz.jpg",True,[]
4,Alday Duo 5mg/10mg Tablet,Nyeri & Demam,20872.0,146,Levocetirizine (5mg) + Montelukast (10mg),Treatment of Sneezing and runny nose due to allergiesTreatment of Hay feverTreatment of Allergic skin conditions,Dosis sesuai anjuran dokter. S H Pharmaceuticals Ltd,Levocetirizine (5mg) + Montelukast (10mg),Treatment of Sneezing and runny nose due to allergiesTreatment of Hay feverTreatment of Allergic skin conditions,Nausea Diarrhea Dryness in mouth Fatigue Headache Skin rash Sleepiness Vomiting,2027-06-30,Tablet,"https://onemg.gumlet.io/l_watermark_346,w_480,h_480/a_ignore,w_480,h_480,c_fit,q_auto,f_auto/0164736a96654b19be5e7ecd5ac718f0.jpg",True,[]
5,LCZ-Mont Suspension,Nyeri & Demam,34197.0,171,Levocetirizine (5mg) + Montelukast (10mg),Treatment of Sneezing and runny nose due to allergiesTreatment of Hay feverTreatment of Allergic skin conditions,Dosis sesuai anjuran dokter. Rapross Pharmaceuticals Pvt Ltd,Levocetirizine (5mg) + Montelukast (10mg),Treatment of Sneezing and runny nose due to allergiesTreatment of Hay feverTreatment of Allergic skin conditions,Nausea Diarrhea Dryness in mouth Fatigue Headache Skin rash Sleepiness Vomiting,2027-11-20,Tablet,"https://onemg.gumlet.io/l_watermark_346,w_480,h_480/a_ignore,w_480,h_480,c_fit,q_auto,f_auto/d77b45b07c19419094a02f53ad860767.jpg",True,[]
6,Solitair Tablet,Nyeri & Demam,14742.0,272,Levocetirizine (5mg) + Montelukast (10mg),Treatment of Sneezing and runny nose due to allergiesTreatment of Hay feverTreatment of Allergic skin conditions,Dosis sesuai anjuran dokter. Blue Cross Laboratories Ltd,Levocetirizine (5mg) + Montelukast (10mg),Treatment of Sneezing and runny nose due to allergiesTreatment of Hay feverTreatment of Allergic skin conditions,Nausea Diarrhea Dryness in mouth Fatigue Headache Skin rash Sleepiness Vomiting,2028-03-15,Tablet,"https://onemg.gumlet.io/l_watermark_346,w_480,h_480/a_ignore,w_480,h_480,c_fit,q_auto,f_auto/try6fidnum2pwb6y8ruw.jpg",True,[]
7,Levotiz-M Tablet,Nyeri & Demam,31570.0,95,Levocetirizine (5mg) + Montelukast (10mg),Treatment of Sneezing and runny nose due to allergiesTreatment of Hay feverTreatment of Allergic skin conditions,Dosis sesuai anjuran dokter. Foregen Healthcare Ltd,Levocetirizine (5mg) + Montelukast (10mg),Treatment of Sneezing and runny nose due to allergiesTreatment of Hay feverTreatment of Allergic skin conditions,Nausea Diarrhea Dryness in mouth Fatigue Headache Skin rash Sleepiness Vomiting,2028-03-15,Tablet,"https://onemg.gumlet.io/l_watermark_346,w_480,h_480/a_ignore,w_480,h_480,c_fit,q_auto,f_auto/xsuyghowh5w0gyqaqolb.jpg",True,[]
8,Levocet M Syrup,Nyeri & Demam,18600.0,135,Levocetirizine (2.5mg/5ml) + Montelukast (4mg/5ml),Treatment of Sneezing and runny nose due to allergiesTreatment of Hay feverTreatment of Allergic skin conditions,Dosis sesuai anjuran dokter. Hetero Drugs Ltd,Levocetirizine (2.5mg/5ml) + Montelukast (4mg/5ml),Treatment of Sneezing and runny nose due to allergiesTreatment of Hay feverTreatment of Allergic skin conditions,Rash Nausea Diarrhea Dryness in mouth Fatigue Headache Skin rash Sleepiness Vomiting,2026-12-31,Tablet,"https://onemg.gumlet.io/l_watermark_346,w_480,h_480/a_ignore,w_480,h_480,c_fit,q_auto,f_auto/a36b863a202245168e2080bc028d8f08.jpg",True,[]
9,Montas-L,Nyeri & Demam,31817.0,264,Levocetirizine (2.5mg/5ml) + Montelukast (4mg/5ml),Treatment of Sneezing and runny nose due to allergiesTreatment of Hay feverTreatment of Allergic skin conditions,Dosis sesuai anjuran dokter. Intas Pharmaceuticals Ltd,Levocetirizine (2.5mg/5ml) + Montelukast (4mg/5ml),Treatment of Sneezing and runny nose due to allergiesTreatment of Hay feverTreatment of Allergic skin conditions,Rash Nausea Diarrhea Dryness in mouth Fatigue Headache Skin rash Sleepiness Vomiting,2027-06-30,Tablet,"https://onemg.gumlet.io/l_watermark_346,w_480,h_480/a_ignore,w_480,h_480,c_fit,q_auto,f_auto/e8cf842d6ed5461cac6c4e1525161004.jpg",True,[]
10,Levokon-M Tablet,Nyeri & Demam,27989.0,286,Levocetirizine (5mg) + Montelukast (10mg),Treatment of Sneezing and runny nose due to allergiesTreatment of Hay feverTreatment of Allergic skin conditions,Dosis sesuai anjuran dokter. Eskon Pharma,Levocetirizine (5mg) + Montelukast (10mg),Treatment of Sneezing and runny nose due to allergiesTreatment of Hay feverTreatment of Allergic skin conditions,Nausea Diarrhea Dryness in mouth Fatigue Headache Skin rash Sleepiness Vomiting,2028-03-15,Tablet,"https://onemg.gumlet.io/l_watermark_346,w_480,h_480/a_ignore,w_480,h_480,c_fit,q_auto,f_auto/e84e831cea20463fa765c2c049af2bc1.jpg",True,[]
11,MTnL Tablet,Nyeri & Demam,6868.0,147,Levocetirizine (5mg) + Montelukast (10mg),Treatment of Sneezing and runny nose due to allergiesTreatment of Hay feverTreatment of Allergic skin conditions,Dosis sesuai anjuran dokter. Centaur Pharmaceuticals Pvt Ltd,Levocetirizine (5mg) + Montelukast (10mg),Treatment of Sneezing and runny nose due to allergiesTreatment of Hay feverTreatment of Allergic skin conditions,Nausea Diarrhea Dryness in mouth Fatigue Headache Skin rash Sleepiness Vomiting,2028-03-15,Tablet,"https://onemg.gumlet.io/l_watermark_346,w_480,h_480/a_ignore,w_480,h_480,c_fit,q_auto,f_auto/cropped/xgfvyp5mnd2x7vmmct1y.jpg",True,[]
12,Levokast Oral Suspension,Nyeri & Demam,21404.0,161,Levocetirizine (2.5mg/5ml) + Montelukast (4mg/5ml),Treatment of Sneezing and runny nose due to allergiesTreatment of Hay feverTreatment of Allergic skin conditions,Dosis sesuai anjuran dokter. TTK Healthcare Ltd,Levocetirizine (2.5mg/5ml) + Montelukast (4mg/5ml),Treatment of Sneezing and runny nose due to allergiesTreatment of Hay feverTreatment of Allergic skin conditions,Rash Nausea Diarrhea Dryness in mouth Fatigue Headache Skin rash Sleepiness Vomiting,2027-06-30,Tablet,"https://onemg.gumlet.io/l_watermark_346,w_480,h_480/a_ignore,w_480,h_480,c_fit,q_auto,f_auto/88a1f5d6f9ec465a8e67289bb439bed6.jpg",True,[]
13,Laveta M  Syrup,Nyeri & Demam,23718.0,147,Levocetirizine (2.5mg/5ml) + Montelukast (4mg/5ml),Treatment of Sneezing and runny nose due to allergiesTreatment of Hay feverTreatment of Allergic skin conditions,Dosis sesuai anjuran dokter. Alembic Pharmaceuticals Ltd,Levocetirizine (2.5mg/5ml) + Montelukast (4mg/5ml),Treatment of Sneezing and runny nose due to allergiesTreatment of Hay feverTreatment of Allergic skin conditions,Rash Nausea Diarrhea Dryness in mouth Fatigue Headache Skin rash Sleepiness Vomiting,2027-11-20,Tablet,"https://onemg.gumlet.io/l_watermark_346,w_480,h_480/a_ignore,w_480,h_480,c_fit,q_auto,f_auto/cropped/o9vwxvwxqcfdv0ft271a.jpg",True,[]
14,Lit M Tablet,Nyeri & Demam,18477.0,159,Levocetirizine (5mg) + Montelukast (10mg),Treatment of Sneezing and runny nose due to allergiesTreatment of Hay feverTreatment of Allergic skin conditions,Dosis sesuai anjuran dokter. Omenta Pharma Pvt Ltd,Levocetirizine (5mg) + Montelukast (10mg),Treatment of Sneezing and runny nose due to allergiesTreatment of Hay feverTreatment of Allergic skin conditions,Nausea Diarrhea Dryness in mouth Fatigue Headache Skin rash Sleepiness Vomiting,2026-12-31,Tablet,"https://onemg.gumlet.io/l_watermark_346,w_480,h_480/a_ignore,w_480,h_480,c_fit,q_auto,f_auto/c301e42eed3f41f69353509a538017b0.jpg",True,[]
15,Montark-L Tablet,Nyeri & Demam,19441.0,55,Levocetirizine (5mg) + Montelukast (10mg),Treatment of Sneezing and runny nose due to allergiesTreatment of Hay feverTreatment of Allergic skin conditions,Dosis sesuai anjuran dokter. Optho Life Sciences Pvt Ltd,Levocetirizine (5mg) + Montelukast (10mg),Treatment of Sneezing and runny nose due to allergiesTreatment of Hay feverTreatment of Allergic skin conditions,Nausea Diarrhea Dryness in mouth Fatigue Headache Skin rash Sleepiness Vomiting,2026-12-31,Tablet,"https://onemg.gumlet.io/l_watermark_346,w_480,h_480/a_ignore,w_480,h_480,c_fit,q_auto,f_auto/a7b42d23f34b4b08943401e810e68479.jpg",True,[]
16,Alnacet M 5mg/10mg Tablet,Nyeri & Demam,23836.0,71,Levocetirizine (5mg) + Montelukast (10mg),Treatment of Sneezing and runny nose due to allergiesTreatment of Hay feverTreatment of Allergic skin conditions,Dosis sesuai anjuran dokter. Alna Biotech Pvt Ltd,Levocetirizine (5mg) + Montelukast (10mg),Treatment of Sneezing and runny nose due to allergiesTreatment of Hay feverTreatment of Allergic skin conditions,Nausea Diarrhea Dryness in mouth Fatigue Headache Skin rash Sleepiness Vomiting,2027-11-20,Tablet,"https://onemg.gumlet.io/l_watermark_346,w_480,h_480/a_ignore,w_480,h_480,c_fit,q_auto,f_auto/d9b763a8fc304e30b199649abe2e4ee5.jpg",True,[]
17,Lekast Tablet,Nyeri & Demam,9782.0,205,Levocetirizine (5mg) + Montelukast (10mg),Treatment of Sneezing and runny nose due to allergiesTreatment of Hay feverTreatment of Allergic skin conditions,Dosis sesuai anjuran dokter. Unimarck Healthcare Ltd,Levocetirizine (5mg) + Montelukast (10mg),Treatment of Sneezing and runny nose due to allergiesTreatment of Hay feverTreatment of Allergic skin conditions,Nausea Diarrhea Dryness in mouth Fatigue Headache Skin rash Sleepiness Vomiting,2026-12-31,Tablet,"https://onemg.gumlet.io/l_watermark_346,w_480,h_480/a_ignore,w_480,h_480,c_fit,q_auto,f_auto/gdgsfnyspvphruqwl8o3.jpg",True,[]
18,Monzap-LC Tablet,Nyeri & Demam,27713.0,140,Levocetirizine (5mg) + Montelukast (10mg),Treatment of Sneezing and runny nose due to allergiesTreatment of Hay feverTreatment of Allergic skin conditions,Dosis sesuai anjuran dokter. Serum Institute Of India Ltd,Levocetirizine (5mg) + Montelukast (10mg),Treatment of Sneezing and runny nose due to allergiesTreatment of Hay feverTreatment of Allergic skin conditions,Nausea Diarrhea Dryness in mouth Fatigue Headache Skin rash Sleepiness Vomiting,2028-03-15,Tablet,"https://onemg.gumlet.io/l_watermark_346,w_480,h_480/a_ignore,w_480,h_480,c_fit,q_auto,f_auto/375674ab540e48a5b4ef6c7de3594bb1.jpg",True,[]
19,Telekast-L Kid Tablet,Nyeri & Demam,27133.0,283,Levocetirizine (2.5mg) + Montelukast (4mg),Treatment of Sneezing and runny nose due to allergiesTreatment of Hay feverTreatment of Allergic skin conditions,Dosis sesuai anjuran dokter. Lupin Ltd,Levocetirizine (2.5mg) + Montelukast (4mg),Treatment of Sneezing and runny nose due to allergiesTreatment of Hay feverTreatment of Allergic skin conditions,Rash Nausea Diarrhea Dryness in mouth Fatigue Headache Skin rash Sleepiness Vomiting,2026-12-31,Tablet,"https://onemg.gumlet.io/l_watermark_346,w_480,h_480/a_ignore,w_480,h_480,c_fit,q_auto,f_auto/cropped/hj6utagndzmoikolrspf.jpg",True,[]
20,Nukast 10 Tablet,Nyeri & Demam,22356.0,130,Levocetirizine (5mg) + Montelukast (10mg),Treatment of Sneezing and runny nose due to allergiesTreatment of Hay feverTreatment of Allergic skin conditions,Dosis sesuai anjuran dokter. Zuventus Healthcare Ltd,Levocetirizine (5mg) + Montelukast (10mg),Treatment of Sneezing and runny nose due to allergiesTreatment of Hay feverTreatment of Allergic skin conditions,Nausea Diarrhea Dryness in mouth Fatigue Headache Skin rash Sleepiness Vomiting,2028-03-15,Tablet,"https://onemg.gumlet.io/l_watermark_346,w_480,h_480/a_ignore,w_480,h_480,c_fit,q_auto,f_auto/kleymf7mdd82dvntjnv7.jpg",True,[]
21,L Montus Tablet,Nyeri & Demam,6156.0,272,Levocetirizine (5mg) + Montelukast (10mg),Treatment of Sneezing and runny nose due to allergiesTreatment of Hay feverTreatment of Allergic skin conditions,Dosis sesuai anjuran dokter. Fourrts India Laboratories Pvt Ltd,Levocetirizine (5mg) + Montelukast (10mg),Treatment of Sneezing and runny nose due to allergiesTreatment of Hay feverTreatment of Allergic skin conditions,Nausea Diarrhea Dryness in mouth Fatigue Headache Skin rash Sleepiness Vomiting,2027-06-30,Tablet,"https://onemg.gumlet.io/l_watermark_346,w_480,h_480/a_ignore,w_480,h_480,c_fit,q_auto,f_auto/ca79e6cca95a46089ea8aae2fdbfd64d.jpg",True,[]
22,L-Hist Mont Syrup,Nyeri & Demam,10042.0,126,Levocetirizine (5mg) + Montelukast (10mg),Treatment of Sneezing and runny nose due to allergiesTreatment of Hay feverTreatment of Allergic skin conditions,Dosis sesuai anjuran dokter. Alkem Laboratories Ltd,Levocetirizine (5mg) + Montelukast (10mg),Treatment of Sneezing and runny nose due to allergiesTreatment of Hay feverTreatment of Allergic skin conditions,Nausea Diarrhea Dryness in mouth Fatigue Headache Skin rash Sleepiness Vomiting,2028-03-15,Tablet,"https://onemg.gumlet.io/l_watermark_346,w_480,h_480/a_ignore,w_480,h_480,c_fit,q_auto,f_auto/10d2303f63584e07929ad514d9d89e01.jpg",True,[]
23,Lecope-M Tablet,Nyeri & Demam,30795.0,212,Levocetirizine (5mg) + Montelukast (10mg),Treatment of Sneezing and runny nose due to allergiesTreatment of Hay feverTreatment of Allergic skin conditions,Dosis sesuai anjuran dokter. Mankind Pharma Ltd,Levocetirizine (5mg) + Montelukast (10mg),Treatment of Sneezing and runny nose due to allergiesTreatment of Hay feverTreatment of Allergic skin conditions,Nausea Diarrhea Dryness in mouth Fatigue Headache Skin rash Sleepiness Vomiting,2027-11-20,Tablet,"https://onemg.gumlet.io/l_watermark_346,w_480,h_480/a_ignore,w_480,h_480,c_fit,q_auto,f_auto/3a7cd00eb5194849a3b9aa046ef22768.jpg",True,[]
24,Avil Injection,Batuk & Flu,84047.0,281,Pheniramine (22.75mg),Treatment of Allergic conditionsTreatment of Respiratory disease with excessive mucusTreatment of Skin conditions with inflammation & itchingTreatment and prevention of Meniere's disease,Dosis sesuai anjuran dokter. Sanofi India Ltd,Pheniramine (22.75mg),Treatment of Allergic conditionsTreatment of Respiratory disease with excessive mucusTreatment of Skin conditions with inflammation & itchingTreatment and prevention of Meniere's disease,Sedation,2027-06-30,Tablet,"https://onemg.gumlet.io/l_watermark_346,w_480,h_480/a_ignore,w_480,h_480,c_fit,q_auto,f_auto/e17dda31de1747358229a8ff89c60eb2.jpg",True,[]
25,Levosiz-M Tablet,Nyeri & Demam,28800.0,73,Levocetirizine (5mg) + Montelukast (10mg),Treatment of Sneezing and runny nose due to allergiesTreatment of Hay feverTreatment of Allergic skin conditions,Dosis sesuai anjuran dokter. Systopic Laboratories Pvt Ltd,Levocetirizine (5mg) + Montelukast (10mg),Treatment of Sneezing and runny nose due to allergiesTreatment of Hay feverTreatment of Allergic skin conditions,Nausea Diarrhea Dryness in mouth Fatigue Headache Skin rash Sleepiness Vomiting,2027-11-20,Tablet,"https://onemg.gumlet.io/l_watermark_346,w_480,h_480/a_ignore,w_480,h_480,c_fit,q_auto,f_auto/5663cf6e866845d0b7184c3275523b25.jpg",True,[]
26,Ancer LM Syrup,Nyeri & Demam,29604.0,224,Levocetirizine (2.5mg/5ml) + Montelukast (4mg/5ml),Treatment of Sneezing and runny nose due to allergiesTreatment of Hay feverTreatment of Allergic skin conditions,Dosis sesuai anjuran dokter. Bio Vitamins,Levocetirizine (2.5mg/5ml) + Montelukast (4mg/5ml),Treatment of Sneezing and runny nose due to allergiesTreatment of Hay feverTreatment of Allergic skin conditions,Rash Nausea Diarrhea Dryness in mouth Fatigue Headache Skin rash Sleepiness Vomiting,2026-12-31,Tablet,"https://onemg.gumlet.io/l_watermark_346,w_480,h_480/a_ignore,w_480,h_480,c_fit,q_auto,f_auto/8fd45d9ed4c949949aab847bfb9e14ab.jpg",True,[]
27,Rem CC LM 5 mg/10 mg Tablet,Nyeri & Demam,9109.0,113,Levocetirizine (5mg) + Montelukast (10mg),Treatment of Sneezing and runny nose due to allergiesTreatment of Hay feverTreatment of Allergic skin conditions,Dosis sesuai anjuran dokter. Karnataka Antibiotics & Pharmaceuticals Ltd,Levocetirizine (5mg) + Montelukast (10mg),Treatment of Sneezing and runny nose due to allergiesTreatment of Hay feverTreatment of Allergic skin conditions,Nausea Diarrhea Dryness in mouth Fatigue Headache Skin rash Sleepiness Vomiting,2028-03-15,Tablet,"https://onemg.gumlet.io/l_watermark_346,w_480,h_480/a_ignore,w_480,h_480,c_fit,q_auto,f_auto/54ca94e104af44328ecf0edb8f0bce16.jpg",True,[]
28,Monticope Suspension,Nyeri & Demam,14476.0,139,Levocetirizine (2.5mg/5ml) + Montelukast (4mg/5ml),Treatment of Sneezing and runny nose due to allergiesTreatment of Hay feverTreatment of Allergic skin conditions,Dosis sesuai anjuran dokter. Mankind Pharma Ltd,Levocetirizine (2.5mg/5ml) + Montelukast (4mg/5ml),Treatment of Sneezing and runny nose due to allergiesTreatment of Hay feverTreatment of Allergic skin conditions,Rash Nausea Diarrhea Dryness in mouth Fatigue Headache Skin rash Sleepiness Vomiting,2027-06-30,Tablet,"https://onemg.gumlet.io/l_watermark_346,w_480,h_480/a_ignore,w_480,h_480,c_fit,q_auto,f_auto/cropped/jfhrkk6tccgmd6gtkkix.jpg",True,[]
29,Oriel-M Tablet,Nyeri & Demam,19355.0,140,Levocetirizine (5mg) + Montelukast (10mg),Treatment of Sneezing and runny nose due to allergiesTreatment of Hay feverTreatment of Allergic skin conditions,Dosis sesuai anjuran dokter. Intas Pharmaceuticals Ltd,Levocetirizine (5mg) + Montelukast (10mg),Treatment of Sneezing and runny nose due to allergiesTreatment of Hay feverTreatment of Allergic skin conditions,Nausea Diarrhea Dryness in mouth Fatigue Headache Skin rash Sleepiness Vomiting,2026-12-31,Tablet,"https://onemg.gumlet.io/l_watermark_346,w_480,h_480/a_ignore,w_480,h_480,c_fit,q_auto,f_auto/onenz7e5mmpz1w2zsyv3.jpg",True,[]
30,Lasma LC Kid Tablet,Nyeri & Demam,13161.0,114,Levocetirizine (2.5mg) + Montelukast (4mg),Treatment of Sneezing and runny nose due to allergiesTreatment of Hay feverTreatment of Allergic skin conditions,Dosis sesuai anjuran dokter. Apex Laboratories Pvt Ltd,Levocetirizine (2.5mg) + Montelukast (4mg),Treatment of Sneezing and runny nose due to allergiesTreatment of Hay feverTreatment of Allergic skin conditions,Rash Nausea Diarrhea Dryness in mouth Fatigue Headache Skin rash Sleepiness Vomiting,2028-03-15,Tablet,"https://onemg.gumlet.io/l_watermark_346,w_480,h_480/a_ignore,w_480,h_480,c_fit,q_auto,f_auto/cropped/aneybkxqvbsmwyg1nhpy.jpg",True,[]
31,Breaze-L Tablet,Nyeri & Demam,6802.0,85,Levocetirizine (5mg) + Montelukast (10mg),Treatment of Sneezing and runny nose due to allergiesTreatment of Hay feverTreatment of Allergic skin conditions,Dosis sesuai anjuran dokter. Albert David Ltd,Levocetirizine (5mg) + Montelukast (10mg),Treatment of Sneezing and runny nose due to allergiesTreatment of Hay feverTreatment of Allergic skin conditions,Nausea Diarrhea Dryness in mouth Fatigue Headache Skin rash Sleepiness Vomiting,2026-12-31,Tablet,"https://onemg.gumlet.io/l_watermark_346,w_480,h_480/a_ignore,w_480,h_480,c_fit,q_auto,f_auto/aybxhdge7agqzyw4x3mi.jpg",True,[]
32,Montewok-LC Tablet,Nyeri & Demam,32607.0,54,Levocetirizine (5mg) + Montelukast (10mg),Treatment of Sneezing and runny nose due to allergiesTreatment of Hay feverTreatment of Allergic skin conditions,Dosis sesuai anjuran dokter. Wockhardt Ltd,Levocetirizine (5mg) + Montelukast (10mg),Treatment of Sneezing and runny nose due to allergiesTreatment of Hay feverTreatment of Allergic skin conditions,Nausea Diarrhea Dryness in mouth Fatigue Headache Skin rash Sleepiness Vomiting,2026-12-31,Tablet,"https://onemg.gumlet.io/l_watermark_346,w_480,h_480/a_ignore,w_480,h_480,c_fit,q_auto,f_auto/fc0223835ac444dcac36b40f926ed06d.jpg",True,[]
33,Allercet-M Tablet,Nyeri & Demam,24512.0,151,Levocetirizine (5mg) + Montelukast (10mg),Treatment of Sneezing and runny nose due to allergiesTreatment of Hay feverTreatment of Allergic skin conditions,Dosis sesuai anjuran dokter. Micro Labs Ltd,Levocetirizine (5mg) + Montelukast (10mg),Treatment of Sneezing and runny nose due to allergiesTreatment of Hay feverTreatment of Allergic skin conditions,Nausea Diarrhea Dryness in mouth Fatigue Headache Skin rash Sleepiness Vomiting,2028-03-15,Tablet,"https://onemg.gumlet.io/l_watermark_346,w_480,h_480/a_ignore,w_480,h_480,c_fit,q_auto,f_auto/cropped/eiz4irqdi1r6a85bqvv0.jpg",True,[]
34,Levocet M Kid Tablet MD,Nyeri & Demam,19804.0,244,Levocetirizine (2.5mg) + Montelukast (4mg),Treatment of Sneezing and runny nose due to allergiesTreatment of Hay feverTreatment of Allergic skin conditions,Dosis sesuai anjuran dokter. Hetero Drugs Ltd,Levocetirizine (2.5mg) + Montelukast (4mg),Treatment of Sneezing and runny nose due to allergiesTreatment of Hay feverTreatment of Allergic skin conditions,Rash Nausea Diarrhea Dryness in mouth Fatigue Headache Skin rash Sleepiness Vomiting,2028-03-15,Tablet,"https://onemg.gumlet.io/l_watermark_346,w_480,h_480/a_ignore,w_480,h_480,c_fit,q_auto,f_auto/c303cd26897243a481dbcd7faba10b91.jpg",True,[]
35,Odimont-LC Syrup,Nyeri & Demam,13008.0,281,Levocetirizine (2.5mg/5ml) + Montelukast (4mg/5ml),Treatment of Sneezing and runny nose due to allergiesTreatment of Hay feverTreatment of Allergic skin conditions,Dosis sesuai anjuran dokter. Zydus Cadila,Levocetirizine (2.5mg/5ml) + Montelukast (4mg/5ml),Treatment of Sneezing and runny nose due to allergiesTreatment of Hay feverTreatment of Allergic skin conditions,Rash Nausea Diarrhea Dryness in mouth Fatigue Headache Skin rash Sleepiness Vomiting,2026-12-31,Tablet,"https://onemg.gumlet.io/l_watermark_346,w_480,h_480/a_ignore,w_480,h_480,c_fit,q_auto,f_auto/3ffc1d09855a4c66a07e97f34d58faea.jpg",True,[]
36,Montral Tablet,Nyeri & Demam,19239.0,222,Levocetirizine (5mg) + Montelukast (10mg),Treatment of Sneezing and runny nose due to allergiesTreatment of Hay feverTreatment of Allergic skin conditions,Dosis sesuai anjuran dokter. Micro Labs Ltd,Levocetirizine (5mg) + Montelukast (10mg),Treatment of Sneezing and runny nose due to allergiesTreatment of Hay feverTreatment of Allergic skin conditions,Nausea Diarrhea Dryness in mouth Fatigue Headache Skin rash Sleepiness Vomiting,2027-06-30,Tablet,"https://onemg.gumlet.io/l_watermark_346,w_480,h_480/a_ignore,w_480,h_480,c_fit,q_auto,f_auto/cropped/mzmuzd87on1usrjq9kne.jpg",True,[]
37,Montecip LC Tablet,Nyeri & Demam,25412.0,87,Levocetirizine (5mg) + Montelukast (10mg),Treatment of Sneezing and runny nose due to allergiesTreatment of Hay feverTreatment of Allergic skin conditions,Dosis sesuai anjuran dokter. Cipla Ltd,Levocetirizine (5mg) + Montelukast (10mg),Treatment of Sneezing and runny nose due to allergiesTreatment of Hay feverTreatment of Allergic skin conditions,Nausea Diarrhea Dryness in mouth Fatigue Headache Skin rash Sleepiness Vomiting,2026-12-31,Tablet,"https://onemg.gumlet.io/l_watermark_346,w_480,h_480/a_ignore,w_480,h_480,c_fit,q_auto,f_auto/vftrlc0rdh1g116ycw4i.jpg",True,[]
38,X-Mont LC Tablet,Nyeri & Demam,19283.0,62,Levocetirizine (5mg) + Montelukast (10mg),Treatment of Sneezing and runny nose due to allergiesTreatment of Hay feverTreatment of Allergic skin conditions,Dosis sesuai anjuran dokter. Texas Pharmaceuticals,Levocetirizine (5mg) + Montelukast (10mg),Treatment of Sneezing and runny nose due to allergiesTreatment of Hay feverTreatment of Allergic skin conditions,Nausea Diarrhea Dryness in mouth Fatigue Headache Skin rash Sleepiness Vomiting,2026-12-31,Tablet,"https://onemg.gumlet.io/l_watermark_346,w_480,h_480/a_ignore,w_480,h_480,c_fit,q_auto,f_auto/cropped/njgwgptoc6hxkunt8ylp.jpg",True,[]
39,Odimont-LC Tablet,Nyeri & Demam,33968.0,99,Levocetirizine (5mg) + Montelukast (10mg),Treatment of Sneezing and runny nose due to allergiesTreatment of Hay feverTreatment of Allergic skin conditions,Dosis sesuai anjuran dokter. Zydus Cadila,Levocetirizine (5mg) + Montelukast (10mg),Treatment of Sneezing and runny nose due to allergiesTreatment of Hay feverTreatment of Allergic skin conditions,Nausea Diarrhea Dryness in mouth Fatigue Headache Skin rash Sleepiness Vomiting,2027-11-20,Tablet,"https://onemg.gumlet.io/l_watermark_346,w_480,h_480/a_ignore,w_480,h_480,c_fit,q_auto,f_auto/cropped/fv7xoqayi4zergt36adu.jpg",True,[]
40,Romilast L 5 Tablet,Nyeri & Demam,32004.0,281,Levocetirizine (2.5mg) + Montelukast (5mg),Treatment of Sneezing and runny nose due to allergiesTreatment of Hay feverTreatment of Allergic skin conditions,Dosis sesuai anjuran dokter. RPG Life Sciences Ltd,Levocetirizine (2.5mg) + Montelukast (5mg),Treatment of Sneezing and runny nose due to allergiesTreatment of Hay feverTreatment of Allergic skin conditions,Rash Nausea Diarrhea Dryness in mouth Fatigue Headache Skin rash Sleepiness Vomiting,2027-06-30,Tablet,"https://onemg.gumlet.io/l_watermark_346,w_480,h_480/a_ignore,w_480,h_480,c_fit,q_auto,f_auto/cropped/wpd48oxjztruxit41vls.jpg",True,[]
41,Levotac-M Tablet,Nyeri & Demam,29522.0,179,Levocetirizine (5mg) + Montelukast (10mg),Treatment of Sneezing and runny nose due to allergiesTreatment of Hay feverTreatment of Allergic skin conditions,Dosis sesuai anjuran dokter. Seagull Pharmaceutical Pvt Ltd,Levocetirizine (5mg) + Montelukast (10mg),Treatment of Sneezing and runny nose due to allergiesTreatment of Hay feverTreatment of Allergic skin conditions,Nausea Diarrhea Dryness in mouth Fatigue Headache Skin rash Sleepiness Vomiting,2027-06-30,Tablet,"https://onemg.gumlet.io/l_watermark_346,w_480,h_480/a_ignore,w_480,h_480,c_fit,q_auto,f_auto/cropped/ngvifqzzebwoda0p3gop.jpg",True,[]
42,Emimont 5mg/10mg Tablet,Nyeri & Demam,32396.0,222,Levocetirizine (5mg) + Montelukast (10mg),Treatment of Sneezing and runny nose due to allergiesTreatment of Hay feverTreatment of Allergic skin conditions,Dosis sesuai anjuran dokter. Dr Cure Pharmaceuticals India Pvt Ltd,Levocetirizine (5mg) + Montelukast (10mg),Treatment of Sneezing and runny nose due to allergiesTreatment of Hay feverTreatment of Allergic skin conditions,Nausea Diarrhea Dryness in mouth Fatigue Headache Skin rash Sleepiness Vomiting,2027-06-30,Tablet,"https://onemg.gumlet.io/l_watermark_346,w_480,h_480/a_ignore,w_480,h_480,c_fit,q_auto,f_auto/e5fc329092f34fad93e81258a3c1fad5.jpg",True,[]
43,Ldio 1 M 5mg/10mg Tablet,Nyeri & Demam,24570.0,276,Levocetirizine (5mg) + Montelukast (10mg),Treatment of Sneezing and runny nose due to allergiesTreatment of Hay feverTreatment of Allergic skin conditions,Dosis sesuai anjuran dokter. Unison Pharmaceuticals Pvt Ltd,Levocetirizine (5mg) + Montelukast (10mg),Treatment of Sneezing and runny nose due to allergiesTreatment of Hay feverTreatment of Allergic skin conditions,Nausea Diarrhea Dryness in mouth Fatigue Headache Skin rash Sleepiness Vomiting,2026-12-31,Tablet,"https://onemg.gumlet.io/l_watermark_346,w_480,h_480/a_ignore,w_480,h_480,c_fit,q_auto,f_auto/b36b96ffb75f47f2b9253c9a6453763e.jpg",True,[]
44,Monticope -Kid Tablet,Nyeri & Demam,28350.0,125,Levocetirizine (2.5mg) + Montelukast (4mg),Treatment of Sneezing and runny nose due to allergiesTreatment of Hay feverTreatment of Allergic skin conditions,Dosis sesuai anjuran dokter. Mankind Pharma Ltd,Levocetirizine (2.5mg) + Montelukast (4mg),Treatment of Sneezing and runny nose due to allergiesTreatment of Hay feverTreatment of Allergic skin conditions,Rash Nausea Diarrhea Dryness in mouth Fatigue Headache Skin rash Sleepiness Vomiting,2026-12-31,Tablet,"https://onemg.gumlet.io/l_watermark_346,w_480,h_480/a_ignore,w_480,h_480,c_fit,q_auto,f_auto/cropped/rgcjhk8mzibt2aeyctry.jpg",True,[]
45,Zeemont 5mg/10mg Tablet,Nyeri & Demam,24160.0,150,Levocetirizine (5mg) + Montelukast (10mg),Treatment of Sneezing and runny nose due to allergiesTreatment of Hay feverTreatment of Allergic skin conditions,Dosis sesuai anjuran dokter. Clementia Pharmaceuticals Pvt Ltd,Levocetirizine (5mg) + Montelukast (10mg),Treatment of Sneezing and runny nose due to allergiesTreatment of Hay feverTreatment of Allergic skin conditions,Nausea Diarrhea Dryness in mouth Fatigue Headache Skin rash Sleepiness Vomiting,2026-12-31,Tablet,"https://onemg.gumlet.io/l_watermark_346,w_480,h_480/a_ignore,w_480,h_480,c_fit,q_auto,f_auto/e0254d52986742dc8d9774dd9b133acb.jpg",True,[]
46,Montas-L Tablet,Nyeri & Demam,12162.0,241,Levocetirizine (5mg) + Montelukast (10mg),Treatment of Sneezing and runny nose due to allergiesTreatment of Hay feverTreatment of Allergic skin conditions,Dosis sesuai anjuran dokter. Intas Pharmaceuticals Ltd,Levocetirizine (5mg) + Montelukast (10mg),Treatment of Sneezing and runny nose due to allergiesTreatment of Hay feverTreatment of Allergic skin conditions,Nausea Diarrhea Dryness in mouth Fatigue Headache Skin rash Sleepiness Vomiting,2027-06-30,Tablet,"https://onemg.gumlet.io/l_watermark_346,w_480,h_480/a_ignore,w_480,h_480,c_fit,q_auto,f_auto/zkljusmevjth3wbnxvle.jpg",True,[]
47,Monlevo Tablet,Nyeri & Demam,31586.0,84,Levocetirizine (5mg) + Montelukast (10mg),Treatment of Sneezing and runny nose due to allergiesTreatment of Hay feverTreatment of Allergic skin conditions,Dosis sesuai anjuran dokter. Franco-Indian Pharmaceuticals Pvt Ltd,Levocetirizine (5mg) + Montelukast (10mg),Treatment of Sneezing and runny nose due to allergiesTreatment of Hay feverTreatment of Allergic skin conditions,Nausea Diarrhea Dryness in mouth Fatigue Headache Skin rash Sleepiness Vomiting,2028-03-15,Tablet,"https://onemg.gumlet.io/l_watermark_346,w_480,h_480/a_ignore,w_480,h_480,c_fit,q_auto,f_auto/cropped/guszoanzfz6wsr4cyy2c.jpg",True,[]
48,Monticope Tablet,Nyeri & Demam,33445.0,261,Levocetirizine (5mg) + Montelukast (10mg),Treatment of Sneezing and runny nose due to allergiesTreatment of Hay feverTreatment of Allergic skin conditions,Dosis sesuai anjuran dokter. Mankind Pharma Ltd,Levocetirizine (5mg) + Montelukast (10mg),Treatment of Sneezing and runny nose due to allergiesTreatment of Hay feverTreatment of Allergic skin conditions,Nausea Diarrhea Dryness in mouth Fatigue Headache Skin rash Sleepiness Vomiting,2026-12-31,Tablet,"https://onemg.gumlet.io/l_watermark_346,w_480,h_480/a_ignore,w_480,h_480,c_fit,q_auto,f_auto/cfdfbbe893174815946e897d2a35384a.jpg",True,[]
49,Montina-L Tablet,Nyeri & Demam,29177.0,199,Levocetirizine (5mg) + Montelukast (10mg),Treatment of Sneezing and runny nose due to allergiesTreatment of Hay feverTreatment of Allergic skin conditions,Dosis sesuai anjuran dokter. Aristo Pharmaceuticals Pvt Ltd,Levocetirizine (5mg) + Montelukast (10mg),Treatment of Sneezing and runny nose due to allergiesTreatment of Hay feverTreatment of Allergic skin conditions,Nausea Diarrhea Dryness in mouth Fatigue Headache Skin rash Sleepiness Vomiting,2028-03-15,Tablet,"https://onemg.gumlet.io/l_watermark_346,w_480,h_480/a_ignore,w_480,h_480,c_fit,q_auto,f_auto/cropped/ohfqz2pmlomqs7d9vmi0.jpg",True,[]
50,Montair-LC Tablet,Nyeri & Demam,10571.0,232,Levocetirizine (5mg) + Montelukast (10mg),Treatment of Sneezing and runny nose due to allergiesTreatment of Hay feverTreatment of Allergic skin conditions,Dosis sesuai anjuran dokter. Cipla Ltd,Levocetirizine (5mg) + Montelukast (10mg),Treatment of Sneezing and runny nose due to allergiesTreatment of Hay feverTreatment of Allergic skin conditions,Nausea Diarrhea Dryness in mouth Fatigue Headache Skin rash Sleepiness Vomiting,2027-06-30,Tablet,"https://onemg.gumlet.io/l_watermark_346,w_480,h_480/a_ignore,w_480,h_480,c_fit,q_auto,f_auto/wbcmitb6ibmotmsy9st6.jpg",True,[]
51,Montek LC Tablet,Nyeri & Demam,25365.0,135,Levocetirizine (5mg) + Montelukast (10mg),Treatment of Sneezing and runny nose due to allergiesTreatment of Hay feverTreatment of Allergic skin conditions,Dosis sesuai anjuran dokter. Sun Pharmaceutical Industries Ltd,Levocetirizine (5mg) + Montelukast (10mg),Treatment of Sneezing and runny nose due to allergiesTreatment of Hay feverTreatment of Allergic skin conditions,Nausea Diarrhea Dryness in mouth Fatigue Headache Skin rash Sleepiness Vomiting,2027-11-20,Tablet,"https://onemg.gumlet.io/l_watermark_346,w_480,h_480/a_ignore,w_480,h_480,c_fit,q_auto,f_auto/cropped/hu9ossbgvej1rylj0xls.jpg",True,[]
52,Romilast L 10 Tablet,Nyeri & Demam,9482.0,107,Levocetirizine (5mg) + Montelukast (10mg),Treatment of Sneezing and runny nose due to allergiesTreatment of Hay feverTreatment of Allergic skin conditions,Dosis sesuai anjuran dokter. RPG Life Sciences Ltd,Levocetirizine (5mg) + Montelukast (10mg),Treatment of Sneezing and runny nose due to allergiesTreatment of Hay feverTreatment of Allergic skin conditions,Nausea Diarrhea Dryness in mouth Fatigue Headache Skin rash Sleepiness Vomiting,2026-12-31,Tablet,"https://onemg.gumlet.io/l_watermark_346,w_480,h_480/a_ignore,w_480,h_480,c_fit,q_auto,f_auto/cropped/es0ocs2zswiyivbsjupw.jpg",True,[]
53,Allerkast LC Tablet,Nyeri & Demam,33676.0,106,Levocetirizine (5mg) + Montelukast (10mg),Treatment of Sneezing and runny nose due to allergiesTreatment of Hay feverTreatment of Allergic skin conditions,Dosis sesuai anjuran dokter. Lupin Ltd,Levocetirizine (5mg) + Montelukast (10mg),Treatment of Sneezing and runny nose due to allergiesTreatment of Hay feverTreatment of Allergic skin conditions,Nausea Diarrhea Dryness in mouth Fatigue Headache Skin rash Sleepiness Vomiting,2026-12-31,Tablet,"https://onemg.gumlet.io/l_watermark_346,w_480,h_480/a_ignore,w_480,h_480,c_fit,q_auto,f_auto/84d2db3058ca43bdb501aac4972df801.jpg",True,[]
54,Levocet M Tablet,Nyeri & Demam,23156.0,127,Levocetirizine (5mg) + Montelukast (10mg),Treatment of Sneezing and runny nose due to allergiesTreatment of Hay feverTreatment of Allergic skin conditions,Dosis sesuai anjuran dokter. Hetero Drugs Ltd,Levocetirizine (5mg) + Montelukast (10mg),Treatment of Sneezing and runny nose due to allergiesTreatment of Hay feverTreatment of Allergic skin conditions,Nausea Diarrhea Dryness in mouth Fatigue Headache Skin rash Sleepiness Vomiting,2027-06-30,Tablet,"https://onemg.gumlet.io/l_watermark_346,w_480,h_480/a_ignore,w_480,h_480,c_fit,q_auto,f_auto/cropped/gvzaa8w1kcdkwqoaxkfh.jpg",True,[]
55,Romilast L Syrup,Nyeri & Demam,11452.0,248,Levocetirizine (2.5mg/5ml) + Montelukast (4mg/5ml),Treatment of Sneezing and runny nose due to allergiesTreatment of Hay feverTreatment of Allergic skin conditions,Dosis sesuai anjuran dokter. RPG Life Sciences Ltd,Levocetirizine (2.5mg/5ml) + Montelukast (4mg/5ml),Treatment of Sneezing and runny nose due to allergiesTreatment of Hay feverTreatment of Allergic skin conditions,Rash Nausea Diarrhea Dryness in mouth Fatigue Headache Skin rash Sleepiness Vomiting,2027-06-30,Tablet,"https://onemg.gumlet.io/l_watermark_346,w_480,h_480/a_ignore,w_480,h_480,c_fit,q_auto,f_auto/40632e82276f454fb10c90a1c44d2dcc.jpg",True,[]
56,Minolast Kid 2.5mg/4mg Tablet,Nyeri & Demam,9276.0,110,Levocetirizine (2.5mg) + Montelukast (4mg),Treatment of Sneezing and runny nose due to allergiesTreatment of Hay feverTreatment of Allergic skin conditions,Dosis sesuai anjuran dokter. Leeford Healthcare Ltd,Levocetirizine (2.5mg) + Montelukast (4mg),Treatment of Sneezing and runny nose due to allergiesTreatment of Hay feverTreatment of Allergic skin conditions,Rash Nausea Diarrhea Dryness in mouth Fatigue Headache Skin rash Sleepiness Vomiting,2027-06-30,Tablet,"https://onemg.gumlet.io/l_watermark_346,w_480,h_480/a_ignore,w_480,h_480,c_fit,q_auto,f_auto/35c78e6f6adc46adbcdf27568beb0ff0.jpg",True,[]
57,Avil Injection,Batuk & Flu,35309.0,280,Pheniramine (22.75mg),Treatment of Allergic conditionsTreatment of Respiratory disease with excessive mucusTreatment of Skin conditions with inflammation & itchingTreatment and prevention of Meniere's disease,Dosis sesuai anjuran dokter. Sanofi India Ltd,Pheniramine (22.75mg),Treatment of Allergic conditionsTreatment of Respiratory disease with excessive mucusTreatment of Skin conditions with inflammation & itchingTreatment and prevention of Meniere's disease,Sedation,2027-11-20,Tablet,"https://onemg.gumlet.io/l_watermark_346,w_480,h_480/a_ignore,w_480,h_480,c_fit,q_auto,f_auto/cropped/n2al1qoxuxtzshwgwbt0.jpg",True,[]
58,Alerfix-M Tablet,Nyeri & Demam,25644.0,205,Levocetirizine (5mg) + Montelukast (10mg),Treatment of Sneezing and runny nose due to allergiesTreatment of Hay feverTreatment of Allergic skin conditions,Dosis sesuai anjuran dokter. Eris Lifesciences Ltd,Levocetirizine (5mg) + Montelukast (10mg),Treatment of Sneezing and runny nose due to allergiesTreatment of Hay feverTreatment of Allergic skin conditions,Nausea Diarrhea Dryness in mouth Fatigue Headache Skin rash Sleepiness Vomiting,2026-12-31,Tablet,"https://onemg.gumlet.io/l_watermark_346,w_480,h_480/a_ignore,w_480,h_480,c_fit,q_auto,f_auto/hudn6y7bgh41nuuyfwue.jpg",True,[]
59,Montina-L Syrup,Nyeri & Demam,26959.0,284,Levocetirizine (2.5mg/5ml) + Montelukast (4mg/5ml),Treatment of Sneezing and runny nose due to allergiesTreatment of Hay feverTreatment of Allergic skin conditions,Dosis sesuai anjuran dokter. Aristo Pharmaceuticals Pvt Ltd,Levocetirizine (2.5mg/5ml) + Montelukast (4mg/5ml),Treatment of Sneezing and runny nose due to allergiesTreatment of Hay feverTreatment of Allergic skin conditions,Rash Nausea Diarrhea Dryness in mouth Fatigue Headache Skin rash Sleepiness Vomiting,2027-11-20,Tablet,"https://onemg.gumlet.io/l_watermark_346,w_480,h_480/a_ignore,w_480,h_480,c_fit,q_auto,f_auto/cropped/fqaqu9r8fsgyomllwujk.jpg",True,[]
60,Infinair 10/5mg Tablet,Nyeri & Demam,28793.0,262,Levocetirizine (5mg) + Montelukast (10mg),Treatment of Sneezing and runny nose due to allergiesTreatment of Hay feverTreatment of Allergic skin conditions,Dosis sesuai anjuran dokter. Pfizer Ltd,Levocetirizine (5mg) + Montelukast (10mg),Treatment of Sneezing and runny nose due to allergiesTreatment of Hay feverTreatment of Allergic skin conditions,Nausea Diarrhea Dryness in mouth Fatigue Headache Skin rash Sleepiness Vomiting,2027-06-30,Tablet,"https://onemg.gumlet.io/l_watermark_346,w_480,h_480/a_ignore,w_480,h_480,c_fit,q_auto,f_auto/iwzgrj7la0ympb3u9woq.jpg",True,[]
61,Recofast LM Tablet,Nyeri & Demam,15853.0,99,Levocetirizine (5mg) + Montelukast (10mg),Treatment of Sneezing and runny nose due to allergiesTreatment of Hay feverTreatment of Allergic skin conditions,Dosis sesuai anjuran dokter. Shreya Life Sciences Pvt Ltd,Levocetirizine (5mg) + Montelukast (10mg),Treatment of Sneezing and runny nose due to allergiesTreatment of Hay feverTreatment of Allergic skin conditions,Nausea Diarrhea Dryness in mouth Fatigue Headache Skin rash Sleepiness Vomiting,2026-12-31,Tablet,"https://onemg.gumlet.io/l_watermark_346,w_480,h_480/a_ignore,w_480,h_480,c_fit,q_auto,f_auto/cropped/ydtaltjx8b4lflpwx3ad.jpg",True,[]
62,Montegress LC 5mg/10mg Tablet,Nyeri & Demam,33756.0,214,Levocetirizine (5mg) + Montelukast (10mg),Treatment of Sneezing and runny nose due to allergiesTreatment of Hay feverTreatment of Allergic skin conditions,Dosis sesuai anjuran dokter. La Renon Healthcare Pvt Ltd,Levocetirizine (5mg) + Montelukast (10mg),Treatment of Sneezing and runny nose due to allergiesTreatment of Hay feverTreatment of Allergic skin conditions,Nausea Diarrhea Dryness in mouth Fatigue Headache Skin rash Sleepiness Vomiting,2027-06-30,Tablet,"https://onemg.gumlet.io/l_watermark_346,w_480,h_480/a_ignore,w_480,h_480,c_fit,q_auto,f_auto/ddea4537412f4d53b2acd829ef4c9548.jpg",True,[]
63,Admont-LC Tablet,Nyeri & Demam,11020.0,109,Levocetirizine (5mg) + Montelukast (10mg),Treatment of Sneezing and runny nose due to allergiesTreatment of Hay feverTreatment of Allergic skin conditions,Dosis sesuai anjuran dokter. Adley Formulations,Levocetirizine (5mg) + Montelukast (10mg),Treatment of Sneezing and runny nose due to allergiesTreatment of Hay feverTreatment of Allergic skin conditions,Nausea Diarrhea Dryness in mouth Fatigue Headache Skin rash Sleepiness Vomiting,2027-06-30,Tablet,"https://onemg.gumlet.io/l_watermark_346,w_480,h_480/a_ignore,w_480,h_480,c_fit,q_auto,f_auto/lsrdvwl3nyjuahbf0zer.jpg",True,[]
64,Respicure-M Tablet,Nyeri & Demam,34306.0,101,Levocetirizine (5mg) + Montelukast (10mg),Treatment of Sneezing and runny nose due to allergiesTreatment of Hay feverTreatment of Allergic skin conditions,Dosis sesuai anjuran dokter. Corona Remedies Pvt Ltd,Levocetirizine (5mg) + Montelukast (10mg),Treatment of Sneezing and runny nose due to allergiesTreatment of Hay feverTreatment of Allergic skin conditions,Nausea Diarrhea Dryness in mouth Fatigue Headache Skin rash Sleepiness Vomiting,2026-12-31,Tablet,"https://onemg.gumlet.io/l_watermark_346,w_480,h_480/a_ignore,w_480,h_480,c_fit,q_auto,f_auto/dmht2n9b10rjvewl5vap.jpg",True,[]
65,Makair Tablet,Nyeri & Demam,15977.0,159,Levocetirizine (NA) + Montelukast (NA),Treatment of Sneezing and runny nose due to allergiesTreatment of Hay feverTreatment of Allergic skin conditions,Dosis sesuai anjuran dokter. Makers Laboratories Ltd,Levocetirizine (NA) + Montelukast (NA),Treatment of Sneezing and runny nose due to allergiesTreatment of Hay feverTreatment of Allergic skin conditions,Nausea Diarrhea Dryness in mouth Fatigue Headache Skin rash Sleepiness Vomiting,2028-03-15,Tablet,"https://onemg.gumlet.io/l_watermark_346,w_480,h_480/a_ignore,w_480,h_480,c_fit,q_auto,f_auto/cropped/wbahpjof3cejkejpgqkl.png",True,[]
66,Alz Plus  Tablet,Nyeri & Demam,6110.0,183,Levocetirizine (5mg) + Montelukast (10mg),Treatment of Sneezing and runny nose due to allergiesTreatment of Hay feverTreatment of Allergic skin conditions,Dosis sesuai anjuran dokter. Athens Labs Ltd,Levocetirizine (5mg) + Montelukast (10mg),Treatment of Sneezing and runny nose due to allergiesTreatment of Hay feverTreatment of Allergic skin conditions,Nausea Diarrhea Dryness in mouth Fatigue Headache Skin rash Sleepiness Vomiting,2027-06-30,Tablet,"https://onemg.gumlet.io/l_watermark_346,w_480,h_480/a_ignore,w_480,h_480,c_fit,q_auto,f_auto/d4uzhpxrgl5fqxeteblk.jpg",True,[]
67,Lazine M Tablet,Nyeri & Demam,28470.0,188,Levocetirizine (5mg) + Montelukast (10mg),Treatment of Sneezing and runny nose due to allergiesTreatment of Hay feverTreatment of Allergic skin conditions,Dosis sesuai anjuran dokter. Hetero Drugs Ltd,Levocetirizine (5mg) + Montelukast (10mg),Treatment of Sneezing and runny nose due to allergiesTreatment of Hay feverTreatment of Allergic skin conditions,Nausea Diarrhea Dryness in mouth Fatigue Headache Skin rash Sleepiness Vomiting,2027-11-20,Tablet,"https://onemg.gumlet.io/l_watermark_346,w_480,h_480/a_ignore,w_480,h_480,c_fit,q_auto,f_auto/352f0428ae47442ab3eddf7f12750dd6.jpg",True,[]
68,HHlevo-M Tablet,Nyeri & Demam,5691.0,80,Levocetirizine (5mg) + Montelukast (10mg),Treatment of Sneezing and runny nose due to allergiesTreatment of Hay feverTreatment of Allergic skin conditions,Dosis sesuai anjuran dokter. Hegde and Hegde Pharmaceutical LLP,Levocetirizine (5mg) + Montelukast (10mg),Treatment of Sneezing and runny nose due to allergiesTreatment of Hay feverTreatment of Allergic skin conditions,Nausea Diarrhea Dryness in mouth Fatigue Headache Skin rash Sleepiness Vomiting,2028-03-15,Tablet,"https://onemg.gumlet.io/l_watermark_346,w_480,h_480/a_ignore,w_480,h_480,c_fit,q_auto,f_auto/a52f0ea9469c48769bbf434de47ef556.jpg",True,[]
69,Lorfast MT Tablet,Nyeri & Demam,26015.0,114,Levocetirizine (5mg) + Montelukast (10mg),Treatment of Sneezing and runny nose due to allergiesTreatment of Hay feverTreatment of Allergic skin conditions,Dosis sesuai anjuran dokter. Cadila Pharmaceuticals Ltd,Levocetirizine (5mg) + Montelukast (10mg),Treatment of Sneezing and runny nose due to allergiesTreatment of Hay feverTreatment of Allergic skin conditions,Nausea Diarrhea Dryness in mouth Fatigue Headache Skin rash Sleepiness Vomiting,2028-03-15,Tablet,"https://onemg.gumlet.io/l_watermark_346,w_480,h_480/a_ignore,w_480,h_480,c_fit,q_auto,f_auto/cropped/t3d56punmdk3okq3k7g2.jpg",True,[]
70,Montemac-L Tablet,Nyeri & Demam,28049.0,258,Levocetirizine (5mg) + Montelukast (10mg),Treatment of Sneezing and runny nose due to allergiesTreatment of Hay feverTreatment of Allergic skin conditions,Dosis sesuai anjuran dokter. Macleods Pharmaceuticals Pvt Ltd,Levocetirizine (5mg) + Montelukast (10mg),Treatment of Sneezing and runny nose due to allergiesTreatment of Hay feverTreatment of Allergic skin conditions,Nausea Diarrhea Dryness in mouth Fatigue Headache Skin rash Sleepiness Vomiting,2026-12-31,Tablet,"https://onemg.gumlet.io/l_watermark_346,w_480,h_480/a_ignore,w_480,h_480,c_fit,q_auto,f_auto/cropped/h8tk7yseqdsrrzzhb5b7.jpg",True,[]
71,Avil 25 Tablet,Batuk & Flu,34359.0,137,Pheniramine (25mg),Treatment of Allergic conditionsTreatment of Respiratory disease with excessive mucusTreatment of Skin conditions with inflammation & itchingTreatment and prevention of Meniere's disease,Dosis sesuai anjuran dokter. Sanofi India Ltd,Pheniramine (25mg),Treatment of Allergic conditionsTreatment of Respiratory disease with excessive mucusTreatment of Skin conditions with inflammation & itchingTreatment and prevention of Meniere's disease,Sedation,2028-03-15,Tablet,"https://onemg.gumlet.io/l_watermark_346,w_480,h_480/a_ignore,w_480,h_480,c_fit,q_auto,f_auto/cropped/mmsye6bf97tkcocat24j.jpg",True,[]
72,Telekast-L Tablet,Nyeri & Demam,27368.0,56,Levocetirizine (5mg) + Montelukast (10mg),Treatment of Sneezing and runny nose due to allergiesTreatment of Hay feverTreatment of Allergic skin conditions,Dosis sesuai anjuran dokter. Lupin Ltd,Levocetirizine (5mg) + Montelukast (10mg),Treatment of Sneezing and runny nose due to allergiesTreatment of Hay feverTreatment of Allergic skin conditions,Nausea Diarrhea Dryness in mouth Fatigue Headache Skin rash Sleepiness Vomiting,2027-06-30,Tablet,"https://onemg.gumlet.io/l_watermark_346,w_480,h_480/a_ignore,w_480,h_480,c_fit,q_auto,f_auto/52802a2362764037a23a802c2d9b4afc.jpg",True,[]
73,Montek LC Kid Syrup,Nyeri & Demam,19993.0,235,Levocetirizine (2.5mg/5ml) + Montelukast (4mg/5ml),Treatment of Sneezing and runny nose due to allergiesTreatment of Hay feverTreatment of Allergic skin conditions,Dosis sesuai anjuran dokter. Sun Pharmaceutical Industries Ltd,Levocetirizine (2.5mg/5ml) + Montelukast (4mg/5ml),Treatment of Sneezing and runny nose due to allergiesTreatment of Hay feverTreatment of Allergic skin conditions,Rash Nausea Diarrhea Dryness in mouth Fatigue Headache Skin rash Sleepiness Vomiting,2026-12-31,Tablet,"https://onemg.gumlet.io/l_watermark_346,w_480,h_480/a_ignore,w_480,h_480,c_fit,q_auto,f_auto/3cadc287-1153-4cda-bba9-69473616fb42.jpg",True,[]
74,Rinosolvin 10/5 Tablet,Nyeri & Demam,28642.0,158,Levocetirizine (5mg) + Montelukast (10mg),Treatment of Sneezing and runny nose due to allergiesTreatment of Hay feverTreatment of Allergic skin conditions,Dosis sesuai anjuran dokter. Ipca Laboratories Ltd,Levocetirizine (5mg) + Montelukast (10mg),Treatment of Sneezing and runny nose due to allergiesTreatment of Hay feverTreatment of Allergic skin conditions,Nausea Diarrhea Dryness in mouth Fatigue Headache Skin rash Sleepiness Vomiting,2026-12-31,Tablet,"https://onemg.gumlet.io/l_watermark_346,w_480,h_480/a_ignore,w_480,h_480,c_fit,q_auto,f_auto/kyj8ur8uyttspxoxz5ny.jpg",True,[]
75,Montair LC Kid Tablet DT,Nyeri & Demam,20024.0,169,Levocetirizine (2.5mg) + Montelukast (4mg),Treatment of Sneezing and runny nose due to allergiesTreatment of Hay feverTreatment of Allergic skin conditions,Dosis sesuai anjuran dokter. Cipla Ltd,Levocetirizine (2.5mg) + Montelukast (4mg),Treatment of Sneezing and runny nose due to allergiesTreatment of Hay feverTreatment of Allergic skin conditions,Rash Nausea Diarrhea Dryness in mouth Fatigue Headache Skin rash Sleepiness Vomiting,2027-11-20,Tablet,"https://onemg.gumlet.io/l_watermark_346,w_480,h_480/a_ignore,w_480,h_480,c_fit,q_auto,f_auto/650df9bf88c043b4aea0d045dff4a4e7.jpg",True,[]
76,Xyzal M Suspension,Nyeri & Demam,9442.0,231,Levocetirizine (2.5mg/5ml) + Montelukast (4mg/5ml),Treatment of Sneezing and runny nose due to allergiesTreatment of Hay feverTreatment of Allergic skin conditions,Dosis sesuai anjuran dokter. Dr Reddy's Laboratories Ltd,Levocetirizine (2.5mg/5ml) + Montelukast (4mg/5ml),Treatment of Sneezing and runny nose due to allergiesTreatment of Hay feverTreatment of Allergic skin conditions,Rash Nausea Diarrhea Dryness in mouth Fatigue Headache Skin rash Sleepiness Vomiting,2028-03-15,Tablet,"https://onemg.gumlet.io/l_watermark_346,w_480,h_480/a_ignore,w_480,h_480,c_fit,q_auto,f_auto/cropped/xdwsoqhk9kgxmgtrzdln.jpg",True,[]
77,Montair LC Kid Syrup,Nyeri & Demam,30443.0,130,Levocetirizine (2.5mg/5ml) + Montelukast (4mg/5ml),Treatment of Sneezing and runny nose due to allergiesTreatment of Hay feverTreatment of Allergic skin conditions,Dosis sesuai anjuran dokter. Cipla Ltd,Levocetirizine (2.5mg/5ml) + Montelukast (4mg/5ml),Treatment of Sneezing and runny nose due to allergiesTreatment of Hay feverTreatment of Allergic skin conditions,Rash Nausea Diarrhea Dryness in mouth Fatigue Headache Skin rash Sleepiness Vomiting,2026-12-31,Tablet,"https://onemg.gumlet.io/l_watermark_346,w_480,h_480/a_ignore,w_480,h_480,c_fit,q_auto,f_auto/cropped/zhd8fv9gmxscys86uumw.jpg",True,[]
78,Lukotas LC Tablet,Nyeri & Demam,17831.0,66,Levocetirizine (5mg) + Montelukast (10mg),Treatment of Sneezing and runny nose due to allergiesTreatment of Hay feverTreatment of Allergic skin conditions,Dosis sesuai anjuran dokter. Intas Pharmaceuticals Ltd,Levocetirizine (5mg) + Montelukast (10mg),Treatment of Sneezing and runny nose due to allergiesTreatment of Hay feverTreatment of Allergic skin conditions,Nausea Diarrhea Dryness in mouth Fatigue Headache Skin rash Sleepiness Vomiting,2027-11-20,Tablet,"https://onemg.gumlet.io/l_watermark_346,w_480,h_480/a_ignore,w_480,h_480,c_fit,q_auto,f_auto/cropped/smtb7o97k4hnalhv9usf.jpg",True,[]
79,Avil 50mg Tablet,Batuk & Flu,20812.0,265,Pheniramine (50mg),Treatment of Allergic conditionsTreatment of Respiratory disease with excessive mucusTreatment of Skin conditions with inflammation & itchingTreatment and prevention of Meniere's disease,Dosis sesuai anjuran dokter. Sanofi India Ltd,Pheniramine (50mg),Treatment of Allergic conditionsTreatment of Respiratory disease with excessive mucusTreatment of Skin conditions with inflammation & itchingTreatment and prevention of Meniere's disease,Sedation,2026-12-31,Tablet,"https://onemg.gumlet.io/l_watermark_346,w_480,h_480/a_ignore,w_480,h_480,c_fit,q_auto,f_auto/cropped/hb3cqsruyt3hmr0qtdir.jpg",True,[]
80,Lasma LC Tablet,Nyeri & Demam,21357.0,299,Levocetirizine (5mg) + Montelukast (10mg),Treatment of Sneezing and runny nose due to allergiesTreatment of Hay feverTreatment of Allergic skin conditions,Dosis sesuai anjuran dokter. Apex Laboratories Pvt Ltd,Levocetirizine (5mg) + Montelukast (10mg),Treatment of Sneezing and runny nose due to allergiesTreatment of Hay feverTreatment of Allergic skin conditions,Nausea Diarrhea Dryness in mouth Fatigue Headache Skin rash Sleepiness Vomiting,2028-03-15,Tablet,"https://onemg.gumlet.io/l_watermark_346,w_480,h_480/a_ignore,w_480,h_480,c_fit,q_auto,f_auto/cropped/ifs5qb7xybyfimcgtcxp.jpg",True,[]
81,Vitaresp FX Suspension,Nyeri & Demam,9970.0,300,Montelukast (4mg/5ml) + Fexofenadine (60mg/5ml),Treatment of Hay feverTreatment of Allergic skin conditionsTreatment of Sneezing and runny nose due to allergies,Dosis sesuai anjuran dokter. Alembic Pharmaceuticals Ltd,Montelukast (4mg/5ml) + Fexofenadine (60mg/5ml),Treatment of Hay feverTreatment of Allergic skin conditionsTreatment of Sneezing and runny nose due to allergies,Nausea Vomiting Diarrhea Dizziness Headache Body ache Skin rash,2027-06-30,Tablet,"https://onemg.gumlet.io/l_watermark_346,w_480,h_480/a_ignore,w_480,h_480,c_fit,q_auto,f_auto/338d0aab-1ca6-40d1-acec-efff158dd738.jpeg",True,[]
82,Teczine M Tablet,Nyeri & Demam,5896.0,185,Levocetirizine (5mg) + Montelukast (10mg),Treatment of Sneezing and runny nose due to allergiesTreatment of Hay feverTreatment of Allergic skin conditions,Dosis sesuai anjuran dokter. Sun Pharmaceutical Industries Ltd,Levocetirizine (5mg) + Montelukast (10mg),Treatment of Sneezing and runny nose due to allergiesTreatment of Hay feverTreatment of Allergic skin conditions,Nausea Diarrhea Dryness in mouth Fatigue Headache Skin rash Sleepiness Vomiting,2026-12-31,Tablet,"https://onemg.gumlet.io/l_watermark_346,w_480,h_480/a_ignore,w_480,h_480,c_fit,q_auto,f_auto/cropped/x1zngjoerimii9niwjmf.jpg",True,[]
83,Wincit M 5mg/10mg Tablet,Nyeri & Demam,31461.0,166,Levocetirizine (5mg) + Montelukast (10mg),Treatment of Sneezing and runny nose due to allergiesTreatment of Hay feverTreatment of Allergic skin conditions,Dosis sesuai anjuran dokter. Syswin Pharmaceuticals Pvt Ltd,Levocetirizine (5mg) + Montelukast (10mg),Treatment of Sneezing and runny nose due to allergiesTreatment of Hay feverTreatment of Allergic skin conditions,Nausea Diarrhea Dryness in mouth Fatigue Headache Skin rash Sleepiness Vomiting,2026-12-31,Tablet,"https://onemg.gumlet.io/l_watermark_346,w_480,h_480/a_ignore,w_480,h_480,c_fit,q_auto,f_auto/w60olxp7prvs39bsxtuf.jpg",True,[]
84,Laveta M  Tablet,Nyeri & Demam,24548.0,272,Levocetirizine (5mg) + Montelukast (10mg),Treatment of Sneezing and runny nose due to allergiesTreatment of Hay feverTreatment of Allergic skin conditions,Dosis sesuai anjuran dokter. Alembic Pharmaceuticals Ltd,Levocetirizine (5mg) + Montelukast (10mg),Treatment of Sneezing and runny nose due to allergiesTreatment of Hay feverTreatment of Allergic skin conditions,Nausea Diarrhea Dryness in mouth Fatigue Headache Skin rash Sleepiness Vomiting,2027-06-30,Tablet,"https://onemg.gumlet.io/l_watermark_346,w_480,h_480/a_ignore,w_480,h_480,c_fit,q_auto,f_auto/cropped/w5suwdkghsehyav0yuss.jpg",True,[]
85,Montelo LC Tablet,Nyeri & Demam,11541.0,143,Levocetirizine (5mg) + Montelukast (10mg),Treatment of Sneezing and runny nose due to allergiesTreatment of Hay feverTreatment of Allergic skin conditions,Dosis sesuai anjuran dokter. Mascot Health Series Pvt Ltd,Levocetirizine (5mg) + Montelukast (10mg),Treatment of Sneezing and runny nose due to allergiesTreatment of Hay feverTreatment of Allergic skin conditions,Nausea Diarrhea Dryness in mouth Fatigue Headache Skin rash Sleepiness Vomiting,2028-03-15,Tablet,"https://onemg.gumlet.io/l_watermark_346,w_480,h_480/a_ignore,w_480,h_480,c_fit,q_auto,f_auto/c79e9f041062407495a4fef3438abc0c.jpg",True,[]
86,Lasma LC Tablet,Nyeri & Demam,12104.0,263,Levocetirizine (5mg) + Montelukast (10mg),Treatment of Sneezing and runny nose due to allergiesTreatment of Hay feverTreatment of Allergic skin conditions,Dosis sesuai anjuran dokter. Apex Laboratories Pvt Ltd,Levocetirizine (5mg) + Montelukast (10mg),Treatment of Sneezing and runny nose due to allergiesTreatment of Hay feverTreatment of Allergic skin conditions,Nausea Diarrhea Dryness in mouth Fatigue Headache Skin rash Sleepiness Vomiting,2027-06-30,Tablet,"https://onemg.gumlet.io/l_watermark_346,w_480,h_480/a_ignore,w_480,h_480,c_fit,q_auto,f_auto/cropped/ifs5qb7xybyfimcgtcxp.jpg",True,[]
87,L-Hist Mont Tablet,Nyeri & Demam,30273.0,84,Levocetirizine (5mg) + Montelukast (10mg),Treatment of Sneezing and runny nose due to allergiesTreatment of Hay feverTreatment of Allergic skin conditions,Dosis sesuai anjuran dokter. Alkem Laboratories Ltd,Levocetirizine (5mg) + Montelukast (10mg),Treatment of Sneezing and runny nose due to allergiesTreatment of Hay feverTreatment of Allergic skin conditions,Nausea Diarrhea Dryness in mouth Fatigue Headache Skin rash Sleepiness Vomiting,2026-12-31,Tablet,"https://onemg.gumlet.io/l_watermark_346,w_480,h_480/a_ignore,w_480,h_480,c_fit,q_auto,f_auto/1f7a53f5609946fdad7136ed8ca6b8c6.jpg",True,[]
88,Relikast LC 5mg/10mg Tablet,Nyeri & Demam,22956.0,167,Levocetirizine (5mg) + Montelukast (10mg),Treatment of Sneezing and runny nose due to allergiesTreatment of Hay feverTreatment of Allergic skin conditions,Dosis sesuai anjuran dokter. Leeford Healthcare Ltd,Levocetirizine (5mg) + Montelukast (10mg),Treatment of Sneezing and runny nose due to allergiesTreatment of Hay feverTreatment of Allergic skin conditions,Nausea Diarrhea Dryness in mouth Fatigue Headache Skin rash Sleepiness Vomiting,2027-06-30,Tablet,"https://onemg.gumlet.io/l_watermark_346,w_480,h_480/a_ignore,w_480,h_480,c_fit,q_auto,f_auto/e5831688877949c9b478d02c5a9586a7.jpg",True,[]
89,Telekast-L Kid Syrup,Nyeri & Demam,9977.0,99,Levocetirizine (2.5mg/5ml) + Montelukast (4mg/5ml),Treatment of Sneezing and runny nose due to allergiesTreatment of Hay feverTreatment of Allergic skin conditions,Dosis sesuai anjuran dokter. Lupin Ltd,Levocetirizine (2.5mg/5ml) + Montelukast (4mg/5ml),Treatment of Sneezing and runny nose due to allergiesTreatment of Hay feverTreatment of Allergic skin conditions,Rash Nausea Diarrhea Dryness in mouth Fatigue Headache Skin rash Sleepiness Vomiting,2028-03-15,Tablet,"https://onemg.gumlet.io/l_watermark_346,w_480,h_480/a_ignore,w_480,h_480,c_fit,q_auto,f_auto/cropped/ycljnp5inb6gfqv30mvz.jpg",True,[]
90,Lefive M Tablet,Nyeri & Demam,19848.0,123,Levocetirizine (NA) + Montelukast (NA),Treatment of Sneezing and runny nose due to allergiesTreatment of Hay feverTreatment of Allergic skin conditions,Dosis sesuai anjuran dokter. Eright Healthcare,Levocetirizine (NA) + Montelukast (NA),Treatment of Sneezing and runny nose due to allergiesTreatment of Hay feverTreatment of Allergic skin conditions,Nausea Diarrhea Dryness in mouth Fatigue Headache Skin rash Sleepiness Vomiting,2027-11-20,Tablet,"https://onemg.gumlet.io/l_watermark_346,w_480,h_480/a_ignore,w_480,h_480,c_fit,q_auto,f_auto/b25743208cec4dafa946f2d57cf65f26.jpg",True,[]
91,Levozet M Tablet,Nyeri & Demam,19687.0,55,Levocetirizine (5mg) + Montelukast (10mg),Treatment of Sneezing and runny nose due to allergiesTreatment of Hay feverTreatment of Allergic skin conditions,Dosis sesuai anjuran dokter. Cadila Pharmaceuticals Ltd,Levocetirizine (5mg) + Montelukast (10mg),Treatment of Sneezing and runny nose due to allergiesTreatment of Hay feverTreatment of Allergic skin conditions,Nausea Diarrhea Dryness in mouth Fatigue Headache Skin rash Sleepiness Vomiting,2028-03-15,Tablet,"https://onemg.gumlet.io/l_watermark_346,w_480,h_480/a_ignore,w_480,h_480,c_fit,q_auto,f_auto/510e03489f724d6c967b567b7a03c7d2.jpg",True,[]
92,LCZ-Mont Kid Tablet,Nyeri & Demam,34785.0,280,Levocetirizine (2.5mg) + Montelukast (4mg),Treatment of Sneezing and runny nose due to allergiesTreatment of Hay feverTreatment of Allergic skin conditions,Dosis sesuai anjuran dokter. Rapross Pharmaceuticals Pvt Ltd,Levocetirizine (2.5mg) + Montelukast (4mg),Treatment of Sneezing and runny nose due to allergiesTreatment of Hay feverTreatment of Allergic skin conditions,Rash Nausea Diarrhea Dryness in mouth Fatigue Headache Skin rash Sleepiness Vomiting,2027-11-20,Tablet,"https://onemg.gumlet.io/l_watermark_346,w_480,h_480/a_ignore,w_480,h_480,c_fit,q_auto,f_auto/cropped/axkonwzolwa7y5enmzo9.jpg",True,[]
93,Lasma LC kid Syrup,Nyeri & Demam,14003.0,267,Levocetirizine (2.5mg/5ml) + Montelukast (4mg/5ml),Treatment of Sneezing and runny nose due to allergiesTreatment of Hay feverTreatment of Allergic skin conditions,Dosis sesuai anjuran dokter. Apex Laboratories Pvt Ltd,Levocetirizine (2.5mg/5ml) + Montelukast (4mg/5ml),Treatment of Sneezing and runny nose due to allergiesTreatment of Hay feverTreatment of Allergic skin conditions,Rash Nausea Diarrhea Dryness in mouth Fatigue Headache Skin rash Sleepiness Vomiting,2027-06-30,Tablet,"https://onemg.gumlet.io/l_watermark_346,w_480,h_480/a_ignore,w_480,h_480,c_fit,q_auto,f_auto/9bf6a567b1754dbc8cbd0a81e69b71b0.jpg",True,[]
94,Montemac-L Kid  Tablet DT,Nyeri & Demam,29279.0,185,Levocetirizine (2.5mg) + Montelukast (4mg),Treatment of Sneezing and runny nose due to allergiesTreatment of Hay feverTreatment of Allergic skin conditions,Dosis sesuai anjuran dokter. Macleods Pharmaceuticals Pvt Ltd,Levocetirizine (2.5mg) + Montelukast (4mg),Treatment of Sneezing and runny nose due to allergiesTreatment of Hay feverTreatment of Allergic skin conditions,Rash Nausea Diarrhea Dryness in mouth Fatigue Headache Skin rash Sleepiness Vomiting,2028-03-15,Tablet,"https://onemg.gumlet.io/l_watermark_346,w_480,h_480/a_ignore,w_480,h_480,c_fit,q_auto,f_auto/cropped/p1lcsdsdfovr70ldwskd.jpg",True,[]
95,Levrom-M Syrup,Nyeri & Demam,33180.0,252,Levocetirizine (2.5mg) + Montelukast (4mg),Treatment of Sneezing and runny nose due to allergiesTreatment of Hay feverTreatment of Allergic skin conditions,Dosis sesuai anjuran dokter. Romas Remedies,Levocetirizine (2.5mg) + Montelukast (4mg),Treatment of Sneezing and runny nose due to allergiesTreatment of Hay feverTreatment of Allergic skin conditions,Rash Nausea Diarrhea Dryness in mouth Fatigue Headache Skin rash Sleepiness Vomiting,2026-12-31,Tablet,"https://onemg.gumlet.io/l_watermark_346,w_480,h_480/a_ignore,w_480,h_480,c_fit,q_auto,f_auto/cropped/q8laxygzlx9yizrscg62.jpg",True,[]
96,HHlevo-M Kid Suspension,Nyeri & Demam,10059.0,293,Levocetirizine (2.5mg/5ml) + Montelukast (4mg/5ml),Treatment of Sneezing and runny nose due to allergiesTreatment of Hay feverTreatment of Allergic skin conditions,Dosis sesuai anjuran dokter. Hegde and Hegde Pharmaceutical LLP,Levocetirizine (2.5mg/5ml) + Montelukast (4mg/5ml),Treatment of Sneezing and runny nose due to allergiesTreatment of Hay feverTreatment of Allergic skin conditions,Rash Nausea Diarrhea Dryness in mouth Fatigue Headache Skin rash Sleepiness Vomiting,2027-06-30,Tablet,"https://onemg.gumlet.io/l_watermark_346,w_480,h_480/a_ignore,w_480,h_480,c_fit,q_auto,f_auto/40bd06b2d69a479b92ad4745388c7334.jpg",True,[]
97,Levozen M Tablet,Nyeri & Demam,5331.0,185,Levocetirizine (5mg) + Montelukast (10mg),Treatment of Sneezing and runny nose due to allergiesTreatment of Hay feverTreatment of Allergic skin conditions,Dosis sesuai anjuran dokter. Zeno Healthcare,Levocetirizine (5mg) + Montelukast (10mg),Treatment of Sneezing and runny nose due to allergiesTreatment of Hay feverTreatment of Allergic skin conditions,Nausea Diarrhea Dryness in mouth Fatigue Headache Skin rash Sleepiness Vomiting,2027-11-20,Tablet,"https://onemg.gumlet.io/l_watermark_346,w_480,h_480/a_ignore,w_480,h_480,c_fit,q_auto,f_auto/cropped/fgenbcm16vthf6cyzibd.jpg",True,[]
98,L Montus Oral Suspension,Nyeri & Demam,15061.0,104,Levocetirizine (2.5mg/5ml) + Montelukast (4mg/5ml),Treatment of Sneezing and runny nose due to allergiesTreatment of Hay feverTreatment of Allergic skin conditions,Dosis sesuai anjuran dokter. Fourrts India Laboratories Pvt Ltd,Levocetirizine (2.5mg/5ml) + Montelukast (4mg/5ml),Treatment of Sneezing and runny nose due to allergiesTreatment of Hay feverTreatment of Allergic skin conditions,Rash Nausea Diarrhea Dryness in mouth Fatigue Headache Skin rash Sleepiness Vomiting,2027-11-20,Tablet,"https://onemg.gumlet.io/l_watermark_346,w_480,h_480/a_ignore,w_480,h_480,c_fit,q_auto,f_auto/cropped/jotupmhslaeidw0kdwdi.jpg",True,[]
99,Montina-L Syrup,Nyeri & Demam,22591.0,300,Levocetirizine (2.5mg/5ml) + Montelukast (4mg/5ml),Treatment of Sneezing and runny nose due to allergiesTreatment of Hay feverTreatment of Allergic skin conditions,Dosis sesuai anjuran dokter. Aristo Pharmaceuticals Pvt Ltd,Levocetirizine (2.5mg/5ml) + Montelukast (4mg/5ml),Treatment of Sneezing and runny nose due to allergiesTreatment of Hay feverTreatment of Allergic skin conditions,Rash Nausea Diarrhea Dryness in mouth Fatigue Headache Skin rash Sleepiness Vomiting,2026-12-31,Tablet,"https://onemg.gumlet.io/l_watermark_346,w_480,h_480/a_ignore,w_480,h_480,c_fit,q_auto,f_auto/cropped/qxnje0gu9jptiirntfqg.jpg",True,[]
100,Levosiz-M Kid Tablet,Nyeri & Demam,33433.0,96,Levocetirizine (2.5mg) + Montelukast (4mg),Treatment of Sneezing and runny nose due to allergiesTreatment of Hay feverTreatment of Allergic skin conditions,Dosis sesuai anjuran dokter. Systopic Laboratories Pvt Ltd,Levocetirizine (2.5mg) + Montelukast (4mg),Treatment of Sneezing and runny nose due to allergiesTreatment of Hay feverTreatment of Allergic skin conditions,Rash Nausea Diarrhea Dryness in mouth Fatigue Headache Skin rash Sleepiness Vomiting,2028-03-15,Tablet,"https://onemg.gumlet.io/l_watermark_346,w_480,h_480/a_ignore,w_480,h_480,c_fit,q_auto,f_auto/cropped/q85qewx8hvflzjgjkk7w.jpg",True,[]
101,Monticope Suspension,Nyeri & Demam,24516.0,237,Levocetirizine (2.5mg/5ml) + Montelukast (4mg/5ml),Treatment of Sneezing and runny nose due to allergiesTreatment of Hay feverTreatment of Allergic skin conditions,Dosis sesuai anjuran dokter. Mankind Pharma Ltd,Levocetirizine (2.5mg/5ml) + Montelukast (4mg/5ml),Treatment of Sneezing and runny nose due to allergiesTreatment of Hay feverTreatment of Allergic skin conditions,Rash Nausea Diarrhea Dryness in mouth Fatigue Headache Skin rash Sleepiness Vomiting,2027-06-30,Tablet,"https://onemg.gumlet.io/l_watermark_346,w_480,h_480/a_ignore,w_480,h_480,c_fit,q_auto,f_auto/cropped/dgacsjuotwuommbgkvoj.jpg",True,[]
102,HHlevo-M Kid Tablet DT,Nyeri & Demam,20053.0,86,Levocetirizine (2.5mg) + Montelukast (4mg),Treatment of Sneezing and runny nose due to allergiesTreatment of Hay feverTreatment of Allergic skin conditions,Dosis sesuai anjuran dokter. Hegde and Hegde Pharmaceutical LLP,Levocetirizine (2.5mg) + Montelukast (4mg),Treatment of Sneezing and runny nose due to allergiesTreatment of Hay feverTreatment of Allergic skin conditions,Rash Nausea Diarrhea Dryness in mouth Fatigue Headache Skin rash Sleepiness Vomiting,2027-06-30,Tablet,"https://onemg.gumlet.io/l_watermark_346,w_480,h_480/a_ignore,w_480,h_480,c_fit,q_auto,f_auto/cropped/zgkktwbznvdjq4krpoes.jpg",True,[]
103,Monzem LC Tablet,Nyeri & Demam,17364.0,249,Levocetirizine (5mg) + Montelukast (10mg),Treatment of Sneezing and runny nose due to allergiesTreatment of Hay feverTreatment of Allergic skin conditions,Dosis sesuai anjuran dokter. Saffron Therapeutics Pvt Ltd,Levocetirizine (5mg) + Montelukast (10mg),Treatment of Sneezing and runny nose due to allergiesTreatment of Hay feverTreatment of Allergic skin conditions,Nausea Diarrhea Dryness in mouth Fatigue Headache Skin rash Sleepiness Vomiting,2026-12-31,Tablet,"https://onemg.gumlet.io/l_watermark_346,w_480,h_480/a_ignore,w_480,h_480,c_fit,q_auto,f_auto/o49wkeurwoqazjr3m13x.jpg",True,[]
104,Montgold Tablet,Nyeri & Demam,9968.0,206,Levocetirizine (5mg) + Montelukast (10mg),Treatment of Sneezing and runny nose due to allergiesTreatment of Hay feverTreatment of Allergic skin conditions,Dosis sesuai anjuran dokter. Linux Laboratories,Levocetirizine (5mg) + Montelukast (10mg),Treatment of Sneezing and runny nose due to allergiesTreatment of Hay feverTreatment of Allergic skin conditions,Nausea Diarrhea Dryness in mouth Fatigue Headache Skin rash Sleepiness Vomiting,2028-03-15,Tablet,"https://onemg.gumlet.io/l_watermark_346,w_480,h_480/a_ignore,w_480,h_480,c_fit,q_auto,f_auto/bd1490eea63045fd94c9c30af453ac65.jpg",True,[]
105,Minolast 10 Tablet,Nyeri & Demam,8104.0,150,Levocetirizine (5mg) + Montelukast (10mg),Treatment of Sneezing and runny nose due to allergiesTreatment of Hay feverTreatment of Allergic skin conditions,Dosis sesuai anjuran dokter. Leeford Healthcare Ltd,Levocetirizine (5mg) + Montelukast (10mg),Treatment of Sneezing and runny nose due to allergiesTreatment of Hay feverTreatment of Allergic skin conditions,Nausea Diarrhea Dryness in mouth Fatigue Headache Skin rash Sleepiness Vomiting,2026-12-31,Tablet,"https://onemg.gumlet.io/l_watermark_346,w_480,h_480/a_ignore,w_480,h_480,c_fit,q_auto,f_auto/04ab5f95546545f0ab4db12dc2b48812.jpg",True,[]
106,Lezyncet-M Tablet,Nyeri & Demam,10806.0,120,Levocetirizine (5mg) + Montelukast (10mg),Treatment of Sneezing and runny nose due to allergiesTreatment of Hay feverTreatment of Allergic skin conditions,Dosis sesuai anjuran dokter. Torrent Pharmaceuticals Ltd,Levocetirizine (5mg) + Montelukast (10mg),Treatment of Sneezing and runny nose due to allergiesTreatment of Hay feverTreatment of Allergic skin conditions,Nausea Diarrhea Dryness in mouth Fatigue Headache Skin rash Sleepiness Vomiting,2027-06-30,Tablet,"https://onemg.gumlet.io/l_watermark_346,w_480,h_480/a_ignore,w_480,h_480,c_fit,q_auto,f_auto/cropped/ynoqldmwur2d0iwbqkmo.jpg",True,[]
107,Montemac-L Syrup,Nyeri & Demam,7630.0,144,Levocetirizine (2.5mg/5ml) + Montelukast (4mg/5ml),Treatment of Sneezing and runny nose due to allergiesTreatment of Hay feverTreatment of Allergic skin conditions,Dosis sesuai anjuran dokter. Macleods Pharmaceuticals Pvt Ltd,Levocetirizine (2.5mg/5ml) + Montelukast (4mg/5ml),Treatment of Sneezing and runny nose due to allergiesTreatment of Hay feverTreatment of Allergic skin conditions,Rash Nausea Diarrhea Dryness in mouth Fatigue Headache Skin rash Sleepiness Vomiting,2027-06-30,Tablet,"https://onemg.gumlet.io/l_watermark_346,w_480,h_480/a_ignore,w_480,h_480,c_fit,q_auto,f_auto/0c47d0c5fb4844b29a4e9ed60d2a8d06.jpg",True,[]
108,Lukotrap Tablet,Nyeri & Demam,13232.0,54,Levocetirizine (5mg) + Montelukast (10mg),Treatment of Sneezing and runny nose due to allergiesTreatment of Hay feverTreatment of Allergic skin conditions,Dosis sesuai anjuran dokter. Indchemie Health Specialities Pvt Ltd,Levocetirizine (5mg) + Montelukast (10mg),Treatment of Sneezing and runny nose due to allergiesTreatment of Hay feverTreatment of Allergic skin conditions,Nausea Diarrhea Dryness in mouth Fatigue Headache Skin rash Sleepiness Vomiting,2027-11-20,Tablet,"https://onemg.gumlet.io/l_watermark_346,w_480,h_480/a_ignore,w_480,h_480,c_fit,q_auto,f_auto/cropped/pswuwnet8joagzqxxm2f.jpg",True,[]
109,Miontizee-L Tablet,Nyeri & Demam,18577.0,93,Levocetirizine (5mg) + Montelukast (10mg),Treatment of Sneezing and runny nose due to allergiesTreatment of Hay feverTreatment of Allergic skin conditions,Dosis sesuai anjuran dokter. Zeelab Pharmacy Pvt Ltd,Levocetirizine (5mg) + Montelukast (10mg),Treatment of Sneezing and runny nose due to allergiesTreatment of Hay feverTreatment of Allergic skin conditions,Nausea Diarrhea Dryness in mouth Fatigue Headache Skin rash Sleepiness Vomiting,2027-06-30,Tablet,"https://onemg.gumlet.io/l_watermark_346,w_480,h_480/a_ignore,w_480,h_480,c_fit,q_auto,f_auto/j7x7b7kv6qddshsbpnpq.jpg",True,[]
110,Vitamin A Chewable Tablet,Vitamin & Suplemen,43569.0,290,Vitamin A (50000IU),Treatment of Vitamin A deficiency,Dosis sesuai anjuran dokter. Abbott,Vitamin A (50000IU),Treatment of Vitamin A deficiency,No common side effects seen,2026-12-31,Tablet,"https://onemg.gumlet.io/l_watermark_346,w_480,h_480/a_ignore,w_480,h_480,c_fit,q_auto,f_auto/cropped/r1fipcpbmubocmcnr1f4.jpg",True,[]
111,Dom-DT 5 Rapitab,Lainnya,40714.0,223,Domperidone (5mg),Treatment of Gastroesophageal reflux disease (Acid reflux)Treatment of IndigestionTreatment of NauseaTreatment of Vomiting,Dosis sesuai anjuran dokter. Morepen Laboratories Ltd,Domperidone (5mg),Treatment of Gastroesophageal reflux disease (Acid reflux)Treatment of IndigestionTreatment of NauseaTreatment of Vomiting,Dryness in mouth Headache Drowsiness Stomach cramp Diarrhea,2027-06-30,Tablet,"https://onemg.gumlet.io/l_watermark_346,w_480,h_480/a_ignore,w_480,h_480,c_fit,q_auto,f_auto/cropped/vnj7zt6gerwy7ue8vip8.jpg",True,[]
112,Mecofol 10 Tablet For Vitamin B12 Deficiency,Vitamin & Suplemen,80959.0,290,Methylcobalamin (500mcg),Treatment of Pernicious Anemia Vitamin B12 deficiency,Dosis sesuai anjuran dokter. Intas Pharmaceuticals Ltd,Methylcobalamin (500mcg),Treatment of Pernicious Anemia Vitamin B12 deficiency,Vomiting Loss of appetite Headache,2027-11-20,Tablet,"https://onemg.gumlet.io/l_watermark_346,w_480,h_480/a_ignore,w_480,h_480,c_fit,q_auto,f_auto/mocdxefg6wmzqphv2nim.jpg",True,[]
113,Nukast 4 Syrup,Nyeri & Demam,15534.0,184,Levocetirizine (2.5mg/5ml) + Montelukast (4mg/5ml),Treatment of Sneezing and runny nose due to allergiesTreatment of Hay feverTreatment of Allergic skin conditions,Dosis sesuai anjuran dokter. Zuventus Healthcare Ltd,Levocetirizine (2.5mg/5ml) + Montelukast (4mg/5ml),Treatment of Sneezing and runny nose due to allergiesTreatment of Hay feverTreatment of Allergic skin conditions,Rash Nausea Diarrhea Dryness in mouth Fatigue Headache Skin rash Sleepiness Vomiting,2027-11-20,Tablet,"https://onemg.gumlet.io/l_watermark_346,w_480,h_480/a_ignore,w_480,h_480,c_fit,q_auto,f_auto/jmfvffdaalixap0xzizw.jpg",True,[]
114,Levokast Tablet,Nyeri & Demam,31858.0,148,Levocetirizine (5mg) + Montelukast (10mg),Treatment of Sneezing and runny nose due to allergiesTreatment of Hay feverTreatment of Allergic skin conditions,Dosis sesuai anjuran dokter. TTK Healthcare Ltd,Levocetirizine (5mg) + Montelukast (10mg),Treatment of Sneezing and runny nose due to allergiesTreatment of Hay feverTreatment of Allergic skin conditions,Nausea Diarrhea Dryness in mouth Fatigue Headache Skin rash Sleepiness Vomiting,2028-03-15,Tablet,"https://onemg.gumlet.io/l_watermark_346,w_480,h_480/a_ignore,w_480,h_480,c_fit,q_auto,f_auto/fe3f984cf4704185b2cdbd9f7f09e6f1.jpg",True,[]
115,Xyzal M Tablet,Nyeri & Demam,32730.0,66,Levocetirizine (5mg) + Montelukast (10mg),Treatment of Sneezing and runny nose due to allergiesTreatment of Hay feverTreatment of Allergic skin conditions,Dosis sesuai anjuran dokter. Dr Reddy's Laboratories Ltd,Levocetirizine (5mg) + Montelukast (10mg),Treatment of Sneezing and runny nose due to allergiesTreatment of Hay feverTreatment of Allergic skin conditions,Nausea Diarrhea Dryness in mouth Fatigue Headache Skin rash Sleepiness Vomiting,2026-12-31,Tablet,"https://onemg.gumlet.io/l_watermark_346,w_480,h_480/a_ignore,w_480,h_480,c_fit,q_auto,f_auto/3cb7466aa97148849b68c7314c641f41.jpg",True,[]
116,XL Mont 5mg/10mg Tablet,Nyeri & Demam,18463.0,62,Levocetirizine (5mg) + Montelukast (10mg),Treatment of Sneezing and runny nose due to allergiesTreatment of Hay feverTreatment of Allergic skin conditions,Dosis sesuai anjuran dokter. DWD Pharmaceuticals Ltd,Levocetirizine (5mg) + Montelukast (10mg),Treatment of Sneezing and runny nose due to allergiesTreatment of Hay feverTreatment of Allergic skin conditions,Nausea Diarrhea Dryness in mouth Fatigue Headache Skin rash Sleepiness Vomiting,2026-12-31,Tablet,"https://onemg.gumlet.io/l_watermark_346,w_480,h_480/a_ignore,w_480,h_480,c_fit,q_auto,f_auto/3a901673a8cf4ab1a8e4c4ffb82f6c05.jpg",True,[]
117,Genericart Amlodipine+Lisinopril 5mg/5mg Tablet,Hipertensi,124889.0,172,Amlodipine (5mg) + Lisinopril (5mg), Hypertension (high blood pressure),Dosis sesuai anjuran dokter. Swast Aushadhi Seva Generic Medicine Store,Amlodipine (5mg) + Lisinopril (5mg), Hypertension (high blood pressure),Ankle swelling Headache Tiredness Palpitations Increased potassium level in blood Sleepiness Cough Taste change Flushing sense of warmth in the face ears neck and trunk Decreased blood pressure Upset stomach,2027-06-30,Tablet,"https://onemg.gumlet.io/l_watermark_346,w_480,h_480/a_ignore,w_480,h_480,c_fit,q_auto,f_auto/cropped/lsfhpzwaymjvisrciwrx.jpg",True,[]
118,StayHappi Diclofenac+Paracetamol 50mg/325mg Tablet,Nyeri & Demam,8774.0,148,Diclofenac (50mg) + Paracetamol (325mg), Pain relief,Dosis sesuai anjuran dokter. Sarvagunaushdhi Pvt Ltd,Diclofenac (50mg) + Paracetamol (325mg), Pain relief,Nausea Vomiting Stomach pain epigastric pain Heartburn Diarrhea Loss of appetite,2026-12-31,Tablet,"https://onemg.gumlet.io/l_watermark_346,w_480,h_480/a_ignore,w_480,h_480,c_fit,q_auto,f_auto/mew2rpmzmk49l84getwq.jpg",True,[]
119,Genericart Metformin Hydrochloride 1000mg Tablet SR,Diabetes,140903.0,173,Metformin (1000mg),Treatment of Type 2 diabetes mellitus,Dosis sesuai anjuran dokter. Swast Aushadhi Seva Generic Medicine Store,Metformin (1000mg),Treatment of Type 2 diabetes mellitus,Diarrhea Nausea Vomiting Flatulence,2027-11-20,Tablet,"https://onemg.gumlet.io/l_watermark_346,w_480,h_480/a_ignore,w_480,h_480,c_fit,q_auto,f_auto/cropped/xnwisaure1lz31murgmd.jpg",True,[]
120,StayHappi Chlorzoxazone+Diclofenac+Paracetamol 500mg/50mg/325mg Tablet,Nyeri & Demam,21122.0,137,Chlorzoxazone (500mg) + Diclofenac (50mg) + Paracetamol (325mg),Treatment of Pain due to muscle spasm,Dosis sesuai anjuran dokter. Sarvagunaushdhi Pvt Ltd,Chlorzoxazone (500mg) + Diclofenac (50mg) + Paracetamol (325mg),Treatment of Pain due to muscle spasm,Nausea Vomiting Heartburn Stomach pain Diarrhea Loss of appetite Dryness in mouth,2027-11-20,Tablet,"https://onemg.gumlet.io/l_watermark_346,w_480,h_480/a_ignore,w_480,h_480,c_fit,q_auto,f_auto/fq9luswdhkx1kxcpf860.jpg",True,[]
121,Jotair L Tablet,Nyeri & Demam,23454.0,113,Levocetirizine (5mg) + Montelukast (10mg),Treatment of Sneezing and runny nose due to allergiesTreatment of Hay feverTreatment of Allergic skin conditions,Dosis sesuai anjuran dokter. Dr. Johns Laboratories Pvt Ltd,Levocetirizine (5mg) + Montelukast (10mg),Treatment of Sneezing and runny nose due to allergiesTreatment of Hay feverTreatment of Allergic skin conditions,Nausea Diarrhea Dryness in mouth Fatigue Headache Skin rash Sleepiness Vomiting,2027-11-20,Tablet,"https://onemg.gumlet.io/l_watermark_346,w_480,h_480/a_ignore,w_480,h_480,c_fit,q_auto,f_auto/cropped/xuhanrr3gnhgsoosdmch.jpg",True,[]
122,Ronycold-M Tablet,Nyeri & Demam,14696.0,101,Levocetirizine (5mg) + Montelukast (10mg),Treatment of Sneezing and runny nose due to allergiesTreatment of Hay feverTreatment of Allergic skin conditions,Dosis sesuai anjuran dokter. Ronyd Healthcare Pvt Ltd,Levocetirizine (5mg) + Montelukast (10mg),Treatment of Sneezing and runny nose due to allergiesTreatment of Hay feverTreatment of Allergic skin conditions,Nausea Diarrhea Dryness in mouth Fatigue Headache Skin rash Sleepiness Vomiting,2027-06-30,Tablet,"https://onemg.gumlet.io/l_watermark_346,w_480,h_480/a_ignore,w_480,h_480,c_fit,q_auto,f_auto/af309e9748db4c99b6f73bbca31b22b8.jpg",True,[]
123,Monet LC 5mg/10mg Tablet,Nyeri & Demam,22428.0,181,Levocetirizine (5mg) + Montelukast (10mg),Treatment of Sneezing and runny nose due to allergiesTreatment of Hay feverTreatment of Allergic skin conditions,Dosis sesuai anjuran dokter. Mapra Laboratories Pvt Ltd,Levocetirizine (5mg) + Montelukast (10mg),Treatment of Sneezing and runny nose due to allergiesTreatment of Hay feverTreatment of Allergic skin conditions,Nausea Diarrhea Dryness in mouth Fatigue Headache Skin rash Sleepiness Vomiting,2028-03-15,Tablet,"https://onemg.gumlet.io/l_watermark_346,w_480,h_480/a_ignore,w_480,h_480,c_fit,q_auto,f_auto/92e4dfd875ab449f827d2087cf6a2099.jpg",True,[]
124,Minolast LC 5mg/10mg Tablet,Nyeri & Demam,19456.0,100,Levocetirizine (5mg) + Montelukast (10mg),Treatment of Sneezing and runny nose due to allergiesTreatment of Hay feverTreatment of Allergic skin conditions,Dosis sesuai anjuran dokter. Leeford Healthcare Ltd,Levocetirizine (5mg) + Montelukast (10mg),Treatment of Sneezing and runny nose due to allergiesTreatment of Hay feverTreatment of Allergic skin conditions,Nausea Diarrhea Dryness in mouth Fatigue Headache Skin rash Sleepiness Vomiting,2026-12-31,Tablet,"https://onemg.gumlet.io/l_watermark_346,w_480,h_480/a_ignore,w_480,h_480,c_fit,q_auto,f_auto/543ff2b74bd440339733821f0aff8ae0.jpg",True,[]
125,Montina-L DT Tablet,Nyeri & Demam,24095.0,151,Levocetirizine (2.5mg) + Montelukast (4mg),Treatment of Sneezing and runny nose due to allergiesTreatment of Hay feverTreatment of Allergic skin conditions,Dosis sesuai anjuran dokter. Aristo Pharmaceuticals Pvt Ltd,Levocetirizine (2.5mg) + Montelukast (4mg),Treatment of Sneezing and runny nose due to allergiesTreatment of Hay feverTreatment of Allergic skin conditions,Rash Nausea Diarrhea Dryness in mouth Fatigue Headache Skin rash Sleepiness Vomiting,2027-11-20,Tablet,"https://onemg.gumlet.io/l_watermark_346,w_480,h_480/a_ignore,w_480,h_480,c_fit,q_auto,f_auto/cropped/wiogiivivi58eg8muwjs.jpg",True,[]
126,Montek LC Kid Tablet,Nyeri & Demam,12828.0,195,Levocetirizine (2.5mg) + Montelukast (4mg),Treatment of Sneezing and runny nose due to allergiesTreatment of Hay feverTreatment of Allergic skin conditions,Dosis sesuai anjuran dokter. Sun Pharmaceutical Industries Ltd,Levocetirizine (2.5mg) + Montelukast (4mg),Treatment of Sneezing and runny nose due to allergiesTreatment of Hay feverTreatment of Allergic skin conditions,Rash Nausea Diarrhea Dryness in mouth Fatigue Headache Skin rash Sleepiness Vomiting,2027-06-30,Tablet,"https://onemg.gumlet.io/l_watermark_346,w_480,h_480/a_ignore,w_480,h_480,c_fit,q_auto,f_auto/1958605e370a44fb8e732f8a7a524b80.jpg",True,[]
127,Vitamin C Injection,Vitamin & Suplemen,33600.0,300,Vitamin C (150mg), Vitamin C deficiency,Dosis sesuai anjuran dokter. Mankind Pharma Ltd,Vitamin C (150mg), Vitamin C deficiency,Injection site reactions pain swelling redness,2027-11-20,Tablet,"https://onemg.gumlet.io/l_watermark_346,w_480,h_480/a_ignore,w_480,h_480,c_fit,q_auto,f_auto/9a5f2c810e964b4491d7fd9d1dd004ed.jpg",True,[]
128,Pantodac-IT Capsule SR,Lambung & Pencernaan,37004.0,153,Pantoprazole (40mg) + Itopride (150mg), Gastroesophageal reflux disease (Acid reflux) Peptic ulcer disease,Dosis sesuai anjuran dokter. Zydus Cadila,Pantoprazole (40mg) + Itopride (150mg), Gastroesophageal reflux disease (Acid reflux) Peptic ulcer disease,Diarrhea Stomach pain Headache Flatulence Dizziness Increased saliva production,2026-12-31,Tablet,"https://onemg.gumlet.io/l_watermark_346,w_480,h_480/a_ignore,w_480,h_480,c_fit,q_auto,f_auto/54dbfc710daa4be5ab909339694d3c89.jpg",True,[]
129,Sustameto 50 Tablet ER,Nyeri & Demam,9977.0,237,Metoprolol Succinate (47.5mg),Treatment of Hypertension (high blood pressure)Treatment of Angina (heart-related chest pain)Treatment of ArrhythmiaPrevention of Heart attackPrevention of Migraine,Dosis sesuai anjuran dokter. Zydus Cadila,Metoprolol Succinate (47.5mg),Treatment of Hypertension (high blood pressure)Treatment of Angina (heart-related chest pain)Treatment of ArrhythmiaPrevention of Heart attackPrevention of Migraine,Fatigue Headache Slow heart rate Dizziness Nausea Breathlessness Rash Diarrhea Depression,2028-03-15,Tablet,"https://onemg.gumlet.io/l_watermark_346,w_480,h_480/a_ignore,w_480,h_480,c_fit,q_auto,f_auto/cropped/pqllzml3e6ivzghaw0tt.jpg",True,[]
130,Betaloc 50mg Tablet,Nyeri & Demam,10843.0,280,Metoprolol Tartrate (50mg),Treatment of Hypertension (high blood pressure)Treatment of Angina (heart-related chest pain)Treatment of ArrhythmiaPrevention of Heart attackPrevention of Migraine,Dosis sesuai anjuran dokter. AstraZeneca,Metoprolol Tartrate (50mg),Treatment of Hypertension (high blood pressure)Treatment of Angina (heart-related chest pain)Treatment of ArrhythmiaPrevention of Heart attackPrevention of Migraine,Orthostatic hypotension sudden lowering of blood pressure on standing Slow heart rate Headache Dizziness Tiredness Stomach pain Nausea Breathlessness,2026-12-31,Tablet,"https://onemg.gumlet.io/l_watermark_346,w_480,h_480/a_ignore,w_480,h_480,c_fit,q_auto,f_auto/5440da099f0b4c2dabd1d56d5d1fa3ba.jpg",True,[]
131,Prelid 8mg Tablet,Kulit,46127.0,277,Methylprednisolone (8mg),Treatment of Rheumatic disorderTreatment of Systemic lupus erythematosus (SLE)Treatment of Allergic conditionsTreatment of Eye disordersTreatment of Skin disorders,Dosis sesuai anjuran dokter. Glowderma Labs Pvt Ltd,Methylprednisolone (8mg),Treatment of Rheumatic disorderTreatment of Systemic lupus erythematosus (SLE)Treatment of Allergic conditionsTreatment of Eye disordersTreatment of Skin disorders,Thinning of skin Increased risk of infection Reduction in bone density Weight gain Mood changes Upset stomach Behavioral changes,2027-11-20,Tablet,"https://onemg.gumlet.io/l_watermark_346,w_480,h_480/a_ignore,w_480,h_480,c_fit,q_auto,f_auto/667cbc6995b541769b054863154c4537.jpg",True,[]
132,Metolar XR 50 Capsule,Nyeri & Demam,19759.0,100,Metoprolol Succinate (47.5mg),Treatment of Hypertension (high blood pressure)Treatment of Angina (heart-related chest pain)Treatment of ArrhythmiaPrevention of Heart attackPrevention of Migraine,Dosis sesuai anjuran dokter. Cipla Ltd,Metoprolol Succinate (47.5mg),Treatment of Hypertension (high blood pressure)Treatment of Angina (heart-related chest pain)Treatment of ArrhythmiaPrevention of Heart attackPrevention of Migraine,Fatigue Headache Slow heart rate Dizziness Nausea Breathlessness Rash Diarrhea Depression,2026-12-31,Tablet,"https://onemg.gumlet.io/l_watermark_346,w_480,h_480/a_ignore,w_480,h_480,c_fit,q_auto,f_auto/17a4925916dc4953b8b9e0d1f6042d32.jpg",True,[]
133,P2I Tablet,Lambung & Pencernaan,80279.0,101,Pantoprazole (40mg),Treatment of HeartburnTreatment of Gastroesophageal reflux disease (Acid reflux)Treatment of Peptic ulcer diseaseTreatment of Zollinger-Ellison syndrome,Dosis sesuai anjuran dokter. Lupin Ltd,Pantoprazole (40mg),Treatment of HeartburnTreatment of Gastroesophageal reflux disease (Acid reflux)Treatment of Peptic ulcer diseaseTreatment of Zollinger-Ellison syndrome,Diarrhea Flatulence Headache Nausea Stomach pain Vomiting Dizziness Upper respiratory tract infection,2027-06-30,Tablet,"https://onemg.gumlet.io/l_watermark_346,w_480,h_480/a_ignore,w_480,h_480,c_fit,q_auto,f_auto/cropped/bnts4qigx1zba0j8zmsr.jpg",True,[]
134,Hisone 5 Tablet,Kulit,84988.0,96,Hydrocortisone (5mg), Severe allergic reactionsTreatment of Allergic conditionsTreatment of CancerTreatment of Skin disordersTreatment of Eye disorders,Dosis sesuai anjuran dokter. Samarth Life Sciences Pvt Ltd,Hydrocortisone (5mg), Severe allergic reactionsTreatment of Allergic conditionsTreatment of CancerTreatment of Skin disordersTreatment of Eye disorders,Dizziness Headache Ankle swelling Weakness,2028-03-15,Tablet,"https://onemg.gumlet.io/l_watermark_346,w_480,h_480/a_ignore,w_480,h_480,c_fit,q_auto,f_auto/c1297ec64d154d16a54de0086eb184e7.jpg",True,[]
135,Met XL 25 Tablet,Nyeri & Demam,16698.0,300,Metoprolol Succinate (23.75mg),Treatment of Hypertension (high blood pressure)Treatment of Angina (heart-related chest pain)Treatment of ArrhythmiaPrevention of Heart attackPrevention of Migraine,Dosis sesuai anjuran dokter. Ajanta Pharma Ltd,Metoprolol Succinate (23.75mg),Treatment of Hypertension (high blood pressure)Treatment of Angina (heart-related chest pain)Treatment of ArrhythmiaPrevention of Heart attackPrevention of Migraine,Fatigue Headache Slow heart rate Dizziness Nausea Breathlessness Rash Diarrhea Depression,2027-11-20,Tablet,"https://onemg.gumlet.io/l_watermark_346,w_480,h_480/a_ignore,w_480,h_480,c_fit,q_auto,f_auto/fzsldtube07xmins5vjm.jpg",True,[]
136,Rabe-Max DSR Capsule,Lambung & Pencernaan,40766.0,187,Domperidone (30mg) + Rabeprazole (20mg),Treatment of Gastroesophageal reflux disease (Acid reflux)Treatment of Peptic ulcer disease,Dosis sesuai anjuran dokter. Tidal Laboratories Pvt Ltd,Domperidone (30mg) + Rabeprazole (20mg),Treatment of Gastroesophageal reflux disease (Acid reflux)Treatment of Peptic ulcer disease,Diarrhea Stomach pain Dryness in mouth Headache Dizziness Flatulence Weakness Flu like symptoms,2026-12-31,Tablet,"https://onemg.gumlet.io/l_watermark_346,w_480,h_480/a_ignore,w_480,h_480,c_fit,q_auto,f_auto/d9umgkhp1a1ogg9q0zpc.jpg",True,[]
137,Pan-IT Capsule SR,Lambung & Pencernaan,93798.0,162,Pantoprazole (40mg) + Itopride (150mg), Gastroesophageal reflux disease (Acid reflux) Peptic ulcer disease,Dosis sesuai anjuran dokter. Alkem Laboratories Ltd,Pantoprazole (40mg) + Itopride (150mg), Gastroesophageal reflux disease (Acid reflux) Peptic ulcer disease,Diarrhea Stomach pain Headache Flatulence Dizziness Increased saliva production,2027-06-30,Tablet,"https://onemg.gumlet.io/l_watermark_346,w_480,h_480/a_ignore,w_480,h_480,c_fit,q_auto,f_auto/cropped/vt3dbptbb8f11p8sosjm.jpg",True,[]
138,S-Amcard 5 Tablet,Nyeri & Demam,7411.0,110,S-Amlodipine (5mg),Treatment of Hypertension (high blood pressure)Prevention of Angina (heart-related chest pain)Prevention of Heart attackPrevention of Stroke,Dosis sesuai anjuran dokter. Systopic Laboratories Pvt Ltd,S-Amlodipine (5mg),Treatment of Hypertension (high blood pressure)Prevention of Angina (heart-related chest pain)Prevention of Heart attackPrevention of Stroke,Ankle swelling Dizziness Fatigue Flushing sense of warmth in the face ears neck and trunk Headache Palpitations Abdominal pain Muscle cramp Nausea Sleepiness Visual disturbance Dyspepsia Breathlessness Change in bowel habits,2028-03-15,Tablet,"https://onemg.gumlet.io/l_watermark_346,w_480,h_480/a_ignore,w_480,h_480,c_fit,q_auto,f_auto/cropped/bomfn8i33vyi9ojqboxs.jpg",True,[]
139,Sonirab-D Tablet,Lambung & Pencernaan,72627.0,220,Domperidone (10mg) + Rabeprazole (20mg),Treatment of Gastroesophageal reflux disease (Acid reflux)Treatment of Peptic ulcer disease,Dosis sesuai anjuran dokter. Ronyd Healthcare Pvt Ltd,Domperidone (10mg) + Rabeprazole (20mg),Treatment of Gastroesophageal reflux disease (Acid reflux)Treatment of Peptic ulcer disease,Diarrhea Stomach pain Dryness in mouth Headache Dizziness Flatulence Weakness Flu like symptoms,2027-06-30,Tablet,"https://onemg.gumlet.io/l_watermark_346,w_480,h_480/a_ignore,w_480,h_480,c_fit,q_auto,f_auto/cropped/bfou6t4f20yndcjvtdlx.jpg",True,[]
140,Rabetero-L Capsule SR,Lambung & Pencernaan,76187.0,168,Levosulpiride (75mg) + Rabeprazole (20mg),Treatment of Gastroesophageal reflux disease (Acid reflux)Treatment of Intestinal ulcersTreatment of Irritable bowel syndrome,Dosis sesuai anjuran dokter. Hetero Drugs Ltd,Levosulpiride (75mg) + Rabeprazole (20mg),Treatment of Gastroesophageal reflux disease (Acid reflux)Treatment of Intestinal ulcersTreatment of Irritable bowel syndrome,Nausea Stomach pain Diarrhea Flatulence Constipation Headache Dizziness Weakness Sleepiness Flu like symptoms,2027-06-30,Tablet,"https://onemg.gumlet.io/l_watermark_346,w_480,h_480/a_ignore,w_480,h_480,c_fit,q_auto,f_auto/nwswcd2kf2e827h6kdg1.jpg",True,[]
141,Altapan-DSR Capsule,Lambung & Pencernaan,72268.0,166,Domperidone (30mg) + Pantoprazole (40mg),Treatment of Gastroesophageal reflux disease (Acid reflux)Treatment of Peptic ulcer disease,Dosis sesuai anjuran dokter. Altavista Life Sciences Pvt Ltd,Domperidone (30mg) + Pantoprazole (40mg),Treatment of Gastroesophageal reflux disease (Acid reflux)Treatment of Peptic ulcer disease,Diarrhea Stomach pain Flatulence Dryness in mouth Dizziness Headache,2026-12-31,Tablet,"https://onemg.gumlet.io/l_watermark_346,w_480,h_480/a_ignore,w_480,h_480,c_fit,q_auto,f_auto/7e823c9c6438489fbb07452a8ef3f9af.jpg",True,[]
142,Rabeloc Plus Capsule SR,Lambung & Pencernaan,66152.0,126,Levosulpiride (75mg) + Rabeprazole (20mg),Treatment of Gastroesophageal reflux disease (Acid reflux)Treatment of Intestinal ulcersTreatment of Irritable bowel syndrome,Dosis sesuai anjuran dokter. Cadila Pharmaceuticals Ltd,Levosulpiride (75mg) + Rabeprazole (20mg),Treatment of Gastroesophageal reflux disease (Acid reflux)Treatment of Intestinal ulcersTreatment of Irritable bowel syndrome,Nausea Stomach pain Diarrhea Flatulence Constipation Headache Dizziness Weakness Sleepiness Flu like symptoms,2026-12-31,Tablet,"https://onemg.gumlet.io/l_watermark_346,w_480,h_480/a_ignore,w_480,h_480,c_fit,q_auto,f_auto/cropped/jw87r9nnier8ta8hdewh.jpg",True,[]
143,Lupisoz Tablet,Lambung & Pencernaan,86052.0,215,Esomeprazole (40mg),Treatment of Gastroesophageal reflux disease (Acid reflux)Treatment of Peptic ulcer diseaseTreatment of Zollinger-Ellison syndrome,Dosis sesuai anjuran dokter. Lupin Ltd,Esomeprazole (40mg),Treatment of Gastroesophageal reflux disease (Acid reflux)Treatment of Peptic ulcer diseaseTreatment of Zollinger-Ellison syndrome,Headache Dryness in mouth Nausea Abdominal pain Constipation Flatulence Diarrhea,2027-11-20,Tablet,"https://onemg.gumlet.io/l_watermark_346,w_480,h_480/a_ignore,w_480,h_480,c_fit,q_auto,f_auto/b8194400272b458da0265f456519ccdd.jpg",True,[]
144,Pantin 40mg Injection,Lambung & Pencernaan,59787.0,204,Pantoprazole (40mg),Treatment of Gastroesophageal reflux disease (Acid reflux)Treatment of Peptic ulcer diseaseTreatment of Zollinger-Ellison syndrome,Dosis sesuai anjuran dokter. Hetero Drugs Ltd,Pantoprazole (40mg),Treatment of Gastroesophageal reflux disease (Acid reflux)Treatment of Peptic ulcer diseaseTreatment of Zollinger-Ellison syndrome,Diarrhea Flatulence Headache Joint pain Nausea Stomach pain Vomiting Dizziness Thrombophlebitis,2028-03-15,Tablet,"https://onemg.gumlet.io/l_watermark_346,w_480,h_480/a_ignore,w_480,h_480,c_fit,q_auto,f_auto/c163907c7e534db2823d026e5f218678.jpg",True,[]
145,Hipress 50 Tablet,Nyeri & Demam,6742.0,149,Atenolol (50mg),Treatment of Hypertension (high blood pressure)Treatment of Angina (heart-related chest pain)Treatment of ArrhythmiaPrevention of Heart attack,Dosis sesuai anjuran dokter. Cipla Ltd,Atenolol (50mg),Treatment of Hypertension (high blood pressure)Treatment of Angina (heart-related chest pain)Treatment of ArrhythmiaPrevention of Heart attack,Fatigue Slow heart rate Cold extremities Gastrointestinal disturbance,2027-06-30,Tablet,"https://onemg.gumlet.io/l_watermark_346,w_480,h_480/a_ignore,w_480,h_480,c_fit,q_auto,f_auto/c6ebe95013674c2fa3d9cda1e0ddb0cd.jpg",True,[]
146,Angizem DP 90 Capsule MR,Nyeri & Demam,6961.0,143,Diltiazem (90mg),Treatment of Hypertension (high blood pressure)Treatment of Angina (heart-related chest pain)Treatment of Arrhythmia,Dosis sesuai anjuran dokter. Sun Pharmaceutical Industries Ltd,Diltiazem (90mg),Treatment of Hypertension (high blood pressure)Treatment of Angina (heart-related chest pain)Treatment of Arrhythmia,Headache Dizziness Nausea Edema swelling,2027-06-30,Tablet,"https://onemg.gumlet.io/l_watermark_346,w_480,h_480/a_ignore,w_480,h_480,c_fit,q_auto,f_auto/jumz2e83bq9ltgjsbqcv.jpg",True,[]
147,Pansec 40mg Injection,Lambung & Pencernaan,68485.0,78,Pantoprazole (40mg),Treatment of Gastroesophageal reflux disease (Acid reflux)Treatment of Peptic ulcer diseaseTreatment of Zollinger-Ellison syndrome,Dosis sesuai anjuran dokter. Cipla Ltd,Pantoprazole (40mg),Treatment of Gastroesophageal reflux disease (Acid reflux)Treatment of Peptic ulcer diseaseTreatment of Zollinger-Ellison syndrome,Diarrhea Flatulence Headache Joint pain Nausea Stomach pain Vomiting Dizziness Thrombophlebitis,2026-12-31,Tablet,"https://onemg.gumlet.io/l_watermark_346,w_480,h_480/a_ignore,w_480,h_480,c_fit,q_auto,f_auto/hxxfixkbsshy6bakeuig.jpg",True,[]
148,Superia L Capsule SR,Lambung & Pencernaan,57189.0,197,Levosulpiride (75mg) + Rabeprazole (20mg),Treatment of Gastroesophageal reflux disease (Acid reflux)Treatment of Intestinal ulcersTreatment of Irritable bowel syndrome,Dosis sesuai anjuran dokter. Sun Pharmaceutical Industries Ltd,Levosulpiride (75mg) + Rabeprazole (20mg),Treatment of Gastroesophageal reflux disease (Acid reflux)Treatment of Intestinal ulcersTreatment of Irritable bowel syndrome,Nausea Stomach pain Diarrhea Flatulence Constipation Headache Dizziness Weakness Sleepiness Flu like symptoms,2027-06-30,Tablet,"https://onemg.gumlet.io/l_watermark_346,w_480,h_480/a_ignore,w_480,h_480,c_fit,q_auto,f_auto/cropped/bkkdupeibtdovfepa8k5.jpg",True,[]
149,Amlogard 5mg Tablet,Nyeri & Demam,13404.0,289,Amlodipine (5mg),Treatment of Hypertension (high blood pressure)Prevention of Angina (heart-related chest pain),Dosis sesuai anjuran dokter. Pfizer Ltd,Amlodipine (5mg),Treatment of Hypertension (high blood pressure)Prevention of Angina (heart-related chest pain),Headache Fatigue Nausea Abdominal pain Sleepiness,2028-03-15,Tablet,"https://onemg.gumlet.io/l_watermark_346,w_480,h_480/a_ignore,w_480,h_480,c_fit,q_auto,f_auto/cropped/y4tfhzdttoh6jdw3tvoe.jpg",True,[]
150,Topinate Solution,Kulit,54672.0,58,Clobetasol (0.05% w/v),Treatment of Allergic skin conditions,Dosis sesuai anjuran dokter. Systopic Laboratories Pvt Ltd,Clobetasol (0.05% w/v),Treatment of Allergic skin conditions,Skin atrophy Telangiectasia Skin irritation Dry skin,2027-11-20,Tablet,"https://onemg.gumlet.io/l_watermark_346,w_480,h_480/a_ignore,w_480,h_480,c_fit,q_auto,f_auto/cropped/mjo5mla2e8logf345lul.jpg",True,[]
151,Odepraz 40mg Tablet,Lambung & Pencernaan,59274.0,131,Esomeprazole (40mg),Treatment of Gastroesophageal reflux disease (Acid reflux)Treatment of Peptic ulcer diseaseTreatment of Zollinger-Ellison syndrome,Dosis sesuai anjuran dokter. Indchemie Health Specialities Pvt Ltd,Esomeprazole (40mg),Treatment of Gastroesophageal reflux disease (Acid reflux)Treatment of Peptic ulcer diseaseTreatment of Zollinger-Ellison syndrome,Headache Dryness in mouth Nausea Abdominal pain Constipation Flatulence Diarrhea,2026-12-31,Tablet,"https://onemg.gumlet.io/l_watermark_346,w_480,h_480/a_ignore,w_480,h_480,c_fit,q_auto,f_auto/e80d847a50ce41beb93a661d473e209d.jpg",True,[]
152,Pantop IT Capsule SR,Lambung & Pencernaan,27211.0,100,Pantoprazole (40mg) + Itopride (150mg), Gastroesophageal reflux disease (Acid reflux) Peptic ulcer disease,Dosis sesuai anjuran dokter. Aristo Pharmaceuticals Pvt Ltd,Pantoprazole (40mg) + Itopride (150mg), Gastroesophageal reflux disease (Acid reflux) Peptic ulcer disease,Diarrhea Stomach pain Headache Flatulence Dizziness Increased saliva production,2026-12-31,Tablet,"https://onemg.gumlet.io/l_watermark_346,w_480,h_480/a_ignore,w_480,h_480,c_fit,q_auto,f_auto/cropped/vez218rqnptj1amzxuk5.jpg",True,[]
153,Lafaxid-D  Tablet,Lambung & Pencernaan,63356.0,257,Lafutidine (10mg) + Domperidone (30mg), Gastroesophageal reflux disease (Acid reflux) Peptic ulcer disease,Dosis sesuai anjuran dokter. Zuventus Healthcare Ltd,Lafutidine (10mg) + Domperidone (30mg), Gastroesophageal reflux disease (Acid reflux) Peptic ulcer disease,Nausea Diarrhea Dryness in mouth Fatigue Headache Muscle pain Drowsiness Dizziness Increased liver enzymes Protein in urine Increased uric acid level in blood,2028-03-15,Tablet,"https://onemg.gumlet.io/l_watermark_346,w_480,h_480/a_ignore,w_480,h_480,c_fit,q_auto,f_auto/cropped/gdtz4lebsnjz9kobj3id.jpg",True,[]
154,Hipres 25 Tablet,Nyeri & Demam,7995.0,261,Atenolol (25mg),Treatment of Hypertension (high blood pressure)Treatment of Angina (heart-related chest pain)Treatment of ArrhythmiaPrevention of Heart attack,Dosis sesuai anjuran dokter. Cipla Ltd,Atenolol (25mg),Treatment of Hypertension (high blood pressure)Treatment of Angina (heart-related chest pain)Treatment of ArrhythmiaPrevention of Heart attack,Fatigue Slow heart rate Cold extremities Gastrointestinal disturbance,2027-11-20,Tablet,"https://onemg.gumlet.io/l_watermark_346,w_480,h_480/a_ignore,w_480,h_480,c_fit,q_auto,f_auto/swbzy1qjlwddcudisuom.jpg",True,[]
155,S-Amlosafe 2.5 Tablet,Nyeri & Demam,10892.0,94,S-Amlodipine (2.5mg),Treatment of Hypertension (high blood pressure)Prevention of Angina (heart-related chest pain)Prevention of Heart attackPrevention of Stroke,Dosis sesuai anjuran dokter. Aristo Pharmaceuticals Pvt Ltd,S-Amlodipine (2.5mg),Treatment of Hypertension (high blood pressure)Prevention of Angina (heart-related chest pain)Prevention of Heart attackPrevention of Stroke,Ankle swelling Dizziness Fatigue Flushing sense of warmth in the face ears neck and trunk Headache Palpitations Abdominal pain Muscle cramp Nausea Sleepiness Visual disturbance Dyspepsia Breathlessness Change in bowel habits,2026-12-31,Tablet,"https://onemg.gumlet.io/l_watermark_346,w_480,h_480/a_ignore,w_480,h_480,c_fit,q_auto,f_auto/cropped/lq6oduof3zwjjglpws9y.jpg",True,[]
156,Rabidoc 20 Tablet,Lambung & Pencernaan,70996.0,265,Rabeprazole (20mg),Treatment of Gastroesophageal reflux disease (Acid reflux)Treatment of Peptic ulcer diseaseTreatment of Zollinger-Ellison syndrome,Dosis sesuai anjuran dokter. Morepen Laboratories Ltd,Rabeprazole (20mg),Treatment of Gastroesophageal reflux disease (Acid reflux)Treatment of Peptic ulcer diseaseTreatment of Zollinger-Ellison syndrome,Diarrhea Dizziness Flatulence Headache Nausea Sore throat Stomach pain Vomiting,2027-11-20,Tablet,"https://onemg.gumlet.io/l_watermark_346,w_480,h_480/a_ignore,w_480,h_480,c_fit,q_auto,f_auto/e6be696e70ec4df3a96c8b4505b1242e.jpg",True,[]
157,Starcad-Beta 50 Tablet ER,Nyeri & Demam,33318.0,111,S-Metoprolol Succinate (47.5mg),Treatment of Hypertension (high blood pressure)Treatment of Angina (heart-related chest pain)Treatment of ArrhythmiaPrevention of Heart attackPrevention of StrokePrevention of Migraine,Dosis sesuai anjuran dokter. Lupin Ltd,S-Metoprolol Succinate (47.5mg),Treatment of Hypertension (high blood pressure)Treatment of Angina (heart-related chest pain)Treatment of ArrhythmiaPrevention of Heart attackPrevention of StrokePrevention of Migraine,Fatigue Slow heart rate Constipation Diarrhea Dizziness Cold extremities,2027-06-30,Tablet,"https://onemg.gumlet.io/l_watermark_346,w_480,h_480/a_ignore,w_480,h_480,c_fit,q_auto,f_auto/cropped/htlebvd5dcgbtbj4emcy.jpg",True,[]
158,Seloken XL 100mg Tablet,Nyeri & Demam,24872.0,214,Metoprolol Succinate (95mg),Treatment of Hypertension (high blood pressure)Treatment of Angina (heart-related chest pain)Treatment of ArrhythmiaPrevention of Heart attackPrevention of Migraine,Dosis sesuai anjuran dokter. AstraZeneca,Metoprolol Succinate (95mg),Treatment of Hypertension (high blood pressure)Treatment of Angina (heart-related chest pain)Treatment of ArrhythmiaPrevention of Heart attackPrevention of Migraine,Fatigue Headache Slow heart rate Dizziness Nausea Breathlessness Rash Diarrhea Depression,2027-11-20,Tablet,"https://onemg.gumlet.io/l_watermark_346,w_480,h_480/a_ignore,w_480,h_480,c_fit,q_auto,f_auto/c2811a181eb64946ae160be7bc919aec.jpg",True,[]
159,Betagel,Kulit,59329.0,128,Betamethasone (0.05% w/w),Treatment of Allergic skin conditionsTreatment of Allergic conditions,Dosis sesuai anjuran dokter. Micro Labs Ltd,Betamethasone (0.05% w/w),Treatment of Allergic skin conditionsTreatment of Allergic conditions,Reduction in bone density Upset stomach,2026-12-31,Tablet,"https://onemg.gumlet.io/l_watermark_346,w_480,h_480/a_ignore,w_480,h_480,c_fit,q_auto,f_auto/cropped/u36tz0vl15fo6wbljvld.jpg",True,[]
160,Pancicare-D Capsule PR,Lambung & Pencernaan,86086.0,141,Domperidone (30mg) + Pantoprazole (40mg),Treatment of Gastroesophageal reflux disease (Acid reflux)Treatment of Peptic ulcer disease,Dosis sesuai anjuran dokter. Hegde and Hegde Pharmaceutical LLP,Domperidone (30mg) + Pantoprazole (40mg),Treatment of Gastroesophageal reflux disease (Acid reflux)Treatment of Peptic ulcer disease,Diarrhea Stomach pain Flatulence Dryness in mouth Dizziness Headache,2027-06-30,Tablet,"https://onemg.gumlet.io/l_watermark_346,w_480,h_480/a_ignore,w_480,h_480,c_fit,q_auto,f_auto/ztl6z4namhkryp2lb7zf.jpg",True,[]
161,Bisotab 2.5 Tablet,Nyeri & Demam,19158.0,139,Bisoprolol (2.5mg),Treatment of Hypertension (high blood pressure)Treatment of Angina (heart-related chest pain)Treatment of ArrhythmiaPrevention of Heart attackPrevention of Migraine,Dosis sesuai anjuran dokter. J B Chemicals and Pharmaceuticals Ltd,Bisoprolol (2.5mg),Treatment of Hypertension (high blood pressure)Treatment of Angina (heart-related chest pain)Treatment of ArrhythmiaPrevention of Heart attackPrevention of Migraine,Nausea Headache Slow heart rate Fatigue Constipation Diarrhea Dizziness Cold extremities,2028-03-15,Tablet,"https://onemg.gumlet.io/l_watermark_346,w_480,h_480/a_ignore,w_480,h_480,c_fit,q_auto,f_auto/d51f1a7968ff4a7c9cedd0b59178975d.jpg",True,[]
162,Omecip Capsule,Lambung & Pencernaan,99361.0,292,Omeprazole (20mg),Treatment of HeartburnTreatment of Gastroesophageal reflux disease (Acid reflux)Treatment of Peptic ulcer diseaseTreatment of Zollinger-Ellison syndrome,Dosis sesuai anjuran dokter. Cipla Ltd,Omeprazole (20mg),Treatment of HeartburnTreatment of Gastroesophageal reflux disease (Acid reflux)Treatment of Peptic ulcer diseaseTreatment of Zollinger-Ellison syndrome,Diarrhea Flatulence Headache Nausea Vomiting Abdominal pain,2026-12-31,Tablet,"https://onemg.gumlet.io/l_watermark_346,w_480,h_480/a_ignore,w_480,h_480,c_fit,q_auto,f_auto/nkabuqixgsbqc2cai7iu.jpg",True,[]
163,Protera-I Capsule SR,Lambung & Pencernaan,76032.0,203,Pantoprazole (40mg) + Itopride (150mg), Gastroesophageal reflux disease (Acid reflux) Peptic ulcer disease,Dosis sesuai anjuran dokter. Lupin Ltd,Pantoprazole (40mg) + Itopride (150mg), Gastroesophageal reflux disease (Acid reflux) Peptic ulcer disease,Diarrhea Stomach pain Headache Flatulence Dizziness Increased saliva production,2026-12-31,Tablet,"https://onemg.gumlet.io/l_watermark_346,w_480,h_480/a_ignore,w_480,h_480,c_fit,q_auto,f_auto/cropped/r2hps1rgqwgmjyhwtrwx.jpg",True,[]
164,Protol  -XL 50 Tablet,Nyeri & Demam,30524.0,204,Metoprolol Succinate (47.5mg),Treatment of Hypertension (high blood pressure)Treatment of Angina (heart-related chest pain)Treatment of ArrhythmiaPrevention of Heart attackPrevention of Migraine,Dosis sesuai anjuran dokter. Eris Lifesciences Ltd,Metoprolol Succinate (47.5mg),Treatment of Hypertension (high blood pressure)Treatment of Angina (heart-related chest pain)Treatment of ArrhythmiaPrevention of Heart attackPrevention of Migraine,Fatigue Headache Slow heart rate Dizziness Nausea Breathlessness Rash Diarrhea Depression,2027-11-20,Tablet,"https://onemg.gumlet.io/l_watermark_346,w_480,h_480/a_ignore,w_480,h_480,c_fit,q_auto,f_auto/fb5d33c2cec94182aaa43aff51f111ac.jpg",True,[]
165,Rablet 10 Tablet,Lambung & Pencernaan,92545.0,56,Rabeprazole (10mg),Treatment of Gastroesophageal reflux disease (Acid reflux)Treatment of Peptic ulcer diseaseTreatment of Zollinger-Ellison syndrome,Dosis sesuai anjuran dokter. Lupin Ltd,Rabeprazole (10mg),Treatment of Gastroesophageal reflux disease (Acid reflux)Treatment of Peptic ulcer diseaseTreatment of Zollinger-Ellison syndrome,Diarrhea Dizziness Flatulence Headache Nausea Sore throat Stomach pain Vomiting,2026-12-31,Tablet,"https://onemg.gumlet.io/l_watermark_346,w_480,h_480/a_ignore,w_480,h_480,c_fit,q_auto,f_auto/beymnlnexliltphppb4h.jpg",True,[]
166,Protol-XL 25 Tablet,Nyeri & Demam,7531.0,71,Metoprolol Succinate (23.75mg),Treatment of Hypertension (high blood pressure)Treatment of Angina (heart-related chest pain)Treatment of ArrhythmiaPrevention of Heart attackPrevention of Migraine,Dosis sesuai anjuran dokter. Eris Lifesciences Ltd,Metoprolol Succinate (23.75mg),Treatment of Hypertension (high blood pressure)Treatment of Angina (heart-related chest pain)Treatment of ArrhythmiaPrevention of Heart attackPrevention of Migraine,Fatigue Headache Slow heart rate Dizziness Nausea Breathlessness Rash Diarrhea Depression,2027-11-20,Tablet,"https://onemg.gumlet.io/l_watermark_346,w_480,h_480/a_ignore,w_480,h_480,c_fit,q_auto,f_auto/cropped/elb6vve1bgp8rie2xkwq.jpg",True,[]
167,Enliva 20mg/75mg Capsule SR,Lambung & Pencernaan,74549.0,240,Levosulpiride (75mg) + Rabeprazole (20mg),Treatment of Gastroesophageal reflux disease (Acid reflux)Treatment of Intestinal ulcersTreatment of Irritable bowel syndrome,Dosis sesuai anjuran dokter. Abbott,Levosulpiride (75mg) + Rabeprazole (20mg),Treatment of Gastroesophageal reflux disease (Acid reflux)Treatment of Intestinal ulcersTreatment of Irritable bowel syndrome,Nausea Stomach pain Diarrhea Flatulence Constipation Headache Dizziness Weakness Sleepiness Flu like symptoms,2028-03-15,Tablet,"https://onemg.gumlet.io/l_watermark_346,w_480,h_480/a_ignore,w_480,h_480,c_fit,q_auto,f_auto/cropped/n0gip7zcbrldwkecyqyd.jpg",True,[]
168,Inhipraz 40mg Tablet,Lambung & Pencernaan,34168.0,292,Pantoprazole (40mg),Treatment of HeartburnTreatment of Gastroesophageal reflux disease (Acid reflux)Treatment of Peptic ulcer diseaseTreatment of Zollinger-Ellison syndrome,Dosis sesuai anjuran dokter. La Renon Healthcare Pvt Ltd,Pantoprazole (40mg),Treatment of HeartburnTreatment of Gastroesophageal reflux disease (Acid reflux)Treatment of Peptic ulcer diseaseTreatment of Zollinger-Ellison syndrome,Diarrhea Flatulence Headache Nausea Stomach pain Vomiting Dizziness Upper respiratory tract infection,2027-11-20,Tablet,"https://onemg.gumlet.io/l_watermark_346,w_480,h_480/a_ignore,w_480,h_480,c_fit,q_auto,f_auto/02cbc09e1ab942d18e2e8be1f3cbb780.jpg",True,[]
169,Primodil 5 Tablet,Nyeri & Demam,28516.0,94,Amlodipine (5mg),Treatment of Hypertension (high blood pressure)Prevention of Angina (heart-related chest pain),Dosis sesuai anjuran dokter. Medley Pharmaceuticals,Amlodipine (5mg),Treatment of Hypertension (high blood pressure)Prevention of Angina (heart-related chest pain),Headache Fatigue Nausea Abdominal pain Sleepiness,2026-12-31,Tablet,"https://onemg.gumlet.io/l_watermark_346,w_480,h_480/a_ignore,w_480,h_480,c_fit,q_auto,f_auto/cropped/sl3qoaeashyjmxbkzhcw.jpg",True,[]
170,Amlokind 10mg Tablet,Nyeri & Demam,21936.0,135,Amlodipine (10mg),Treatment of Hypertension (high blood pressure)Prevention of Angina (heart-related chest pain),Dosis sesuai anjuran dokter. Mankind Pharma Ltd,Amlodipine (10mg),Treatment of Hypertension (high blood pressure)Prevention of Angina (heart-related chest pain),Headache Fatigue Nausea Abdominal pain Sleepiness,2028-03-15,Tablet,"https://onemg.gumlet.io/l_watermark_346,w_480,h_480/a_ignore,w_480,h_480,c_fit,q_auto,f_auto/mv2vlryi1925fy0hgxsf.jpg",True,[]
171,Met XL 50 Tablet,Nyeri & Demam,31521.0,204,Metoprolol Succinate (47.5mg),Treatment of Hypertension (high blood pressure)Treatment of Angina (heart-related chest pain)Treatment of ArrhythmiaPrevention of Heart attackPrevention of Migraine,Dosis sesuai anjuran dokter. Ajanta Pharma Ltd,Metoprolol Succinate (47.5mg),Treatment of Hypertension (high blood pressure)Treatment of Angina (heart-related chest pain)Treatment of ArrhythmiaPrevention of Heart attackPrevention of Migraine,Fatigue Headache Slow heart rate Dizziness Nausea Breathlessness Rash Diarrhea Depression,2028-03-15,Tablet,"https://onemg.gumlet.io/l_watermark_346,w_480,h_480/a_ignore,w_480,h_480,c_fit,q_auto,f_auto/f88468a30ffc41f594d885f0ec191c3c.jpg",True,[]
172,Ocid L Capsule PR,Lambung & Pencernaan,40312.0,87,Levosulpiride (75mg) + Esomeprazole (40mg),Treatment of Gastroesophageal reflux disease (Acid reflux)Treatment of Peptic ulcer disease,Dosis sesuai anjuran dokter. Zydus Cadila,Levosulpiride (75mg) + Esomeprazole (40mg),Treatment of Gastroesophageal reflux disease (Acid reflux)Treatment of Peptic ulcer disease,Nausea Vomiting Diarrhea Constipation Upset stomach Stomach pain Headache Flatulence Sleepiness,2026-12-31,Tablet,"https://onemg.gumlet.io/l_watermark_346,w_480,h_480/a_ignore,w_480,h_480,c_fit,q_auto,f_auto/caa247ac56ab488f8c87f35808788756.jpg",True,[]
173,Twincal 20 Tablet,Nyeri & Demam,25676.0,142,Cilnidipine (20mg),Treatment of Hypertension (high blood pressure)Prevention of Angina (heart-related chest pain)Prevention of Heart attackPrevention of Stroke,Dosis sesuai anjuran dokter. Zydus Cadila,Cilnidipine (20mg),Treatment of Hypertension (high blood pressure)Prevention of Angina (heart-related chest pain)Prevention of Heart attackPrevention of Stroke,Fatigue Sleepiness Flushing sense of warmth in the face ears neck and trunk Headache Nausea Dizziness Palpitations Edema swelling Abdominal pain Rash Muscle pain Eye pain Tremors Decreased blood pressure Itching,2028-03-15,Tablet,"https://onemg.gumlet.io/l_watermark_346,w_480,h_480/a_ignore,w_480,h_480,c_fit,q_auto,f_auto/tuce6xyh5rtx06kirzed.jpg",True,[]
174,Espin 2.5 Tablet,Nyeri & Demam,9193.0,262,S-Amlodipine (2.5mg),Treatment of Hypertension (high blood pressure)Prevention of Angina (heart-related chest pain)Prevention of Heart attackPrevention of Stroke,Dosis sesuai anjuran dokter. Intas Pharmaceuticals Ltd,S-Amlodipine (2.5mg),Treatment of Hypertension (high blood pressure)Prevention of Angina (heart-related chest pain)Prevention of Heart attackPrevention of Stroke,Ankle swelling Dizziness Fatigue Flushing sense of warmth in the face ears neck and trunk Headache Palpitations Abdominal pain Muscle cramp Nausea Sleepiness Visual disturbance Dyspepsia Breathlessness Change in bowel habits,2026-12-31,Tablet,"https://onemg.gumlet.io/l_watermark_346,w_480,h_480/a_ignore,w_480,h_480,c_fit,q_auto,f_auto/cropped/cxmjgf9hn55hem7rn21b.jpg",True,[]
175,Amcard 2.5 Tablet,Nyeri & Demam,25698.0,157,Amlodipine (2.5mg),Treatment of Hypertension (high blood pressure)Prevention of Angina (heart-related chest pain),Dosis sesuai anjuran dokter. Systopic Laboratories Pvt Ltd,Amlodipine (2.5mg),Treatment of Hypertension (high blood pressure)Prevention of Angina (heart-related chest pain),Headache Fatigue Nausea Abdominal pain Sleepiness,2027-06-30,Tablet,"https://onemg.gumlet.io/l_watermark_346,w_480,h_480/a_ignore,w_480,h_480,c_fit,q_auto,f_auto/cropped/f1drjj514l7qwag0xlej.jpg",True,[]
176,Atpark 25 Tablet,Nyeri & Demam,14241.0,173,Atenolol (25mg),Treatment of Hypertension (high blood pressure)Treatment of Angina (heart-related chest pain)Treatment of ArrhythmiaPrevention of Heart attack,Dosis sesuai anjuran dokter. Pfizer Ltd,Atenolol (25mg),Treatment of Hypertension (high blood pressure)Treatment of Angina (heart-related chest pain)Treatment of ArrhythmiaPrevention of Heart attack,Fatigue Slow heart rate Cold extremities Gastrointestinal disturbance,2027-06-30,Tablet,"https://onemg.gumlet.io/l_watermark_346,w_480,h_480/a_ignore,w_480,h_480,c_fit,q_auto,f_auto/wr1x10fx0hrzezypmpaq.jpg",True,[]
177,Esomefol Tablet,Lambung & Pencernaan,45776.0,224,Esomeprazole (40mg),Treatment of Gastroesophageal reflux disease (Acid reflux)Treatment of Peptic ulcer diseaseTreatment of Zollinger-Ellison syndrome,Dosis sesuai anjuran dokter. Leeford Healthcare Ltd,Esomeprazole (40mg),Treatment of Gastroesophageal reflux disease (Acid reflux)Treatment of Peptic ulcer diseaseTreatment of Zollinger-Ellison syndrome,Headache Dryness in mouth Nausea Abdominal pain Constipation Flatulence Diarrhea,2027-11-20,Tablet,"https://onemg.gumlet.io/l_watermark_346,w_480,h_480/a_ignore,w_480,h_480,c_fit,q_auto,f_auto/e862a90873b94db48c0b3c0237432f5f.jpg",True,[]
178,Atenex 25mg Tablet,Nyeri & Demam,11734.0,233,Atenolol (25mg),Treatment of Hypertension (high blood pressure)Treatment of Angina (heart-related chest pain)Treatment of ArrhythmiaPrevention of Heart attack,Dosis sesuai anjuran dokter. Zydus Cadila,Atenolol (25mg),Treatment of Hypertension (high blood pressure)Treatment of Angina (heart-related chest pain)Treatment of ArrhythmiaPrevention of Heart attack,Fatigue Slow heart rate Cold extremities Gastrointestinal disturbance,2027-11-20,Tablet,"https://onemg.gumlet.io/l_watermark_346,w_480,h_480/a_ignore,w_480,h_480,c_fit,q_auto,f_auto/f31qdw5daglkmhlo0vnf.jpg",True,[]
179,Zipant-DSR Capsule,Lambung & Pencernaan,66400.0,259,Domperidone (30mg) + Pantoprazole (40mg),Treatment of Gastroesophageal reflux disease (Acid reflux)Treatment of Peptic ulcer disease,Dosis sesuai anjuran dokter. FDC Ltd,Domperidone (30mg) + Pantoprazole (40mg),Treatment of Gastroesophageal reflux disease (Acid reflux)Treatment of Peptic ulcer disease,Diarrhea Stomach pain Flatulence Dryness in mouth Dizziness Headache,2028-03-15,Tablet,"https://onemg.gumlet.io/l_watermark_346,w_480,h_480/a_ignore,w_480,h_480,c_fit,q_auto,f_auto/bgoadldd2uz8ubztitiv.jpg",True,[]
180,Twincal 10 Tablet,Nyeri & Demam,26279.0,87,Cilnidipine (10mg),Treatment of Hypertension (high blood pressure)Prevention of Angina (heart-related chest pain)Prevention of Heart attackPrevention of Stroke,Dosis sesuai anjuran dokter. Zydus Cadila,Cilnidipine (10mg),Treatment of Hypertension (high blood pressure)Prevention of Angina (heart-related chest pain)Prevention of Heart attackPrevention of Stroke,Fatigue Sleepiness Flushing sense of warmth in the face ears neck and trunk Headache Nausea Dizziness Palpitations Edema swelling Abdominal pain Rash Muscle pain Eye pain Tremors Decreased blood pressure Itching,2027-06-30,Tablet,"https://onemg.gumlet.io/l_watermark_346,w_480,h_480/a_ignore,w_480,h_480,c_fit,q_auto,f_auto/cropped/a4b8cswp1dilfdxqlotb.jpg",True,[]
181,Rabalkem IT 20mg/150mg Capsule,Lambung & Pencernaan,54393.0,112,Rabeprazole (20mg) + Itopride (150mg), Gastroesophageal reflux disease (Acid reflux) Peptic ulcer disease,Dosis sesuai anjuran dokter. Alkem Laboratories Ltd,Rabeprazole (20mg) + Itopride (150mg), Gastroesophageal reflux disease (Acid reflux) Peptic ulcer disease,Stomach pain Diarrhea Constipation Headache Dizziness Flatulence Weakness Flu like symptoms Increased saliva production,2026-12-31,Tablet,"https://onemg.gumlet.io/l_watermark_346,w_480,h_480/a_ignore,w_480,h_480,c_fit,q_auto,f_auto/giofa9rjr59oblx2pqws.jpg",True,[]
182,Ivepred 4 Tablet,Kulit,65077.0,90,Methylprednisolone (4mg),Treatment of Rheumatic disorderTreatment of Systemic lupus erythematosus (SLE)Treatment of Allergic conditionsTreatment of Eye disordersTreatment of Skin disorders,Dosis sesuai anjuran dokter. Sun Pharmaceutical Industries Ltd,Methylprednisolone (4mg),Treatment of Rheumatic disorderTreatment of Systemic lupus erythematosus (SLE)Treatment of Allergic conditionsTreatment of Eye disordersTreatment of Skin disorders,Thinning of skin Increased risk of infection Reduction in bone density Weight gain Mood changes Upset stomach Behavioral changes,2027-11-20,Tablet,"https://onemg.gumlet.io/l_watermark_346,w_480,h_480/a_ignore,w_480,h_480,c_fit,q_auto,f_auto/47b3e9d9ae2a4b88a191457dd37c9a97.jpg",True,[]
183,Sompraz 20 Tablet,Lambung & Pencernaan,93642.0,65,Esomeprazole (20mg),Treatment of Gastroesophageal reflux disease (Acid reflux)Treatment of Peptic ulcer diseaseTreatment of Zollinger-Ellison syndrome,Dosis sesuai anjuran dokter. Sun Pharmaceutical Industries Ltd,Esomeprazole (20mg),Treatment of Gastroesophageal reflux disease (Acid reflux)Treatment of Peptic ulcer diseaseTreatment of Zollinger-Ellison syndrome,Headache Dryness in mouth Nausea Abdominal pain Constipation Flatulence Diarrhea,2027-06-30,Tablet,"https://onemg.gumlet.io/l_watermark_346,w_480,h_480/a_ignore,w_480,h_480,c_fit,q_auto,f_auto/cropped/rggeclrspw8inqrphrek.jpg",True,[]
184,Rabonik 40 Tablet,Lambung & Pencernaan,97621.0,295,Rabeprazole (40mg),Treatment of Gastroesophageal reflux disease (Acid reflux)Treatment of Peptic ulcer diseaseTreatment of Zollinger-Ellison syndrome,Dosis sesuai anjuran dokter. Eris Lifesciences Ltd,Rabeprazole (40mg),Treatment of Gastroesophageal reflux disease (Acid reflux)Treatment of Peptic ulcer diseaseTreatment of Zollinger-Ellison syndrome,Diarrhea Dizziness Flatulence Headache Nausea Sore throat Stomach pain Vomiting,2026-12-31,Tablet,"https://onemg.gumlet.io/l_watermark_346,w_480,h_480/a_ignore,w_480,h_480,c_fit,q_auto,f_auto/cropped/fagpcbkgekrtxd4e6x3s.jpg",True,[]
185,Rabonik 40 Plus Capsule SR,Lambung & Pencernaan,91569.0,229,Levosulpiride (75mg) + Rabeprazole (40mg),Treatment of Gastroesophageal reflux disease (Acid reflux)Treatment of Intestinal ulcersTreatment of Irritable bowel syndrome,Dosis sesuai anjuran dokter. Eris Lifesciences Ltd,Levosulpiride (75mg) + Rabeprazole (40mg),Treatment of Gastroesophageal reflux disease (Acid reflux)Treatment of Intestinal ulcersTreatment of Irritable bowel syndrome,Nausea Stomach pain Diarrhea Flatulence Constipation Headache Dizziness Weakness Sleepiness Flu like symptoms,2027-11-20,Tablet,"https://onemg.gumlet.io/l_watermark_346,w_480,h_480/a_ignore,w_480,h_480,c_fit,q_auto,f_auto/cropped/jf7kldxa72fpkev94tij.jpg",True,[]
186,Inderal LA 40 Tablet SR,Nyeri & Demam,29403.0,101,Propranolol (40mg),Treatment of PheochromocytomaTreatment of Hypertension (high blood pressure) Prevention of migraineTreatment of AnxietyTreatment of ArrhythmiaPrevention of Heart attackPrevention of Angina (heart-related chest pain)Treatment of Tremors,Dosis sesuai anjuran dokter. Abbott,Propranolol (40mg),Treatment of PheochromocytomaTreatment of Hypertension (high blood pressure) Prevention of migraineTreatment of AnxietyTreatment of ArrhythmiaPrevention of Heart attackPrevention of Angina (heart-related chest pain)Treatment of Tremors,Tiredness Weakness Raynaud s phenomenon Arrhythmia irregular heartbeats Nausea Vomiting Diarrhea,2026-12-31,Tablet,"https://onemg.gumlet.io/l_watermark_346,w_480,h_480/a_ignore,w_480,h_480,c_fit,q_auto,f_auto/y1wqiapquiwn4zih26eg.jpg",True,[]
187,Atecard 50 Tablet,Nyeri & Demam,27238.0,260,Atenolol (50mg),Treatment of Hypertension (high blood pressure)Treatment of Angina (heart-related chest pain)Treatment of ArrhythmiaPrevention of Heart attack,Dosis sesuai anjuran dokter. Alembic Pharmaceuticals Ltd,Atenolol (50mg),Treatment of Hypertension (high blood pressure)Treatment of Angina (heart-related chest pain)Treatment of ArrhythmiaPrevention of Heart attack,Fatigue Slow heart rate Cold extremities Gastrointestinal disturbance,2027-11-20,Tablet,"https://onemg.gumlet.io/l_watermark_346,w_480,h_480/a_ignore,w_480,h_480,c_fit,q_auto,f_auto/po2tdwe25oqilkb6ytmk.jpg",True,[]
188,Protochek DSR Capsule,Lambung & Pencernaan,97954.0,221,Domperidone (30mg) + Pantoprazole (40mg),Treatment of Gastroesophageal reflux disease (Acid reflux)Treatment of Peptic ulcer disease,Dosis sesuai anjuran dokter. Ipca Laboratories Ltd,Domperidone (30mg) + Pantoprazole (40mg),Treatment of Gastroesophageal reflux disease (Acid reflux)Treatment of Peptic ulcer disease,Diarrhea Stomach pain Flatulence Dryness in mouth Dizziness Headache,2027-11-20,Tablet,"https://onemg.gumlet.io/l_watermark_346,w_480,h_480/a_ignore,w_480,h_480,c_fit,q_auto,f_auto/dd42742cd57748b2be222b48bcb88057.jpg",True,[]
189,Pantin 40mg Tablet,Lambung & Pencernaan,73928.0,281,Pantoprazole (40mg),Treatment of HeartburnTreatment of Gastroesophageal reflux disease (Acid reflux)Treatment of Peptic ulcer diseaseTreatment of Zollinger-Ellison syndrome,Dosis sesuai anjuran dokter. Hetero Drugs Ltd,Pantoprazole (40mg),Treatment of HeartburnTreatment of Gastroesophageal reflux disease (Acid reflux)Treatment of Peptic ulcer diseaseTreatment of Zollinger-Ellison syndrome,Diarrhea Flatulence Headache Nausea Stomach pain Vomiting Dizziness Upper respiratory tract infection,2028-03-15,Tablet,"https://onemg.gumlet.io/l_watermark_346,w_480,h_480/a_ignore,w_480,h_480,c_fit,q_auto,f_auto/cfa27195daad43cbb01d3faae75ce374.jpg",True,[]
190,Wokride-D Capsule SR,Lambung & Pencernaan,72094.0,206,Domperidone (30mg) + Rabeprazole (20mg),Treatment of Gastroesophageal reflux disease (Acid reflux)Treatment of Peptic ulcer disease,Dosis sesuai anjuran dokter. Dr Reddy's Laboratories Ltd,Domperidone (30mg) + Rabeprazole (20mg),Treatment of Gastroesophageal reflux disease (Acid reflux)Treatment of Peptic ulcer disease,Diarrhea Stomach pain Dryness in mouth Headache Dizziness Flatulence Weakness Flu like symptoms,2028-03-15,Tablet,"https://onemg.gumlet.io/l_watermark_346,w_480,h_480/a_ignore,w_480,h_480,c_fit,q_auto,f_auto/t7wdlk2jacy5hnhlwqzr.jpg",True,[]
191,Inderal 20mg Tablet,Nyeri & Demam,19076.0,288,Propranolol (20mg),Treatment of PheochromocytomaTreatment of Hypertension (high blood pressure) Prevention of migraineTreatment of AnxietyTreatment of ArrhythmiaPrevention of Heart attackPrevention of Angina (heart-related chest pain)Treatment of Tremors,Dosis sesuai anjuran dokter. Abbott,Propranolol (20mg),Treatment of PheochromocytomaTreatment of Hypertension (high blood pressure) Prevention of migraineTreatment of AnxietyTreatment of ArrhythmiaPrevention of Heart attackPrevention of Angina (heart-related chest pain)Treatment of Tremors,Tiredness Weakness Raynaud s phenomenon Arrhythmia irregular heartbeats Nausea Vomiting Diarrhea,2028-03-15,Tablet,"https://onemg.gumlet.io/l_watermark_346,w_480,h_480/a_ignore,w_480,h_480,c_fit,q_auto,f_auto/2d44363c34d34e02a2e4101797f6952c.jpg",True,[]
192,Amlokind 2.5 Tablet,Nyeri & Demam,12862.0,146,Amlodipine (2.5mg),Treatment of Hypertension (high blood pressure)Prevention of Angina (heart-related chest pain),Dosis sesuai anjuran dokter. Mankind Pharma Ltd,Amlodipine (2.5mg),Treatment of Hypertension (high blood pressure)Prevention of Angina (heart-related chest pain),Headache Fatigue Nausea Abdominal pain Sleepiness,2027-06-30,Tablet,"https://onemg.gumlet.io/l_watermark_346,w_480,h_480/a_ignore,w_480,h_480,c_fit,q_auto,f_auto/c1krcwuokin2t69daoaq.jpg",True,[]
193,Amlodac 2.5 Tablet,Nyeri & Demam,33421.0,222,Amlodipine (2.5mg),Treatment of Hypertension (high blood pressure)Prevention of Angina (heart-related chest pain),Dosis sesuai anjuran dokter. Zydus Cadila,Amlodipine (2.5mg),Treatment of Hypertension (high blood pressure)Prevention of Angina (heart-related chest pain),Headache Fatigue Nausea Abdominal pain Sleepiness,2026-12-31,Tablet,"https://onemg.gumlet.io/l_watermark_346,w_480,h_480/a_ignore,w_480,h_480,c_fit,q_auto,f_auto/cropped/lhrgzgz1utqoeewnfepq.jpg",True,[]
194,Razo IV Injection,Lambung & Pencernaan,53185.0,209,Rabeprazole (20mg), Gastroesophageal reflux disease (Acid reflux)Treatment of Peptic ulcer disease,Dosis sesuai anjuran dokter. Dr Reddy's Laboratories Ltd,Rabeprazole (20mg), Gastroesophageal reflux disease (Acid reflux)Treatment of Peptic ulcer disease,Nausea Vomiting Headache Dizziness Flatulence Diarrhea Stomach pain Thrombophlebitis,2028-03-15,Tablet,"https://onemg.gumlet.io/l_watermark_346,w_480,h_480/a_ignore,w_480,h_480,c_fit,q_auto,f_auto/97deb08a805249e092bd17cc4e27568b.jpg",True,[]
195,Instigo-D Tablet,Lambung & Pencernaan,97267.0,239,Domperidone (30mg) + Rabeprazole (20mg),Treatment of Gastroesophageal reflux disease (Acid reflux)Treatment of Peptic ulcer disease,Dosis sesuai anjuran dokter. Mebio Labs Pvt Ltd,Domperidone (30mg) + Rabeprazole (20mg),Treatment of Gastroesophageal reflux disease (Acid reflux)Treatment of Peptic ulcer disease,Diarrhea Stomach pain Dryness in mouth Headache Dizziness Flatulence Weakness Flu like symptoms,2027-06-30,Tablet,"https://onemg.gumlet.io/l_watermark_346,w_480,h_480/a_ignore,w_480,h_480,c_fit,q_auto,f_auto/cropped/lvlvqjarywtvke3m0he8.png",True,[]
196,Raptac-DSR Capsule,Lambung & Pencernaan,28311.0,175,Domperidone (30mg) + Rabeprazole (20mg),Treatment of Gastroesophageal reflux disease (Acid reflux)Treatment of Peptic ulcer disease,Dosis sesuai anjuran dokter. Rapross Pharmaceuticals Pvt Ltd,Domperidone (30mg) + Rabeprazole (20mg),Treatment of Gastroesophageal reflux disease (Acid reflux)Treatment of Peptic ulcer disease,Diarrhea Stomach pain Dryness in mouth Headache Dizziness Flatulence Weakness Flu like symptoms,2027-11-20,Tablet,"https://onemg.gumlet.io/l_watermark_346,w_480,h_480/a_ignore,w_480,h_480,c_fit,q_auto,f_auto/cropped/hh5lcwsjkr15jmg9tmzr.jpg",True,[]
197,Inderal LA 20 Tablet SR,Nyeri & Demam,9668.0,254,Propranolol (20mg),Treatment of PheochromocytomaTreatment of Hypertension (high blood pressure) Prevention of migraineTreatment of AnxietyTreatment of ArrhythmiaPrevention of Heart attackPrevention of Angina (heart-related chest pain)Treatment of Tremors,Dosis sesuai anjuran dokter. Abbott,Propranolol (20mg),Treatment of PheochromocytomaTreatment of Hypertension (high blood pressure) Prevention of migraineTreatment of AnxietyTreatment of ArrhythmiaPrevention of Heart attackPrevention of Angina (heart-related chest pain)Treatment of Tremors,Tiredness Weakness Raynaud s phenomenon Arrhythmia irregular heartbeats Nausea Vomiting Diarrhea,2028-03-15,Tablet,"https://onemg.gumlet.io/l_watermark_346,w_480,h_480/a_ignore,w_480,h_480,c_fit,q_auto,f_auto/cropped/j74vuzva9tccrjigthky.jpg",True,[]
198,Hibesor 50mg Tablet,Nyeri & Demam,10581.0,288,Atenolol (50mg),Treatment of Hypertension (high blood pressure)Treatment of Angina (heart-related chest pain)Treatment of ArrhythmiaPrevention of Heart attack,Dosis sesuai anjuran dokter. Blue Cross Laboratories Ltd,Atenolol (50mg),Treatment of Hypertension (high blood pressure)Treatment of Angina (heart-related chest pain)Treatment of ArrhythmiaPrevention of Heart attack,Fatigue Slow heart rate Cold extremities Gastrointestinal disturbance,2027-06-30,Tablet,"https://onemg.gumlet.io/l_watermark_346,w_480,h_480/a_ignore,w_480,h_480,c_fit,q_auto,f_auto/vmdym0nwj4df7dgsw7jn.jpg",True,[]
199,Twinblok  5mg Tablet,Nyeri & Demam,22590.0,179,Cilnidipine (5mg),Treatment of Hypertension (high blood pressure)Prevention of Angina (heart-related chest pain)Prevention of Heart attackPrevention of Stroke,Dosis sesuai anjuran dokter. Aprica Pharmaceuticals Pvt Ltd,Cilnidipine (5mg),Treatment of Hypertension (high blood pressure)Prevention of Angina (heart-related chest pain)Prevention of Heart attackPrevention of Stroke,Fatigue Sleepiness Flushing sense of warmth in the face ears neck and trunk Headache Nausea Dizziness Palpitations Edema swelling Abdominal pain Rash Muscle pain Eye pain Tremors Decreased blood pressure Itching,2028-03-15,Tablet,"https://onemg.gumlet.io/l_watermark_346,w_480,h_480/a_ignore,w_480,h_480,c_fit,q_auto,f_auto/33ca756bee3e467a830c6a2112448f4d.jpg",True,[]
200,Pentaloc DSR 30mg/40mg Capsule,Lambung & Pencernaan,94339.0,67,Domperidone (30mg) + Pantoprazole (40mg),Treatment of Gastroesophageal reflux disease (Acid reflux)Treatment of Peptic ulcer disease,Dosis sesuai anjuran dokter. Cadila Pharmaceuticals Ltd,Domperidone (30mg) + Pantoprazole (40mg),Treatment of Gastroesophageal reflux disease (Acid reflux)Treatment of Peptic ulcer disease,Diarrhea Stomach pain Flatulence Dryness in mouth Dizziness Headache,2028-03-15,Tablet,"https://onemg.gumlet.io/l_watermark_346,w_480,h_480/a_ignore,w_480,h_480,c_fit,q_auto,f_auto/9cfdbf233c814beab13f129f128f51f3.jpg",True,[]
