id,name,category,price,stock,description,indication,dosage,ingredients,benefits,side_effects,expiry,type,photo,is_active,tags
2942,Panadol Regular,Nyeri & Demam,12000.0,390,Paracetamol 500mg,"Demam, sakit kepala, nyeri ringan; Gejala terkait: demam; sakit kepala; nyeri",Sesuai aturan pakai pada kemasan. Gunakan sesuai petunjuk pada kemasan. Jika sakit berlanjut hubungi dokter.,Paracetamol 500mg,"Demam, sakit kepala, nyeri ringan; demam; sakit kepala; nyeri; Gunakan sesuai petunjuk pada kemasan. Jika sakit berlanjut hubungi dokter.",Jarang: ruam kulit,2027-06-30,Produk,/static/medicines/Panadol Regular.jpg,True,"[""otc"",""indonesia"",""chatbot-ready""]"
2943,Panadol Extra,Nyeri & Demam,15000.0,170,"Paracetamol 500mg, Caffeine 65mg","Sakit kepala, migrain, demam; Gejala terkait: migrain; sakit kepala berat",Sesuai aturan pakai pada kemasan. Gunakan sesuai petunjuk pada kemasan. Jika sakit berlanjut hubungi dokter.,"Paracetamol 500mg, Caffeine 65mg","Sakit kepala, migrain, demam; migrain; sakit kepala berat; Gunakan sesuai petunjuk pada kemasan. Jika sakit berlanjut hubungi dokter.",Berdebar (dosis tinggi),2028-12-31,Produk,/static/medicines/Panadol Extra.jpg,True,"[""otc"",""indonesia"",""chatbot-ready""]"
2944,Panadol Biru,Nyeri & Demam,12000.0,209,Paracetamol 500mg,Demam dan nyeri ringan; Gejala terkait: demam; nyeri,Sesuai aturan pakai pada kemasan. Gunakan sesuai petunjuk pada kemasan. Jika sakit berlanjut hubungi dokter.,Paracetamol 500mg,Demam dan nyeri ringan; demam; nyeri; Gunakan sesuai petunjuk pada kemasan. Jika sakit berlanjut hubungi dokter.,Jarang,2028-03-15,Produk,/static/medicines/Panadol Biru.jpg,True,"[""otc"",""indonesia"",""chatbot-ready""]"
2945,Panadol Cold & Flu,Nyeri & Demam,18500.0,271,"Paracetamol 500mg, Phenylephrine 5mg","Flu, demam, hidung tersumbat; Gejala terkait: flu; demam; hidung tersumbat",Sesuai aturan pakai pada kemasan. Gunakan sesuai petunjuk pada kemasan. Jika sakit berlanjut hubungi dokter.,"Paracetamol 500mg, Phenylephrine 5mg","Flu, demam, hidung tersumbat; flu; demam; hidung tersumbat; Gunakan sesuai petunjuk pada kemasan. Jika sakit berlanjut hubungi dokter.",Mengantuk ringan,2028-12-31,Produk,/static/medicines/Panadol Cold & Flu.jpg,True,"[""otc"",""indonesia"",""chatbot-ready""]"
2946,Panadol Anak Sirup,Nyeri & Demam,32000.0,468,Paracetamol 120mg/5ml,Demam dan nyeri pada anak; Gejala terkait: demam anak; panas bayi,Sesuai aturan pakai pada kemasan. Gunakan sesuai petunjuk pada kemasan. Jika sakit berlanjut hubungi dokter.,Paracetamol 120mg/5ml,Demam dan nyeri pada anak; demam anak; panas bayi; Gunakan sesuai petunjuk pada kemasan. Jika sakit berlanjut hubungi dokter.,Jarang,2026-12-31,Sirup,/static/medicines/Panadol Anak Sirup.jpg,True,"[""otc"",""indonesia"",""chatbot-ready""]"
2947,Panadol Box 100s,Nyeri & Demam,85000.0,62,Paracetamol 500mg,"Demam, sakit kepala, nyeri ringan; Gejala terkait: panadol isi banyak; demam",Sesuai aturan pakai pada kemasan. Gunakan sesuai petunjuk pada kemasan. Jika sakit berlanjut hubungi dokter.,Paracetamol 500mg,"Demam, sakit kepala, nyeri ringan; panadol isi banyak; demam; Gunakan sesuai petunjuk pada kemasan. Jika sakit berlanjut hubungi dokter.",Jarang,2027-06-30,Produk,/static/medicines/Panadol Box 100s.jpg,True,"[""otc"",""indonesia"",""chatbot-ready""]"
2948,Sanmol Strip 4s,Nyeri & Demam,6000.0,492,Paracetamol 500mg,Demam dan nyeri ringan; Gejala terkait: demam; panas; nyeri,Sesuai aturan pakai pada kemasan. Gunakan sesuai petunjuk pada kemasan. Jika sakit berlanjut hubungi dokter.,Paracetamol 500mg,Demam dan nyeri ringan; demam; panas; nyeri; Gunakan sesuai petunjuk pada kemasan. Jika sakit berlanjut hubungi dokter.,Jarang: ruam kulit,2026-12-31,Produk,/static/medicines/Sanmol Strip 4s.jpg,True,"[""otc"",""indonesia"",""chatbot-ready""]"
2949,Sanmol Sirup,Nyeri & Demam,22000.0,395,Paracetamol 120mg/5ml,Demam anak; Gejala terkait: demam anak; panas anak,Sesuai aturan pakai pada kemasan. Gunakan sesuai petunjuk pada kemasan. Jika sakit berlanjut hubungi dokter.,Paracetamol 120mg/5ml,Demam anak; demam anak; panas anak; Gunakan sesuai petunjuk pada kemasan. Jika sakit berlanjut hubungi dokter.,Jarang,2028-12-31,Sirup,/static/medicines/Sanmol Sirup.jpg,True,"[""otc"",""indonesia"",""chatbot-ready""]"
2950,Sanmol Forte Sirup,Nyeri & Demam,28000.0,250,Paracetamol 250mg/5ml,Demam tinggi anak; Gejala terkait: demam tinggi anak,Sesuai aturan pakai pada kemasan. Gunakan sesuai petunjuk pada kemasan. Jika sakit berlanjut hubungi dokter.,Paracetamol 250mg/5ml,Demam tinggi anak; demam tinggi anak; Gunakan sesuai petunjuk pada kemasan. Jika sakit berlanjut hubungi dokter.,Jarang,2026-12-31,Sirup,/static/medicines/Sanmol Forte Sirup.jpg,True,"[""otc"",""indonesia"",""chatbot-ready""]"
2951,Sanmol Drops,Nyeri & Demam,35000.0,108,Paracetamol 100mg/ml,Demam bayi; Gejala terkait: demam bayi; panas bayi,Sesuai aturan pakai pada kemasan. Gunakan sesuai petunjuk pada kemasan. Jika sakit berlanjut hubungi dokter.,Paracetamol 100mg/ml,Demam bayi; demam bayi; panas bayi; Gunakan sesuai petunjuk pada kemasan. Jika sakit berlanjut hubungi dokter.,Jarang,2026-12-31,Produk,/static/medicines/Sanmol Drops.jpg,True,"[""otc"",""indonesia"",""chatbot-ready""]"
2952,Biogesic Paracetamol Isi 4 Tablet,Nyeri & Demam,5000.0,243,Paracetamol 500mg,Demam dan nyeri ringan; Gejala terkait: demam; nyeri,Sesuai aturan pakai pada kemasan. Gunakan sesuai petunjuk pada kemasan. Jika sakit berlanjut hubungi dokter.,Paracetamol 500mg,Demam dan nyeri ringan; demam; nyeri; Gunakan sesuai petunjuk pada kemasan. Jika sakit berlanjut hubungi dokter.,Jarang,2026-12-31,Tablet,/static/medicines/Biogesic Paracetamol Isi 4 Tablet.jpg,True,"[""otc"",""indonesia"",""chatbot-ready""]"
2953,Biogesic Sirup Rasa jeruk 60ml,Nyeri & Demam,20000.0,132,Paracetamol 120mg/5ml,Demam anak rasa jeruk; Gejala terkait: demam anak; jeruk,Sesuai aturan pakai pada kemasan. Gunakan sesuai petunjuk pada kemasan. Jika sakit berlanjut hubungi dokter.,Paracetamol 120mg/5ml,Demam anak rasa jeruk; demam anak; jeruk; Gunakan sesuai petunjuk pada kemasan. Jika sakit berlanjut hubungi dokter.,Jarang,2028-03-15,Sirup,/static/medicines/Biogesic Sirup Rasa jeruk 60ml.jpg,True,"[""otc"",""indonesia"",""chatbot-ready""]"
2954,Sumagesic Tablet 600mg,Nyeri & Demam,15000.0,234,Paracetamol 600mg,"Sakit kepala, sakit gigi, demam berat; Gejala terkait: demam tinggi; sakit kepala berat; sakit gigi",Sesuai aturan pakai pada kemasan. Gunakan sesuai petunjuk pada kemasan. Jika sakit berlanjut hubungi dokter.,Paracetamol 600mg,"Sakit kepala, sakit gigi, demam berat; demam tinggi; sakit kepala berat; sakit gigi; Gunakan sesuai petunjuk pada kemasan. Jika sakit berlanjut hubungi dokter.",Gangguan hati dosis tinggi,2026-12-31,Tablet,/static/medicines/Sumagesic Tablet 600mg.jpg,True,"[""otc"",""indonesia"",""chatbot-ready""]"
2955,Proris Tablet,Nyeri & Demam,12000.0,209,Ibuprofen 200mg,"Nyeri sendi, sakit gigi, demam; Gejala terkait: nyeri radang; demam; sakit gigi",Sesuai aturan pakai pada kemasan. Gunakan sesuai petunjuk pada kemasan. Jika sakit berlanjut hubungi dokter.,Ibuprofen 200mg,"Nyeri sendi, sakit gigi, demam; nyeri radang; demam; sakit gigi; Gunakan sesuai petunjuk pada kemasan. Jika sakit berlanjut hubungi dokter.",Nyeri lambung,2028-12-31,Tablet,/static/medicines/Proris Tablet.jpg,True,"[""otc"",""indonesia"",""chatbot-ready""]"
2956,Proris Forte Sirup 50ml,Nyeri & Demam,25000.0,255,Ibuprofen 100mg/5ml,"Demam anak, sakit gigi anak; Gejala terkait: demam anak; sakit gigi anak",Sesuai aturan pakai pada kemasan. Gunakan sesuai petunjuk pada kemasan. Jika sakit berlanjut hubungi dokter.,Ibuprofen 100mg/5ml,"Demam anak, sakit gigi anak; demam anak; sakit gigi anak; Gunakan sesuai petunjuk pada kemasan. Jika sakit berlanjut hubungi dokter.",Nyeri lambung,2026-12-31,Sirup,/static/medicines/Proris Forte Sirup 50ml.jpg,True,"[""otc"",""indonesia"",""chatbot-ready""]"
2957,Proris Botol 60ml,Nyeri & Demam,22000.0,309,Ibuprofen 100mg/5ml,Demam dan nyeri anak; Gejala terkait: demam anak; nyeri,Sesuai aturan pakai pada kemasan. Gunakan sesuai petunjuk pada kemasan. Jika sakit berlanjut hubungi dokter.,Ibuprofen 100mg/5ml,Demam dan nyeri anak; demam anak; nyeri; Gunakan sesuai petunjuk pada kemasan. Jika sakit berlanjut hubungi dokter.,Nyeri lambung,2028-03-15,Produk,/static/medicines/Proris Botol 60ml.jpg,True,"[""otc"",""indonesia"",""chatbot-ready""]"
2958,Proris Suppositoria,Nyeri & Demam,40000.0,319,Ibuprofen 125mg,Demam tinggi anak yang tidak bisa minum; Gejala terkait: demam tinggi anak; suppositoria,Sesuai aturan pakai pada kemasan. Gunakan sesuai petunjuk pada kemasan. Jika sakit berlanjut hubungi dokter.,Ibuprofen 125mg,Demam tinggi anak yang tidak bisa minum; demam tinggi anak; suppositoria; Gunakan sesuai petunjuk pada kemasan. Jika sakit berlanjut hubungi dokter.,Nyeri lambung,2027-06-30,Produk,/static/medicines/Proris Suppositoria.jpg,True,"[""otc"",""indonesia"",""chatbot-ready""]"
2959,Farsifen Tablet,Nyeri & Demam,8000.0,284,Ibuprofen 200mg,"Sakit gigi, demam, nyeri haid; Gejala terkait: nyeri haid; sakit gigi; demam",Sesuai aturan pakai pada kemasan. Gunakan sesuai petunjuk pada kemasan. Jika sakit berlanjut hubungi dokter.,Ibuprofen 200mg,"Sakit gigi, demam, nyeri haid; nyeri haid; sakit gigi; demam; Gunakan sesuai petunjuk pada kemasan. Jika sakit berlanjut hubungi dokter.",Nyeri lambung,2028-12-31,Tablet,/static/medicines/Farsifen Tablet.jpg,True,"[""otc"",""indonesia"",""chatbot-ready""]"
2960,Farsifen Sirup 60 ml,Nyeri & Demam,18000.0,287,Ibuprofen 100mg/5ml,Nyeri dan demam anak; Gejala terkait: demam anak; nyeri anak,Sesuai aturan pakai pada kemasan. Gunakan sesuai petunjuk pada kemasan. Jika sakit berlanjut hubungi dokter.,Ibuprofen 100mg/5ml,Nyeri dan demam anak; demam anak; nyeri anak; Gunakan sesuai petunjuk pada kemasan. Jika sakit berlanjut hubungi dokter.,Nyeri lambung,2027-06-30,Sirup,/static/medicines/Farsifen Sirup 60 ml.jpg,True,"[""otc"",""indonesia"",""chatbot-ready""]"
2961,Bodrex Tablet,Nyeri & Demam,9000.0,274,"Paracetamol 600mg, Caffeine 50mg","Sakit kepala, pusing; Gejala terkait: sakit kepala; pusing",Sesuai aturan pakai pada kemasan. Gunakan sesuai petunjuk pada kemasan. Jika sakit berlanjut hubungi dokter.,"Paracetamol 600mg, Caffeine 50mg","Sakit kepala, pusing; sakit kepala; pusing; Gunakan sesuai petunjuk pada kemasan. Jika sakit berlanjut hubungi dokter.",Berdebar,2028-03-15,Tablet,/static/medicines/Bodrex Tablet.jpg,True,"[""otc"",""indonesia"",""chatbot-ready""]"
2962,Bodrex Extra,Nyeri & Demam,12000.0,196,"Paracetamol 600mg, Caffeine 65mg","Sakit kepala berat, migrain; Gejala terkait: sakit kepala; migrain",Sesuai aturan pakai pada kemasan. Gunakan sesuai petunjuk pada kemasan. Jika sakit berlanjut hubungi dokter.,"Paracetamol 600mg, Caffeine 65mg","Sakit kepala berat, migrain; sakit kepala; migrain; Gunakan sesuai petunjuk pada kemasan. Jika sakit berlanjut hubungi dokter.","Berdebar, insomnia",2028-03-15,Produk,/static/medicines/Bodrex Extra.jpg,True,"[""otc"",""indonesia"",""chatbot-ready""]"
2963,Bodrex Migra,Nyeri & Demam,15000.0,385,"Paracetamol, Caffeine, Ergotamine",Migrain akut; Gejala terkait: migrain berat,Sesuai aturan pakai pada kemasan. Gunakan sesuai petunjuk pada kemasan. Jika sakit berlanjut hubungi dokter.,"Paracetamol, Caffeine, Ergotamine",Migrain akut; migrain berat; Gunakan sesuai petunjuk pada kemasan. Jika sakit berlanjut hubungi dokter.,"Berdebar, mual",2028-03-15,Produk,/static/medicines/Bodrex Migra.jpg,True,"[""otc"",""indonesia"",""chatbot-ready""]"
2964,Bodrex Flu & Batuk,Nyeri & Demam,14000.0,484,"Paracetamol, Phenylephrine, CTM, Dextromethorphan","Flu, batuk, demam; Gejala terkait: flu batuk; meriang",Sesuai aturan pakai pada kemasan. Gunakan sesuai petunjuk pada kemasan. Jika sakit berlanjut hubungi dokter.,"Paracetamol, Phenylephrine, CTM, Dextromethorphan","Flu, batuk, demam; flu batuk; meriang; Gunakan sesuai petunjuk pada kemasan. Jika sakit berlanjut hubungi dokter.",Mengantuk,2026-12-31,Produk,/static/medicines/Bodrex Flu & Batuk.jpg,True,"[""otc"",""indonesia"",""chatbot-ready""]"
2965,Oskadon Tablet,Nyeri & Demam,7000.0,141,"Paracetamol 500mg, Caffeine 35mg","Sakit kepala, pusing; Gejala terkait: sakit kepala; pusing",Sesuai aturan pakai pada kemasan. Gunakan sesuai petunjuk pada kemasan. Jika sakit berlanjut hubungi dokter.,"Paracetamol 500mg, Caffeine 35mg","Sakit kepala, pusing; sakit kepala; pusing; Gunakan sesuai petunjuk pada kemasan. Jika sakit berlanjut hubungi dokter.",Sulit tidur,2026-12-31,Tablet,/static/medicines/Oskadon Tablet.jpg,True,"[""otc"",""indonesia"",""chatbot-ready""]"
2966,Oskadon Sp,Nyeri & Demam,8500.0,436,"Paracetamol 500mg, Caffeine 50mg, Propyphenazone",Sakit kepala berat; Gejala terkait: sakit kepala berat,Sesuai aturan pakai pada kemasan. Gunakan sesuai petunjuk pada kemasan. Jika sakit berlanjut hubungi dokter.,"Paracetamol 500mg, Caffeine 50mg, Propyphenazone",Sakit kepala berat; sakit kepala berat; Gunakan sesuai petunjuk pada kemasan. Jika sakit berlanjut hubungi dokter.,"Berdebar, insomnia",2027-06-30,Produk,/static/medicines/Oskadon Sp.jpg,True,"[""otc"",""indonesia"",""chatbot-ready""]"
2967,Paramex Nyeri Otot,Nyeri & Demam,10000.0,141,"Paracetamol 250mg, Propyphenazone, Caffeine, Methocarbamol","Nyeri otot, pegal; Gejala terkait: nyeri otot; pegal badan",Sesuai aturan pakai pada kemasan. Gunakan sesuai petunjuk pada kemasan. Jika sakit berlanjut hubungi dokter.,"Paracetamol 250mg, Propyphenazone, Caffeine, Methocarbamol","Nyeri otot, pegal; nyeri otot; pegal badan; Gunakan sesuai petunjuk pada kemasan. Jika sakit berlanjut hubungi dokter.","Berdebar, mengantuk",2028-03-15,Produk,/static/medicines/Paramex Nyeri Otot.jpg,True,"[""otc"",""indonesia"",""chatbot-ready""]"
2968,Paramex Tube 30g,Nyeri & Demam,12000.0,128,"Paracetamol 250mg, Propyphenazone, Caffeine",Sakit kepala; Gejala terkait: sakit kepala; pusing,Sesuai aturan pakai pada kemasan. Gunakan sesuai petunjuk pada kemasan. Jika sakit berlanjut hubungi dokter.,"Paracetamol 250mg, Propyphenazone, Caffeine",Sakit kepala; sakit kepala; pusing; Gunakan sesuai petunjuk pada kemasan. Jika sakit berlanjut hubungi dokter.,Berdebar,2028-03-15,Produk,/static/medicines/Paramex Tube 30g.jpg,True,"[""otc"",""indonesia"",""chatbot-ready""]"
2969,Inzana Tablet Kunyah,Nyeri & Demam,5000.0,120,Aspirin 80mg,Demam anak ringan; Gejala terkait: demam anak ringan; aspirin anak,Sesuai aturan pakai pada kemasan. Gunakan sesuai petunjuk pada kemasan. Jika sakit berlanjut hubungi dokter.,Aspirin 80mg,Demam anak ringan; demam anak ringan; aspirin anak; Gunakan sesuai petunjuk pada kemasan. Jika sakit berlanjut hubungi dokter.,Iritasi lambung,2027-06-30,Tablet,/static/medicines/Inzana Tablet Kunyah.jpg,True,"[""otc"",""indonesia"",""chatbot-ready""]"
2970,Inzana Box 30s,Nyeri & Demam,28000.0,438,Aspirin 80mg,Demam anak; Gejala terkait: demam anak; aspirin,Sesuai aturan pakai pada kemasan. Gunakan sesuai petunjuk pada kemasan. Jika sakit berlanjut hubungi dokter.,Aspirin 80mg,Demam anak; demam anak; aspirin; Gunakan sesuai petunjuk pada kemasan. Jika sakit berlanjut hubungi dokter.,Iritasi lambung,2026-12-31,Produk,/static/medicines/Inzana Box 30s.jpg,True,"[""otc"",""indonesia"",""chatbot-ready""]"
2971,Inzana Sachet 5ml,Nyeri & Demam,3000.0,283,Paracetamol sirup,Demam anak sachet praktis; Gejala terkait: demam anak sachet,Sesuai aturan pakai pada kemasan. Gunakan sesuai petunjuk pada kemasan. Jika sakit berlanjut hubungi dokter.,Paracetamol sirup,Demam anak sachet praktis; demam anak sachet; Gunakan sesuai petunjuk pada kemasan. Jika sakit berlanjut hubungi dokter.,Jarang,2028-03-15,Sachet,/static/medicines/Inzana Sachet 5ml.jpg,True,"[""otc"",""indonesia"",""chatbot-ready""]"
2972,Contrexyn Tablet Anak,Nyeri & Demam,6000.0,459,"Aspirin 80mg, Vitamin C",Demam anak; Gejala terkait: demam anak,Sesuai aturan pakai pada kemasan. Gunakan sesuai petunjuk pada kemasan. Jika sakit berlanjut hubungi dokter.,"Aspirin 80mg, Vitamin C",Demam anak; demam anak; Gunakan sesuai petunjuk pada kemasan. Jika sakit berlanjut hubungi dokter.,Iritasi lambung,2026-12-31,Tablet,/static/medicines/Contrexyn Tablet Anak.jpg,True,"[""otc"",""indonesia"",""chatbot-ready""]"
2973,Contrexyn Sirup,Nyeri & Demam,15000.0,238,Paracetamol 120mg/5ml,Demam anak; Gejala terkait: demam anak,Sesuai aturan pakai pada kemasan. Gunakan sesuai petunjuk pada kemasan. Jika sakit berlanjut hubungi dokter.,Paracetamol 120mg/5ml,Demam anak; demam anak; Gunakan sesuai petunjuk pada kemasan. Jika sakit berlanjut hubungi dokter.,Jarang,2027-06-30,Sirup,/static/medicines/Contrexyn Sirup.jpg,True,"[""otc"",""indonesia"",""chatbot-ready""]"
2974,Contrexyn Strip 4s,Nyeri & Demam,5000.0,372,Paracetamol 500mg,Demam dan nyeri; Gejala terkait: demam; nyeri,Sesuai aturan pakai pada kemasan. Gunakan sesuai petunjuk pada kemasan. Jika sakit berlanjut hubungi dokter.,Paracetamol 500mg,Demam dan nyeri; demam; nyeri; Gunakan sesuai petunjuk pada kemasan. Jika sakit berlanjut hubungi dokter.,Jarang,2028-12-31,Produk,/static/medicines/Contrexyn Strip 4s.jpg,True,"[""otc"",""indonesia"",""chatbot-ready""]"
2975,Contrexyn Box isi 100 tablet,Nyeri & Demam,65000.0,69,Paracetamol 500mg,Demam dan nyeri stok keluarga; Gejala terkait: demam; nyeri; stok keluarga,Sesuai aturan pakai pada kemasan. Gunakan sesuai petunjuk pada kemasan. Jika sakit berlanjut hubungi dokter.,Paracetamol 500mg,Demam dan nyeri stok keluarga; demam; nyeri; stok keluarga; Gunakan sesuai petunjuk pada kemasan. Jika sakit berlanjut hubungi dokter.,Jarang,2028-03-15,Tablet,/static/medicines/Contrexyn Box isi 100 tablet.jpg,True,"[""otc"",""indonesia"",""chatbot-ready""]"
2976,Dumin Tablet,Nyeri & Demam,15000.0,365,Paracetamol 500mg,Demam dan nyeri; Gejala terkait: demam; nyeri,Sesuai aturan pakai pada kemasan. Gunakan sesuai petunjuk pada kemasan. Jika sakit berlanjut hubungi dokter.,Paracetamol 500mg,Demam dan nyeri; demam; nyeri; Gunakan sesuai petunjuk pada kemasan. Jika sakit berlanjut hubungi dokter.,Jarang,2026-12-31,Tablet,/static/medicines/Dumin Tablet.jpg,True,"[""otc"",""indonesia"",""chatbot-ready""]"
2977,Dumin Botol 60ml,Nyeri & Demam,22000.0,291,Paracetamol 120mg/5ml,Demam anak; Gejala terkait: demam anak,Sesuai aturan pakai pada kemasan. Gunakan sesuai petunjuk pada kemasan. Jika sakit berlanjut hubungi dokter.,Paracetamol 120mg/5ml,Demam anak; demam anak; Gunakan sesuai petunjuk pada kemasan. Jika sakit berlanjut hubungi dokter.,Jarang,2028-12-31,Produk,/static/medicines/Dumin Botol 60ml.jpg,True,"[""otc"",""indonesia"",""chatbot-ready""]"
2978,Dumin Rectal Tube 125mg,Nyeri & Demam,35000.0,477,Paracetamol 125mg,Demam anak yang tidak bisa minum obat; Gejala terkait: demam anak suppositoria; bayi tidak mau minum,Sesuai aturan pakai pada kemasan. Gunakan sesuai petunjuk pada kemasan. Jika sakit berlanjut hubungi dokter.,Paracetamol 125mg,Demam anak yang tidak bisa minum obat; demam anak suppositoria; bayi tidak mau minum; Gunakan sesuai petunjuk pada kemasan. Jika sakit berlanjut hubungi dokter.,Jarang,2028-03-15,Produk,/static/medicines/Dumin Rectal Tube 125mg.jpg,True,"[""otc"",""indonesia"",""chatbot-ready""]"
2979,Dumin Rectal Tube 250mg,Nyeri & Demam,40000.0,414,Paracetamol 250mg,Demam anak besar/remaja yang tidak bisa minum; Gejala terkait: demam anak suppositoria,Sesuai aturan pakai pada kemasan. Gunakan sesuai petunjuk pada kemasan. Jika sakit berlanjut hubungi dokter.,Paracetamol 250mg,Demam anak besar/remaja yang tidak bisa minum; demam anak suppositoria; Gunakan sesuai petunjuk pada kemasan. Jika sakit berlanjut hubungi dokter.,Jarang,2027-06-30,Produk,/static/medicines/Dumin Rectal Tube 250mg.jpg,True,"[""otc"",""indonesia"",""chatbot-ready""]"
2980,Pamol Tablet,Nyeri & Demam,14000.0,346,Paracetamol 500mg,Demam dan nyeri; Gejala terkait: demam; nyeri,Sesuai aturan pakai pada kemasan. Gunakan sesuai petunjuk pada kemasan. Jika sakit berlanjut hubungi dokter.,Paracetamol 500mg,Demam dan nyeri; demam; nyeri; Gunakan sesuai petunjuk pada kemasan. Jika sakit berlanjut hubungi dokter.,Jarang,2028-12-31,Tablet,/static/medicines/Pamol Tablet.jpg,True,"[""otc"",""indonesia"",""chatbot-ready""]"
2981,Pamol Botol 120ml,Nyeri & Demam,20000.0,206,Paracetamol 120mg/5ml,Demam anak; Gejala terkait: demam anak,Sesuai aturan pakai pada kemasan. Gunakan sesuai petunjuk pada kemasan. Jika sakit berlanjut hubungi dokter.,Paracetamol 120mg/5ml,Demam anak; demam anak; Gunakan sesuai petunjuk pada kemasan. Jika sakit berlanjut hubungi dokter.,Jarang,2028-03-15,Produk,/static/medicines/Pamol Botol 120ml.jpg,True,"[""otc"",""indonesia"",""chatbot-ready""]"
2982,Pamol Suppositoria,Nyeri & Demam,30000.0,464,Paracetamol 150mg,Demam anak yang sulit minum obat; Gejala terkait: demam suppositoria; anak tidak mau minum,Sesuai aturan pakai pada kemasan. Gunakan sesuai petunjuk pada kemasan. Jika sakit berlanjut hubungi dokter.,Paracetamol 150mg,Demam anak yang sulit minum obat; demam suppositoria; anak tidak mau minum; Gunakan sesuai petunjuk pada kemasan. Jika sakit berlanjut hubungi dokter.,Jarang,2028-12-31,Produk,/static/medicines/Pamol Suppositoria.jpg,True,"[""otc"",""indonesia"",""chatbot-ready""]"
2983,Fasidol Strip 10s,Nyeri & Demam,6000.0,192,Paracetamol 500mg,Demam dan nyeri; Gejala terkait: demam; nyeri,Sesuai aturan pakai pada kemasan. Gunakan sesuai petunjuk pada kemasan. Jika sakit berlanjut hubungi dokter.,Paracetamol 500mg,Demam dan nyeri; demam; nyeri; Gunakan sesuai petunjuk pada kemasan. Jika sakit berlanjut hubungi dokter.,Jarang,2026-12-31,Produk,/static/medicines/Fasidol Strip 10s.jpg,True,"[""otc"",""indonesia"",""chatbot-ready""]"
2984,Fasidol Forte,Nyeri & Demam,8000.0,206,Paracetamol 650mg,"Demam tinggi, sakit kepala berat; Gejala terkait: demam tinggi; sakit kepala berat",Sesuai aturan pakai pada kemasan. Gunakan sesuai petunjuk pada kemasan. Jika sakit berlanjut hubungi dokter.,Paracetamol 650mg,"Demam tinggi, sakit kepala berat; demam tinggi; sakit kepala berat; Gunakan sesuai petunjuk pada kemasan. Jika sakit berlanjut hubungi dokter.",Jarang,2028-03-15,Produk,/static/medicines/Fasidol Forte.jpg,True,"[""otc"",""indonesia"",""chatbot-ready""]"
2985,Fasidol Sirup,Nyeri & Demam,12000.0,353,Paracetamol 120mg/5ml,Demam anak; Gejala terkait: demam anak,Sesuai aturan pakai pada kemasan. Gunakan sesuai petunjuk pada kemasan. Jika sakit berlanjut hubungi dokter.,Paracetamol 120mg/5ml,Demam anak; demam anak; Gunakan sesuai petunjuk pada kemasan. Jika sakit berlanjut hubungi dokter.,Jarang,2027-06-30,Sirup,/static/medicines/Fasidol Sirup.jpg,True,"[""otc"",""indonesia"",""chatbot-ready""]"
2986,Fasidol Drops,Nyeri & Demam,15000.0,197,Paracetamol 100mg/ml,Demam bayi; Gejala terkait: demam bayi,Sesuai aturan pakai pada kemasan. Gunakan sesuai petunjuk pada kemasan. Jika sakit berlanjut hubungi dokter.,Paracetamol 100mg/ml,Demam bayi; demam bayi; Gunakan sesuai petunjuk pada kemasan. Jika sakit berlanjut hubungi dokter.,Jarang,2028-12-31,Produk,/static/medicines/Fasidol Drops.jpg,True,"[""otc"",""indonesia"",""chatbot-ready""]"
2987,Tempra Sirup,Nyeri & Demam,42000.0,125,Paracetamol 160mg/5ml,Demam anak; Gejala terkait: demam anak,Sesuai aturan pakai pada kemasan. Gunakan sesuai petunjuk pada kemasan. Jika sakit berlanjut hubungi dokter.,Paracetamol 160mg/5ml,Demam anak; demam anak; Gunakan sesuai petunjuk pada kemasan. Jika sakit berlanjut hubungi dokter.,Jarang,2028-03-15,Sirup,/static/medicines/Tempra Sirup.jpg,True,"[""otc"",""indonesia"",""chatbot-ready""]"
2988,Tempra Forte Sirup,Nyeri & Demam,48000.0,451,Paracetamol 250mg/5ml,Demam tinggi anak; Gejala terkait: demam tinggi anak,Sesuai aturan pakai pada kemasan. Gunakan sesuai petunjuk pada kemasan. Jika sakit berlanjut hubungi dokter.,Paracetamol 250mg/5ml,Demam tinggi anak; demam tinggi anak; Gunakan sesuai petunjuk pada kemasan. Jika sakit berlanjut hubungi dokter.,Jarang,2028-03-15,Sirup,/static/medicines/Tempra Forte Sirup.jpg,True,"[""otc"",""indonesia"",""chatbot-ready""]"
2989,Tempra Drops,Nyeri & Demam,45000.0,317,Paracetamol 80mg/ml,Demam bayi; Gejala terkait: demam bayi; panas bayi,Sesuai aturan pakai pada kemasan. Gunakan sesuai petunjuk pada kemasan. Jika sakit berlanjut hubungi dokter.,Paracetamol 80mg/ml,Demam bayi; demam bayi; panas bayi; Gunakan sesuai petunjuk pada kemasan. Jika sakit berlanjut hubungi dokter.,Jarang,2028-03-15,Produk,/static/medicines/Tempra Drops.jpg,True,"[""otc"",""indonesia"",""chatbot-ready""]"
2990,Ponstan Kaplet,Nyeri & Demam,25000.0,389,Asam Mefenamat 500mg,"Nyeri haid, sakit gigi, nyeri sendi akut; Gejala terkait: nyeri haid; sakit gigi; asam mefenamat",Sesuai aturan pakai pada kemasan. Gunakan sesuai petunjuk pada kemasan. Jika sakit berlanjut hubungi dokter.,Asam Mefenamat 500mg,"Nyeri haid, sakit gigi, nyeri sendi akut; nyeri haid; sakit gigi; asam mefenamat; Gunakan sesuai petunjuk pada kemasan. Jika sakit berlanjut hubungi dokter.","Nyeri lambung, mual",2027-06-30,Produk,https://placehold.co/400x300/f8fafc/ef4444?text=Ponstan+Kaplet,True,"[""otc"",""indonesia"",""chatbot-ready""]"
2991,Mefinal Tablet,Nyeri & Demam,12000.0,177,Asam Mefenamat 500mg,Nyeri dan radang; Gejala terkait: nyeri haid; sakit gigi,Sesuai aturan pakai pada kemasan. Gunakan sesuai petunjuk pada kemasan. Jika sakit berlanjut hubungi dokter.,Asam Mefenamat 500mg,Nyeri dan radang; nyeri haid; sakit gigi; Gunakan sesuai petunjuk pada kemasan. Jika sakit berlanjut hubungi dokter.,Iritasi lambung,2028-12-31,Tablet,https://placehold.co/400x300/f8fafc/ef4444?text=Mefinal+Tablet,True,"[""otc"",""indonesia"",""chatbot-ready""]"
2992,Antalgin Tablet,Nyeri & Demam,5000.0,240,Metampiron 500mg,"Nyeri hebat, sakit gigi parah; Gejala terkait: sakit gigi parah; nyeri hebat",Sesuai aturan pakai pada kemasan. Gunakan sesuai petunjuk pada kemasan. Jika sakit berlanjut hubungi dokter.,Metampiron 500mg,"Nyeri hebat, sakit gigi parah; sakit gigi parah; nyeri hebat; Gunakan sesuai petunjuk pada kemasan. Jika sakit berlanjut hubungi dokter.",Agranulositosis (jarang),2028-12-31,Tablet,https://placehold.co/400x300/f8fafc/ef4444?text=Antalgin+Tablet,True,"[""otc"",""indonesia"",""chatbot-ready""]"
2993,Fimestan Strip 4s,Nyeri & Demam,10000.0,412,Ibuprofen 400mg,"Nyeri haid berat, nyeri sendi; Gejala terkait: nyeri haid berat; nyeri sendi",Sesuai aturan pakai pada kemasan. Gunakan sesuai petunjuk pada kemasan. Jika sakit berlanjut hubungi dokter.,Ibuprofen 400mg,"Nyeri haid berat, nyeri sendi; nyeri haid berat; nyeri sendi; Gunakan sesuai petunjuk pada kemasan. Jika sakit berlanjut hubungi dokter.",Nyeri lambung,2028-12-31,Produk,https://placehold.co/400x300/f8fafc/ef4444?text=Fimestan+Strip+4s,True,"[""otc"",""indonesia"",""chatbot-ready""]"
2994,Feminax Strip 4s,Nyeri & Demam,15000.0,473,"Paracetamol 500mg, Hyoscine Butylbromide 10mg",Nyeri haid dengan kram; Gejala terkait: kram haid; nyeri haid dengan kram,Sesuai aturan pakai pada kemasan. Gunakan sesuai petunjuk pada kemasan. Jika sakit berlanjut hubungi dokter.,"Paracetamol 500mg, Hyoscine Butylbromide 10mg",Nyeri haid dengan kram; kram haid; nyeri haid dengan kram; Gunakan sesuai petunjuk pada kemasan. Jika sakit berlanjut hubungi dokter.,"Mulut kering, mengantuk",2027-06-30,Produk,https://placehold.co/400x300/f8fafc/ef4444?text=Feminax+Strip+4s,True,"[""otc"",""indonesia"",""chatbot-ready""]"
2995,Dolgesic Tablet,Nyeri & Demam,12000.0,190,Piroxicam 10mg,"Nyeri sendi, rematik ringan (OTC di banyak apotek); Gejala terkait: rematik; nyeri sendi",Sesuai aturan pakai pada kemasan. Gunakan sesuai petunjuk pada kemasan. Jika sakit berlanjut hubungi dokter.,Piroxicam 10mg,"Nyeri sendi, rematik ringan (OTC di banyak apotek); rematik; nyeri sendi; Gunakan sesuai petunjuk pada kemasan. Jika sakit berlanjut hubungi dokter.",Nyeri lambung,2026-12-31,Tablet,https://placehold.co/400x300/f8fafc/ef4444?text=Dolgesic+Tablet,True,"[""otc"",""indonesia"",""chatbot-ready""]"
2996,Neuralgin Tablet,Nyeri & Demam,18000.0,181,"Vitamin B1, B6, B12","Nyeri saraf, kesemutan, pegal linu; Gejala terkait: kesemutan; nyeri saraf; pegal",Sesuai aturan pakai pada kemasan. Gunakan sesuai petunjuk pada kemasan. Jika sakit berlanjut hubungi dokter.,"Vitamin B1, B6, B12","Nyeri saraf, kesemutan, pegal linu; kesemutan; nyeri saraf; pegal; Gunakan sesuai petunjuk pada kemasan. Jika sakit berlanjut hubungi dokter.",Jarang,2028-03-15,Tablet,https://placehold.co/400x300/f8fafc/ef4444?text=Neuralgin+Tablet,True,"[""otc"",""indonesia"",""chatbot-ready""]"
2997,OBH Combi Batuk Berdahak Menthol,Obat Batuk,22000.0,465,"Succus liquiritiae, Paracetamol, Ephedrine",Batuk berdahak; Gejala terkait: batuk berdahak; dahak,Sesuai aturan pakai pada kemasan. Gunakan sesuai petunjuk pada kemasan. Jika sakit berlanjut hubungi dokter.,"Succus liquiritiae, Paracetamol, Ephedrine",Batuk berdahak; batuk berdahak; dahak; Gunakan sesuai petunjuk pada kemasan. Jika sakit berlanjut hubungi dokter.,Mengantuk,2028-12-31,Produk,/static/medicines/OBH Combi Batuk Berdahak Menthol.jpg,True,"[""otc"",""indonesia"",""chatbot-ready""]"
2998,OBH Combi Batuk Berdahak Jahe,Obat Batuk,22000.0,460,"Succus liquiritiae, Jahe, Paracetamol",Batuk berdahak hangat; Gejala terkait: batuk berdahak; jahe,Sesuai aturan pakai pada kemasan. Gunakan sesuai petunjuk pada kemasan. Jika sakit berlanjut hubungi dokter.,"Succus liquiritiae, Jahe, Paracetamol",Batuk berdahak hangat; batuk berdahak; jahe; Gunakan sesuai petunjuk pada kemasan. Jika sakit berlanjut hubungi dokter.,Mengantuk,2027-06-30,Produk,/static/medicines/OBH Combi Batuk Berdahak Jahe.jpg,True,"[""otc"",""indonesia"",""chatbot-ready""]"
2999,OBH Combi Batuk Flu Anak,Obat Batuk,18000.0,366,"Succus liquiritiae, CTM, Paracetamol, Glycerine",Batuk flu anak; Gejala terkait: batuk anak; flu anak,Sesuai aturan pakai pada kemasan. Gunakan sesuai petunjuk pada kemasan. Jika sakit berlanjut hubungi dokter.,"Succus liquiritiae, CTM, Paracetamol, Glycerine",Batuk flu anak; batuk anak; flu anak; Gunakan sesuai petunjuk pada kemasan. Jika sakit berlanjut hubungi dokter.,Mengantuk,2027-06-30,Produk,/static/medicines/OBH Combi Batuk Flu Anak.jpg,True,"[""otc"",""indonesia"",""chatbot-ready""]"
3000,OBH Combi Batuk Flu Dewasa,Obat Batuk,25000.0,267,"Succus liquiritiae, Paracetamol, Ephedrine, CTM",Batuk flu dewasa; Gejala terkait: batuk flu; flu dewasa,Sesuai aturan pakai pada kemasan. Gunakan sesuai petunjuk pada kemasan. Jika sakit berlanjut hubungi dokter.,"Succus liquiritiae, Paracetamol, Ephedrine, CTM",Batuk flu dewasa; batuk flu; flu dewasa; Gunakan sesuai petunjuk pada kemasan. Jika sakit berlanjut hubungi dokter.,Mengantuk,2028-03-15,Produk,/static/medicines/OBH Combi Batuk Flu Dewasa.jpg,True,"[""otc"",""indonesia"",""chatbot-ready""]"
3001,Woods Peppermint Expectorant 60ml,Obat Batuk,28000.0,342,"Guaifenesin, Bromhexine",Batuk berdahak; Gejala terkait: batuk berdahak; dahak kental,Sesuai aturan pakai pada kemasan. Gunakan sesuai petunjuk pada kemasan. Jika sakit berlanjut hubungi dokter.,"Guaifenesin, Bromhexine",Batuk berdahak; batuk berdahak; dahak kental; Gunakan sesuai petunjuk pada kemasan. Jika sakit berlanjut hubungi dokter.,Mual ringan,2028-03-15,Produk,/static/medicines/Woods Peppermint Expectorant 60ml.jpg,True,"[""otc"",""indonesia"",""chatbot-ready""]"
3002,Woods Peppermint Expectorant 100ml,Obat Batuk,40000.0,409,"Guaifenesin, Bromhexine",Batuk berdahak; Gejala terkait: batuk berdahak; ekspektoran,Sesuai aturan pakai pada kemasan. Gunakan sesuai petunjuk pada kemasan. Jika sakit berlanjut hubungi dokter.,"Guaifenesin, Bromhexine",Batuk berdahak; batuk berdahak; ekspektoran; Gunakan sesuai petunjuk pada kemasan. Jika sakit berlanjut hubungi dokter.,Mual ringan,2028-12-31,Produk,/static/medicines/Woods Peppermint Expectorant 100ml.jpg,True,"[""otc"",""indonesia"",""chatbot-ready""]"
3003,Woods Antitussive 60ml,Obat Batuk,29000.0,478,"Dextromethorphan, Guaifenesin",Batuk kering; Gejala terkait: batuk kering; gatal tenggorokan,Sesuai aturan pakai pada kemasan. Gunakan sesuai petunjuk pada kemasan. Jika sakit berlanjut hubungi dokter.,"Dextromethorphan, Guaifenesin",Batuk kering; batuk kering; gatal tenggorokan; Gunakan sesuai petunjuk pada kemasan. Jika sakit berlanjut hubungi dokter.,Mengantuk,2028-12-31,Produk,/static/medicines/Woods Antitussive 60ml.jpg,True,"[""otc"",""indonesia"",""chatbot-ready""]"
3004,Woods Antitussive 100ml,Obat Batuk,42000.0,138,"Dextromethorphan, Guaifenesin",Batuk kering kemasan besar; Gejala terkait: batuk kering,Sesuai aturan pakai pada kemasan. Gunakan sesuai petunjuk pada kemasan. Jika sakit berlanjut hubungi dokter.,"Dextromethorphan, Guaifenesin",Batuk kering kemasan besar; batuk kering; Gunakan sesuai petunjuk pada kemasan. Jika sakit berlanjut hubungi dokter.,Mengantuk,2028-12-31,Produk,/static/medicines/Woods Antitussive 100ml.jpg,True,"[""otc"",""indonesia"",""chatbot-ready""]"
3005,Siladex Mucolytic & Expectorant 60ml,Obat Batuk,22000.0,359,"Bromhexine, Guaifenesin",Batuk berdahak bebas gula; Gejala terkait: batuk berdahak; bebas gula,Sesuai aturan pakai pada kemasan. Gunakan sesuai petunjuk pada kemasan. Jika sakit berlanjut hubungi dokter.,"Bromhexine, Guaifenesin",Batuk berdahak bebas gula; batuk berdahak; bebas gula; Gunakan sesuai petunjuk pada kemasan. Jika sakit berlanjut hubungi dokter.,Mual,2027-06-30,Produk,/static/medicines/Siladex Mucolytic & Expectorant 60ml.jpg,True,"[""otc"",""indonesia"",""chatbot-ready""]"
3006,Siladex Antitussive 60ml,Obat Batuk,22000.0,119,Dextromethorphan,Batuk kering bebas gula; Gejala terkait: batuk kering; bebas gula,Sesuai aturan pakai pada kemasan. Gunakan sesuai petunjuk pada kemasan. Jika sakit berlanjut hubungi dokter.,Dextromethorphan,Batuk kering bebas gula; batuk kering; bebas gula; Gunakan sesuai petunjuk pada kemasan. Jika sakit berlanjut hubungi dokter.,Mengantuk,2026-12-31,Produk,/static/medicines/Siladex Antitussive 60ml.jpg,True,"[""otc"",""indonesia"",""chatbot-ready""]"
3007,Siladex Cough & Cold,Obat Batuk,23000.0,454,"Bromhexine, Paracetamol, Phenylephrine",Batuk dan flu; Gejala terkait: batuk flu; pilek,Sesuai aturan pakai pada kemasan. Gunakan sesuai petunjuk pada kemasan. Jika sakit berlanjut hubungi dokter.,"Bromhexine, Paracetamol, Phenylephrine",Batuk dan flu; batuk flu; pilek; Gunakan sesuai petunjuk pada kemasan. Jika sakit berlanjut hubungi dokter.,Mengantuk,2028-03-15,Produk,/static/medicines/Siladex Cough & Cold.jpg,True,"[""otc"",""indonesia"",""chatbot-ready""]"
3008,Siladex Flu,Obat Batuk,23000.0,404,"Paracetamol, Phenylephrine, CTM",Flu dan batuk ringan; Gejala terkait: flu; batuk ringan,Sesuai aturan pakai pada kemasan. Gunakan sesuai petunjuk pada kemasan. Jika sakit berlanjut hubungi dokter.,"Paracetamol, Phenylephrine, CTM",Flu dan batuk ringan; flu; batuk ringan; Gunakan sesuai petunjuk pada kemasan. Jika sakit berlanjut hubungi dokter.,Mengantuk,2028-12-31,Produk,/static/medicines/Siladex Flu.jpg,True,"[""otc"",""indonesia"",""chatbot-ready""]"
3009,Komix OBH Sachet,Obat Batuk,1500.0,145,"Dextromethorphan, Glycyrrhiza",Batuk ringan praktis; Gejala terkait: batuk ringan; batuk sachet,Sesuai aturan pakai pada kemasan. Gunakan sesuai petunjuk pada kemasan. Jika sakit berlanjut hubungi dokter.,"Dextromethorphan, Glycyrrhiza",Batuk ringan praktis; batuk ringan; batuk sachet; Gunakan sesuai petunjuk pada kemasan. Jika sakit berlanjut hubungi dokter.,Mengantuk,2028-03-15,Sachet,/static/medicines/Komix OBH Sachet.jpg,True,"[""otc"",""indonesia"",""chatbot-ready""]"
3010,Komix Peppermint Sachet,Obat Batuk,1500.0,368,"Dextromethorphan, Menthol",Batuk dengan sensasi dingin; Gejala terkait: batuk gatal; peppermint,Sesuai aturan pakai pada kemasan. Gunakan sesuai petunjuk pada kemasan. Jika sakit berlanjut hubungi dokter.,"Dextromethorphan, Menthol",Batuk dengan sensasi dingin; batuk gatal; peppermint; Gunakan sesuai petunjuk pada kemasan. Jika sakit berlanjut hubungi dokter.,Mengantuk,2028-12-31,Sachet,/static/medicines/Komix Peppermint Sachet.jpg,True,"[""otc"",""indonesia"",""chatbot-ready""]"
3011,Komix Jeruk Nipis Sachet,Obat Batuk,1500.0,114,"Dextromethorphan, Citrus Limon Extract",Batuk rasa jeruk nipis; Gejala terkait: batuk jeruk nipis; batuk sachet,Sesuai aturan pakai pada kemasan. Gunakan sesuai petunjuk pada kemasan. Jika sakit berlanjut hubungi dokter.,"Dextromethorphan, Citrus Limon Extract",Batuk rasa jeruk nipis; batuk jeruk nipis; batuk sachet; Gunakan sesuai petunjuk pada kemasan. Jika sakit berlanjut hubungi dokter.,Mengantuk,2027-06-30,Sachet,/static/medicines/Komix Jeruk Nipis Sachet.jpg,True,"[""otc"",""indonesia"",""chatbot-ready""]"
3012,Komix Jahe Sachet,Obat Batuk,1500.0,186,"Dextromethorphan, Jahe Extract",Batuk rasa jahe hangat; Gejala terkait: batuk jahe; tenggorokan hangat,Sesuai aturan pakai pada kemasan. Gunakan sesuai petunjuk pada kemasan. Jika sakit berlanjut hubungi dokter.,"Dextromethorphan, Jahe Extract",Batuk rasa jahe hangat; batuk jahe; tenggorokan hangat; Gunakan sesuai petunjuk pada kemasan. Jika sakit berlanjut hubungi dokter.,Mengantuk,2028-12-31,Sachet,/static/medicines/Komix Jahe Sachet.jpg,True,"[""otc"",""indonesia"",""chatbot-ready""]"
3013,Komix Herbal Sachet,Obat Batuk,2500.0,436,"Dextromethorphan, Madu, Propolis",Batuk herbal madu; Gejala terkait: batuk herbal madu; batuk anak,Sesuai aturan pakai pada kemasan. Gunakan sesuai petunjuk pada kemasan. Jika sakit berlanjut hubungi dokter.,"Dextromethorphan, Madu, Propolis",Batuk herbal madu; batuk herbal madu; batuk anak; Gunakan sesuai petunjuk pada kemasan. Jika sakit berlanjut hubungi dokter.,Jarang,2026-12-31,Sachet,/static/medicines/Komix Herbal Sachet.jpg,True,"[""otc"",""indonesia"",""chatbot-ready""]"
3014,Komix Botol 120ml,Obat Batuk,35000.0,389,"Dextromethorphan, Guaifenesin",Batuk kemasan botol; Gejala terkait: batuk; ekonomis,Sesuai aturan pakai pada kemasan. Gunakan sesuai petunjuk pada kemasan. Jika sakit berlanjut hubungi dokter.,"Dextromethorphan, Guaifenesin",Batuk kemasan botol; batuk; ekonomis; Gunakan sesuai petunjuk pada kemasan. Jika sakit berlanjut hubungi dokter.,Mengantuk,2028-12-31,Produk,/static/medicines/Komix Botol 120ml.jpg,True,"[""otc"",""indonesia"",""chatbot-ready""]"
3015,Komix Box 50s,Obat Batuk,55000.0,88,"Dextromethorphan, Guaifenesin",Batuk isi banyak; Gejala terkait: batuk; stok,Sesuai aturan pakai pada kemasan. Gunakan sesuai petunjuk pada kemasan. Jika sakit berlanjut hubungi dokter.,"Dextromethorphan, Guaifenesin",Batuk isi banyak; batuk; stok; Gunakan sesuai petunjuk pada kemasan. Jika sakit berlanjut hubungi dokter.,Mengantuk,2026-12-31,Produk,/static/medicines/Komix Box 50s.jpg,True,"[""otc"",""indonesia"",""chatbot-ready""]"
3016,Laserin Sirup 30ml,Obat Batuk,12000.0,272,"Jahe Merah, Cengkeh, Daun Sirih",Batuk herbal; Gejala terkait: batuk herbal; jahe merah,Sesuai aturan pakai pada kemasan. Gunakan sesuai petunjuk pada kemasan. Jika sakit berlanjut hubungi dokter.,"Jahe Merah, Cengkeh, Daun Sirih",Batuk herbal; batuk herbal; jahe merah; Gunakan sesuai petunjuk pada kemasan. Jika sakit berlanjut hubungi dokter.,Jarang,2026-12-31,Sirup,/static/medicines/Laserin Sirup 30ml.jpg,True,"[""otc"",""indonesia"",""chatbot-ready""]"
3017,Laserin Botol 30ml,Obat Batuk,12000.0,146,"Jahe Merah, Cengkeh",Batuk ringan herbal; Gejala terkait: batuk herbal,Sesuai aturan pakai pada kemasan. Gunakan sesuai petunjuk pada kemasan. Jika sakit berlanjut hubungi dokter.,"Jahe Merah, Cengkeh",Batuk ringan herbal; batuk herbal; Gunakan sesuai petunjuk pada kemasan. Jika sakit berlanjut hubungi dokter.,Jarang,2026-12-31,Produk,/static/medicines/Laserin Botol 30ml.jpg,True,"[""otc"",""indonesia"",""chatbot-ready""]"
3018,Laserin Sirup 110ml,Obat Batuk,35000.0,200,"Jahe Merah, Cengkeh, Daun Sirih",Batuk herbal kemasan besar; Gejala terkait: batuk herbal besar,Sesuai aturan pakai pada kemasan. Gunakan sesuai petunjuk pada kemasan. Jika sakit berlanjut hubungi dokter.,"Jahe Merah, Cengkeh, Daun Sirih",Batuk herbal kemasan besar; batuk herbal besar; Gunakan sesuai petunjuk pada kemasan. Jika sakit berlanjut hubungi dokter.,Jarang,2028-03-15,Sirup,/static/medicines/Laserin Sirup 110ml.jpg,True,"[""otc"",""indonesia"",""chatbot-ready""]"
3019,Bisolvon Tablet,Obat Batuk,25000.0,197,Bromhexine HCl 8mg,Mengencerkan dahak kental; Gejala terkait: dahak kental; bronkitis,Sesuai aturan pakai pada kemasan. Gunakan sesuai petunjuk pada kemasan. Jika sakit berlanjut hubungi dokter.,Bromhexine HCl 8mg,Mengencerkan dahak kental; dahak kental; bronkitis; Gunakan sesuai petunjuk pada kemasan. Jika sakit berlanjut hubungi dokter.,Mual ringan,2026-12-31,Tablet,/static/medicines/Bisolvon Tablet.jpg,True,"[""otc"",""indonesia"",""chatbot-ready""]"
3020,Bisolvon Strip 10s,Obat Batuk,18000.0,436,Bromhexine HCl 8mg,Mengencerkan dahak; Gejala terkait: dahak kental,Sesuai aturan pakai pada kemasan. Gunakan sesuai petunjuk pada kemasan. Jika sakit berlanjut hubungi dokter.,Bromhexine HCl 8mg,Mengencerkan dahak; dahak kental; Gunakan sesuai petunjuk pada kemasan. Jika sakit berlanjut hubungi dokter.,Mual ringan,2028-03-15,Produk,/static/medicines/Bisolvon Strip 10s.jpg,True,"[""otc"",""indonesia"",""chatbot-ready""]"
3021,Bisolvon Extra Sirup 60ml,Obat Batuk,42000.0,119,Bromhexine HCl,Mengencerkan dahak anak; Gejala terkait: dahak anak; batuk berdahak anak,Sesuai aturan pakai pada kemasan. Gunakan sesuai petunjuk pada kemasan. Jika sakit berlanjut hubungi dokter.,Bromhexine HCl,Mengencerkan dahak anak; dahak anak; batuk berdahak anak; Gunakan sesuai petunjuk pada kemasan. Jika sakit berlanjut hubungi dokter.,Mual,2028-03-15,Sirup,/static/medicines/Bisolvon Extra Sirup 60ml.jpg,True,"[""otc"",""indonesia"",""chatbot-ready""]"
3022,Bisolvon Solution 50 ml,Obat Batuk,55000.0,100,Bromhexine HCl (tetes/solution),Dahak sangat kental bayi/dewasa; Gejala terkait: dahak pekat; batuk sulit,Sesuai aturan pakai pada kemasan. Gunakan sesuai petunjuk pada kemasan. Jika sakit berlanjut hubungi dokter.,Bromhexine HCl (tetes/solution),Dahak sangat kental bayi/dewasa; dahak pekat; batuk sulit; Gunakan sesuai petunjuk pada kemasan. Jika sakit berlanjut hubungi dokter.,Mual,2028-03-15,Cairan,/static/medicines/Bisolvon Solution 50 ml.jpg,True,"[""otc"",""indonesia"",""chatbot-ready""]"
3023,Vicks Formula 44 Sirup 54ml,Obat Batuk,25000.0,497,"Dextromethorphan, Doxylamine",Batuk kering malam; Gejala terkait: batuk malam; batuk kering,Sesuai aturan pakai pada kemasan. Gunakan sesuai petunjuk pada kemasan. Jika sakit berlanjut hubungi dokter.,"Dextromethorphan, Doxylamine",Batuk kering malam; batuk malam; batuk kering; Gunakan sesuai petunjuk pada kemasan. Jika sakit berlanjut hubungi dokter.,Mengantuk,2028-12-31,Sirup,/static/medicines/Vicks Formula 44 Sirup 54ml.jpg,True,"[""otc"",""indonesia"",""chatbot-ready""]"
3024,Vicks Formula 44 Anak Sirup 27ml,Obat Batuk,14000.0,161,Dextromethorphan,Batuk kering anak; Gejala terkait: batuk anak kering,Sesuai aturan pakai pada kemasan. Gunakan sesuai petunjuk pada kemasan. Jika sakit berlanjut hubungi dokter.,Dextromethorphan,Batuk kering anak; batuk anak kering; Gunakan sesuai petunjuk pada kemasan. Jika sakit berlanjut hubungi dokter.,Mengantuk,2028-03-15,Sirup,/static/medicines/Vicks Formula 44 Anak Sirup 27ml.jpg,True,"[""otc"",""indonesia"",""chatbot-ready""]"
3025,Konidin Tablet,Obat Batuk,5000.0,281,"Guaifenesin, Dextromethorphan, CTM",Batuk alergi; Gejala terkait: batuk alergi; gatal tenggorokan,Sesuai aturan pakai pada kemasan. Gunakan sesuai petunjuk pada kemasan. Jika sakit berlanjut hubungi dokter.,"Guaifenesin, Dextromethorphan, CTM",Batuk alergi; batuk alergi; gatal tenggorokan; Gunakan sesuai petunjuk pada kemasan. Jika sakit berlanjut hubungi dokter.,Sangat mengantuk,2027-06-30,Tablet,/static/medicines/Konidin Tablet.jpg,True,"[""otc"",""indonesia"",""chatbot-ready""]"
3026,Konidin Sirup,Obat Batuk,18000.0,202,"Guaifenesin, Dextromethorphan, CTM",Batuk alergi sirup; Gejala terkait: batuk alergi sirup,Sesuai aturan pakai pada kemasan. Gunakan sesuai petunjuk pada kemasan. Jika sakit berlanjut hubungi dokter.,"Guaifenesin, Dextromethorphan, CTM",Batuk alergi sirup; batuk alergi sirup; Gunakan sesuai petunjuk pada kemasan. Jika sakit berlanjut hubungi dokter.,Sangat mengantuk,2027-06-30,Sirup,/static/medicines/Konidin Sirup.jpg,True,"[""otc"",""indonesia"",""chatbot-ready""]"
3027,Konidin OBH Sirup,Obat Batuk,19000.0,210,"Succus liquiritiae, Ephedrine, CTM",Batuk berdahak dengan alergi; Gejala terkait: batuk berdahak alergi,Sesuai aturan pakai pada kemasan. Gunakan sesuai petunjuk pada kemasan. Jika sakit berlanjut hubungi dokter.,"Succus liquiritiae, Ephedrine, CTM",Batuk berdahak dengan alergi; batuk berdahak alergi; Gunakan sesuai petunjuk pada kemasan. Jika sakit berlanjut hubungi dokter.,Mengantuk,2028-12-31,Sirup,/static/medicines/Konidin OBH Sirup.jpg,True,"[""otc"",""indonesia"",""chatbot-ready""]"
3028,Actifed Kuning (Sirup),Obat Batuk,65000.0,87,"Triprolidine, Pseudoephedrine","Pilek alergi, hidung meler; Gejala terkait: pilek alergi; hidung meler",Sesuai aturan pakai pada kemasan. Gunakan sesuai petunjuk pada kemasan. Jika sakit berlanjut hubungi dokter.,"Triprolidine, Pseudoephedrine","Pilek alergi, hidung meler; pilek alergi; hidung meler; Gunakan sesuai petunjuk pada kemasan. Jika sakit berlanjut hubungi dokter.","Mengantuk, berdebar",2027-06-30,Sirup,/static/medicines/Actifed Kuning (Sirup).jpg,True,"[""otc"",""indonesia"",""chatbot-ready""]"
3029,Actifed Hijau (Expectorant),Obat Batuk,68000.0,79,"Triprolidine, Pseudoephedrine, Guaifenesin",Batuk berdahak dengan pilek; Gejala terkait: batuk berdahak pilek; ekspektoran,Sesuai aturan pakai pada kemasan. Gunakan sesuai petunjuk pada kemasan. Jika sakit berlanjut hubungi dokter.,"Triprolidine, Pseudoephedrine, Guaifenesin",Batuk berdahak dengan pilek; batuk berdahak pilek; ekspektoran; Gunakan sesuai petunjuk pada kemasan. Jika sakit berlanjut hubungi dokter.,"Mengantuk, berdebar",2028-12-31,Produk,/static/medicines/Actifed Hijau (Expectorant).webp,True,"[""otc"",""indonesia"",""chatbot-ready""]"
3030,Actifed Merah (Cough Suppressant),Obat Batuk,68000.0,85,"Triprolidine, Pseudoephedrine, Dextromethorphan",Batuk kering dengan pilek; Gejala terkait: batuk kering pilek,Sesuai aturan pakai pada kemasan. Gunakan sesuai petunjuk pada kemasan. Jika sakit berlanjut hubungi dokter.,"Triprolidine, Pseudoephedrine, Dextromethorphan",Batuk kering dengan pilek; batuk kering pilek; Gunakan sesuai petunjuk pada kemasan. Jika sakit berlanjut hubungi dokter.,"Mengantuk, berdebar",2026-12-31,Produk,/static/medicines/Actifed Merah (Cough Suppressant).jpg,True,"[""otc"",""indonesia"",""chatbot-ready""]"
3031,Mucos Tablet,Obat Batuk,18000.0,135,Ambroxol HCl 30mg,Batuk berdahak tebal; Gejala terkait: dahak pekat; bronkitis ringan,Sesuai aturan pakai pada kemasan. Gunakan sesuai petunjuk pada kemasan. Jika sakit berlanjut hubungi dokter.,Ambroxol HCl 30mg,Batuk berdahak tebal; dahak pekat; bronkitis ringan; Gunakan sesuai petunjuk pada kemasan. Jika sakit berlanjut hubungi dokter.,Mual ringan,2027-06-30,Tablet,/static/medicines/Mucos Tablet.jpg,True,"[""otc"",""indonesia"",""chatbot-ready""]"
3032,Mucos Botol 60ml,Obat Batuk,28000.0,132,Ambroxol HCl,Batuk berdahak sirup; Gejala terkait: dahak kental sirup,Sesuai aturan pakai pada kemasan. Gunakan sesuai petunjuk pada kemasan. Jika sakit berlanjut hubungi dokter.,Ambroxol HCl,Batuk berdahak sirup; dahak kental sirup; Gunakan sesuai petunjuk pada kemasan. Jika sakit berlanjut hubungi dokter.,Mual,2028-12-31,Produk,/static/medicines/Mucos Botol 60ml.jpg,True,"[""otc"",""indonesia"",""chatbot-ready""]"
3033,Ambroxol Tablet,Obat Batuk,5000.0,484,Ambroxol HCl 30mg,Pengencer dahak generik; Gejala terkait: dahak kental; batuk berdahak,Sesuai aturan pakai pada kemasan. Gunakan sesuai petunjuk pada kemasan. Jika sakit berlanjut hubungi dokter.,Ambroxol HCl 30mg,Pengencer dahak generik; dahak kental; batuk berdahak; Gunakan sesuai petunjuk pada kemasan. Jika sakit berlanjut hubungi dokter.,Mual ringan,2028-12-31,Tablet,https://placehold.co/400x300/f8fafc/3b82f6?text=Ambroxol+Tablet,True,"[""otc"",""indonesia"",""chatbot-ready""]"
3034,Dextromethorphan Tablet,Obat Batuk,3000.0,433,Dextromethorphan 15mg,Batuk kering generik; Gejala terkait: batuk kering; batuk tidak berdahak,Sesuai aturan pakai pada kemasan. Gunakan sesuai petunjuk pada kemasan. Jika sakit berlanjut hubungi dokter.,Dextromethorphan 15mg,Batuk kering generik; batuk kering; batuk tidak berdahak; Gunakan sesuai petunjuk pada kemasan. Jika sakit berlanjut hubungi dokter.,Mengantuk,2028-03-15,Tablet,https://placehold.co/400x300/f8fafc/3b82f6?text=Dextromethorphan+Tablet,True,"[""otc"",""indonesia"",""chatbot-ready""]"
3035,Guaifenesin Sirup,Obat Batuk,12000.0,400,Guaifenesin 100mg/5ml,Ekspektoran generik; Gejala terkait: ekspektoran; batuk berdahak,Sesuai aturan pakai pada kemasan. Gunakan sesuai petunjuk pada kemasan. Jika sakit berlanjut hubungi dokter.,Guaifenesin 100mg/5ml,Ekspektoran generik; ekspektoran; batuk berdahak; Gunakan sesuai petunjuk pada kemasan. Jika sakit berlanjut hubungi dokter.,Mual,2028-03-15,Sirup,https://placehold.co/400x300/f8fafc/3b82f6?text=Guaifenesin+Sirup,True,"[""otc"",""indonesia"",""chatbot-ready""]"
3036,Erdosteine Kapsul,Obat Batuk,35000.0,151,Erdosteine 300mg,"Batuk dengan dahak sangat kental, bronkitis kronis; Gejala terkait: PPOK; bronkitis kronis; dahak sangat kental",Sesuai aturan pakai pada kemasan. Gunakan sesuai petunjuk pada kemasan. Jika sakit berlanjut hubungi dokter.,Erdosteine 300mg,"Batuk dengan dahak sangat kental, bronkitis kronis; PPOK; bronkitis kronis; dahak sangat kental; Gunakan sesuai petunjuk pada kemasan. Jika sakit berlanjut hubungi dokter.",Mual,2028-12-31,Produk,https://placehold.co/400x300/f8fafc/3b82f6?text=Erdosteine+Kapsul,True,"[""otc"",""indonesia"",""chatbot-ready""]"
3037,Benadryl Sirup 60ml,Obat Batuk,28000.0,477,Diphenhydramine HCl,"Batuk alergi, rhinitis; Gejala terkait: batuk alergi; rhinitis",Sesuai aturan pakai pada kemasan. Gunakan sesuai petunjuk pada kemasan. Jika sakit berlanjut hubungi dokter.,Diphenhydramine HCl,"Batuk alergi, rhinitis; batuk alergi; rhinitis; Gunakan sesuai petunjuk pada kemasan. Jika sakit berlanjut hubungi dokter.",Sangat mengantuk,2027-06-30,Sirup,https://placehold.co/400x300/f8fafc/3b82f6?text=Benadryl+Sirup+60ml,True,"[""otc"",""indonesia"",""chatbot-ready""]"
3038,Gliseril Guaiakolat Tablet,Obat Batuk,2500.0,372,Guaifenesin 100mg,Batuk berdahak murah; Gejala terkait: batuk berdahak murah; generik,Sesuai aturan pakai pada kemasan. Gunakan sesuai petunjuk pada kemasan. Jika sakit berlanjut hubungi dokter.,Guaifenesin 100mg,Batuk berdahak murah; batuk berdahak murah; generik; Gunakan sesuai petunjuk pada kemasan. Jika sakit berlanjut hubungi dokter.,Mual,2028-03-15,Tablet,https://placehold.co/400x300/f8fafc/3b82f6?text=Gliseril+Guaiakolat+Tablet,True,"[""otc"",""indonesia"",""chatbot-ready""]"
3039,Respinova Sirup,Obat Batuk,22000.0,387,"Ambrosol, Guaifenesin",Batuk berdahak anak kombinasi; Gejala terkait: batuk berdahak anak; kombinasi,Sesuai aturan pakai pada kemasan. Gunakan sesuai petunjuk pada kemasan. Jika sakit berlanjut hubungi dokter.,"Ambrosol, Guaifenesin",Batuk berdahak anak kombinasi; batuk berdahak anak; kombinasi; Gunakan sesuai petunjuk pada kemasan. Jika sakit berlanjut hubungi dokter.,Mual,2028-12-31,Sirup,https://placehold.co/400x300/f8fafc/3b82f6?text=Respinova+Sirup,True,"[""otc"",""indonesia"",""chatbot-ready""]"
3040,Mixagrip Flu,Flu & Pilek,5000.0,351,"Paracetamol 500mg, Phenylephrine 5mg, CTM 2mg",Flu dan pilek; Gejala terkait: flu; pilek; meriang,Sesuai aturan pakai pada kemasan. Gunakan sesuai petunjuk pada kemasan. Jika sakit berlanjut hubungi dokter.,"Paracetamol 500mg, Phenylephrine 5mg, CTM 2mg",Flu dan pilek; flu; pilek; meriang; Gunakan sesuai petunjuk pada kemasan. Jika sakit berlanjut hubungi dokter.,Mengantuk,2028-03-15,Produk,/static/medicines/Mixagrip Flu.jpg,True,"[""otc"",""indonesia"",""chatbot-ready""]"
3041,Mixagrip Flu & Batuk,Flu & Pilek,6000.0,165,"Paracetamol, Phenylephrine, CTM, Dextromethorphan","Flu, pilek, batuk; Gejala terkait: flu batuk; pilek batuk",Sesuai aturan pakai pada kemasan. Gunakan sesuai petunjuk pada kemasan. Jika sakit berlanjut hubungi dokter.,"Paracetamol, Phenylephrine, CTM, Dextromethorphan","Flu, pilek, batuk; flu batuk; pilek batuk; Gunakan sesuai petunjuk pada kemasan. Jika sakit berlanjut hubungi dokter.",Mengantuk,2028-12-31,Produk,/static/medicines/Mixagrip Flu & Batuk.jpg,True,"[""otc"",""indonesia"",""chatbot-ready""]"
3042,Mixagrip Pegel Linu,Flu & Pilek,6000.0,160,"Paracetamol, Ibuprofen, Phenylephrine",Flu dengan pegal linu; Gejala terkait: flu pegal; meriang pegal,Sesuai aturan pakai pada kemasan. Gunakan sesuai petunjuk pada kemasan. Jika sakit berlanjut hubungi dokter.,"Paracetamol, Ibuprofen, Phenylephrine",Flu dengan pegal linu; flu pegal; meriang pegal; Gunakan sesuai petunjuk pada kemasan. Jika sakit berlanjut hubungi dokter.,"Mengantuk, nyeri lambung",2026-12-31,Topikal,/static/medicines/Mixagrip Pegel Linu.jpg,True,"[""otc"",""indonesia"",""chatbot-ready""]"
3043,Decolgen Tablet,Flu & Pilek,4500.0,474,"Paracetamol 500mg, PPA 12.5mg, CTM 2mg",Flu dan hidung tersumbat; Gejala terkait: pilek; hidung tersumbat; flu,Sesuai aturan pakai pada kemasan. Gunakan sesuai petunjuk pada kemasan. Jika sakit berlanjut hubungi dokter.,"Paracetamol 500mg, PPA 12.5mg, CTM 2mg",Flu dan hidung tersumbat; pilek; hidung tersumbat; flu; Gunakan sesuai petunjuk pada kemasan. Jika sakit berlanjut hubungi dokter.,"Mengantuk, berdebar",2028-03-15,Tablet,/static/medicines/Decolgen Tablet.jpg,True,"[""otc"",""indonesia"",""chatbot-ready""]"
3044,Decolgen Sirup,Flu & Pilek,15000.0,207,"Paracetamol, PPA, CTM",Flu anak; Gejala terkait: flu anak; pilek anak,Sesuai aturan pakai pada kemasan. Gunakan sesuai petunjuk pada kemasan. Jika sakit berlanjut hubungi dokter.,"Paracetamol, PPA, CTM",Flu anak; flu anak; pilek anak; Gunakan sesuai petunjuk pada kemasan. Jika sakit berlanjut hubungi dokter.,Mengantuk,2028-12-31,Sirup,/static/medicines/Decolgen Sirup.jpg,True,"[""otc"",""indonesia"",""chatbot-ready""]"
3045,Neozep Forte Tablet,Flu & Pilek,5500.0,278,"Paracetamol 500mg, Phenylephrine 10mg, CTM 2mg",Flu berat dan hidung meler; Gejala terkait: hidung meler; flu berat,Sesuai aturan pakai pada kemasan. Gunakan sesuai petunjuk pada kemasan. Jika sakit berlanjut hubungi dokter.,"Paracetamol 500mg, Phenylephrine 10mg, CTM 2mg",Flu berat dan hidung meler; hidung meler; flu berat; Gunakan sesuai petunjuk pada kemasan. Jika sakit berlanjut hubungi dokter.,Mengantuk,2027-06-30,Tablet,/static/medicines/Neozep Forte Tablet.jpg,True,"[""otc"",""indonesia"",""chatbot-ready""]"
3046,Procold Flu Tablet,Flu & Pilek,6000.0,471,"Paracetamol 500mg, Pseudoephedrine 30mg",Flu dan demam; Gejala terkait: flu meriang; pusing flu,Sesuai aturan pakai pada kemasan. Gunakan sesuai petunjuk pada kemasan. Jika sakit berlanjut hubungi dokter.,"Paracetamol 500mg, Pseudoephedrine 30mg",Flu dan demam; flu meriang; pusing flu; Gunakan sesuai petunjuk pada kemasan. Jika sakit berlanjut hubungi dokter.,Berdebar,2026-12-31,Tablet,/static/medicines/Procold Flu Tablet.jpg,True,"[""otc"",""indonesia"",""chatbot-ready""]"
3047,Procold Flu & Batuk,Flu & Pilek,7000.0,220,"Paracetamol, Pseudoephedrine, Dextromethorphan",Flu dan batuk; Gejala terkait: flu batuk; pilek batuk,Sesuai aturan pakai pada kemasan. Gunakan sesuai petunjuk pada kemasan. Jika sakit berlanjut hubungi dokter.,"Paracetamol, Pseudoephedrine, Dextromethorphan",Flu dan batuk; flu batuk; pilek batuk; Gunakan sesuai petunjuk pada kemasan. Jika sakit berlanjut hubungi dokter.,"Berdebar, mengantuk",2027-06-30,Produk,/static/medicines/Procold Flu & Batuk.jpg,True,"[""otc"",""indonesia"",""chatbot-ready""]"
3048,Inza Tablet,Flu & Pilek,4000.0,313,"Paracetamol 500mg, Pseudoephedrine, CTM",Flu ringan dan bersin; Gejala terkait: flu ringan; bersin,Sesuai aturan pakai pada kemasan. Gunakan sesuai petunjuk pada kemasan. Jika sakit berlanjut hubungi dokter.,"Paracetamol 500mg, Pseudoephedrine, CTM",Flu ringan dan bersin; flu ringan; bersin; Gunakan sesuai petunjuk pada kemasan. Jika sakit berlanjut hubungi dokter.,Mengantuk,2028-03-15,Tablet,/static/medicines/Inza Tablet.jpg,True,"[""otc"",""indonesia"",""chatbot-ready""]"
3049,Inza Botol 60ml,Flu & Pilek,18000.0,398,"Paracetamol, Pseudoephedrine, CTM sirup",Flu anak; Gejala terkait: flu anak; pilek anak,Sesuai aturan pakai pada kemasan. Gunakan sesuai petunjuk pada kemasan. Jika sakit berlanjut hubungi dokter.,"Paracetamol, Pseudoephedrine, CTM sirup",Flu anak; flu anak; pilek anak; Gunakan sesuai petunjuk pada kemasan. Jika sakit berlanjut hubungi dokter.,Mengantuk,2026-12-31,Produk,/static/medicines/Inza Botol 60ml.jpg,True,"[""otc"",""indonesia"",""chatbot-ready""]"
3050,Inza Strip 10s,Flu & Pilek,8000.0,470,"Paracetamol, Pseudoephedrine, CTM",Flu ringan strip; Gejala terkait: flu; pilek,Sesuai aturan pakai pada kemasan. Gunakan sesuai petunjuk pada kemasan. Jika sakit berlanjut hubungi dokter.,"Paracetamol, Pseudoephedrine, CTM",Flu ringan strip; flu; pilek; Gunakan sesuai petunjuk pada kemasan. Jika sakit berlanjut hubungi dokter.,Mengantuk,2027-06-30,Produk,/static/medicines/Inza Strip 10s.jpg,True,"[""otc"",""indonesia"",""chatbot-ready""]"
3051,Sanaflu Tablet,Flu & Pilek,4500.0,172,"Paracetamol 500mg, Phenylephrine, CTM",Flu dan sakit kepala; Gejala terkait: flu sakit kepala,Sesuai aturan pakai pada kemasan. Gunakan sesuai petunjuk pada kemasan. Jika sakit berlanjut hubungi dokter.,"Paracetamol 500mg, Phenylephrine, CTM",Flu dan sakit kepala; flu sakit kepala; Gunakan sesuai petunjuk pada kemasan. Jika sakit berlanjut hubungi dokter.,Mengantuk,2028-12-31,Tablet,/static/medicines/Sanaflu Tablet.jpg,True,"[""otc"",""indonesia"",""chatbot-ready""]"
3052,Sanaflu Botol 120ml,Flu & Pilek,22000.0,340,"Paracetamol, Phenylephrine, CTM sirup",Flu anak sirup; Gejala terkait: flu anak sirup,Sesuai aturan pakai pada kemasan. Gunakan sesuai petunjuk pada kemasan. Jika sakit berlanjut hubungi dokter.,"Paracetamol, Phenylephrine, CTM sirup",Flu anak sirup; flu anak sirup; Gunakan sesuai petunjuk pada kemasan. Jika sakit berlanjut hubungi dokter.,Mengantuk,2026-12-31,Produk,/static/medicines/Sanaflu Botol 120ml.jpg,True,"[""otc"",""indonesia"",""chatbot-ready""]"
3053,Ultraflu Tablet,Flu & Pilek,4000.0,258,"Paracetamol 500mg, PPA, CTM",Flu dan pilek; Gejala terkait: flu; bersin; pilek,Sesuai aturan pakai pada kemasan. Gunakan sesuai petunjuk pada kemasan. Jika sakit berlanjut hubungi dokter.,"Paracetamol 500mg, PPA, CTM",Flu dan pilek; flu; bersin; pilek; Gunakan sesuai petunjuk pada kemasan. Jika sakit berlanjut hubungi dokter.,Mengantuk,2028-03-15,Tablet,/static/medicines/Ultraflu Tablet.jpg,True,"[""otc"",""indonesia"",""chatbot-ready""]"
3054,Ultraflu Extra,Flu & Pilek,5000.0,137,"Paracetamol 650mg, Phenylephrine, CTM",Flu berat; Gejala terkait: flu berat; meriang,Sesuai aturan pakai pada kemasan. Gunakan sesuai petunjuk pada kemasan. Jika sakit berlanjut hubungi dokter.,"Paracetamol 650mg, Phenylephrine, CTM",Flu berat; flu berat; meriang; Gunakan sesuai petunjuk pada kemasan. Jika sakit berlanjut hubungi dokter.,Mengantuk,2028-03-15,Produk,/static/medicines/Ultraflu Extra.jpg,True,"[""otc"",""indonesia"",""chatbot-ready""]"
3055,Ultraflu Box 50s,Flu & Pilek,40000.0,338,"Paracetamol, PPA, CTM",Flu stok keluarga; Gejala terkait: flu; stok banyak,Sesuai aturan pakai pada kemasan. Gunakan sesuai petunjuk pada kemasan. Jika sakit berlanjut hubungi dokter.,"Paracetamol, PPA, CTM",Flu stok keluarga; flu; stok banyak; Gunakan sesuai petunjuk pada kemasan. Jika sakit berlanjut hubungi dokter.,Mengantuk,2028-03-15,Produk,/static/medicines/Ultraflu Box 50s.jpg,True,"[""otc"",""indonesia"",""chatbot-ready""]"
3056,Rhinos SR Kapsul,Flu & Pilek,65000.0,33,"Loratadine 5mg, Pseudoephedrine 120mg","Rinitis alergi, hidung buntu berat; Gejala terkait: hidung buntu; rinitis alergi; pilek parah",Sesuai aturan pakai pada kemasan. Gunakan sesuai petunjuk pada kemasan. Jika sakit berlanjut hubungi dokter.,"Loratadine 5mg, Pseudoephedrine 120mg","Rinitis alergi, hidung buntu berat; hidung buntu; rinitis alergi; pilek parah; Gunakan sesuai petunjuk pada kemasan. Jika sakit berlanjut hubungi dokter.","Mulut kering, insomnia",2027-06-30,Produk,/static/medicines/Rhinos SR Kapsul.png,True,"[""otc"",""indonesia"",""chatbot-ready""]"
3057,Rhinos Junior Sirup,Flu & Pilek,48000.0,132,"Loratadine 2.5mg, Pseudoephedrine 30mg / 5ml",Rinitis alergi anak; Gejala terkait: pilek alergi anak; hidung tersumbat anak,Sesuai aturan pakai pada kemasan. Gunakan sesuai petunjuk pada kemasan. Jika sakit berlanjut hubungi dokter.,"Loratadine 2.5mg, Pseudoephedrine 30mg / 5ml",Rinitis alergi anak; pilek alergi anak; hidung tersumbat anak; Gunakan sesuai petunjuk pada kemasan. Jika sakit berlanjut hubungi dokter.,Mulut kering,2028-12-31,Sirup,/static/medicines/Rhinos Junior Sirup.jpg,True,"[""otc"",""indonesia"",""chatbot-ready""]"
3058,Rhinos Neo Drops,Flu & Pilek,60000.0,53,"Loratadine, Pseudoephedrine drops",Rinitis alergi bayi dan balita; Gejala terkait: pilek bayi; rinitis alergi bayi,Sesuai aturan pakai pada kemasan. Gunakan sesuai petunjuk pada kemasan. Jika sakit berlanjut hubungi dokter.,"Loratadine, Pseudoephedrine drops",Rinitis alergi bayi dan balita; pilek bayi; rinitis alergi bayi; Gunakan sesuai petunjuk pada kemasan. Jika sakit berlanjut hubungi dokter.,Mulut kering,2027-06-30,Produk,/static/medicines/Rhinos Neo Drops.jpg,True,"[""otc"",""indonesia"",""chatbot-ready""]"
3059,Rhinos Strip 10s,Flu & Pilek,35000.0,130,"Loratadine 5mg, Pseudoephedrine 60mg",Rinitis alergi; Gejala terkait: rinitis alergi; pilek strip,Sesuai aturan pakai pada kemasan. Gunakan sesuai petunjuk pada kemasan. Jika sakit berlanjut hubungi dokter.,"Loratadine 5mg, Pseudoephedrine 60mg",Rinitis alergi; rinitis alergi; pilek strip; Gunakan sesuai petunjuk pada kemasan. Jika sakit berlanjut hubungi dokter.,Mulut kering,2028-12-31,Produk,/static/medicines/Rhinos Strip 10s.jpg,True,"[""otc"",""indonesia"",""chatbot-ready""]"
3060,Tremenza Tablet,Flu & Pilek,35000.0,131,"Triprolidine 2.5mg, Pseudoephedrine 60mg","Flu alergi, hidung meler berat; Gejala terkait: flu alergi; pilek tak kunjung sembuh",Sesuai aturan pakai pada kemasan. Gunakan sesuai petunjuk pada kemasan. Jika sakit berlanjut hubungi dokter.,"Triprolidine 2.5mg, Pseudoephedrine 60mg","Flu alergi, hidung meler berat; flu alergi; pilek tak kunjung sembuh; Gunakan sesuai petunjuk pada kemasan. Jika sakit berlanjut hubungi dokter.","Sangat mengantuk, mulut kering",2026-12-31,Tablet,/static/medicines/Tremenza Tablet.jpg,True,"[""otc"",""indonesia"",""chatbot-ready""]"
3061,Tremenza Sirup,Flu & Pilek,42000.0,286,"Triprolidine, Pseudoephedrine sirup",Flu alergi anak; Gejala terkait: flu alergi anak,Sesuai aturan pakai pada kemasan. Gunakan sesuai petunjuk pada kemasan. Jika sakit berlanjut hubungi dokter.,"Triprolidine, Pseudoephedrine sirup",Flu alergi anak; flu alergi anak; Gunakan sesuai petunjuk pada kemasan. Jika sakit berlanjut hubungi dokter.,"Mengantuk, mulut kering",2028-03-15,Sirup,/static/medicines/Tremenza Sirup.jpg,True,"[""otc"",""indonesia"",""chatbot-ready""]"
3062,Ternolol Strip 10s,Flu & Pilek,20000.0,307,"Paracetamol, Pseudoephedrine",Flu anak; Gejala terkait: flu anak; demam pilek,Sesuai aturan pakai pada kemasan. Gunakan sesuai petunjuk pada kemasan. Jika sakit berlanjut hubungi dokter.,"Paracetamol, Pseudoephedrine",Flu anak; flu anak; demam pilek; Gunakan sesuai petunjuk pada kemasan. Jika sakit berlanjut hubungi dokter.,Berdebar,2026-12-31,Produk,/static/medicines/Ternolol Strip 10s.jpg,True,"[""otc"",""indonesia"",""chatbot-ready""]"
3063,Ternolol Box 100s,Flu & Pilek,145000.0,62,"Paracetamol, Pseudoephedrine",Flu anak stok banyak; Gejala terkait: flu anak; stok,Sesuai aturan pakai pada kemasan. Gunakan sesuai petunjuk pada kemasan. Jika sakit berlanjut hubungi dokter.,"Paracetamol, Pseudoephedrine",Flu anak stok banyak; flu anak; stok; Gunakan sesuai petunjuk pada kemasan. Jika sakit berlanjut hubungi dokter.,Berdebar,2028-12-31,Produk,/static/medicines/Ternolol Box 100s.jpg,True,"[""otc"",""indonesia"",""chatbot-ready""]"
3064,Triaminic Sirup 60ml,Flu & Pilek,45000.0,465,"Pheniramine, Phenylephrine",Batuk pilek anak; Gejala terkait: batuk pilek anak; rhinitis anak,Sesuai aturan pakai pada kemasan. Gunakan sesuai petunjuk pada kemasan. Jika sakit berlanjut hubungi dokter.,"Pheniramine, Phenylephrine",Batuk pilek anak; batuk pilek anak; rhinitis anak; Gunakan sesuai petunjuk pada kemasan. Jika sakit berlanjut hubungi dokter.,Mengantuk,2028-12-31,Sirup,https://placehold.co/400x300/f8fafc/06b6d4?text=Triaminic+Sirup+60ml,True,"[""otc"",""indonesia"",""chatbot-ready""]"
3065,Paediatric Tempral Sirup,Flu & Pilek,35000.0,239,"Paracetamol, Phenylephrine, CTM",Flu demam anak; Gejala terkait: flu anak; demam pilek,Sesuai aturan pakai pada kemasan. Gunakan sesuai petunjuk pada kemasan. Jika sakit berlanjut hubungi dokter.,"Paracetamol, Phenylephrine, CTM",Flu demam anak; flu anak; demam pilek; Gunakan sesuai petunjuk pada kemasan. Jika sakit berlanjut hubungi dokter.,Mengantuk,2027-06-30,Sirup,https://placehold.co/400x300/f8fafc/06b6d4?text=Paediatric+Tempral+Sirup,True,"[""otc"",""indonesia"",""chatbot-ready""]"
3066,Stopcold Tablet,Flu & Pilek,12000.0,231,"Paracetamol, Pseudoephedrine, Cetirizine",Flu alergi kombinasi lengkap; Gejala terkait: flu alergi lengkap,Sesuai aturan pakai pada kemasan. Gunakan sesuai petunjuk pada kemasan. Jika sakit berlanjut hubungi dokter.,"Paracetamol, Pseudoephedrine, Cetirizine",Flu alergi kombinasi lengkap; flu alergi lengkap; Gunakan sesuai petunjuk pada kemasan. Jika sakit berlanjut hubungi dokter.,Mengantuk ringan,2027-06-30,Tablet,https://placehold.co/400x300/f8fafc/06b6d4?text=Stopcold+Tablet,True,"[""otc"",""indonesia"",""chatbot-ready""]"
3067,Promag Tablet Kunyah,Lambung & Maag,9000.0,171,"Hydrotalcite 200mg, Mg(OH)2 150mg, Simethicone 50mg","Maag, perut kembung, ulu hati perih; Gejala terkait: maag; asam lambung; kembung",Sesuai aturan pakai pada kemasan. Gunakan sesuai petunjuk pada kemasan. Jika sakit berlanjut hubungi dokter.,"Hydrotalcite 200mg, Mg(OH)2 150mg, Simethicone 50mg","Maag, perut kembung, ulu hati perih; maag; asam lambung; kembung; Gunakan sesuai petunjuk pada kemasan. Jika sakit berlanjut hubungi dokter.",Diare/sembelit ringan,2027-06-30,Tablet,/static/medicines/Promag Tablet Kunyah.jpg,True,"[""otc"",""indonesia"",""chatbot-ready""]"
3068,Promag Forte Tablet,Lambung & Maag,12000.0,440,"Hydrotalcite 500mg, Mg(OH)2, Simethicone",Maag berat dan kembung parah; Gejala terkait: maag berat; asam lambung tinggi,Sesuai aturan pakai pada kemasan. Gunakan sesuai petunjuk pada kemasan. Jika sakit berlanjut hubungi dokter.,"Hydrotalcite 500mg, Mg(OH)2, Simethicone",Maag berat dan kembung parah; maag berat; asam lambung tinggi; Gunakan sesuai petunjuk pada kemasan. Jika sakit berlanjut hubungi dokter.,Sembelit,2028-03-15,Tablet,/static/medicines/Promag Forte Tablet.jpg,True,"[""otc"",""indonesia"",""chatbot-ready""]"
3069,Promag Cair Sachet,Lambung & Maag,3000.0,136,"Hydrotalcite, Mg(OH)2, Simethicone cair",Maag akut cepat saji; Gejala terkait: maag cepat; sachet praktis,Sesuai aturan pakai pada kemasan. Gunakan sesuai petunjuk pada kemasan. Jika sakit berlanjut hubungi dokter.,"Hydrotalcite, Mg(OH)2, Simethicone cair",Maag akut cepat saji; maag cepat; sachet praktis; Gunakan sesuai petunjuk pada kemasan. Jika sakit berlanjut hubungi dokter.,Diare,2028-12-31,Sachet,/static/medicines/Promag Cair Sachet.jpg,True,"[""otc"",""indonesia"",""chatbot-ready""]"
3070,Promag Double Action,Lambung & Maag,15000.0,149,"Omeprazole 10mg, Hydrotalcite 200mg",Maag dengan asam lambung tinggi kombinasi; Gejala terkait: maag kombinasi; asam lambung,Sesuai aturan pakai pada kemasan. Gunakan sesuai petunjuk pada kemasan. Jika sakit berlanjut hubungi dokter.,"Omeprazole 10mg, Hydrotalcite 200mg",Maag dengan asam lambung tinggi kombinasi; maag kombinasi; asam lambung; Gunakan sesuai petunjuk pada kemasan. Jika sakit berlanjut hubungi dokter.,"Sakit kepala, diare",2027-06-30,Produk,/static/medicines/Promag Double Action.jpg,True,"[""otc"",""indonesia"",""chatbot-ready""]"
3071,Promag Herbal,Lambung & Maag,18000.0,275,"Temulawak, Kunyit, Menthol",Maag herbal; Gejala terkait: maag herbal; lambung herbal,Sesuai aturan pakai pada kemasan. Gunakan sesuai petunjuk pada kemasan. Jika sakit berlanjut hubungi dokter.,"Temulawak, Kunyit, Menthol",Maag herbal; maag herbal; lambung herbal; Gunakan sesuai petunjuk pada kemasan. Jika sakit berlanjut hubungi dokter.,Jarang,2028-03-15,Produk,/static/medicines/Promag Herbal.jpg,True,"[""otc"",""indonesia"",""chatbot-ready""]"
3072,Promag Botol 30ml,Lambung & Maag,12000.0,394,"Hydrotalcite, Mg(OH)2, Simethicone suspensi",Maag suspensi cair; Gejala terkait: maag cair; suspensi maag,Sesuai aturan pakai pada kemasan. Gunakan sesuai petunjuk pada kemasan. Jika sakit berlanjut hubungi dokter.,"Hydrotalcite, Mg(OH)2, Simethicone suspensi",Maag suspensi cair; maag cair; suspensi maag; Gunakan sesuai petunjuk pada kemasan. Jika sakit berlanjut hubungi dokter.,Diare/sembelit,2026-12-31,Produk,/static/medicines/Promag Botol 30ml.jpg,True,"[""otc"",""indonesia"",""chatbot-ready""]"
3073,Mylanta Tablet,Lambung & Maag,12000.0,438,"Al(OH)3 200mg, Mg(OH)2 200mg, Simethicone 20mg",Asam lambung tinggi; Gejala terkait: asam lambung naik; perih perut,Sesuai aturan pakai pada kemasan. Gunakan sesuai petunjuk pada kemasan. Jika sakit berlanjut hubungi dokter.,"Al(OH)3 200mg, Mg(OH)2 200mg, Simethicone 20mg",Asam lambung tinggi; asam lambung naik; perih perut; Gunakan sesuai petunjuk pada kemasan. Jika sakit berlanjut hubungi dokter.,Sembelit,2026-12-31,Tablet,/static/medicines/Mylanta Tablet.jpg,True,"[""otc"",""indonesia"",""chatbot-ready""]"
3074,Mylanta Cair 50 ml,Lambung & Maag,18000.0,215,"Al(OH)3, Mg(OH)2, Simethicone suspensi",Asam lambung tinggi suspensi; Gejala terkait: asam lambung; mulas,Sesuai aturan pakai pada kemasan. Gunakan sesuai petunjuk pada kemasan. Jika sakit berlanjut hubungi dokter.,"Al(OH)3, Mg(OH)2, Simethicone suspensi",Asam lambung tinggi suspensi; asam lambung; mulas; Gunakan sesuai petunjuk pada kemasan. Jika sakit berlanjut hubungi dokter.,Sembelit,2028-12-31,Produk,/static/medicines/Mylanta Cair 50 ml.jpg,True,"[""otc"",""indonesia"",""chatbot-ready""]"
3075,Mylanta Cair 150 ml,Lambung & Maag,45000.0,296,"Al(OH)3, Mg(OH)2, Simethicone suspensi besar",Asam lambung tinggi kemasan besar; Gejala terkait: asam lambung; kemasan besar,Sesuai aturan pakai pada kemasan. Gunakan sesuai petunjuk pada kemasan. Jika sakit berlanjut hubungi dokter.,"Al(OH)3, Mg(OH)2, Simethicone suspensi besar",Asam lambung tinggi kemasan besar; asam lambung; kemasan besar; Gunakan sesuai petunjuk pada kemasan. Jika sakit berlanjut hubungi dokter.,Sembelit,2026-12-31,Produk,/static/medicines/Mylanta Cair 150 ml.jpg,True,"[""otc"",""indonesia"",""chatbot-ready""]"
3076,Mylanta Strip 4s,Lambung & Maag,5000.0,326,"Al(OH)3, Mg(OH)2, Simethicone",Asam lambung strip praktis; Gejala terkait: asam lambung strip,Sesuai aturan pakai pada kemasan. Gunakan sesuai petunjuk pada kemasan. Jika sakit berlanjut hubungi dokter.,"Al(OH)3, Mg(OH)2, Simethicone",Asam lambung strip praktis; asam lambung strip; Gunakan sesuai petunjuk pada kemasan. Jika sakit berlanjut hubungi dokter.,Sembelit,2028-12-31,Produk,/static/medicines/Mylanta Strip 4s.jpg,True,"[""otc"",""indonesia"",""chatbot-ready""]"
3077,Polysilane Tablet Kunyah,Lambung & Maag,11000.0,215,"Simethicone, Al(OH)3, Mg(OH)2",Kembung dan maag; Gejala terkait: perut kembung parah; ulu hati,Sesuai aturan pakai pada kemasan. Gunakan sesuai petunjuk pada kemasan. Jika sakit berlanjut hubungi dokter.,"Simethicone, Al(OH)3, Mg(OH)2",Kembung dan maag; perut kembung parah; ulu hati; Gunakan sesuai petunjuk pada kemasan. Jika sakit berlanjut hubungi dokter.,Sembelit,2028-03-15,Tablet,/static/medicines/Polysilane Tablet Kunyah.jpg,True,"[""otc"",""indonesia"",""chatbot-ready""]"
3078,Polysilane Suspensi 100ml,Lambung & Maag,28000.0,228,"Simethicone, Al(OH)3, Mg(OH)2 suspensi",Kembung dan maag suspensi; Gejala terkait: kembung suspensi,Sesuai aturan pakai pada kemasan. Gunakan sesuai petunjuk pada kemasan. Jika sakit berlanjut hubungi dokter.,"Simethicone, Al(OH)3, Mg(OH)2 suspensi",Kembung dan maag suspensi; kembung suspensi; Gunakan sesuai petunjuk pada kemasan. Jika sakit berlanjut hubungi dokter.,Sembelit,2028-03-15,Produk,/static/medicines/Polysilane Suspensi 100ml.jpg,True,"[""otc"",""indonesia"",""chatbot-ready""]"
3079,Polysilane Max Peppermint,Lambung & Maag,15000.0,189,"Simethicone, Antasida, Menthol",Kembung dan maag rasa mint; Gejala terkait: kembung mint; maag mint,Sesuai aturan pakai pada kemasan. Gunakan sesuai petunjuk pada kemasan. Jika sakit berlanjut hubungi dokter.,"Simethicone, Antasida, Menthol",Kembung dan maag rasa mint; kembung mint; maag mint; Gunakan sesuai petunjuk pada kemasan. Jika sakit berlanjut hubungi dokter.,Sembelit,2028-03-15,Produk,/static/medicines/Polysilane Max Peppermint.jpg,True,"[""otc"",""indonesia"",""chatbot-ready""]"
3080,Waisan Sachet,Lambung & Maag,2500.0,435,"Antasida, Sodium Bicarbonate",Sakit maag sachet praktis; Gejala terkait: mual maag; perih sachet,Sesuai aturan pakai pada kemasan. Gunakan sesuai petunjuk pada kemasan. Jika sakit berlanjut hubungi dokter.,"Antasida, Sodium Bicarbonate",Sakit maag sachet praktis; mual maag; perih sachet; Gunakan sesuai petunjuk pada kemasan. Jika sakit berlanjut hubungi dokter.,"Sendawa, kembung karena gas",2026-12-31,Sachet,/static/medicines/Waisan Sachet.jpg,True,"[""otc"",""indonesia"",""chatbot-ready""]"
3081,Antasida Doen Tablet,Lambung & Maag,3000.0,429,"Al(OH)3 200mg, Mg(OH)2 200mg",Maag generik murah; Gejala terkait: maag murah; generik antasida,Sesuai aturan pakai pada kemasan. Gunakan sesuai petunjuk pada kemasan. Jika sakit berlanjut hubungi dokter.,"Al(OH)3 200mg, Mg(OH)2 200mg",Maag generik murah; maag murah; generik antasida; Gunakan sesuai petunjuk pada kemasan. Jika sakit berlanjut hubungi dokter.,Sembelit,2028-03-15,Tablet,/static/medicines/Antasida Doen Tablet.jpg,True,"[""otc"",""indonesia"",""chatbot-ready""]"
3082,Antasida Doen Sirup 60ml,Lambung & Maag,7000.0,403,"Al(OH)3, Mg(OH)2 suspensi generik",Maag suspensi generik; Gejala terkait: maag sirup generik,Sesuai aturan pakai pada kemasan. Gunakan sesuai petunjuk pada kemasan. Jika sakit berlanjut hubungi dokter.,"Al(OH)3, Mg(OH)2 suspensi generik",Maag suspensi generik; maag sirup generik; Gunakan sesuai petunjuk pada kemasan. Jika sakit berlanjut hubungi dokter.,Sembelit,2027-06-30,Sirup,/static/medicines/Antasida Doen Sirup 60ml.jpg,True,"[""otc"",""indonesia"",""chatbot-ready""]"
3083,Antasida Doen Botol 60ml,Lambung & Maag,8000.0,339,"Al(OH)3, Mg(OH)2",Maag generik botol; Gejala terkait: maag generik botol,Sesuai aturan pakai pada kemasan. Gunakan sesuai petunjuk pada kemasan. Jika sakit berlanjut hubungi dokter.,"Al(OH)3, Mg(OH)2",Maag generik botol; maag generik botol; Gunakan sesuai petunjuk pada kemasan. Jika sakit berlanjut hubungi dokter.,Sembelit,2027-06-30,Produk,/static/medicines/Antasida Doen Botol 60ml.jpg,True,"[""otc"",""indonesia"",""chatbot-ready""]"
3084,Plantacid Forte Tablet,Lambung & Maag,18000.0,322,"Al(OH)3, Mg(OH)2, Simethicone dosis tinggi",Maag dan tukak lambung; Gejala terkait: tukak lambung; maag berat,Sesuai aturan pakai pada kemasan. Gunakan sesuai petunjuk pada kemasan. Jika sakit berlanjut hubungi dokter.,"Al(OH)3, Mg(OH)2, Simethicone dosis tinggi",Maag dan tukak lambung; tukak lambung; maag berat; Gunakan sesuai petunjuk pada kemasan. Jika sakit berlanjut hubungi dokter.,Sembelit,2028-12-31,Tablet,/static/medicines/Plantacid Forte Tablet.jpg,True,"[""otc"",""indonesia"",""chatbot-ready""]"
3085,Plantacid Sirup 100ml,Lambung & Maag,35000.0,121,"Al(OH)3, Mg(OH)2, Simethicone sirup",Tukak lambung sirup; Gejala terkait: tukak lambung sirup,Sesuai aturan pakai pada kemasan. Gunakan sesuai petunjuk pada kemasan. Jika sakit berlanjut hubungi dokter.,"Al(OH)3, Mg(OH)2, Simethicone sirup",Tukak lambung sirup; tukak lambung sirup; Gunakan sesuai petunjuk pada kemasan. Jika sakit berlanjut hubungi dokter.,Sembelit,2028-03-15,Sirup,/static/medicines/Plantacid Sirup 100ml.jpg,True,"[""otc"",""indonesia"",""chatbot-ready""]"
3086,Plantacid Forte Sirup 100ml,Lambung & Maag,45000.0,187,"Al(OH)3, Mg(OH)2, Simethicone forte sirup",Tukak lambung berat; Gejala terkait: tukak lambung berat sirup,Sesuai aturan pakai pada kemasan. Gunakan sesuai petunjuk pada kemasan. Jika sakit berlanjut hubungi dokter.,"Al(OH)3, Mg(OH)2, Simethicone forte sirup",Tukak lambung berat; tukak lambung berat sirup; Gunakan sesuai petunjuk pada kemasan. Jika sakit berlanjut hubungi dokter.,Sembelit,2026-12-31,Sirup,/static/medicines/Plantacid Forte Sirup 100ml.jpg,True,"[""otc"",""indonesia"",""chatbot-ready""]"
3087,Omeprazole Kapsul 20mg,Lambung & Maag,15000.0,473,Omeprazole 20mg,"GERD, maag kronis, tukak lambung; Gejala terkait: gerd; asam lambung kronis; maag berat",Sesuai aturan pakai pada kemasan. Gunakan sesuai petunjuk pada kemasan. Jika sakit berlanjut hubungi dokter.,Omeprazole 20mg,"GERD, maag kronis, tukak lambung; gerd; asam lambung kronis; maag berat; Gunakan sesuai petunjuk pada kemasan. Jika sakit berlanjut hubungi dokter.","Sakit kepala, diare",2027-06-30,Produk,/static/medicines/Omeprazole Kapsul 20mg.jpg,True,"[""otc"",""indonesia"",""chatbot-ready""]"
3088,Omeprazole Strip 10s,Lambung & Maag,12000.0,273,Omeprazole 20mg,GERD strip praktis; Gejala terkait: gerd strip; asam lambung,Sesuai aturan pakai pada kemasan. Gunakan sesuai petunjuk pada kemasan. Jika sakit berlanjut hubungi dokter.,Omeprazole 20mg,GERD strip praktis; gerd strip; asam lambung; Gunakan sesuai petunjuk pada kemasan. Jika sakit berlanjut hubungi dokter.,Sakit kepala,2028-12-31,Produk,/static/medicines/Omeprazole Strip 10s.jpg,True,"[""otc"",""indonesia"",""chatbot-ready""]"
3089,Lansoprazole Kapsul 30mg,Lambung & Maag,25000.0,168,Lansoprazole 30mg,"GERD berat, tukak lambung; Gejala terkait: gerd berat; maag tidak sembuh",Sesuai aturan pakai pada kemasan. Gunakan sesuai petunjuk pada kemasan. Jika sakit berlanjut hubungi dokter.,Lansoprazole 30mg,"GERD berat, tukak lambung; gerd berat; maag tidak sembuh; Gunakan sesuai petunjuk pada kemasan. Jika sakit berlanjut hubungi dokter.","Diare, sakit kepala",2028-12-31,Produk,/static/medicines/Lansoprazole Kapsul 30mg.jpg,True,"[""otc"",""indonesia"",""chatbot-ready""]"
3090,Polycrol Forte Tablet,Lambung & Maag,22000.0,123,"Simethicone, Antasida",Kembung keras dan maag; Gejala terkait: kembung keras; lambung penuh,Sesuai aturan pakai pada kemasan. Gunakan sesuai petunjuk pada kemasan. Jika sakit berlanjut hubungi dokter.,"Simethicone, Antasida",Kembung keras dan maag; kembung keras; lambung penuh; Gunakan sesuai petunjuk pada kemasan. Jika sakit berlanjut hubungi dokter.,Konstipasi,2028-12-31,Tablet,/static/medicines/Polycrol Forte Tablet.jpg,True,"[""otc"",""indonesia"",""chatbot-ready""]"
3091,Polycrol Forte Gel 100ml,Lambung & Maag,42000.0,442,"Simethicone, Antasida gel",Maag dengan kembung berat gel; Gejala terkait: kembung gel; lambung perih,Sesuai aturan pakai pada kemasan. Gunakan sesuai petunjuk pada kemasan. Jika sakit berlanjut hubungi dokter.,"Simethicone, Antasida gel",Maag dengan kembung berat gel; kembung gel; lambung perih; Gunakan sesuai petunjuk pada kemasan. Jika sakit berlanjut hubungi dokter.,Konstipasi,2028-12-31,Topikal,/static/medicines/Polycrol Forte Gel 100ml.jpg,True,"[""otc"",""indonesia"",""chatbot-ready""]"
3092,Ranitidine Tablet 150mg,Lambung & Maag,8000.0,431,Ranitidine HCl 150mg,Maag dan GERD (H2 blocker); Gejala terkait: maag h2 blocker; gerd; asam lambung,Sesuai aturan pakai pada kemasan. Gunakan sesuai petunjuk pada kemasan. Jika sakit berlanjut hubungi dokter.,Ranitidine HCl 150mg,Maag dan GERD (H2 blocker); maag h2 blocker; gerd; asam lambung; Gunakan sesuai petunjuk pada kemasan. Jika sakit berlanjut hubungi dokter.,"Sakit kepala, pusing",2026-12-31,Tablet,https://placehold.co/400x300/f8fafc/10b981?text=Ranitidine+Tablet+150mg,True,"[""otc"",""indonesia"",""chatbot-ready""]"
3093,Sucralfate Suspensi,Lambung & Maag,35000.0,477,Sucralfate 500mg/5ml,Tukak lambung dan GERD pelindung mukosa; Gejala terkait: tukak lambung pelindung; gerd,Sesuai aturan pakai pada kemasan. Gunakan sesuai petunjuk pada kemasan. Jika sakit berlanjut hubungi dokter.,Sucralfate 500mg/5ml,Tukak lambung dan GERD pelindung mukosa; tukak lambung pelindung; gerd; Gunakan sesuai petunjuk pada kemasan. Jika sakit berlanjut hubungi dokter.,Sembelit,2028-12-31,Produk,https://placehold.co/400x300/f8fafc/10b981?text=Sucralfate+Suspensi,True,"[""otc"",""indonesia"",""chatbot-ready""]"
3094,Gasmotin Tablet,Lambung & Maag,45000.0,195,Mosapride Citrate 5mg,"Dispepsia, lambung lambat, mual; Gejala terkait: lambung lambat; dispepsia; mual",Sesuai aturan pakai pada kemasan. Gunakan sesuai petunjuk pada kemasan. Jika sakit berlanjut hubungi dokter.,Mosapride Citrate 5mg,"Dispepsia, lambung lambat, mual; lambung lambat; dispepsia; mual; Gunakan sesuai petunjuk pada kemasan. Jika sakit berlanjut hubungi dokter.","Diare, nyeri kepala",2027-06-30,Tablet,https://placehold.co/400x300/f8fafc/10b981?text=Gasmotin+Tablet,True,"[""otc"",""indonesia"",""chatbot-ready""]"
3095,Nairet Tablet,Lambung & Maag,25000.0,473,Bismuth Subcitrate,Tukak lambung H. pylori; Gejala terkait: helicobacter pylori; tukak lambung,Sesuai aturan pakai pada kemasan. Gunakan sesuai petunjuk pada kemasan. Jika sakit berlanjut hubungi dokter.,Bismuth Subcitrate,Tukak lambung H. pylori; helicobacter pylori; tukak lambung; Gunakan sesuai petunjuk pada kemasan. Jika sakit berlanjut hubungi dokter.,"Feses hitam, mual",2028-03-15,Tablet,https://placehold.co/400x300/f8fafc/10b981?text=Nairet+Tablet,True,"[""otc"",""indonesia"",""chatbot-ready""]"
3096,Entrostop Tablet,Pencernaan & Diare,9000.0,439,"Attapulgite 300mg, Pectin 100mg",Diare non-spesifik; Gejala terkait: diare; mencret; mulas,Sesuai aturan pakai pada kemasan. Gunakan sesuai petunjuk pada kemasan. Jika sakit berlanjut hubungi dokter.,"Attapulgite 300mg, Pectin 100mg",Diare non-spesifik; diare; mencret; mulas; Gunakan sesuai petunjuk pada kemasan. Jika sakit berlanjut hubungi dokter.,"Sembelit, mual",2028-03-15,Tablet,/static/medicines/Entrostop Tablet.jpg,True,"[""otc"",""indonesia"",""chatbot-ready""]"
3097,Entrostop Anak Sirup,Pencernaan & Diare,18000.0,494,"Attapulgite, Pectin sirup anak",Diare anak; Gejala terkait: diare anak; mencret anak,Sesuai aturan pakai pada kemasan. Gunakan sesuai petunjuk pada kemasan. Jika sakit berlanjut hubungi dokter.,"Attapulgite, Pectin sirup anak",Diare anak; diare anak; mencret anak; Gunakan sesuai petunjuk pada kemasan. Jika sakit berlanjut hubungi dokter.,Sembelit,2028-03-15,Sirup,/static/medicines/Entrostop Anak Sirup.jpg,True,"[""otc"",""indonesia"",""chatbot-ready""]"
3098,Diatabs Tablet,Pencernaan & Diare,7500.0,263,Attapulgite 600mg,Diare menyerap racun; Gejala terkait: diare keracunan; mencret air,Sesuai aturan pakai pada kemasan. Gunakan sesuai petunjuk pada kemasan. Jika sakit berlanjut hubungi dokter.,Attapulgite 600mg,Diare menyerap racun; diare keracunan; mencret air; Gunakan sesuai petunjuk pada kemasan. Jika sakit berlanjut hubungi dokter.,Sembelit,2028-03-15,Tablet,/static/medicines/Diatabs Tablet.jpg,True,"[""otc"",""indonesia"",""chatbot-ready""]"
3099,Diapet Kapsul Strip 4s,Pencernaan & Diare,3500.0,347,"Daun Jambu Biji, Kunyit",Diare herbal; Gejala terkait: diare herbal; mules,Sesuai aturan pakai pada kemasan. Gunakan sesuai petunjuk pada kemasan. Jika sakit berlanjut hubungi dokter.,"Daun Jambu Biji, Kunyit",Diare herbal; diare herbal; mules; Gunakan sesuai petunjuk pada kemasan. Jika sakit berlanjut hubungi dokter.,Jarang,2028-12-31,Produk,/static/medicines/Diapet Kapsul Strip 4s.jpg,True,"[""otc"",""indonesia"",""chatbot-ready""]"
3100,Diapet Kapsul Strip 10s,Pencernaan & Diare,8000.0,106,"Daun Jambu Biji, Kunyit",Diare herbal kemasan besar; Gejala terkait: diare herbal,Sesuai aturan pakai pada kemasan. Gunakan sesuai petunjuk pada kemasan. Jika sakit berlanjut hubungi dokter.,"Daun Jambu Biji, Kunyit",Diare herbal kemasan besar; diare herbal; Gunakan sesuai petunjuk pada kemasan. Jika sakit berlanjut hubungi dokter.,Jarang,2026-12-31,Produk,/static/medicines/Diapet Kapsul Strip 10s.jpg,True,"[""otc"",""indonesia"",""chatbot-ready""]"
3101,Diapet Anak Sirup,Pencernaan & Diare,15000.0,197,"Daun Jambu Biji, Kunyit sirup",Diare anak herbal; Gejala terkait: diare anak herbal; mencret anak,Sesuai aturan pakai pada kemasan. Gunakan sesuai petunjuk pada kemasan. Jika sakit berlanjut hubungi dokter.,"Daun Jambu Biji, Kunyit sirup",Diare anak herbal; diare anak herbal; mencret anak; Gunakan sesuai petunjuk pada kemasan. Jika sakit berlanjut hubungi dokter.,Jarang,2026-12-31,Sirup,/static/medicines/Diapet Anak Sirup.jpg,True,"[""otc"",""indonesia"",""chatbot-ready""]"
3102,Diapet Box isi 120 Tablet,Pencernaan & Diare,65000.0,51,"Daun Jambu Biji, Kunyit tablet",Diare herbal stok besar; Gejala terkait: diare herbal besar,Sesuai aturan pakai pada kemasan. Gunakan sesuai petunjuk pada kemasan. Jika sakit berlanjut hubungi dokter.,"Daun Jambu Biji, Kunyit tablet",Diare herbal stok besar; diare herbal besar; Gunakan sesuai petunjuk pada kemasan. Jika sakit berlanjut hubungi dokter.,Jarang,2026-12-31,Tablet,/static/medicines/Diapet Box isi 120 Tablet.jpg,True,"[""otc"",""indonesia"",""chatbot-ready""]"
3103,Norit Tube (40 Tablet),Pencernaan & Diare,25000.0,297,Activated Charcoal 260mg,"Keracunan makanan, kembung berlebih; Gejala terkait: keracunan makanan; salah makan; norit",Sesuai aturan pakai pada kemasan. Gunakan sesuai petunjuk pada kemasan. Jika sakit berlanjut hubungi dokter.,Activated Charcoal 260mg,"Keracunan makanan, kembung berlebih; keracunan makanan; salah makan; norit; Gunakan sesuai petunjuk pada kemasan. Jika sakit berlanjut hubungi dokter.",Feses hitam,2027-06-30,Tablet,/static/medicines/Norit Tube (40 Tablet).jpg,True,"[""otc"",""indonesia"",""chatbot-ready""]"
3104,Norit Box 50s,Pencernaan & Diare,30000.0,357,Activated Charcoal 260mg,Keracunan makanan stok; Gejala terkait: keracunan; norit,Sesuai aturan pakai pada kemasan. Gunakan sesuai petunjuk pada kemasan. Jika sakit berlanjut hubungi dokter.,Activated Charcoal 260mg,Keracunan makanan stok; keracunan; norit; Gunakan sesuai petunjuk pada kemasan. Jika sakit berlanjut hubungi dokter.,Feses hitam,2028-12-31,Produk,/static/medicines/Norit Box 50s.jpg,True,"[""otc"",""indonesia"",""chatbot-ready""]"
3105,Dulcolax Tablet 5 mg,Pencernaan & Diare,22000.0,415,Bisacodyl 5mg,Sembelit; Gejala terkait: susah bab; sembelit; pencahar,Sesuai aturan pakai pada kemasan. Gunakan sesuai petunjuk pada kemasan. Jika sakit berlanjut hubungi dokter.,Bisacodyl 5mg,Sembelit; susah bab; sembelit; pencahar; Gunakan sesuai petunjuk pada kemasan. Jika sakit berlanjut hubungi dokter.,"Kram perut, diare",2027-06-30,Tablet,/static/medicines/Dulcolax Tablet 5 mg.jpg,True,"[""otc"",""indonesia"",""chatbot-ready""]"
3106,Dulcolax Suppositoria 10mg,Pencernaan & Diare,35000.0,408,Bisacodyl 10mg,Sembelit dengan suppositoria dewasa; Gejala terkait: sembelit berat; suppositoria dewasa,Sesuai aturan pakai pada kemasan. Gunakan sesuai petunjuk pada kemasan. Jika sakit berlanjut hubungi dokter.,Bisacodyl 10mg,Sembelit dengan suppositoria dewasa; sembelit berat; suppositoria dewasa; Gunakan sesuai petunjuk pada kemasan. Jika sakit berlanjut hubungi dokter.,Kram perut,2027-06-30,Produk,/static/medicines/Dulcolax Suppositoria 10mg.jpg,True,"[""otc"",""indonesia"",""chatbot-ready""]"
3107,Dulcolax Anak Suppositoria 5mg,Pencernaan & Diare,30000.0,230,Bisacodyl 5mg,Sembelit anak dengan suppositoria; Gejala terkait: sembelit anak; suppositoria anak,Sesuai aturan pakai pada kemasan. Gunakan sesuai petunjuk pada kemasan. Jika sakit berlanjut hubungi dokter.,Bisacodyl 5mg,Sembelit anak dengan suppositoria; sembelit anak; suppositoria anak; Gunakan sesuai petunjuk pada kemasan. Jika sakit berlanjut hubungi dokter.,Kram perut,2027-06-30,Produk,/static/medicines/Dulcolax Anak Suppositoria 5mg.jpg,True,"[""otc"",""indonesia"",""chatbot-ready""]"
3108,Dulcolax Botol 120ml,Pencernaan & Diare,35000.0,459,Bisacodyl 5mg/5ml sirup,Sembelit sirup; Gejala terkait: sembelit sirup; susah bab sirup,Sesuai aturan pakai pada kemasan. Gunakan sesuai petunjuk pada kemasan. Jika sakit berlanjut hubungi dokter.,Bisacodyl 5mg/5ml sirup,Sembelit sirup; sembelit sirup; susah bab sirup; Gunakan sesuai petunjuk pada kemasan. Jika sakit berlanjut hubungi dokter.,"Kram perut, mual",2028-12-31,Produk,/static/medicines/Dulcolax Botol 120ml.jpg,True,"[""otc"",""indonesia"",""chatbot-ready""]"
3109,Microlax Tube 5ml,Pencernaan & Diare,28000.0,112,"Na Lauryl Sulfoacetate, Sorbitol",Sembelit segera cair; Gejala terkait: bab keras; sembelit parah; pencahar instan,Sesuai aturan pakai pada kemasan. Gunakan sesuai petunjuk pada kemasan. Jika sakit berlanjut hubungi dokter.,"Na Lauryl Sulfoacetate, Sorbitol",Sembelit segera cair; bab keras; sembelit parah; pencahar instan; Gunakan sesuai petunjuk pada kemasan. Jika sakit berlanjut hubungi dokter.,Ketidaknyamanan anus,2028-12-31,Produk,/static/medicines/Microlax Tube 5ml.jpg,True,"[""otc"",""indonesia"",""chatbot-ready""]"
3110,Oralit Sachet,Pencernaan & Diare,1000.0,211,"Glukosa 20g, NaCl 3.5g, KCl 1.5g, NaHCO3 2.5g",Rehidrasi saat diare; Gejala terkait: dehidrasi diare; oralit; cairan tubuh,Sesuai aturan pakai pada kemasan. Gunakan sesuai petunjuk pada kemasan. Jika sakit berlanjut hubungi dokter.,"Glukosa 20g, NaCl 3.5g, KCl 1.5g, NaHCO3 2.5g",Rehidrasi saat diare; dehidrasi diare; oralit; cairan tubuh; Gunakan sesuai petunjuk pada kemasan. Jika sakit berlanjut hubungi dokter.,Mual bila terlalu cepat,2026-12-31,Sachet,/static/medicines/Oralit Sachet.jpg,True,"[""otc"",""indonesia"",""chatbot-ready""]"
3111,Lodia Tablet,Pencernaan & Diare,25000.0,151,Loperamide HCl 2mg,Diare akut menghentikan segera; Gejala terkait: diare akut parah; diare air,Sesuai aturan pakai pada kemasan. Gunakan sesuai petunjuk pada kemasan. Jika sakit berlanjut hubungi dokter.,Loperamide HCl 2mg,Diare akut menghentikan segera; diare akut parah; diare air; Gunakan sesuai petunjuk pada kemasan. Jika sakit berlanjut hubungi dokter.,"Sembelit, pusing",2027-06-30,Tablet,/static/medicines/Lodia Tablet.jpg,True,"[""otc"",""indonesia"",""chatbot-ready""]"
3112,Lodia Box 100s,Pencernaan & Diare,180000.0,61,Loperamide HCl 2mg,Diare akut stok besar; Gejala terkait: diare akut stok,Sesuai aturan pakai pada kemasan. Gunakan sesuai petunjuk pada kemasan. Jika sakit berlanjut hubungi dokter.,Loperamide HCl 2mg,Diare akut stok besar; diare akut stok; Gunakan sesuai petunjuk pada kemasan. Jika sakit berlanjut hubungi dokter.,Sembelit,2028-03-15,Produk,/static/medicines/Lodia Box 100s.jpg,True,"[""otc"",""indonesia"",""chatbot-ready""]"
3113,Lacto-B Sachet,Pencernaan & Diare,8000.0,365,"Lactobacillus acidophilus, L. bulgaricus, Streptococcus thermophilus",Diare anak + probiotik; Gejala terkait: probiotik diare; mencret anak; flora usus,Sesuai aturan pakai pada kemasan. Gunakan sesuai petunjuk pada kemasan. Jika sakit berlanjut hubungi dokter.,"Lactobacillus acidophilus, L. bulgaricus, Streptococcus thermophilus",Diare anak + probiotik; probiotik diare; mencret anak; flora usus; Gunakan sesuai petunjuk pada kemasan. Jika sakit berlanjut hubungi dokter.,Jarang,2026-12-31,Sachet,/static/medicines/Lacto-B Sachet.jpg,True,"[""otc"",""indonesia"",""chatbot-ready""]"
3114,Liprolac Sachet,Pencernaan & Diare,9000.0,243,Multi-strain probiotik,Kesehatan pencernaan; Gejala terkait: probiotik; pencernaan sehat,Sesuai aturan pakai pada kemasan. Gunakan sesuai petunjuk pada kemasan. Jika sakit berlanjut hubungi dokter.,Multi-strain probiotik,Kesehatan pencernaan; probiotik; pencernaan sehat; Gunakan sesuai petunjuk pada kemasan. Jika sakit berlanjut hubungi dokter.,Jarang,2027-06-30,Sachet,/static/medicines/Liprolac Sachet.jpg,True,"[""otc"",""indonesia"",""chatbot-ready""]"
3115,Liprolac Baby Drops,Pencernaan & Diare,150000.0,56,Multi-strain probiotik drops,Pencernaan bayi sehat; Gejala terkait: probiotik bayi; kolik bayi,Sesuai aturan pakai pada kemasan. Gunakan sesuai petunjuk pada kemasan. Jika sakit berlanjut hubungi dokter.,Multi-strain probiotik drops,Pencernaan bayi sehat; probiotik bayi; kolik bayi; Gunakan sesuai petunjuk pada kemasan. Jika sakit berlanjut hubungi dokter.,Jarang,2026-12-31,Produk,/static/medicines/Liprolac Baby Drops.jpg,True,"[""otc"",""indonesia"",""chatbot-ready""]"
3116,Liprolac Botol 30ml,Pencernaan & Diare,45000.0,280,Multi-strain probiotik sirup,Pencernaan anak; Gejala terkait: probiotik anak,Sesuai aturan pakai pada kemasan. Gunakan sesuai petunjuk pada kemasan. Jika sakit berlanjut hubungi dokter.,Multi-strain probiotik sirup,Pencernaan anak; probiotik anak; Gunakan sesuai petunjuk pada kemasan. Jika sakit berlanjut hubungi dokter.,Jarang,2027-06-30,Produk,/static/medicines/Liprolac Botol 30ml.jpg,True,"[""otc"",""indonesia"",""chatbot-ready""]"
3117,Liprolac Botol 120ml,Pencernaan & Diare,85000.0,54,Multi-strain probiotik sirup besar,Pencernaan keluarga; Gejala terkait: probiotik keluarga,Sesuai aturan pakai pada kemasan. Gunakan sesuai petunjuk pada kemasan. Jika sakit berlanjut hubungi dokter.,Multi-strain probiotik sirup besar,Pencernaan keluarga; probiotik keluarga; Gunakan sesuai petunjuk pada kemasan. Jika sakit berlanjut hubungi dokter.,Jarang,2026-12-31,Produk,/static/medicines/Liprolac Botol 120ml.jpg,True,"[""otc"",""indonesia"",""chatbot-ready""]"
3118,Plantago Ovata Granul,Pencernaan & Diare,45000.0,448,Psyllium Husk,Sembelit kronis dan melancarkan BAB; Gejala terkait: sembelit kronis; konstipasi; BAB tidak lancar,Sesuai aturan pakai pada kemasan. Gunakan sesuai petunjuk pada kemasan. Jika sakit berlanjut hubungi dokter.,Psyllium Husk,Sembelit kronis dan melancarkan BAB; sembelit kronis; konstipasi; BAB tidak lancar; Gunakan sesuai petunjuk pada kemasan. Jika sakit berlanjut hubungi dokter.,Kembung sementara,2026-12-31,Produk,https://placehold.co/400x300/f8fafc/f59e0b?text=Plantago+Ovata+Granul,True,"[""otc"",""indonesia"",""chatbot-ready""]"
3119,Biolysin Sirup,Pencernaan & Diare,38000.0,412,"Lysine, Vitamin B Kompleks, Zinc",Nafsu makan anak; Gejala terkait: nafsu makan anak; anak susah makan,Sesuai aturan pakai pada kemasan. Gunakan sesuai petunjuk pada kemasan. Jika sakit berlanjut hubungi dokter.,"Lysine, Vitamin B Kompleks, Zinc",Nafsu makan anak; nafsu makan anak; anak susah makan; Gunakan sesuai petunjuk pada kemasan. Jika sakit berlanjut hubungi dokter.,Jarang,2028-12-31,Sirup,https://placehold.co/400x300/f8fafc/f59e0b?text=Biolysin+Sirup,True,"[""otc"",""indonesia"",""chatbot-ready""]"
3120,Curcuma Plus Sirup,Pencernaan & Diare,45000.0,173,"Curcuma Xanthorrhiza, Vitamin, Zinc","Nafsu makan kurang, pencernaan; Gejala terkait: nafsu makan; anak kurus; curcuma",Sesuai aturan pakai pada kemasan. Gunakan sesuai petunjuk pada kemasan. Jika sakit berlanjut hubungi dokter.,"Curcuma Xanthorrhiza, Vitamin, Zinc","Nafsu makan kurang, pencernaan; nafsu makan; anak kurus; curcuma; Gunakan sesuai petunjuk pada kemasan. Jika sakit berlanjut hubungi dokter.",Jarang,2026-12-31,Sirup,https://placehold.co/400x300/f8fafc/f59e0b?text=Curcuma+Plus+Sirup,True,"[""otc"",""indonesia"",""chatbot-ready""]"
3121,Scott's Emulsion,Pencernaan & Diare,55000.0,68,"Cod Liver Oil, Calcium, Vitamin A & D","Nafsu makan, daya tahan, pertumbuhan; Gejala terkait: minyak ikan; nafsu makan; vitamin ad",Sesuai aturan pakai pada kemasan. Gunakan sesuai petunjuk pada kemasan. Jika sakit berlanjut hubungi dokter.,"Cod Liver Oil, Calcium, Vitamin A & D","Nafsu makan, daya tahan, pertumbuhan; minyak ikan; nafsu makan; vitamin ad; Gunakan sesuai petunjuk pada kemasan. Jika sakit berlanjut hubungi dokter.",Mual bila berlebih,2027-06-30,Produk,https://placehold.co/400x300/f8fafc/f59e0b?text=Scott's+Emulsion,True,"[""otc"",""indonesia"",""chatbot-ready""]"
3122,Noprovit Sirup,Pencernaan & Diare,35000.0,380,"Zinc, Vitamin B1, B6, B12",Nafsu makan anak; Gejala terkait: nafsu makan anak; zinc,Sesuai aturan pakai pada kemasan. Gunakan sesuai petunjuk pada kemasan. Jika sakit berlanjut hubungi dokter.,"Zinc, Vitamin B1, B6, B12",Nafsu makan anak; nafsu makan anak; zinc; Gunakan sesuai petunjuk pada kemasan. Jika sakit berlanjut hubungi dokter.,Jarang,2028-12-31,Sirup,https://placehold.co/400x300/f8fafc/f59e0b?text=Noprovit+Sirup,True,"[""otc"",""indonesia"",""chatbot-ready""]"
3123,Enervon C Strip 4s,Vitamin & Suplemen,5000.0,373,"Vitamin C 500mg, Vitamin B Kompleks",Daya tahan tubuh; Gejala terkait: imun; vitamin c; capek,Sesuai aturan pakai pada kemasan. Gunakan sesuai petunjuk pada kemasan. Jika sakit berlanjut hubungi dokter.,"Vitamin C 500mg, Vitamin B Kompleks",Daya tahan tubuh; imun; vitamin c; capek; Gunakan sesuai petunjuk pada kemasan. Jika sakit berlanjut hubungi dokter.,Urin kuning cerah,2028-03-15,Produk,/static/medicines/Enervon C Strip 4s.jpg,True,"[""otc"",""indonesia"",""chatbot-ready""]"
3124,Enervon C Effervescent,Vitamin & Suplemen,35000.0,497,"Vitamin C 1000mg, Vitamin B Kompleks effervescent",Daya tahan dan energi; Gejala terkait: imun effervescent; vitamin c tinggi,Sesuai aturan pakai pada kemasan. Gunakan sesuai petunjuk pada kemasan. Jika sakit berlanjut hubungi dokter.,"Vitamin C 1000mg, Vitamin B Kompleks effervescent",Daya tahan dan energi; imun effervescent; vitamin c tinggi; Gunakan sesuai petunjuk pada kemasan. Jika sakit berlanjut hubungi dokter.,Kembung,2028-12-31,Produk,/static/medicines/Enervon C Effervescent.jpg,True,"[""otc"",""indonesia"",""chatbot-ready""]"
3125,Enervon C Plus Sirup,Vitamin & Suplemen,25000.0,444,"Vitamin C 100mg, Vitamin B Kompleks sirup",Daya tahan anak; Gejala terkait: vitamin c anak; imun anak,Sesuai aturan pakai pada kemasan. Gunakan sesuai petunjuk pada kemasan. Jika sakit berlanjut hubungi dokter.,"Vitamin C 100mg, Vitamin B Kompleks sirup",Daya tahan anak; vitamin c anak; imun anak; Gunakan sesuai petunjuk pada kemasan. Jika sakit berlanjut hubungi dokter.,Urin kuning,2027-06-30,Sirup,/static/medicines/Enervon C Plus Sirup.jpg,True,"[""otc"",""indonesia"",""chatbot-ready""]"
3126,Vitacimin Lemon Strip,Vitamin & Suplemen,2500.0,133,Vitamin C 500mg hisap rasa lemon,Suplemen Vitamin C hisap; Gejala terkait: vitamin hisap; sariawan; vitamin c,Sesuai aturan pakai pada kemasan. Gunakan sesuai petunjuk pada kemasan. Jika sakit berlanjut hubungi dokter.,Vitamin C 500mg hisap rasa lemon,Suplemen Vitamin C hisap; vitamin hisap; sariawan; vitamin c; Gunakan sesuai petunjuk pada kemasan. Jika sakit berlanjut hubungi dokter.,Nyeri lambung,2028-03-15,Produk,/static/medicines/Vitacimin Lemon Strip.jpg,True,"[""otc"",""indonesia"",""chatbot-ready""]"
3127,Vitacimin Sweet Orange Strip,Vitamin & Suplemen,2500.0,411,Vitamin C 500mg hisap rasa jeruk,Suplemen Vitamin C hisap; Gejala terkait: vitamin hisap; jeruk,Sesuai aturan pakai pada kemasan. Gunakan sesuai petunjuk pada kemasan. Jika sakit berlanjut hubungi dokter.,Vitamin C 500mg hisap rasa jeruk,Suplemen Vitamin C hisap; vitamin hisap; jeruk; Gunakan sesuai petunjuk pada kemasan. Jika sakit berlanjut hubungi dokter.,Nyeri lambung,2028-12-31,Produk,/static/medicines/Vitacimin Sweet Orange Strip.jpg,True,"[""otc"",""indonesia"",""chatbot-ready""]"
3128,Vitacimin Blueberry Strip,Vitamin & Suplemen,2500.0,119,Vitamin C 500mg hisap rasa blueberry,Suplemen Vitamin C hisap; Gejala terkait: vitamin hisap; blueberry,Sesuai aturan pakai pada kemasan. Gunakan sesuai petunjuk pada kemasan. Jika sakit berlanjut hubungi dokter.,Vitamin C 500mg hisap rasa blueberry,Suplemen Vitamin C hisap; vitamin hisap; blueberry; Gunakan sesuai petunjuk pada kemasan. Jika sakit berlanjut hubungi dokter.,Nyeri lambung,2026-12-31,Produk,/static/medicines/Vitacimin Blueberry Strip.jpg,True,"[""otc"",""indonesia"",""chatbot-ready""]"
3129,Vitacimin Box 100s,Vitamin & Suplemen,65000.0,59,Vitamin C 500mg hisap,Vitamin C stok besar; Gejala terkait: vitamin c stok besar,Sesuai aturan pakai pada kemasan. Gunakan sesuai petunjuk pada kemasan. Jika sakit berlanjut hubungi dokter.,Vitamin C 500mg hisap,Vitamin C stok besar; vitamin c stok besar; Gunakan sesuai petunjuk pada kemasan. Jika sakit berlanjut hubungi dokter.,Nyeri lambung,2028-12-31,Produk,/static/medicines/Vitacimin Box 100s.jpg,True,"[""otc"",""indonesia"",""chatbot-ready""]"
3130,Vicee Strawberry Strip,Vitamin & Suplemen,2000.0,213,Vitamin C 500mg rasa stroberi,Suplemen Vitamin C; Gejala terkait: vitamin c stroberi; imun,Sesuai aturan pakai pada kemasan. Gunakan sesuai petunjuk pada kemasan. Jika sakit berlanjut hubungi dokter.,Vitamin C 500mg rasa stroberi,Suplemen Vitamin C; vitamin c stroberi; imun; Gunakan sesuai petunjuk pada kemasan. Jika sakit berlanjut hubungi dokter.,Nyeri lambung,2027-06-30,Produk,/static/medicines/Vicee Strawberry Strip.jpg,True,"[""otc"",""indonesia"",""chatbot-ready""]"
3131,Vicee Orange Strip,Vitamin & Suplemen,2000.0,277,Vitamin C 500mg rasa jeruk,Suplemen Vitamin C; Gejala terkait: vitamin c jeruk; imun,Sesuai aturan pakai pada kemasan. Gunakan sesuai petunjuk pada kemasan. Jika sakit berlanjut hubungi dokter.,Vitamin C 500mg rasa jeruk,Suplemen Vitamin C; vitamin c jeruk; imun; Gunakan sesuai petunjuk pada kemasan. Jika sakit berlanjut hubungi dokter.,Nyeri lambung,2027-06-30,Produk,/static/medicines/Vicee Orange Strip.jpg,True,"[""otc"",""indonesia"",""chatbot-ready""]"
3132,Imboost Strip 4s,Vitamin & Suplemen,20000.0,289,"Echinacea purpurea 250mg, Zinc 10mg, Vitamin C",Meningkatkan imun tubuh; Gejala terkait: sistem imun; cegah sakit; echinacea,Sesuai aturan pakai pada kemasan. Gunakan sesuai petunjuk pada kemasan. Jika sakit berlanjut hubungi dokter.,"Echinacea purpurea 250mg, Zinc 10mg, Vitamin C",Meningkatkan imun tubuh; sistem imun; cegah sakit; echinacea; Gunakan sesuai petunjuk pada kemasan. Jika sakit berlanjut hubungi dokter.,Alergi (jarang),2027-06-30,Produk,/static/medicines/Imboost Strip 4s.jpg,True,"[""otc"",""indonesia"",""chatbot-ready""]"
3133,Imboost Force Tablet,Vitamin & Suplemen,65000.0,58,"Echinacea, Zinc, Vitamin C, Elderberry",Imun booster tingkat lanjut; Gejala terkait: imun booster; elderberry,Sesuai aturan pakai pada kemasan. Gunakan sesuai petunjuk pada kemasan. Jika sakit berlanjut hubungi dokter.,"Echinacea, Zinc, Vitamin C, Elderberry",Imun booster tingkat lanjut; imun booster; elderberry; Gunakan sesuai petunjuk pada kemasan. Jika sakit berlanjut hubungi dokter.,Alergi jarang,2028-03-15,Tablet,/static/medicines/Imboost Force Tablet.jpg,True,"[""otc"",""indonesia"",""chatbot-ready""]"
3134,Imboost Kids Sirup,Vitamin & Suplemen,40000.0,274,"Echinacea, Zinc, Vitamin C sirup anak",Imun anak sering sakit; Gejala terkait: imun anak; anak sering sakit,Sesuai aturan pakai pada kemasan. Gunakan sesuai petunjuk pada kemasan. Jika sakit berlanjut hubungi dokter.,"Echinacea, Zinc, Vitamin C sirup anak",Imun anak sering sakit; imun anak; anak sering sakit; Gunakan sesuai petunjuk pada kemasan. Jika sakit berlanjut hubungi dokter.,Jarang,2028-12-31,Sirup,/static/medicines/Imboost Kids Sirup.jpg,True,"[""otc"",""indonesia"",""chatbot-ready""]"
3135,Imboost Extra Vitamin C,Vitamin & Suplemen,45000.0,122,"Echinacea, Zinc, Vitamin C 1000mg",Imun dan vitamin C ekstra; Gejala terkait: imun vitamin c tinggi,Sesuai aturan pakai pada kemasan. Gunakan sesuai petunjuk pada kemasan. Jika sakit berlanjut hubungi dokter.,"Echinacea, Zinc, Vitamin C 1000mg",Imun dan vitamin C ekstra; imun vitamin c tinggi; Gunakan sesuai petunjuk pada kemasan. Jika sakit berlanjut hubungi dokter.,Nyeri lambung,2027-06-30,Produk,/static/medicines/Imboost Extra Vitamin C.jpg,True,"[""otc"",""indonesia"",""chatbot-ready""]"
3136,Stimuno Forte Kapsul,Vitamin & Suplemen,35000.0,351,Phyllanthus niruri 50mg,Imunomodulator fitofarmaka; Gejala terkait: imunomodulator; gampang sakit; daya tahan,Sesuai aturan pakai pada kemasan. Gunakan sesuai petunjuk pada kemasan. Jika sakit berlanjut hubungi dokter.,Phyllanthus niruri 50mg,Imunomodulator fitofarmaka; imunomodulator; gampang sakit; daya tahan; Gunakan sesuai petunjuk pada kemasan. Jika sakit berlanjut hubungi dokter.,Jarang,2026-12-31,Produk,/static/medicines/Stimuno Forte Kapsul.jpg,True,"[""otc"",""indonesia"",""chatbot-ready""]"
3137,Stimuno Sirup Anggur,Vitamin & Suplemen,32000.0,374,Phyllanthus niruri sirup rasa anggur,Daya tahan anak; Gejala terkait: imun anak anggur,Sesuai aturan pakai pada kemasan. Gunakan sesuai petunjuk pada kemasan. Jika sakit berlanjut hubungi dokter.,Phyllanthus niruri sirup rasa anggur,Daya tahan anak; imun anak anggur; Gunakan sesuai petunjuk pada kemasan. Jika sakit berlanjut hubungi dokter.,Jarang,2028-03-15,Sirup,/static/medicines/Stimuno Sirup Anggur.jpg,True,"[""otc"",""indonesia"",""chatbot-ready""]"
3138,Stimuno Sirup Jeruk,Vitamin & Suplemen,32000.0,356,Phyllanthus niruri sirup rasa jeruk,Daya tahan anak; Gejala terkait: imun anak jeruk,Sesuai aturan pakai pada kemasan. Gunakan sesuai petunjuk pada kemasan. Jika sakit berlanjut hubungi dokter.,Phyllanthus niruri sirup rasa jeruk,Daya tahan anak; imun anak jeruk; Gunakan sesuai petunjuk pada kemasan. Jika sakit berlanjut hubungi dokter.,Jarang,2028-12-31,Sirup,/static/medicines/Stimuno Sirup Jeruk.jpg,True,"[""otc"",""indonesia"",""chatbot-ready""]"
3139,CDR Tube 10 Tablet,Vitamin & Suplemen,48000.0,192,"Calcium 500mg, Vitamin C, D3, B6 effervescent",Kesehatan tulang dan imun; Gejala terkait: kalsium; tulang kuat; imun,Sesuai aturan pakai pada kemasan. Gunakan sesuai petunjuk pada kemasan. Jika sakit berlanjut hubungi dokter.,"Calcium 500mg, Vitamin C, D3, B6 effervescent",Kesehatan tulang dan imun; kalsium; tulang kuat; imun; Gunakan sesuai petunjuk pada kemasan. Jika sakit berlanjut hubungi dokter.,Kembung,2028-03-15,Tablet,/static/medicines/CDR Tube 10 Tablet.jpg,True,"[""otc"",""indonesia"",""chatbot-ready""]"
3140,CDR Tube 15 Tablet,Vitamin & Suplemen,68000.0,31,"Calcium 500mg, Vitamin C, D3, B6 effervescent isi 15",Kesehatan tulang besar; Gejala terkait: kalsium; tulang; osteoporosis,Sesuai aturan pakai pada kemasan. Gunakan sesuai petunjuk pada kemasan. Jika sakit berlanjut hubungi dokter.,"Calcium 500mg, Vitamin C, D3, B6 effervescent isi 15",Kesehatan tulang besar; kalsium; tulang; osteoporosis; Gunakan sesuai petunjuk pada kemasan. Jika sakit berlanjut hubungi dokter.,Kembung,2027-06-30,Tablet,/static/medicines/CDR Tube 15 Tablet.jpg,True,"[""otc"",""indonesia"",""chatbot-ready""]"
3141,CDR Strip 4s,Vitamin & Suplemen,15000.0,197,"Calcium, Vitamin C, D3 effervescent mini",Kalsium praktis; Gejala terkait: kalsium strip; tulang,Sesuai aturan pakai pada kemasan. Gunakan sesuai petunjuk pada kemasan. Jika sakit berlanjut hubungi dokter.,"Calcium, Vitamin C, D3 effervescent mini",Kalsium praktis; kalsium strip; tulang; Gunakan sesuai petunjuk pada kemasan. Jika sakit berlanjut hubungi dokter.,Kembung,2028-03-15,Produk,/static/medicines/CDR Strip 4s.jpg,True,"[""otc"",""indonesia"",""chatbot-ready""]"
3142,Redoxon Triple Action 10s,Vitamin & Suplemen,52000.0,71,"Vitamin C 1000mg, Zinc 10mg, Vitamin D3 400IU",Daya tahan tubuh tiga arah; Gejala terkait: vitamin c triple; imun tinggi,Sesuai aturan pakai pada kemasan. Gunakan sesuai petunjuk pada kemasan. Jika sakit berlanjut hubungi dokter.,"Vitamin C 1000mg, Zinc 10mg, Vitamin D3 400IU",Daya tahan tubuh tiga arah; vitamin c triple; imun tinggi; Gunakan sesuai petunjuk pada kemasan. Jika sakit berlanjut hubungi dokter.,Nyeri lambung,2028-12-31,Produk,/static/medicines/Redoxon Triple Action 10s.jpg,True,"[""otc"",""indonesia"",""chatbot-ready""]"
3143,Redoxon Zinc 10s,Vitamin & Suplemen,45000.0,328,"Zinc 10mg, Vitamin C 1000mg effervescent",Imun dan penyembuhan luka; Gejala terkait: zinc imun; penyembuhan luka,Sesuai aturan pakai pada kemasan. Gunakan sesuai petunjuk pada kemasan. Jika sakit berlanjut hubungi dokter.,"Zinc 10mg, Vitamin C 1000mg effervescent",Imun dan penyembuhan luka; zinc imun; penyembuhan luka; Gunakan sesuai petunjuk pada kemasan. Jika sakit berlanjut hubungi dokter.,Nyeri lambung,2028-03-15,Produk,/static/medicines/Redoxon Zinc 10s.jpg,True,"[""otc"",""indonesia"",""chatbot-ready""]"
3144,Redoxon Kids Gummy,Vitamin & Suplemen,35000.0,389,"Vitamin C, D, Zinc gummy anak",Suplemen imun anak yang menyenangkan; Gejala terkait: vitamin gummy anak; imun anak menyenangkan,Sesuai aturan pakai pada kemasan. Gunakan sesuai petunjuk pada kemasan. Jika sakit berlanjut hubungi dokter.,"Vitamin C, D, Zinc gummy anak",Suplemen imun anak yang menyenangkan; vitamin gummy anak; imun anak menyenangkan; Gunakan sesuai petunjuk pada kemasan. Jika sakit berlanjut hubungi dokter.,Jarang,2027-06-30,Produk,/static/medicines/Redoxon Kids Gummy.jpg,True,"[""otc"",""indonesia"",""chatbot-ready""]"
3145,Fatigon Putih Tablet,Vitamin & Suplemen,7000.0,300,"Vitamin B1, B6, B12, E",Mengatasi kelelahan dan capek; Gejala terkait: capek; kelelahan; pegal linu,Sesuai aturan pakai pada kemasan. Gunakan sesuai petunjuk pada kemasan. Jika sakit berlanjut hubungi dokter.,"Vitamin B1, B6, B12, E",Mengatasi kelelahan dan capek; capek; kelelahan; pegal linu; Gunakan sesuai petunjuk pada kemasan. Jika sakit berlanjut hubungi dokter.,Jarang,2028-03-15,Tablet,/static/medicines/Fatigon Putih Tablet.jpg,True,"[""otc"",""indonesia"",""chatbot-ready""]"
3146,Fatigon Spirit Tablet,Vitamin & Suplemen,8500.0,267,"Vitamin B Kompleks, Ginseng",Capek dan kurang tenaga; Gejala terkait: capek; kurang tenaga; ginseng,Sesuai aturan pakai pada kemasan. Gunakan sesuai petunjuk pada kemasan. Jika sakit berlanjut hubungi dokter.,"Vitamin B Kompleks, Ginseng",Capek dan kurang tenaga; capek; kurang tenaga; ginseng; Gunakan sesuai petunjuk pada kemasan. Jika sakit berlanjut hubungi dokter.,Insomnia ringan,2026-12-31,Tablet,/static/medicines/Fatigon Spirit Tablet.jpg,True,"[""otc"",""indonesia"",""chatbot-ready""]"
3147,Fatigon Promuno,Vitamin & Suplemen,15000.0,125,"Echinacea, Vitamin C, Zinc",Imun dan pemulihan dari sakit; Gejala terkait: pemulihan sakit; imun,Sesuai aturan pakai pada kemasan. Gunakan sesuai petunjuk pada kemasan. Jika sakit berlanjut hubungi dokter.,"Echinacea, Vitamin C, Zinc",Imun dan pemulihan dari sakit; pemulihan sakit; imun; Gunakan sesuai petunjuk pada kemasan. Jika sakit berlanjut hubungi dokter.,Jarang,2028-12-31,Produk,/static/medicines/Fatigon Promuno.jpg,True,"[""otc"",""indonesia"",""chatbot-ready""]"
3148,Fatigon Strip 4s,Vitamin & Suplemen,5000.0,368,"Vitamin B Kompleks, Vitamin E",Capek strip praktis; Gejala terkait: capek strip; vitamin b,Sesuai aturan pakai pada kemasan. Gunakan sesuai petunjuk pada kemasan. Jika sakit berlanjut hubungi dokter.,"Vitamin B Kompleks, Vitamin E",Capek strip praktis; capek strip; vitamin b; Gunakan sesuai petunjuk pada kemasan. Jika sakit berlanjut hubungi dokter.,Jarang,2026-12-31,Produk,/static/medicines/Fatigon Strip 4s.jpg,True,"[""otc"",""indonesia"",""chatbot-ready""]"
3149,Renovit Multivitamin Strip,Vitamin & Suplemen,15000.0,423,"12 Vitamin, 13 Mineral",Kebutuhan vitamin harian lengkap; Gejala terkait: multivitamin; vitamin lengkap,Sesuai aturan pakai pada kemasan. Gunakan sesuai petunjuk pada kemasan. Jika sakit berlanjut hubungi dokter.,"12 Vitamin, 13 Mineral",Kebutuhan vitamin harian lengkap; multivitamin; vitamin lengkap; Gunakan sesuai petunjuk pada kemasan. Jika sakit berlanjut hubungi dokter.,Jarang,2027-06-30,Produk,/static/medicines/Renovit Multivitamin Strip.jpg,True,"[""otc"",""indonesia"",""chatbot-ready""]"
3150,Renovit Gold Strip,Vitamin & Suplemen,18000.0,320,"12 Vitamin, 13 Mineral + Ginseng",Multivitamin premium; Gejala terkait: multivitamin premium; ginseng,Sesuai aturan pakai pada kemasan. Gunakan sesuai petunjuk pada kemasan. Jika sakit berlanjut hubungi dokter.,"12 Vitamin, 13 Mineral + Ginseng",Multivitamin premium; multivitamin premium; ginseng; Gunakan sesuai petunjuk pada kemasan. Jika sakit berlanjut hubungi dokter.,Insomnia ringan,2026-12-31,Produk,/static/medicines/Renovit Gold Strip.jpg,True,"[""otc"",""indonesia"",""chatbot-ready""]"
3151,Renovit Sachet 5ml,Vitamin & Suplemen,8000.0,146,Multivitamin cair sachet,Vitamin harian praktis; Gejala terkait: vitamin sachet; vitamin cair,Sesuai aturan pakai pada kemasan. Gunakan sesuai petunjuk pada kemasan. Jika sakit berlanjut hubungi dokter.,Multivitamin cair sachet,Vitamin harian praktis; vitamin sachet; vitamin cair; Gunakan sesuai petunjuk pada kemasan. Jika sakit berlanjut hubungi dokter.,Jarang,2028-12-31,Sachet,/static/medicines/Renovit Sachet 5ml.jpg,True,"[""otc"",""indonesia"",""chatbot-ready""]"
3152,Sangobion Kapsul Strip,Vitamin & Suplemen,18000.0,140,"Ferrous Gluconate 250mg, Folic Acid, Vit B12, Vit C",Anemia kurang zat besi; Gejala terkait: kurang darah; anemia; pusing pucat,Sesuai aturan pakai pada kemasan. Gunakan sesuai petunjuk pada kemasan. Jika sakit berlanjut hubungi dokter.,"Ferrous Gluconate 250mg, Folic Acid, Vit B12, Vit C",Anemia kurang zat besi; kurang darah; anemia; pusing pucat; Gunakan sesuai petunjuk pada kemasan. Jika sakit berlanjut hubungi dokter.,"Feses hitam, sembelit",2027-06-30,Produk,/static/medicines/Sangobion Kapsul Strip.jpg,True,"[""otc"",""indonesia"",""chatbot-ready""]"
3153,Sangobion Sirup,Vitamin & Suplemen,35000.0,341,"Ferrous Gluconate, Folic Acid, Vitamin B12 sirup",Anemia dan kurang darah; Gejala terkait: kurang darah sirup; anemia sirup,Sesuai aturan pakai pada kemasan. Gunakan sesuai petunjuk pada kemasan. Jika sakit berlanjut hubungi dokter.,"Ferrous Gluconate, Folic Acid, Vitamin B12 sirup",Anemia dan kurang darah; kurang darah sirup; anemia sirup; Gunakan sesuai petunjuk pada kemasan. Jika sakit berlanjut hubungi dokter.,Feses hitam,2026-12-31,Sirup,/static/medicines/Sangobion Sirup.jpg,True,"[""otc"",""indonesia"",""chatbot-ready""]"
3154,Sangobion Kids Sirup,Vitamin & Suplemen,32000.0,413,"Ferrous Gluconate, Vit B12 sirup anak",Anemia anak; Gejala terkait: anemia anak; kurang darah anak,Sesuai aturan pakai pada kemasan. Gunakan sesuai petunjuk pada kemasan. Jika sakit berlanjut hubungi dokter.,"Ferrous Gluconate, Vit B12 sirup anak",Anemia anak; anemia anak; kurang darah anak; Gunakan sesuai petunjuk pada kemasan. Jika sakit berlanjut hubungi dokter.,Feses hitam,2028-03-15,Sirup,/static/medicines/Sangobion Kids Sirup.jpg,True,"[""otc"",""indonesia"",""chatbot-ready""]"
3155,Sangobion Baby Drops,Vitamin & Suplemen,40000.0,482,Ferrous Gluconate drops bayi,Anemia bayi; Gejala terkait: anemia bayi; zat besi bayi,Sesuai aturan pakai pada kemasan. Gunakan sesuai petunjuk pada kemasan. Jika sakit berlanjut hubungi dokter.,Ferrous Gluconate drops bayi,Anemia bayi; anemia bayi; zat besi bayi; Gunakan sesuai petunjuk pada kemasan. Jika sakit berlanjut hubungi dokter.,Feses hitam,2028-03-15,Produk,/static/medicines/Sangobion Baby Drops.jpg,True,"[""otc"",""indonesia"",""chatbot-ready""]"
3156,Hemabion Kapsul Strip,Vitamin & Suplemen,16000.0,236,"Ferrous Fumarate, Asam Folat, Vit B12",Anemia ibu hamil; Gejala terkait: tambah darah hamil; anemia ibu hamil,Sesuai aturan pakai pada kemasan. Gunakan sesuai petunjuk pada kemasan. Jika sakit berlanjut hubungi dokter.,"Ferrous Fumarate, Asam Folat, Vit B12",Anemia ibu hamil; tambah darah hamil; anemia ibu hamil; Gunakan sesuai petunjuk pada kemasan. Jika sakit berlanjut hubungi dokter.,"Mual, konstipasi",2028-12-31,Produk,/static/medicines/Hemabion Kapsul Strip.jpg,True,"[""otc"",""indonesia"",""chatbot-ready""]"
3157,Hemabion Strip 10s,Vitamin & Suplemen,22000.0,418,"Ferrous Fumarate, Asam Folat, Vit B12 strip 10s",Anemia dan kehamilan; Gejala terkait: zat besi ibu hamil,Sesuai aturan pakai pada kemasan. Gunakan sesuai petunjuk pada kemasan. Jika sakit berlanjut hubungi dokter.,"Ferrous Fumarate, Asam Folat, Vit B12 strip 10s",Anemia dan kehamilan; zat besi ibu hamil; Gunakan sesuai petunjuk pada kemasan. Jika sakit berlanjut hubungi dokter.,Mual,2028-03-15,Produk,/static/medicines/Hemabion Strip 10s.jpg,True,"[""otc"",""indonesia"",""chatbot-ready""]"
3158,You C1000 Vitamin Orange Botol,Vitamin & Suplemen,8000.0,251,Vitamin C 1000mg minuman,Minuman vitamin C segar harian; Gejala terkait: minuman vitamin c; segar,Sesuai aturan pakai pada kemasan. Gunakan sesuai petunjuk pada kemasan. Jika sakit berlanjut hubungi dokter.,Vitamin C 1000mg minuman,Minuman vitamin C segar harian; minuman vitamin c; segar; Gunakan sesuai petunjuk pada kemasan. Jika sakit berlanjut hubungi dokter.,Nyeri lambung,2027-06-30,Produk,/static/medicines/You C1000 Vitamin Orange Botol.jpg,True,"[""otc"",""indonesia"",""chatbot-ready""]"
3159,You C1000 Vitamin Lemon Botol,Vitamin & Suplemen,8000.0,458,Vitamin C 1000mg minuman rasa lemon,Vitamin C minum segar lemon; Gejala terkait: vitamin c lemon; minuman vitamin,Sesuai aturan pakai pada kemasan. Gunakan sesuai petunjuk pada kemasan. Jika sakit berlanjut hubungi dokter.,Vitamin C 1000mg minuman rasa lemon,Vitamin C minum segar lemon; vitamin c lemon; minuman vitamin; Gunakan sesuai petunjuk pada kemasan. Jika sakit berlanjut hubungi dokter.,Nyeri lambung,2028-12-31,Produk,/static/medicines/You C1000 Vitamin Lemon Botol.jpg,True,"[""otc"",""indonesia"",""chatbot-ready""]"
3160,You C1000 Vitamin Lemon,Vitamin & Suplemen,6000.0,124,Vitamin C 1000mg tablet isap lemon,Vitamin C isap lemon; Gejala terkait: vitamin c isap lemon,Sesuai aturan pakai pada kemasan. Gunakan sesuai petunjuk pada kemasan. Jika sakit berlanjut hubungi dokter.,Vitamin C 1000mg tablet isap lemon,Vitamin C isap lemon; vitamin c isap lemon; Gunakan sesuai petunjuk pada kemasan. Jika sakit berlanjut hubungi dokter.,Nyeri lambung,2027-06-30,Produk,/static/medicines/You C1000 Vitamin Lemon.jpg,True,"[""otc"",""indonesia"",""chatbot-ready""]"
3161,Bear Brand Susu Steril Kaleng 189ml,Vitamin & Suplemen,12000.0,185,100% Susu Sapi Murni Steril,"Pemulihan pasca sakit, tipes; Gejala terkait: susu steril; tipes; pemulihan; bear brand",Sesuai aturan pakai pada kemasan. Gunakan sesuai petunjuk pada kemasan. Jika sakit berlanjut hubungi dokter.,100% Susu Sapi Murni Steril,"Pemulihan pasca sakit, tipes; susu steril; tipes; pemulihan; bear brand; Gunakan sesuai petunjuk pada kemasan. Jika sakit berlanjut hubungi dokter.",Alergi laktosa,2026-12-31,Produk,/static/medicines/Bear Brand Susu Steril Kaleng 189ml.jpg,True,"[""otc"",""indonesia"",""chatbot-ready""]"
3162,Tje Fuk Kapsul Gingseng,Vitamin & Suplemen,150000.0,38,Ginseng Extract 100mg,Stamina dan vitalitas; Gejala terkait: stamina; ginseng; vitalitas,Sesuai aturan pakai pada kemasan. Gunakan sesuai petunjuk pada kemasan. Jika sakit berlanjut hubungi dokter.,Ginseng Extract 100mg,Stamina dan vitalitas; stamina; ginseng; vitalitas; Gunakan sesuai petunjuk pada kemasan. Jika sakit berlanjut hubungi dokter.,"Insomnia ringan, berdebar",2028-03-15,Produk,/static/medicines/Tje Fuk Kapsul Gingseng.jpg,True,"[""otc"",""indonesia"",""chatbot-ready""]"
3163,Blackmores Vitamin C 500mg,Vitamin & Suplemen,85000.0,65,Ascorbic Acid 500mg,Suplemen vitamin C paten premium; Gejala terkait: vitamin c premium; imun,Sesuai aturan pakai pada kemasan. Gunakan sesuai petunjuk pada kemasan. Jika sakit berlanjut hubungi dokter.,Ascorbic Acid 500mg,Suplemen vitamin C paten premium; vitamin c premium; imun; Gunakan sesuai petunjuk pada kemasan. Jika sakit berlanjut hubungi dokter.,Nyeri lambung,2027-06-30,Produk,https://placehold.co/400x300/f8fafc/eab308?text=Blackmores+Vitamin+C+500mg,True,"[""otc"",""indonesia"",""chatbot-ready""]"
3164,Nature-E Kapsul,Vitamin & Suplemen,35000.0,396,Vitamin E 100 IU,Antioksidan dan kesehatan kulit; Gejala terkait: vitamin e; antioksidan; kulit sehat,Sesuai aturan pakai pada kemasan. Gunakan sesuai petunjuk pada kemasan. Jika sakit berlanjut hubungi dokter.,Vitamin E 100 IU,Antioksidan dan kesehatan kulit; vitamin e; antioksidan; kulit sehat; Gunakan sesuai petunjuk pada kemasan. Jika sakit berlanjut hubungi dokter.,Jarang,2026-12-31,Produk,https://placehold.co/400x300/f8fafc/eab308?text=Nature-E+Kapsul,True,"[""otc"",""indonesia"",""chatbot-ready""]"
3165,Neurobion Forte Tablet,Vitamin & Suplemen,25000.0,331,"Vitamin B1 100mg, B6 200mg, B12 200mcg","Nyeri saraf, kesemutan, kekurangan vitamin B; Gejala terkait: kesemutan; nyeri saraf; vitamin b",Sesuai aturan pakai pada kemasan. Gunakan sesuai petunjuk pada kemasan. Jika sakit berlanjut hubungi dokter.,"Vitamin B1 100mg, B6 200mg, B12 200mcg","Nyeri saraf, kesemutan, kekurangan vitamin B; kesemutan; nyeri saraf; vitamin b; Gunakan sesuai petunjuk pada kemasan. Jika sakit berlanjut hubungi dokter.",Jarang,2026-12-31,Tablet,https://placehold.co/400x300/f8fafc/eab308?text=Neurobion+Forte+Tablet,True,"[""otc"",""indonesia"",""chatbot-ready""]"
3166,Heptasan Sirup,Vitamin & Suplemen,35000.0,182,"Cyproheptadine, Vitamin B Kompleks",Penambah nafsu makan; Gejala terkait: nafsu makan; kurus; anak tidak mau makan,Sesuai aturan pakai pada kemasan. Gunakan sesuai petunjuk pada kemasan. Jika sakit berlanjut hubungi dokter.,"Cyproheptadine, Vitamin B Kompleks",Penambah nafsu makan; nafsu makan; kurus; anak tidak mau makan; Gunakan sesuai petunjuk pada kemasan. Jika sakit berlanjut hubungi dokter.,Sangat mengantuk,2026-12-31,Sirup,https://placehold.co/400x300/f8fafc/eab308?text=Heptasan+Sirup,True,"[""otc"",""indonesia"",""chatbot-ready""]"
3167,Theragran-M Tablet,Vitamin & Suplemen,45000.0,348,Multivitamin + Mineral Lengkap,Kebutuhan vitamin mineral harian; Gejala terkait: multivitamin; mineral; lengkap,Sesuai aturan pakai pada kemasan. Gunakan sesuai petunjuk pada kemasan. Jika sakit berlanjut hubungi dokter.,Multivitamin + Mineral Lengkap,Kebutuhan vitamin mineral harian; multivitamin; mineral; lengkap; Gunakan sesuai petunjuk pada kemasan. Jika sakit berlanjut hubungi dokter.,Jarang,2028-12-31,Tablet,https://placehold.co/400x300/f8fafc/eab308?text=Theragran-M+Tablet,True,"[""otc"",""indonesia"",""chatbot-ready""]"
3168,Elkana Sirup,Vitamin & Suplemen,42000.0,219,"Lysine, Vitamin B Kompleks, Zinc sirup",Nafsu makan dan pertumbuhan anak; Gejala terkait: nafsu makan anak; pertumbuhan anak,Sesuai aturan pakai pada kemasan. Gunakan sesuai petunjuk pada kemasan. Jika sakit berlanjut hubungi dokter.,"Lysine, Vitamin B Kompleks, Zinc sirup",Nafsu makan dan pertumbuhan anak; nafsu makan anak; pertumbuhan anak; Gunakan sesuai petunjuk pada kemasan. Jika sakit berlanjut hubungi dokter.,Jarang,2026-12-31,Sirup,https://placehold.co/400x300/f8fafc/eab308?text=Elkana+Sirup,True,"[""otc"",""indonesia"",""chatbot-ready""]"
3169,Cetirizine Tablet 10mg,Alergi & Gatal,6000.0,207,Cetirizine HCl 10mg,"Alergi gatal, biduran, bersin alergi; Gejala terkait: alergi; biduran; bersin debu",Sesuai aturan pakai pada kemasan. Gunakan sesuai petunjuk pada kemasan. Jika sakit berlanjut hubungi dokter.,Cetirizine HCl 10mg,"Alergi gatal, biduran, bersin alergi; alergi; biduran; bersin debu; Gunakan sesuai petunjuk pada kemasan. Jika sakit berlanjut hubungi dokter.",Mengantuk ringan,2027-06-30,Tablet,/static/medicines/Cetirizine Tablet 10mg.jpg,True,"[""otc"",""indonesia"",""chatbot-ready""]"
3170,Cetirizine Sirup 60ml,Alergi & Gatal,25000.0,169,Cetirizine HCl 2.5mg/5ml,Alergi anak; Gejala terkait: alergi anak; biduran anak,Sesuai aturan pakai pada kemasan. Gunakan sesuai petunjuk pada kemasan. Jika sakit berlanjut hubungi dokter.,Cetirizine HCl 2.5mg/5ml,Alergi anak; alergi anak; biduran anak; Gunakan sesuai petunjuk pada kemasan. Jika sakit berlanjut hubungi dokter.,Mengantuk ringan,2028-12-31,Sirup,/static/medicines/Cetirizine Sirup 60ml.jpg,True,"[""otc"",""indonesia"",""chatbot-ready""]"
3171,Cetirizine Box 50s,Alergi & Gatal,45000.0,232,Cetirizine HCl 10mg,Alergi stok keluarga; Gejala terkait: alergi stok; biduran,Sesuai aturan pakai pada kemasan. Gunakan sesuai petunjuk pada kemasan. Jika sakit berlanjut hubungi dokter.,Cetirizine HCl 10mg,Alergi stok keluarga; alergi stok; biduran; Gunakan sesuai petunjuk pada kemasan. Jika sakit berlanjut hubungi dokter.,Mengantuk ringan,2026-12-31,Produk,/static/medicines/Cetirizine Box 50s.jpg,True,"[""otc"",""indonesia"",""chatbot-ready""]"
3172,Loratadine Tablet 10mg,Alergi & Gatal,8000.0,362,Loratadine 10mg,Alergi tanpa mengantuk berat; Gejala terkait: alergi kerja; biduran pagi,Sesuai aturan pakai pada kemasan. Gunakan sesuai petunjuk pada kemasan. Jika sakit berlanjut hubungi dokter.,Loratadine 10mg,Alergi tanpa mengantuk berat; alergi kerja; biduran pagi; Gunakan sesuai petunjuk pada kemasan. Jika sakit berlanjut hubungi dokter.,Mulut kering,2026-12-31,Tablet,/static/medicines/Loratadine Tablet 10mg.jpg,True,"[""otc"",""indonesia"",""chatbot-ready""]"
3173,Incidal-OD Kapsul,Alergi & Gatal,35000.0,378,Cetirizine HCl 10mg,Alergi paten sehari sekali; Gejala terkait: alergi paten; gatal paten,Sesuai aturan pakai pada kemasan. Gunakan sesuai petunjuk pada kemasan. Jika sakit berlanjut hubungi dokter.,Cetirizine HCl 10mg,Alergi paten sehari sekali; alergi paten; gatal paten; Gunakan sesuai petunjuk pada kemasan. Jika sakit berlanjut hubungi dokter.,Mengantuk,2027-06-30,Produk,/static/medicines/Incidal-OD Kapsul.jpg,True,"[""otc"",""indonesia"",""chatbot-ready""]"
3174,Incidal-OD Sirup,Alergi & Gatal,55000.0,38,Cetirizine HCl sirup,Alergi anak paten; Gejala terkait: alergi anak paten; biduran anak,Sesuai aturan pakai pada kemasan. Gunakan sesuai petunjuk pada kemasan. Jika sakit berlanjut hubungi dokter.,Cetirizine HCl sirup,Alergi anak paten; alergi anak paten; biduran anak; Gunakan sesuai petunjuk pada kemasan. Jika sakit berlanjut hubungi dokter.,Mengantuk,2028-03-15,Sirup,/static/medicines/Incidal-OD Sirup.jpg,True,"[""otc"",""indonesia"",""chatbot-ready""]"
3175,Incidal-OD Strip 10s,Alergi & Gatal,25000.0,397,Cetirizine HCl 10mg,Alergi paten strip; Gejala terkait: alergi strip paten,Sesuai aturan pakai pada kemasan. Gunakan sesuai petunjuk pada kemasan. Jika sakit berlanjut hubungi dokter.,Cetirizine HCl 10mg,Alergi paten strip; alergi strip paten; Gunakan sesuai petunjuk pada kemasan. Jika sakit berlanjut hubungi dokter.,Mengantuk,2026-12-31,Produk,/static/medicines/Incidal-OD Strip 10s.jpg,True,"[""otc"",""indonesia"",""chatbot-ready""]"
3176,Alleron Tablet,Alergi & Gatal,3000.0,115,CTM (Chlorpheniramine Maleate) 4mg,Alergi gatal dan rhinitis murah; Gejala terkait: alergi murah; gatal malam; CTM,Sesuai aturan pakai pada kemasan. Gunakan sesuai petunjuk pada kemasan. Jika sakit berlanjut hubungi dokter.,CTM (Chlorpheniramine Maleate) 4mg,Alergi gatal dan rhinitis murah; alergi murah; gatal malam; CTM; Gunakan sesuai petunjuk pada kemasan. Jika sakit berlanjut hubungi dokter.,Sangat mengantuk,2027-06-30,Tablet,/static/medicines/Alleron Tablet.jpg,True,"[""otc"",""indonesia"",""chatbot-ready""]"
3177,Alleron Botol 60ml,Alergi & Gatal,15000.0,471,CTM 2mg/5ml sirup,Alergi anak murah; Gejala terkait: alergi anak murah,Sesuai aturan pakai pada kemasan. Gunakan sesuai petunjuk pada kemasan. Jika sakit berlanjut hubungi dokter.,CTM 2mg/5ml sirup,Alergi anak murah; alergi anak murah; Gunakan sesuai petunjuk pada kemasan. Jika sakit berlanjut hubungi dokter.,Sangat mengantuk,2028-03-15,Produk,/static/medicines/Alleron Botol 60ml.jpg,True,"[""otc"",""indonesia"",""chatbot-ready""]"
3178,CTM Tablet 4mg,Alergi & Gatal,2000.0,196,Chlorpheniramine Maleate 4mg,Antihistamin generasi pertama murah; Gejala terkait: obat gatal murah; antihistamin; CTM,Sesuai aturan pakai pada kemasan. Gunakan sesuai petunjuk pada kemasan. Jika sakit berlanjut hubungi dokter.,Chlorpheniramine Maleate 4mg,Antihistamin generasi pertama murah; obat gatal murah; antihistamin; CTM; Gunakan sesuai petunjuk pada kemasan. Jika sakit berlanjut hubungi dokter.,Sangat mengantuk,2028-03-15,Tablet,/static/medicines/CTM Tablet 4mg.jpg,True,"[""otc"",""indonesia"",""chatbot-ready""]"
3179,Caladine Lotion 60ml,Alergi & Gatal,18000.0,286,"Calamine 8%, Zinc Oxide 5%, Diphenhydramine 1%","Gatal biang keringat, gigitan serangga; Gejala terkait: biang keringat; gatal oles; gigitan serangga",Sesuai aturan pakai pada kemasan. Gunakan sesuai petunjuk pada kemasan. Jika sakit berlanjut hubungi dokter.,"Calamine 8%, Zinc Oxide 5%, Diphenhydramine 1%","Gatal biang keringat, gigitan serangga; biang keringat; gatal oles; gigitan serangga; Gunakan sesuai petunjuk pada kemasan. Jika sakit berlanjut hubungi dokter.",Kulit sedikit kering,2027-06-30,Topikal,/static/medicines/Caladine Lotion 60ml.jpg,True,"[""otc"",""indonesia"",""chatbot-ready""]"
3180,Caladine Lotion 95ml,Alergi & Gatal,25000.0,288,"Calamine, Zinc Oxide, Diphenhydramine",Gatal biang keringat kemasan besar; Gejala terkait: biang keringat besar; gatal kulit,Sesuai aturan pakai pada kemasan. Gunakan sesuai petunjuk pada kemasan. Jika sakit berlanjut hubungi dokter.,"Calamine, Zinc Oxide, Diphenhydramine",Gatal biang keringat kemasan besar; biang keringat besar; gatal kulit; Gunakan sesuai petunjuk pada kemasan. Jika sakit berlanjut hubungi dokter.,Kulit sedikit kering,2026-12-31,Topikal,/static/medicines/Caladine Lotion 95ml.jpg,True,"[""otc"",""indonesia"",""chatbot-ready""]"
3181,Caladine Powder 60g,Alergi & Gatal,12000.0,129,"Calamine, Zinc Oxide, Menthol bedak",Gatal biang keringat bedak; Gejala terkait: bedak gatal; biang keringat bedak,Sesuai aturan pakai pada kemasan. Gunakan sesuai petunjuk pada kemasan. Jika sakit berlanjut hubungi dokter.,"Calamine, Zinc Oxide, Menthol bedak",Gatal biang keringat bedak; bedak gatal; biang keringat bedak; Gunakan sesuai petunjuk pada kemasan. Jika sakit berlanjut hubungi dokter.,Kulit sedikit kering,2027-06-30,Produk,/static/medicines/Caladine Powder 60g.jpg,True,"[""otc"",""indonesia"",""chatbot-ready""]"
3182,Caladine Powder 100g,Alergi & Gatal,18000.0,409,"Calamine, Zinc Oxide, Menthol bedak besar",Gatal biang keringat bedak besar; Gejala terkait: bedak gatal besar,Sesuai aturan pakai pada kemasan. Gunakan sesuai petunjuk pada kemasan. Jika sakit berlanjut hubungi dokter.,"Calamine, Zinc Oxide, Menthol bedak besar",Gatal biang keringat bedak besar; bedak gatal besar; Gunakan sesuai petunjuk pada kemasan. Jika sakit berlanjut hubungi dokter.,Kulit kering,2026-12-31,Produk,/static/medicines/Caladine Powder 100g.jpg,True,"[""otc"",""indonesia"",""chatbot-ready""]"
3183,Caladine Baby Balm 30 g,Alergi & Gatal,25000.0,429,"Calamine, Zinc Oxide, Beeswax",Ruam popok dan gatal bayi; Gejala terkait: ruam popok; gatal bayi; iritasi bayi,Sesuai aturan pakai pada kemasan. Gunakan sesuai petunjuk pada kemasan. Jika sakit berlanjut hubungi dokter.,"Calamine, Zinc Oxide, Beeswax",Ruam popok dan gatal bayi; ruam popok; gatal bayi; iritasi bayi; Gunakan sesuai petunjuk pada kemasan. Jika sakit berlanjut hubungi dokter.,Kulit kering,2028-12-31,Produk,/static/medicines/Caladine Baby Balm 30 g.jpg,True,"[""otc"",""indonesia"",""chatbot-ready""]"
3184,Herocyn Bedak 75g,Alergi & Gatal,15000.0,445,"Menthol 0.5%, Sulfur, Salicylic Acid bedak",Gatal badan dan kaki bedak; Gejala terkait: bedak gatal badan; biang keringat dewasa,Sesuai aturan pakai pada kemasan. Gunakan sesuai petunjuk pada kemasan. Jika sakit berlanjut hubungi dokter.,"Menthol 0.5%, Sulfur, Salicylic Acid bedak",Gatal badan dan kaki bedak; bedak gatal badan; biang keringat dewasa; Gunakan sesuai petunjuk pada kemasan. Jika sakit berlanjut hubungi dokter.,Pedih di luka terbuka,2028-03-15,Produk,/static/medicines/Herocyn Bedak 75g.jpg,True,"[""otc"",""indonesia"",""chatbot-ready""]"
3185,Herocyn Bedak 150g,Alergi & Gatal,25000.0,402,"Menthol, Sulfur, Salicylic Acid bedak besar",Gatal badan kemasan besar; Gejala terkait: bedak gatal besar,Sesuai aturan pakai pada kemasan. Gunakan sesuai petunjuk pada kemasan. Jika sakit berlanjut hubungi dokter.,"Menthol, Sulfur, Salicylic Acid bedak besar",Gatal badan kemasan besar; bedak gatal besar; Gunakan sesuai petunjuk pada kemasan. Jika sakit berlanjut hubungi dokter.,Pedih di luka,2026-12-31,Produk,/static/medicines/Herocyn Bedak 150g.jpg,True,"[""otc"",""indonesia"",""chatbot-ready""]"
3186,Herocyn Baby Powder,Alergi & Gatal,18000.0,318,"Menthol, Zinc Oxide bedak bayi",Biang keringat dan ruam bayi; Gejala terkait: bedak bayi gatal; biang keringat bayi,Sesuai aturan pakai pada kemasan. Gunakan sesuai petunjuk pada kemasan. Jika sakit berlanjut hubungi dokter.,"Menthol, Zinc Oxide bedak bayi",Biang keringat dan ruam bayi; bedak bayi gatal; biang keringat bayi; Gunakan sesuai petunjuk pada kemasan. Jika sakit berlanjut hubungi dokter.,Pedih di luka,2028-03-15,Produk,/static/medicines/Herocyn Baby Powder.jpg,True,"[""otc"",""indonesia"",""chatbot-ready""]"
3187,Telfast Tablet 120mg,Alergi & Gatal,85000.0,87,Fexofenadine HCl 120mg,Alergi rinitis berat tanpa kantuk; Gejala terkait: alergi tanpa ngantuk; gatal rinitis,Sesuai aturan pakai pada kemasan. Gunakan sesuai petunjuk pada kemasan. Jika sakit berlanjut hubungi dokter.,Fexofenadine HCl 120mg,Alergi rinitis berat tanpa kantuk; alergi tanpa ngantuk; gatal rinitis; Gunakan sesuai petunjuk pada kemasan. Jika sakit berlanjut hubungi dokter.,Sakit kepala ringan,2026-12-31,Tablet,/static/medicines/Telfast Tablet 120mg.jpg,True,"[""otc"",""indonesia"",""chatbot-ready""]"
3188,Telfast Tablet 180mg,Alergi & Gatal,95000.0,45,Fexofenadine HCl 180mg,Alergi berat tanpa kantuk; Gejala terkait: alergi berat; urtikaria,Sesuai aturan pakai pada kemasan. Gunakan sesuai petunjuk pada kemasan. Jika sakit berlanjut hubungi dokter.,Fexofenadine HCl 180mg,Alergi berat tanpa kantuk; alergi berat; urtikaria; Gunakan sesuai petunjuk pada kemasan. Jika sakit berlanjut hubungi dokter.,Sakit kepala,2027-06-30,Tablet,/static/medicines/Telfast Tablet 180mg.jpg,True,"[""otc"",""indonesia"",""chatbot-ready""]"
3189,Telfast botol 120ml,Alergi & Gatal,145000.0,31,Fexofenadine HCl 30mg/5ml sirup,Alergi anak tanpa kantuk; Gejala terkait: alergi anak tanpa ngantuk,Sesuai aturan pakai pada kemasan. Gunakan sesuai petunjuk pada kemasan. Jika sakit berlanjut hubungi dokter.,Fexofenadine HCl 30mg/5ml sirup,Alergi anak tanpa kantuk; alergi anak tanpa ngantuk; Gunakan sesuai petunjuk pada kemasan. Jika sakit berlanjut hubungi dokter.,Sakit kepala ringan,2028-03-15,Produk,/static/medicines/Telfast botol 120ml.jpg,True,"[""otc"",""indonesia"",""chatbot-ready""]"
3190,Ryvel Tablet,Alergi & Gatal,40000.0,349,Cetirizine HCl 10mg,Alergi paten lainnya; Gejala terkait: biduran; alergi kulit,Sesuai aturan pakai pada kemasan. Gunakan sesuai petunjuk pada kemasan. Jika sakit berlanjut hubungi dokter.,Cetirizine HCl 10mg,Alergi paten lainnya; biduran; alergi kulit; Gunakan sesuai petunjuk pada kemasan. Jika sakit berlanjut hubungi dokter.,Mengantuk,2028-12-31,Tablet,/static/medicines/Ryvel Tablet.jpg,True,"[""otc"",""indonesia"",""chatbot-ready""]"
3191,Ryvel Sirup,Alergi & Gatal,65000.0,63,Cetirizine HCl sirup,Alergi anak paten; Gejala terkait: alergi anak,Sesuai aturan pakai pada kemasan. Gunakan sesuai petunjuk pada kemasan. Jika sakit berlanjut hubungi dokter.,Cetirizine HCl sirup,Alergi anak paten; alergi anak; Gunakan sesuai petunjuk pada kemasan. Jika sakit berlanjut hubungi dokter.,Mengantuk,2026-12-31,Sirup,/static/medicines/Ryvel Sirup.jpg,True,"[""otc"",""indonesia"",""chatbot-ready""]"
3192,Ryvel Drops,Alergi & Gatal,70000.0,77,Cetirizine HCl drops bayi,Alergi bayi; Gejala terkait: alergi bayi; biduran bayi,Sesuai aturan pakai pada kemasan. Gunakan sesuai petunjuk pada kemasan. Jika sakit berlanjut hubungi dokter.,Cetirizine HCl drops bayi,Alergi bayi; alergi bayi; biduran bayi; Gunakan sesuai petunjuk pada kemasan. Jika sakit berlanjut hubungi dokter.,Mengantuk ringan,2026-12-31,Produk,/static/medicines/Ryvel Drops.jpg,True,"[""otc"",""indonesia"",""chatbot-ready""]"
3193,Ryvel Botol 120ml,Alergi & Gatal,85000.0,90,Cetirizine HCl sirup besar,Alergi kemasan besar; Gejala terkait: alergi sirup besar,Sesuai aturan pakai pada kemasan. Gunakan sesuai petunjuk pada kemasan. Jika sakit berlanjut hubungi dokter.,Cetirizine HCl sirup besar,Alergi kemasan besar; alergi sirup besar; Gunakan sesuai petunjuk pada kemasan. Jika sakit berlanjut hubungi dokter.,Mengantuk,2026-12-31,Produk,/static/medicines/Ryvel Botol 120ml.jpg,True,"[""otc"",""indonesia"",""chatbot-ready""]"
3194,Desloratadine Tablet,Alergi & Gatal,18000.0,256,Desloratadine 5mg,Alergi generasi ketiga tanpa kantuk; Gejala terkait: alergi tanpa kantuk; antihistamin modern,Sesuai aturan pakai pada kemasan. Gunakan sesuai petunjuk pada kemasan. Jika sakit berlanjut hubungi dokter.,Desloratadine 5mg,Alergi generasi ketiga tanpa kantuk; alergi tanpa kantuk; antihistamin modern; Gunakan sesuai petunjuk pada kemasan. Jika sakit berlanjut hubungi dokter.,Jarang,2026-12-31,Tablet,https://placehold.co/400x300/f8fafc/8b5cf6?text=Desloratadine+Tablet,True,"[""otc"",""indonesia"",""chatbot-ready""]"
3195,Avil Tablet,Alergi & Gatal,5000.0,471,Pheniramine Maleate 25mg,"Alergi berat, reaksi alergi akut; Gejala terkait: reaksi alergi; gatal parah; antihistamin",Sesuai aturan pakai pada kemasan. Gunakan sesuai petunjuk pada kemasan. Jika sakit berlanjut hubungi dokter.,Pheniramine Maleate 25mg,"Alergi berat, reaksi alergi akut; reaksi alergi; gatal parah; antihistamin; Gunakan sesuai petunjuk pada kemasan. Jika sakit berlanjut hubungi dokter.",Sangat mengantuk,2028-12-31,Tablet,https://placehold.co/400x300/f8fafc/8b5cf6?text=Avil+Tablet,True,"[""otc"",""indonesia"",""chatbot-ready""]"
3196,Hydrocortisone Cream 2.5%,Alergi & Gatal,15000.0,257,Hydrocortisone 2.5%,"Gatal radang kulit, eksim ringan; Gejala terkait: eksim; gatal radang; kortison topikal",Sesuai aturan pakai pada kemasan. Gunakan sesuai petunjuk pada kemasan. Jika sakit berlanjut hubungi dokter.,Hydrocortisone 2.5%,"Gatal radang kulit, eksim ringan; eksim; gatal radang; kortison topikal; Gunakan sesuai petunjuk pada kemasan. Jika sakit berlanjut hubungi dokter.",Penipisan kulit (pemakaian lama),2027-06-30,Topikal,https://placehold.co/400x300/f8fafc/8b5cf6?text=Hydrocortisone+Cream+2.5%,True,"[""otc"",""indonesia"",""chatbot-ready""]"
3197,Elocon Cream 5g,Alergi & Gatal,85000.0,45,Mometasone Furoate 0.1%,"Eksim, psoriasis, dermatitis atopik; Gejala terkait: eksim parah; psoriasis; dermatitis",Sesuai aturan pakai pada kemasan. Gunakan sesuai petunjuk pada kemasan. Jika sakit berlanjut hubungi dokter.,Mometasone Furoate 0.1%,"Eksim, psoriasis, dermatitis atopik; eksim parah; psoriasis; dermatitis; Gunakan sesuai petunjuk pada kemasan. Jika sakit berlanjut hubungi dokter.",Penipisan kulit,2026-12-31,Topikal,https://placehold.co/400x300/f8fafc/8b5cf6?text=Elocon+Cream+5g,True,"[""otc"",""indonesia"",""chatbot-ready""]"
3198,Caladryl Lotion,Alergi & Gatal,35000.0,124,"Calamine, Diphenhydramine","Gatal akibat poison ivy, biang keringat; Gejala terkait: gatal parah; calamine premium",Sesuai aturan pakai pada kemasan. Gunakan sesuai petunjuk pada kemasan. Jika sakit berlanjut hubungi dokter.,"Calamine, Diphenhydramine","Gatal akibat poison ivy, biang keringat; gatal parah; calamine premium; Gunakan sesuai petunjuk pada kemasan. Jika sakit berlanjut hubungi dokter.",Kulit kering,2028-03-15,Topikal,https://placehold.co/400x300/f8fafc/8b5cf6?text=Caladryl+Lotion,True,"[""otc"",""indonesia"",""chatbot-ready""]"
3199,Betadine Solution 15ml,Obat Kulit & Luka,18000.0,476,Povidone Iodine 10%,Antiseptik luka kecil; Gejala terkait: obat merah; luka lecet; antiseptik,Sesuai aturan pakai pada kemasan. Gunakan sesuai petunjuk pada kemasan. Jika sakit berlanjut hubungi dokter.,Povidone Iodine 10%,Antiseptik luka kecil; obat merah; luka lecet; antiseptik; Gunakan sesuai petunjuk pada kemasan. Jika sakit berlanjut hubungi dokter.,Iritasi ringan,2028-12-31,Cairan,/static/medicines/Betadine Solution 15ml.jpg,True,"[""otc"",""indonesia"",""chatbot-ready""]"
3200,Betadine Solution 30ml,Obat Kulit & Luka,32000.0,344,Povidone Iodine 10%,Antiseptik luka medium; Gejala terkait: antiseptik; luka potong,Sesuai aturan pakai pada kemasan. Gunakan sesuai petunjuk pada kemasan. Jika sakit berlanjut hubungi dokter.,Povidone Iodine 10%,Antiseptik luka medium; antiseptik; luka potong; Gunakan sesuai petunjuk pada kemasan. Jika sakit berlanjut hubungi dokter.,Iritasi ringan,2026-12-31,Cairan,/static/medicines/Betadine Solution 30ml.webp,True,"[""otc"",""indonesia"",""chatbot-ready""]"
3201,Betadine Solution 60ml,Obat Kulit & Luka,55000.0,87,Povidone Iodine 10%,Antiseptik luka kemasan besar; Gejala terkait: antiseptik besar,Sesuai aturan pakai pada kemasan. Gunakan sesuai petunjuk pada kemasan. Jika sakit berlanjut hubungi dokter.,Povidone Iodine 10%,Antiseptik luka kemasan besar; antiseptik besar; Gunakan sesuai petunjuk pada kemasan. Jika sakit berlanjut hubungi dokter.,Iritasi ringan,2028-12-31,Cairan,/static/medicines/Betadine Solution 60ml.jpg,True,"[""otc"",""indonesia"",""chatbot-ready""]"
3202,Betadine Ointment 10g,Obat Kulit & Luka,25000.0,209,Povidone Iodine 10% salep,"Luka berinfeksi, borok; Gejala terkait: luka bernanah; antiseptik salep",Sesuai aturan pakai pada kemasan. Gunakan sesuai petunjuk pada kemasan. Jika sakit berlanjut hubungi dokter.,Povidone Iodine 10% salep,"Luka berinfeksi, borok; luka bernanah; antiseptik salep; Gunakan sesuai petunjuk pada kemasan. Jika sakit berlanjut hubungi dokter.",Iritasi lokal,2026-12-31,Produk,/static/medicines/Betadine Ointment 10g.jpg,True,"[""otc"",""indonesia"",""chatbot-ready""]"
3203,Betadine Plaster,Obat Kulit & Luka,5000.0,201,Povidone Iodine 10% plaster,Luka lecet kecil plaster antiseptik; Gejala terkait: plaster antiseptik; luka kecil,Sesuai aturan pakai pada kemasan. Gunakan sesuai petunjuk pada kemasan. Jika sakit berlanjut hubungi dokter.,Povidone Iodine 10% plaster,Luka lecet kecil plaster antiseptik; plaster antiseptik; luka kecil; Gunakan sesuai petunjuk pada kemasan. Jika sakit berlanjut hubungi dokter.,Iritasi lokal,2026-12-31,Produk,/static/medicines/Betadine Plaster.avif,True,"[""otc"",""indonesia"",""chatbot-ready""]"
3204,Rivanol 100 ml,Obat Kulit & Luka,6000.0,486,Ethacridine Lactate 0.1%,"Membersihkan luka basah, kompres luka; Gejala terkait: cuci luka; luka basah; kompres",Sesuai aturan pakai pada kemasan. Gunakan sesuai petunjuk pada kemasan. Jika sakit berlanjut hubungi dokter.,Ethacridine Lactate 0.1%,"Membersihkan luka basah, kompres luka; cuci luka; luka basah; kompres; Gunakan sesuai petunjuk pada kemasan. Jika sakit berlanjut hubungi dokter.",Kulit menguning sementara,2026-12-31,Produk,/static/medicines/Rivanol 100 ml.jpg,True,"[""otc"",""indonesia"",""chatbot-ready""]"
3205,Rivanol 300 ml,Obat Kulit & Luka,12000.0,378,Ethacridine Lactate 0.1% besar,Membersihkan luka besar; Gejala terkait: cuci luka besar,Sesuai aturan pakai pada kemasan. Gunakan sesuai petunjuk pada kemasan. Jika sakit berlanjut hubungi dokter.,Ethacridine Lactate 0.1% besar,Membersihkan luka besar; cuci luka besar; Gunakan sesuai petunjuk pada kemasan. Jika sakit berlanjut hubungi dokter.,Kulit menguning,2026-12-31,Produk,/static/medicines/Rivanol 300 ml.jpg,True,"[""otc"",""indonesia"",""chatbot-ready""]"
3206,Hansaplast Spray Antiseptik 50ml,Obat Kulit & Luka,45000.0,349,Octenidine Dihydrochloride,Cuci luka tanpa perih modern; Gejala terkait: cuci luka gak perih; semprot luka; luka bayi,Sesuai aturan pakai pada kemasan. Gunakan sesuai petunjuk pada kemasan. Jika sakit berlanjut hubungi dokter.,Octenidine Dihydrochloride,Cuci luka tanpa perih modern; cuci luka gak perih; semprot luka; luka bayi; Gunakan sesuai petunjuk pada kemasan. Jika sakit berlanjut hubungi dokter.,Jarang,2028-12-31,Spray,/static/medicines/Hansaplast Spray Antiseptik 50ml.jpg,True,"[""otc"",""indonesia"",""chatbot-ready""]"
3207,Hansaplast Koyo Panas,Obat Kulit & Luka,8000.0,321,"Methyl Salicylate, Menthol koyo",Nyeri otot dan pegal lewat koyo; Gejala terkait: koyo panas; pegal linu; nyeri punggung,Sesuai aturan pakai pada kemasan. Gunakan sesuai petunjuk pada kemasan. Jika sakit berlanjut hubungi dokter.,"Methyl Salicylate, Menthol koyo",Nyeri otot dan pegal lewat koyo; koyo panas; pegal linu; nyeri punggung; Gunakan sesuai petunjuk pada kemasan. Jika sakit berlanjut hubungi dokter.,Kemerahan kulit,2027-06-30,Produk,/static/medicines/Hansaplast Koyo Panas.jpg,True,"[""otc"",""indonesia"",""chatbot-ready""]"
3208,Hansaplast Koyo Hangat,Obat Kulit & Luka,8000.0,350,"Capsaicin, Menthol koyo hangat",Pegal hangat; Gejala terkait: koyo hangat; pegal,Sesuai aturan pakai pada kemasan. Gunakan sesuai petunjuk pada kemasan. Jika sakit berlanjut hubungi dokter.,"Capsaicin, Menthol koyo hangat",Pegal hangat; koyo hangat; pegal; Gunakan sesuai petunjuk pada kemasan. Jika sakit berlanjut hubungi dokter.,Kemerahan kulit,2028-03-15,Produk,/static/medicines/Hansaplast Koyo Hangat.jpg,True,"[""otc"",""indonesia"",""chatbot-ready""]"
3209,Hansaplast Tube 15g,Obat Kulit & Luka,25000.0,485,"Dexpanthenol, Chlorhexidine cream",Perawatan luka dan kulit sensitif; Gejala terkait: perawatan luka; kulit sensitif,Sesuai aturan pakai pada kemasan. Gunakan sesuai petunjuk pada kemasan. Jika sakit berlanjut hubungi dokter.,"Dexpanthenol, Chlorhexidine cream",Perawatan luka dan kulit sensitif; perawatan luka; kulit sensitif; Gunakan sesuai petunjuk pada kemasan. Jika sakit berlanjut hubungi dokter.,Jarang,2027-06-30,Produk,/static/medicines/Hansaplast Tube 15g.jpg,True,"[""otc"",""indonesia"",""chatbot-ready""]"
3210,Bioplacenton Gel 15g,Obat Kulit & Luka,35000.0,311,"Placenta Extract 10%, Neomycin Sulfate 0.5%","Luka bakar knalpot, luka bakar ringan; Gejala terkait: luka bakar; luka knalpot; salep luka bakar",Sesuai aturan pakai pada kemasan. Gunakan sesuai petunjuk pada kemasan. Jika sakit berlanjut hubungi dokter.,"Placenta Extract 10%, Neomycin Sulfate 0.5%","Luka bakar knalpot, luka bakar ringan; luka bakar; luka knalpot; salep luka bakar; Gunakan sesuai petunjuk pada kemasan. Jika sakit berlanjut hubungi dokter.",Alergi neomycin (jarang),2028-03-15,Topikal,/static/medicines/Bioplacenton Gel 15g.jpg,True,"[""otc"",""indonesia"",""chatbot-ready""]"
3211,Burnazin Cream 35g,Obat Kulit & Luka,85000.0,81,Silver Sulfadiazine 1%,Luka bakar derajat 2; Gejala terkait: luka bakar parah; silver sulfadiazine,Sesuai aturan pakai pada kemasan. Gunakan sesuai petunjuk pada kemasan. Jika sakit berlanjut hubungi dokter.,Silver Sulfadiazine 1%,Luka bakar derajat 2; luka bakar parah; silver sulfadiazine; Gunakan sesuai petunjuk pada kemasan. Jika sakit berlanjut hubungi dokter.,Iritasi kulit sementara,2028-12-31,Topikal,/static/medicines/Burnazin Cream 35g.jpg,True,"[""otc"",""indonesia"",""chatbot-ready""]"
3212,Dermatix Ultra Gel 5g,Obat Kulit & Luka,120000.0,92,"Cyclopentasiloxane, Vitamin C Ester gel","Bekas luka menonjol, keloid, stretchmark; Gejala terkait: bekas luka; keloid; stretchmark",Sesuai aturan pakai pada kemasan. Gunakan sesuai petunjuk pada kemasan. Jika sakit berlanjut hubungi dokter.,"Cyclopentasiloxane, Vitamin C Ester gel","Bekas luka menonjol, keloid, stretchmark; bekas luka; keloid; stretchmark; Gunakan sesuai petunjuk pada kemasan. Jika sakit berlanjut hubungi dokter.",Jarang,2028-03-15,Topikal,/static/medicines/Dermatix Ultra Gel 5g.jpg,True,"[""otc"",""indonesia"",""chatbot-ready""]"
3213,Mebo Ointment 20g,Obat Kulit & Luka,110000.0,90,"Radix Scutellariae, Cortex Phellodendri, Minyak Wijen","Luka bakar, ulkus herbal; Gejala terkait: luka bakar herbal; ulkus; bau wijen",Sesuai aturan pakai pada kemasan. Gunakan sesuai petunjuk pada kemasan. Jika sakit berlanjut hubungi dokter.,"Radix Scutellariae, Cortex Phellodendri, Minyak Wijen","Luka bakar, ulkus herbal; luka bakar herbal; ulkus; bau wijen; Gunakan sesuai petunjuk pada kemasan. Jika sakit berlanjut hubungi dokter.",Bau wijen kuat,2026-12-31,Produk,/static/medicines/Mebo Ointment 20g.jpg,True,"[""otc"",""indonesia"",""chatbot-ready""]"
3214,Mebo Tube 50g,Obat Kulit & Luka,220000.0,64,"Radix Scutellariae, minyak wijen tube besar",Luka bakar besar herbal; Gejala terkait: luka bakar luas; herbal,Sesuai aturan pakai pada kemasan. Gunakan sesuai petunjuk pada kemasan. Jika sakit berlanjut hubungi dokter.,"Radix Scutellariae, minyak wijen tube besar",Luka bakar besar herbal; luka bakar luas; herbal; Gunakan sesuai petunjuk pada kemasan. Jika sakit berlanjut hubungi dokter.,Bau wijen,2028-12-31,Produk,/static/medicines/Mebo Tube 50g.jpg,True,"[""otc"",""indonesia"",""chatbot-ready""]"
3215,Nebacetin Ointment 5g,Obat Kulit & Luka,28000.0,344,"Neomycin Sulfate 3500IU, Bacitracin 250IU","Luka bernanah, infeksi bakteri kulit; Gejala terkait: luka bernanah; koreng; infeksi kulit",Sesuai aturan pakai pada kemasan. Gunakan sesuai petunjuk pada kemasan. Jika sakit berlanjut hubungi dokter.,"Neomycin Sulfate 3500IU, Bacitracin 250IU","Luka bernanah, infeksi bakteri kulit; luka bernanah; koreng; infeksi kulit; Gunakan sesuai petunjuk pada kemasan. Jika sakit berlanjut hubungi dokter.",Alergi lokal,2027-06-30,Produk,/static/medicines/Nebacetin Ointment 5g.jpg,True,"[""otc"",""indonesia"",""chatbot-ready""]"
3216,Nebacetin Powder 5g,Obat Kulit & Luka,35000.0,376,"Neomycin Sulfate, Bacitracin bubuk",Luka basah bernanah bubuk; Gejala terkait: luka basah; koreng bubuk,Sesuai aturan pakai pada kemasan. Gunakan sesuai petunjuk pada kemasan. Jika sakit berlanjut hubungi dokter.,"Neomycin Sulfate, Bacitracin bubuk",Luka basah bernanah bubuk; luka basah; koreng bubuk; Gunakan sesuai petunjuk pada kemasan. Jika sakit berlanjut hubungi dokter.,Alergi lokal,2027-06-30,Produk,/static/medicines/Nebacetin Powder 5g.jpg,True,"[""otc"",""indonesia"",""chatbot-ready""]"
3217,Garamycin Cream 5g,Obat Kulit & Luka,45000.0,279,Gentamicin Sulfate 0.1% cream,"Impetigo, infeksi kulit bakteri; Gejala terkait: impetigo; infeksi kulit",Sesuai aturan pakai pada kemasan. Gunakan sesuai petunjuk pada kemasan. Jika sakit berlanjut hubungi dokter.,Gentamicin Sulfate 0.1% cream,"Impetigo, infeksi kulit bakteri; impetigo; infeksi kulit; Gunakan sesuai petunjuk pada kemasan. Jika sakit berlanjut hubungi dokter.",Gatal ringan,2028-03-15,Topikal,/static/medicines/Garamycin Cream 5g.jpg,True,"[""otc"",""indonesia"",""chatbot-ready""]"
3218,Garamycin Ointment 15g,Obat Kulit & Luka,85000.0,36,Gentamicin Sulfate 0.1% salep,Infeksi kulit kronis; Gejala terkait: infeksi kulit kronis; bisul besar,Sesuai aturan pakai pada kemasan. Gunakan sesuai petunjuk pada kemasan. Jika sakit berlanjut hubungi dokter.,Gentamicin Sulfate 0.1% salep,Infeksi kulit kronis; infeksi kulit kronis; bisul besar; Gunakan sesuai petunjuk pada kemasan. Jika sakit berlanjut hubungi dokter.,Gatal,2028-03-15,Produk,/static/medicines/Garamycin Ointment 15g.jpg,True,"[""otc"",""indonesia"",""chatbot-ready""]"
3219,Fusycom Gel,Obat Kulit & Luka,35000.0,317,Fusidic Acid 2%,"Impetigo, infeksi bakteri kulit; Gejala terkait: impetigo; infeksi kulit bakteri",Sesuai aturan pakai pada kemasan. Gunakan sesuai petunjuk pada kemasan. Jika sakit berlanjut hubungi dokter.,Fusidic Acid 2%,"Impetigo, infeksi bakteri kulit; impetigo; infeksi kulit bakteri; Gunakan sesuai petunjuk pada kemasan. Jika sakit berlanjut hubungi dokter.",Iritasi lokal,2028-03-15,Topikal,https://placehold.co/400x300/f8fafc/ec4899?text=Fusycom+Gel,True,"[""otc"",""indonesia"",""chatbot-ready""]"
3220,Mupirocin Salep,Obat Kulit & Luka,45000.0,392,Mupirocin 2%,Infeksi kulit stafilokokus; Gejala terkait: bisul; infeksi kulit stafilokokus,Sesuai aturan pakai pada kemasan. Gunakan sesuai petunjuk pada kemasan. Jika sakit berlanjut hubungi dokter.,Mupirocin 2%,Infeksi kulit stafilokokus; bisul; infeksi kulit stafilokokus; Gunakan sesuai petunjuk pada kemasan. Jika sakit berlanjut hubungi dokter.,Iritasi lokal,2027-06-30,Produk,https://placehold.co/400x300/f8fafc/ec4899?text=Mupirocin+Salep,True,"[""otc"",""indonesia"",""chatbot-ready""]"
3221,Acne-Aid Bar Sabun,Obat Kulit & Luka,35000.0,224,"Triclosan, Zinc",Sabun jerawat anti bakteri; Gejala terkait: jerawat; sabun anti jerawat,Sesuai aturan pakai pada kemasan. Gunakan sesuai petunjuk pada kemasan. Jika sakit berlanjut hubungi dokter.,"Triclosan, Zinc",Sabun jerawat anti bakteri; jerawat; sabun anti jerawat; Gunakan sesuai petunjuk pada kemasan. Jika sakit berlanjut hubungi dokter.,Kulit kering,2028-12-31,Produk,https://placehold.co/400x300/f8fafc/ec4899?text=Acne-Aid+Bar+Sabun,True,"[""otc"",""indonesia"",""chatbot-ready""]"
3222,Benzolac Gel 2.5%,Obat Kulit & Luka,25000.0,366,Benzoyl Peroxide 2.5%,Jerawat ringan sedang; Gejala terkait: jerawat; benzoyl peroxide; obat jerawat,Sesuai aturan pakai pada kemasan. Gunakan sesuai petunjuk pada kemasan. Jika sakit berlanjut hubungi dokter.,Benzoyl Peroxide 2.5%,Jerawat ringan sedang; jerawat; benzoyl peroxide; obat jerawat; Gunakan sesuai petunjuk pada kemasan. Jika sakit berlanjut hubungi dokter.,"Kulit kering, mengelupas",2027-06-30,Topikal,https://placehold.co/400x300/f8fafc/ec4899?text=Benzolac+Gel+2.5%,True,"[""otc"",""indonesia"",""chatbot-ready""]"
3223,Acnes Sealing Jell,Obat Kulit & Luka,28000.0,234,"Triclosan, Zinc, Vitamin E",Gel jerawat anti bakteri; Gejala terkait: gel jerawat; anti bakteri jerawat,Sesuai aturan pakai pada kemasan. Gunakan sesuai petunjuk pada kemasan. Jika sakit berlanjut hubungi dokter.,"Triclosan, Zinc, Vitamin E",Gel jerawat anti bakteri; gel jerawat; anti bakteri jerawat; Gunakan sesuai petunjuk pada kemasan. Jika sakit berlanjut hubungi dokter.,Kulit kering,2028-03-15,Produk,https://placehold.co/400x300/f8fafc/ec4899?text=Acnes+Sealing+Jell,True,"[""otc"",""indonesia"",""chatbot-ready""]"
3224,Kalpanax K Cream 5g,Antijamur & Kulit,15000.0,225,Miconazole Nitrate 2%,"Panu, kurap, kutu air cream; Gejala terkait: panu; kurap; jamur kulit",Sesuai aturan pakai pada kemasan. Gunakan sesuai petunjuk pada kemasan. Jika sakit berlanjut hubungi dokter.,Miconazole Nitrate 2%,"Panu, kurap, kutu air cream; panu; kurap; jamur kulit; Gunakan sesuai petunjuk pada kemasan. Jika sakit berlanjut hubungi dokter.",Rasa terbakar,2028-12-31,Topikal,/static/medicines/Kalpanax K Cream 5g.jpg,True,"[""otc"",""indonesia"",""chatbot-ready""]"
3225,Kalpanax Cair 10ml,Antijamur & Kulit,12000.0,105,"Salicylic Acid, Benzoic Acid cair",Panu keras dan kutu air cair; Gejala terkait: panu keras; kutu air cair,Sesuai aturan pakai pada kemasan. Gunakan sesuai petunjuk pada kemasan. Jika sakit berlanjut hubungi dokter.,"Salicylic Acid, Benzoic Acid cair",Panu keras dan kutu air cair; panu keras; kutu air cair; Gunakan sesuai petunjuk pada kemasan. Jika sakit berlanjut hubungi dokter.,Rasa terbakar kuat,2027-06-30,Produk,/static/medicines/Kalpanax Cair 10ml.jpg,True,"[""otc"",""indonesia"",""chatbot-ready""]"
3226,Kalpanax Box 30s,Antijamur & Kulit,55000.0,70,Miconazole Nitrate tablet kunyah/kapsul,Jamur sistemik atau luas; Gejala terkait: jamur sistemik; panu luas,Sesuai aturan pakai pada kemasan. Gunakan sesuai petunjuk pada kemasan. Jika sakit berlanjut hubungi dokter.,Miconazole Nitrate tablet kunyah/kapsul,Jamur sistemik atau luas; jamur sistemik; panu luas; Gunakan sesuai petunjuk pada kemasan. Jika sakit berlanjut hubungi dokter.,Gangguan lambung,2028-12-31,Produk,/static/medicines/Kalpanax Box 30s.jpg,True,"[""otc"",""indonesia"",""chatbot-ready""]"
3227,Daktarin Cream 15g,Antijamur & Kulit,55000.0,36,Miconazole Nitrate 2% cream,Infeksi jamur kulit dan lipatan tubuh; Gejala terkait: jamur selangkangan; kutu air; dermatofitosis,Sesuai aturan pakai pada kemasan. Gunakan sesuai petunjuk pada kemasan. Jika sakit berlanjut hubungi dokter.,Miconazole Nitrate 2% cream,Infeksi jamur kulit dan lipatan tubuh; jamur selangkangan; kutu air; dermatofitosis; Gunakan sesuai petunjuk pada kemasan. Jika sakit berlanjut hubungi dokter.,Iritasi ringan,2027-06-30,Topikal,/static/medicines/Daktarin Cream 15g.jpg,True,"[""otc"",""indonesia"",""chatbot-ready""]"
3228,Daktarin Powder 20g,Antijamur & Kulit,65000.0,59,Miconazole Nitrate 2% bedak,Jamur kaki dan sela jari bedak; Gejala terkait: bedak jamur kaki; kutu air bedak,Sesuai aturan pakai pada kemasan. Gunakan sesuai petunjuk pada kemasan. Jika sakit berlanjut hubungi dokter.,Miconazole Nitrate 2% bedak,Jamur kaki dan sela jari bedak; bedak jamur kaki; kutu air bedak; Gunakan sesuai petunjuk pada kemasan. Jika sakit berlanjut hubungi dokter.,Iritasi,2027-06-30,Produk,/static/medicines/Daktarin Powder 20g.jpg,True,"[""otc"",""indonesia"",""chatbot-ready""]"
3229,Daktarin Diaper Cream,Antijamur & Kulit,75000.0,41,"Miconazole Nitrate, Zinc Oxide krim popok",Ruam popok karena jamur; Gejala terkait: ruam popok jamur; jamur popok,Sesuai aturan pakai pada kemasan. Gunakan sesuai petunjuk pada kemasan. Jika sakit berlanjut hubungi dokter.,"Miconazole Nitrate, Zinc Oxide krim popok",Ruam popok karena jamur; ruam popok jamur; jamur popok; Gunakan sesuai petunjuk pada kemasan. Jika sakit berlanjut hubungi dokter.,Iritasi,2028-03-15,Topikal,/static/medicines/Daktarin Diaper Cream.jpg,True,"[""otc"",""indonesia"",""chatbot-ready""]"
3230,Canesten Cream 10g,Antijamur & Kulit,48000.0,368,Clotrimazole 1% cream,"Panu, kadas, kurap; Gejala terkait: jamur kulit paten; kadas; ringworm",Sesuai aturan pakai pada kemasan. Gunakan sesuai petunjuk pada kemasan. Jika sakit berlanjut hubungi dokter.,Clotrimazole 1% cream,"Panu, kadas, kurap; jamur kulit paten; kadas; ringworm; Gunakan sesuai petunjuk pada kemasan. Jika sakit berlanjut hubungi dokter.",Kemerahan lokal,2028-03-15,Topikal,/static/medicines/Canesten Cream 10g.jpg,True,"[""otc"",""indonesia"",""chatbot-ready""]"
3231,Fungiderm Cream 5g,Antijamur & Kulit,18000.0,246,Clotrimazole 1% cream kecil,Infeksi jamur ringan; Gejala terkait: jamur kulit murah; panu,Sesuai aturan pakai pada kemasan. Gunakan sesuai petunjuk pada kemasan. Jika sakit berlanjut hubungi dokter.,Clotrimazole 1% cream kecil,Infeksi jamur ringan; jamur kulit murah; panu; Gunakan sesuai petunjuk pada kemasan. Jika sakit berlanjut hubungi dokter.,Iritasi,2028-12-31,Topikal,/static/medicines/Fungiderm Cream 5g.jpg,True,"[""otc"",""indonesia"",""chatbot-ready""]"
3232,Fungiderm Cream 15g,Antijamur & Kulit,35000.0,296,Clotrimazole 1% cream besar,Infeksi jamur sedang; Gejala terkait: jamur selangkangan,Sesuai aturan pakai pada kemasan. Gunakan sesuai petunjuk pada kemasan. Jika sakit berlanjut hubungi dokter.,Clotrimazole 1% cream besar,Infeksi jamur sedang; jamur selangkangan; Gunakan sesuai petunjuk pada kemasan. Jika sakit berlanjut hubungi dokter.,Iritasi,2028-03-15,Topikal,/static/medicines/Fungiderm Cream 15g.jpg,True,"[""otc"",""indonesia"",""chatbot-ready""]"
3233,Mycoral Cream 5g,Antijamur & Kulit,22000.0,249,Ketoconazole 2% cream,Jamur membandel pada kulit; Gejala terkait: kurap parah; jamur membandel,Sesuai aturan pakai pada kemasan. Gunakan sesuai petunjuk pada kemasan. Jika sakit berlanjut hubungi dokter.,Ketoconazole 2% cream,Jamur membandel pada kulit; kurap parah; jamur membandel; Gunakan sesuai petunjuk pada kemasan. Jika sakit berlanjut hubungi dokter.,Gatal ringan,2028-03-15,Topikal,/static/medicines/Mycoral Cream 5g.jpg,True,"[""otc"",""indonesia"",""chatbot-ready""]"
3234,Mycoral Tablet 200mg,Antijamur & Kulit,55000.0,53,Ketoconazole 200mg tablet,Jamur sistemik dan kulit luas; Gejala terkait: jamur kuku; panu luas; tinea versicolor,Sesuai aturan pakai pada kemasan. Gunakan sesuai petunjuk pada kemasan. Jika sakit berlanjut hubungi dokter.,Ketoconazole 200mg tablet,Jamur sistemik dan kulit luas; jamur kuku; panu luas; tinea versicolor; Gunakan sesuai petunjuk pada kemasan. Jika sakit berlanjut hubungi dokter.,"Mual, gangguan hati",2026-12-31,Tablet,/static/medicines/Mycoral Tablet 200mg.jpg,True,"[""otc"",""indonesia"",""chatbot-ready""]"
3235,Mycoral Tube 50g,Antijamur & Kulit,65000.0,45,Ketoconazole 2% tube besar,Jamur kulit luas; Gejala terkait: jamur luas; panu seluruh tubuh,Sesuai aturan pakai pada kemasan. Gunakan sesuai petunjuk pada kemasan. Jika sakit berlanjut hubungi dokter.,Ketoconazole 2% tube besar,Jamur kulit luas; jamur luas; panu seluruh tubuh; Gunakan sesuai petunjuk pada kemasan. Jika sakit berlanjut hubungi dokter.,Gatal ringan,2027-06-30,Produk,/static/medicines/Mycoral Tube 50g.jpg,True,"[""otc"",""indonesia"",""chatbot-ready""]"
3236,Scabimite Cream 10g,Antijamur & Kulit,65000.0,35,Permethrin 5%,"Kudis (Scabies), tungau kulit; Gejala terkait: kudis; scabies; tungau kasur; gatal malam",Sesuai aturan pakai pada kemasan. Gunakan sesuai petunjuk pada kemasan. Jika sakit berlanjut hubungi dokter.,Permethrin 5%,"Kudis (Scabies), tungau kulit; kudis; scabies; tungau kasur; gatal malam; Gunakan sesuai petunjuk pada kemasan. Jika sakit berlanjut hubungi dokter.",Rasa panas,2028-12-31,Topikal,/static/medicines/Scabimite Cream 10g.jpg,True,"[""otc"",""indonesia"",""chatbot-ready""]"
3237,Scabimite Cream 30g,Antijamur & Kulit,110000.0,49,Permethrin 5% kemasan besar,Kudis seluruh badan; Gejala terkait: kudis badan; scabies luas,Sesuai aturan pakai pada kemasan. Gunakan sesuai petunjuk pada kemasan. Jika sakit berlanjut hubungi dokter.,Permethrin 5% kemasan besar,Kudis seluruh badan; kudis badan; scabies luas; Gunakan sesuai petunjuk pada kemasan. Jika sakit berlanjut hubungi dokter.,Rasa panas,2027-06-30,Topikal,/static/medicines/Scabimite Cream 30g.jpg,True,"[""otc"",""indonesia"",""chatbot-ready""]"
3238,Salep 88 Pot 6g,Antijamur & Kulit,12000.0,400,"Salicylic Acid 6%, Benzoic Acid 12%, Sulfur 4%",Panu keras tradisional; Gejala terkait: panu keras; salep gatal panas; murah,Sesuai aturan pakai pada kemasan. Gunakan sesuai petunjuk pada kemasan. Jika sakit berlanjut hubungi dokter.,"Salicylic Acid 6%, Benzoic Acid 12%, Sulfur 4%",Panu keras tradisional; panu keras; salep gatal panas; murah; Gunakan sesuai petunjuk pada kemasan. Jika sakit berlanjut hubungi dokter.,"Panas menyengat, kulit terkelupas",2028-12-31,Produk,/static/medicines/Salep 88 Pot 6g.jpg,True,"[""otc"",""indonesia"",""chatbot-ready""]"
3239,Ketoconazole Cream 10g,Antijamur & Kulit,10000.0,231,Ketoconazole 2% generik,Jamur kulit generik murah; Gejala terkait: jamur murah; kurap generik,Sesuai aturan pakai pada kemasan. Gunakan sesuai petunjuk pada kemasan. Jika sakit berlanjut hubungi dokter.,Ketoconazole 2% generik,Jamur kulit generik murah; jamur murah; kurap generik; Gunakan sesuai petunjuk pada kemasan. Jika sakit berlanjut hubungi dokter.,Iritasi,2028-03-15,Topikal,/static/medicines/Ketoconazole Cream 10g.jpg,True,"[""otc"",""indonesia"",""chatbot-ready""]"
3240,Ketoconazole Tablet,Antijamur & Kulit,15000.0,309,Ketoconazole 200mg generik,Jamur sistemik generik; Gejala terkait: jamur sistemik murah,Sesuai aturan pakai pada kemasan. Gunakan sesuai petunjuk pada kemasan. Jika sakit berlanjut hubungi dokter.,Ketoconazole 200mg generik,Jamur sistemik generik; jamur sistemik murah; Gunakan sesuai petunjuk pada kemasan. Jika sakit berlanjut hubungi dokter.,Mual,2028-03-15,Tablet,/static/medicines/Ketoconazole Tablet.jpg,True,"[""otc"",""indonesia"",""chatbot-ready""]"
3241,Ketoconazole Box 100s,Antijamur & Kulit,95000.0,88,Ketoconazole 200mg generik isi banyak,Jamur stok banyak; Gejala terkait: jamur sistemik stok,Sesuai aturan pakai pada kemasan. Gunakan sesuai petunjuk pada kemasan. Jika sakit berlanjut hubungi dokter.,Ketoconazole 200mg generik isi banyak,Jamur stok banyak; jamur sistemik stok; Gunakan sesuai petunjuk pada kemasan. Jika sakit berlanjut hubungi dokter.,"Mual, hati",2028-03-15,Produk,/static/medicines/Ketoconazole Box 100s.webp,True,"[""otc"",""indonesia"",""chatbot-ready""]"
3242,Terbinafine Cream,Antijamur & Kulit,45000.0,448,Terbinafine HCl 1%,"Kutu air berat, tinea pedis; Gejala terkait: kutu air berat; jamur kaki; tinea pedis",Sesuai aturan pakai pada kemasan. Gunakan sesuai petunjuk pada kemasan. Jika sakit berlanjut hubungi dokter.,Terbinafine HCl 1%,"Kutu air berat, tinea pedis; kutu air berat; jamur kaki; tinea pedis; Gunakan sesuai petunjuk pada kemasan. Jika sakit berlanjut hubungi dokter.",Iritasi ringan,2027-06-30,Topikal,https://placehold.co/400x300/f8fafc/14b8a6?text=Terbinafine+Cream,True,"[""otc"",""indonesia"",""chatbot-ready""]"
3243,Fluconazole Kapsul 150mg,Antijamur & Kulit,35000.0,450,Fluconazole 150mg,"Jamur vaginal, kandidiasis oral; Gejala terkait: jamur vaginal; kandidiasis",Sesuai aturan pakai pada kemasan. Gunakan sesuai petunjuk pada kemasan. Jika sakit berlanjut hubungi dokter.,Fluconazole 150mg,"Jamur vaginal, kandidiasis oral; jamur vaginal; kandidiasis; Gunakan sesuai petunjuk pada kemasan. Jika sakit berlanjut hubungi dokter.","Mual, sakit kepala",2026-12-31,Produk,https://placehold.co/400x300/f8fafc/14b8a6?text=Fluconazole+Kapsul+150mg,True,"[""otc"",""indonesia"",""chatbot-ready""]"
3244,Ciclopirox Olamine Cream,Antijamur & Kulit,55000.0,31,Ciclopirox Olamine 1%,"Tinea versicolor, dermatofitosis; Gejala terkait: tinea versicolor; panu parah",Sesuai aturan pakai pada kemasan. Gunakan sesuai petunjuk pada kemasan. Jika sakit berlanjut hubungi dokter.,Ciclopirox Olamine 1%,"Tinea versicolor, dermatofitosis; tinea versicolor; panu parah; Gunakan sesuai petunjuk pada kemasan. Jika sakit berlanjut hubungi dokter.",Iritasi,2028-03-15,Topikal,https://placehold.co/400x300/f8fafc/14b8a6?text=Ciclopirox+Olamine+Cream,True,"[""otc"",""indonesia"",""chatbot-ready""]"
3245,Counterpain Krim 15g,Obat Oles Nyeri,25000.0,197,"Methyl Salicylate 32.2%, Menthol 10%, Eugenol 1.25%","Nyeri otot, keseleo, pegal linu; Gejala terkait: keseleo; salah urat; pegal linu",Sesuai aturan pakai pada kemasan. Gunakan sesuai petunjuk pada kemasan. Jika sakit berlanjut hubungi dokter.,"Methyl Salicylate 32.2%, Menthol 10%, Eugenol 1.25%","Nyeri otot, keseleo, pegal linu; keseleo; salah urat; pegal linu; Gunakan sesuai petunjuk pada kemasan. Jika sakit berlanjut hubungi dokter.",Panas berlebih jika dikompres,2028-12-31,Produk,/static/medicines/Counterpain Krim 15g.jpg,True,"[""otc"",""indonesia"",""chatbot-ready""]"
3246,Counterpain Krim 30g,Obat Oles Nyeri,45000.0,392,"Methyl Salicylate, Menthol, Eugenol cream medium",Nyeri otot medium; Gejala terkait: pegal; nyeri otot,Sesuai aturan pakai pada kemasan. Gunakan sesuai petunjuk pada kemasan. Jika sakit berlanjut hubungi dokter.,"Methyl Salicylate, Menthol, Eugenol cream medium",Nyeri otot medium; pegal; nyeri otot; Gunakan sesuai petunjuk pada kemasan. Jika sakit berlanjut hubungi dokter.,Panas berlebih,2028-03-15,Produk,/static/medicines/Counterpain Krim 30g.jpg,True,"[""otc"",""indonesia"",""chatbot-ready""]"
3247,Counterpain Cool Gel 30g,Obat Oles Nyeri,50000.0,472,"Methyl Salicylate, Menthol gel dingin","Cedera baru, bengkak akut, peradangan; Gejala terkait: bengkak baru; keseleo dingin; RICE",Sesuai aturan pakai pada kemasan. Gunakan sesuai petunjuk pada kemasan. Jika sakit berlanjut hubungi dokter.,"Methyl Salicylate, Menthol gel dingin","Cedera baru, bengkak akut, peradangan; bengkak baru; keseleo dingin; RICE; Gunakan sesuai petunjuk pada kemasan. Jika sakit berlanjut hubungi dokter.",Jarang,2026-12-31,Topikal,/static/medicines/Counterpain Cool Gel 30g.jpg,True,"[""otc"",""indonesia"",""chatbot-ready""]"
3248,Voltaren Emulgel 10g,Obat Oles Nyeri,55000.0,45,Diclofenac Diethylamine 1.16%,"Nyeri sendi, tendinitis, memar; Gejala terkait: nyeri sendi lutut; bengkak keseleo; diclofenac",Sesuai aturan pakai pada kemasan. Gunakan sesuai petunjuk pada kemasan. Jika sakit berlanjut hubungi dokter.,Diclofenac Diethylamine 1.16%,"Nyeri sendi, tendinitis, memar; nyeri sendi lutut; bengkak keseleo; diclofenac; Gunakan sesuai petunjuk pada kemasan. Jika sakit berlanjut hubungi dokter.",Kemerahan kulit,2027-06-30,Topikal,/static/medicines/Voltaren Emulgel 10g.jpg,True,"[""otc"",""indonesia"",""chatbot-ready""]"
3249,Voltaren Emulgel 20g,Obat Oles Nyeri,85000.0,76,Diclofenac Diethylamine 1.16% medium,Nyeri sendi dan otot medium; Gejala terkait: nyeri sendi; otot,Sesuai aturan pakai pada kemasan. Gunakan sesuai petunjuk pada kemasan. Jika sakit berlanjut hubungi dokter.,Diclofenac Diethylamine 1.16% medium,Nyeri sendi dan otot medium; nyeri sendi; otot; Gunakan sesuai petunjuk pada kemasan. Jika sakit berlanjut hubungi dokter.,Kemerahan,2026-12-31,Topikal,/static/medicines/Voltaren Emulgel 20g.jpg,True,"[""otc"",""indonesia"",""chatbot-ready""]"
3250,Voltaren Botol 30ml,Obat Oles Nyeri,75000.0,78,Diclofenac Diethylamine cair,Nyeri otot cair; Gejala terkait: nyeri sendi; diclofenac cair,Sesuai aturan pakai pada kemasan. Gunakan sesuai petunjuk pada kemasan. Jika sakit berlanjut hubungi dokter.,Diclofenac Diethylamine cair,Nyeri otot cair; nyeri sendi; diclofenac cair; Gunakan sesuai petunjuk pada kemasan. Jika sakit berlanjut hubungi dokter.,Kemerahan,2028-12-31,Produk,/static/medicines/Voltaren Botol 30ml.jpg,True,"[""otc"",""indonesia"",""chatbot-ready""]"
3251,Hot In Cream Botol 120ml,Obat Oles Nyeri,35000.0,288,"Methyl Salicylate, Menthol, Pine Oil",Pegal linu dan masuk angin botol besar; Gejala terkait: pegal parah; capek badan,Sesuai aturan pakai pada kemasan. Gunakan sesuai petunjuk pada kemasan. Jika sakit berlanjut hubungi dokter.,"Methyl Salicylate, Menthol, Pine Oil",Pegal linu dan masuk angin botol besar; pegal parah; capek badan; Gunakan sesuai petunjuk pada kemasan. Jika sakit berlanjut hubungi dokter.,Panas kulit sensitif,2027-06-30,Topikal,/static/medicines/Hot In Cream Botol 120ml.jpg,True,"[""otc"",""indonesia"",""chatbot-ready""]"
3252,Hot In Cream Tube 60g,Obat Oles Nyeri,22000.0,421,"Methyl Salicylate, Menthol, Pine Oil tube",Pegal linu tube; Gejala terkait: pegal; krim panas,Sesuai aturan pakai pada kemasan. Gunakan sesuai petunjuk pada kemasan. Jika sakit berlanjut hubungi dokter.,"Methyl Salicylate, Menthol, Pine Oil tube",Pegal linu tube; pegal; krim panas; Gunakan sesuai petunjuk pada kemasan. Jika sakit berlanjut hubungi dokter.,Panas,2028-12-31,Topikal,/static/medicines/Hot In Cream Tube 60g.jpg,True,"[""otc"",""indonesia"",""chatbot-ready""]"
3253,Hot In Cream Aromatherapy 120ml,Obat Oles Nyeri,38000.0,208,"Methyl Salicylate, Eucalyptus, Lavender",Pegal linu aromaterapi; Gejala terkait: pegal aromaterapi; relaksasi,Sesuai aturan pakai pada kemasan. Gunakan sesuai petunjuk pada kemasan. Jika sakit berlanjut hubungi dokter.,"Methyl Salicylate, Eucalyptus, Lavender",Pegal linu aromaterapi; pegal aromaterapi; relaksasi; Gunakan sesuai petunjuk pada kemasan. Jika sakit berlanjut hubungi dokter.,Panas,2026-12-31,Topikal,/static/medicines/Hot In Cream Aromatherapy 120ml.jpg,True,"[""otc"",""indonesia"",""chatbot-ready""]"
3254,Hot In Cream Strong 120ml,Obat Oles Nyeri,40000.0,402,"Methyl Salicylate ekstra kuat, Capsaicin",Pegal linu berat dan rematik; Gejala terkait: rematik; pegal berat; capsaicin,Sesuai aturan pakai pada kemasan. Gunakan sesuai petunjuk pada kemasan. Jika sakit berlanjut hubungi dokter.,"Methyl Salicylate ekstra kuat, Capsaicin",Pegal linu berat dan rematik; rematik; pegal berat; capsaicin; Gunakan sesuai petunjuk pada kemasan. Jika sakit berlanjut hubungi dokter.,Sangat panas,2028-12-31,Topikal,/static/medicines/Hot In Cream Strong 120ml.jpg,True,"[""otc"",""indonesia"",""chatbot-ready""]"
3255,Geliga Balsem Otot 10g,Obat Oles Nyeri,8000.0,223,"Methyl Salicylate, Peppermint Oil",Nyeri punggung dan pegal; Gejala terkait: balsem panas; sakit pinggang,Sesuai aturan pakai pada kemasan. Gunakan sesuai petunjuk pada kemasan. Jika sakit berlanjut hubungi dokter.,"Methyl Salicylate, Peppermint Oil",Nyeri punggung dan pegal; balsem panas; sakit pinggang; Gunakan sesuai petunjuk pada kemasan. Jika sakit berlanjut hubungi dokter.,Panas lokal,2027-06-30,Topikal,/static/medicines/Geliga Balsem Otot 10g.jpg,True,"[""otc"",""indonesia"",""chatbot-ready""]"
3256,Geliga Balsem Otot 20g,Obat Oles Nyeri,14000.0,390,"Methyl Salicylate, Peppermint Oil medium",Nyeri punggung dan pegal; Gejala terkait: balsem; pegal linu,Sesuai aturan pakai pada kemasan. Gunakan sesuai petunjuk pada kemasan. Jika sakit berlanjut hubungi dokter.,"Methyl Salicylate, Peppermint Oil medium",Nyeri punggung dan pegal; balsem; pegal linu; Gunakan sesuai petunjuk pada kemasan. Jika sakit berlanjut hubungi dokter.,Panas lokal,2026-12-31,Topikal,/static/medicines/Geliga Balsem Otot 20g.jpg,True,"[""otc"",""indonesia"",""chatbot-ready""]"
3257,Geliga Krim 30g,Obat Oles Nyeri,18000.0,366,"Methyl Salicylate, Peppermint Oil cream",Pegal dan nyeri otot cream; Gejala terkait: krim pegal; nyeri punggung,Sesuai aturan pakai pada kemasan. Gunakan sesuai petunjuk pada kemasan. Jika sakit berlanjut hubungi dokter.,"Methyl Salicylate, Peppermint Oil cream",Pegal dan nyeri otot cream; krim pegal; nyeri punggung; Gunakan sesuai petunjuk pada kemasan. Jika sakit berlanjut hubungi dokter.,Panas,2027-06-30,Topikal,/static/medicines/Geliga Krim 30g.jpg,True,"[""otc"",""indonesia"",""chatbot-ready""]"
3258,GPU Minyak Gosok Botol 30ml,Obat Oles Nyeri,12000.0,307,"Nutmeg Oil, Eucalyptus Oil, Citronella","Urut, keseleo, pegal minyak gosok; Gejala terkait: minyak urut; keseleo; pijat",Sesuai aturan pakai pada kemasan. Gunakan sesuai petunjuk pada kemasan. Jika sakit berlanjut hubungi dokter.,"Nutmeg Oil, Eucalyptus Oil, Citronella","Urut, keseleo, pegal minyak gosok; minyak urut; keseleo; pijat; Gunakan sesuai petunjuk pada kemasan. Jika sakit berlanjut hubungi dokter.",Iritasi lokal,2026-12-31,Produk,/static/medicines/GPU Minyak Gosok Botol 30ml.jpg,True,"[""otc"",""indonesia"",""chatbot-ready""]"
3259,GPU Minyak Gosok Botol 60ml,Obat Oles Nyeri,20000.0,182,"Nutmeg Oil, Eucalyptus Oil, Citronella medium",Urut dan pegal medium; Gejala terkait: minyak gosok; pegal,Sesuai aturan pakai pada kemasan. Gunakan sesuai petunjuk pada kemasan. Jika sakit berlanjut hubungi dokter.,"Nutmeg Oil, Eucalyptus Oil, Citronella medium",Urut dan pegal medium; minyak gosok; pegal; Gunakan sesuai petunjuk pada kemasan. Jika sakit berlanjut hubungi dokter.,Iritasi,2026-12-31,Produk,/static/medicines/GPU Minyak Gosok Botol 60ml.jpg,True,"[""otc"",""indonesia"",""chatbot-ready""]"
3260,GPU Minyak Gosok Botol 100ml,Obat Oles Nyeri,32000.0,389,"Nutmeg Oil, Eucalyptus Oil, Citronella besar",Minyak gosok kemasan besar; Gejala terkait: minyak gosok besar; pijat,Sesuai aturan pakai pada kemasan. Gunakan sesuai petunjuk pada kemasan. Jika sakit berlanjut hubungi dokter.,"Nutmeg Oil, Eucalyptus Oil, Citronella besar",Minyak gosok kemasan besar; minyak gosok besar; pijat; Gunakan sesuai petunjuk pada kemasan. Jika sakit berlanjut hubungi dokter.,Iritasi,2028-12-31,Produk,/static/medicines/GPU Minyak Gosok Botol 100ml.avif,True,"[""otc"",""indonesia"",""chatbot-ready""]"
3261,Salonpas Koyo Hijau 10s,Obat Oles Nyeri,9000.0,110,"Methyl Salicylate, Menthol koyo",Koyo pereda nyeri otot standar; Gejala terkait: koyo tempel; salah bantal; pegal,Sesuai aturan pakai pada kemasan. Gunakan sesuai petunjuk pada kemasan. Jika sakit berlanjut hubungi dokter.,"Methyl Salicylate, Menthol koyo",Koyo pereda nyeri otot standar; koyo tempel; salah bantal; pegal; Gunakan sesuai petunjuk pada kemasan. Jika sakit berlanjut hubungi dokter.,Kemerahan kulit,2028-12-31,Produk,/static/medicines/Salonpas Koyo Hijau 10s.jpg,True,"[""otc"",""indonesia"",""chatbot-ready""]"
3262,Salonpas Koyo Merah Hot 10s,Obat Oles Nyeri,11000.0,210,"Methyl Salicylate, Menthol, Capsicin koyo panas",Koyo pereda nyeri panas; Gejala terkait: koyo panas; nyeri otot,Sesuai aturan pakai pada kemasan. Gunakan sesuai petunjuk pada kemasan. Jika sakit berlanjut hubungi dokter.,"Methyl Salicylate, Menthol, Capsicin koyo panas",Koyo pereda nyeri panas; koyo panas; nyeri otot; Gunakan sesuai petunjuk pada kemasan. Jika sakit berlanjut hubungi dokter.,"Kemerahan, panas",2028-12-31,Produk,/static/medicines/Salonpas Koyo Merah Hot 10s.jpg,True,"[""otc"",""indonesia"",""chatbot-ready""]"
3263,Salonpas Gel 15g,Obat Oles Nyeri,18000.0,138,"Methyl Salicylate, Menthol gel oles",Nyeri otot gel; Gejala terkait: nyeri gel; pegal linu,Sesuai aturan pakai pada kemasan. Gunakan sesuai petunjuk pada kemasan. Jika sakit berlanjut hubungi dokter.,"Methyl Salicylate, Menthol gel oles",Nyeri otot gel; nyeri gel; pegal linu; Gunakan sesuai petunjuk pada kemasan. Jika sakit berlanjut hubungi dokter.,Jarang,2028-03-15,Topikal,/static/medicines/Salonpas Gel 15g.jpg,True,"[""otc"",""indonesia"",""chatbot-ready""]"
3264,Salonpas Liniment Cair 50ml,Obat Oles Nyeri,25000.0,109,"Methyl Salicylate, Menthol, Camphor cair",Nyeri otot cair; Gejala terkait: nyeri cair; pegal gosok,Sesuai aturan pakai pada kemasan. Gunakan sesuai petunjuk pada kemasan. Jika sakit berlanjut hubungi dokter.,"Methyl Salicylate, Menthol, Camphor cair",Nyeri otot cair; nyeri cair; pegal gosok; Gunakan sesuai petunjuk pada kemasan. Jika sakit berlanjut hubungi dokter.,Iritasi,2028-03-15,Produk,/static/medicines/Salonpas Liniment Cair 50ml.jpg,True,"[""otc"",""indonesia"",""chatbot-ready""]"
3265,Freshcare Roll On Citrus 10ml,Obat Oles Nyeri,15000.0,181,"Menthol, Camphor, Citrus Essential Oil","Pusing, mabuk, kembung perut roll on; Gejala terkait: mabuk darat; pusing; roll on citrus",Sesuai aturan pakai pada kemasan. Gunakan sesuai petunjuk pada kemasan. Jika sakit berlanjut hubungi dokter.,"Menthol, Camphor, Citrus Essential Oil","Pusing, mabuk, kembung perut roll on; mabuk darat; pusing; roll on citrus; Gunakan sesuai petunjuk pada kemasan. Jika sakit berlanjut hubungi dokter.",Iritasi mata,2026-12-31,Produk,/static/medicines/Freshcare Roll On Citrus 10ml.jpg,True,"[""otc"",""indonesia"",""chatbot-ready""]"
3266,Freshcare Roll On Green Tea 10ml,Obat Oles Nyeri,15000.0,342,"Menthol, Camphor, Green Tea",Pusing dan mabuk roll on hijau; Gejala terkait: mabuk; pusing; green tea,Sesuai aturan pakai pada kemasan. Gunakan sesuai petunjuk pada kemasan. Jika sakit berlanjut hubungi dokter.,"Menthol, Camphor, Green Tea",Pusing dan mabuk roll on hijau; mabuk; pusing; green tea; Gunakan sesuai petunjuk pada kemasan. Jika sakit berlanjut hubungi dokter.,Iritasi mata,2028-03-15,Produk,/static/medicines/Freshcare Roll On Green Tea 10ml.jpg,True,"[""otc"",""indonesia"",""chatbot-ready""]"
3267,Freshcare Roll On Strong 10ml,Obat Oles Nyeri,16000.0,293,"Menthol ekstra kuat, Camphor, Eucalyptus",Pusing berat roll on kuat; Gejala terkait: pusing kuat; minyak angin kuat,Sesuai aturan pakai pada kemasan. Gunakan sesuai petunjuk pada kemasan. Jika sakit berlanjut hubungi dokter.,"Menthol ekstra kuat, Camphor, Eucalyptus",Pusing berat roll on kuat; pusing kuat; minyak angin kuat; Gunakan sesuai petunjuk pada kemasan. Jika sakit berlanjut hubungi dokter.,Iritasi,2028-03-15,Produk,/static/medicines/Freshcare Roll On Strong 10ml.jpg,True,"[""otc"",""indonesia"",""chatbot-ready""]"
3268,Freshcare Smash Double Inhaler,Obat Oles Nyeri,22000.0,111,"Menthol, Camphor, Double Chamber","Hidung tersumbat, mabuk, pusing inhaler; Gejala terkait: inhaler pusing; hidung tersumbat; minyak angin",Sesuai aturan pakai pada kemasan. Gunakan sesuai petunjuk pada kemasan. Jika sakit berlanjut hubungi dokter.,"Menthol, Camphor, Double Chamber","Hidung tersumbat, mabuk, pusing inhaler; inhaler pusing; hidung tersumbat; minyak angin; Gunakan sesuai petunjuk pada kemasan. Jika sakit berlanjut hubungi dokter.",Iritasi,2028-03-15,Produk,/static/medicines/Freshcare Smash Double Inhaler.jpg,True,"[""otc"",""indonesia"",""chatbot-ready""]"
3269,Tolak Angin Care Roll On 10ml,Obat Oles Nyeri,16000.0,199,"Peppermint Oil, Ginger Oil, Menthol",Mabuk perjalanan dan masuk angin roll on; Gejala terkait: minyak angin herbal; mabuk darat,Sesuai aturan pakai pada kemasan. Gunakan sesuai petunjuk pada kemasan. Jika sakit berlanjut hubungi dokter.,"Peppermint Oil, Ginger Oil, Menthol",Mabuk perjalanan dan masuk angin roll on; minyak angin herbal; mabuk darat; Gunakan sesuai petunjuk pada kemasan. Jika sakit berlanjut hubungi dokter.,Jarang,2027-06-30,Produk,/static/medicines/Tolak Angin Care Roll On 10ml.jpg,True,"[""otc"",""indonesia"",""chatbot-ready""]"
3270,Rheumason Gel,Obat Oles Nyeri,35000.0,396,"Diclofenac, Menthol gel",Nyeri sendi dan otot gel; Gejala terkait: nyeri sendi gel; otot,Sesuai aturan pakai pada kemasan. Gunakan sesuai petunjuk pada kemasan. Jika sakit berlanjut hubungi dokter.,"Diclofenac, Menthol gel",Nyeri sendi dan otot gel; nyeri sendi gel; otot; Gunakan sesuai petunjuk pada kemasan. Jika sakit berlanjut hubungi dokter.,Kemerahan,2027-06-30,Topikal,https://placehold.co/400x300/f8fafc/f97316?text=Rheumason+Gel,True,"[""otc"",""indonesia"",""chatbot-ready""]"
3271,Piroxicam Gel 0.5%,Obat Oles Nyeri,18000.0,305,Piroxicam 0.5%,Nyeri sendi ringan topikal; Gejala terkait: nyeri sendi topikal; rematik ringan,Sesuai aturan pakai pada kemasan. Gunakan sesuai petunjuk pada kemasan. Jika sakit berlanjut hubungi dokter.,Piroxicam 0.5%,Nyeri sendi ringan topikal; nyeri sendi topikal; rematik ringan; Gunakan sesuai petunjuk pada kemasan. Jika sakit berlanjut hubungi dokter.,Kemerahan lokal,2028-03-15,Topikal,https://placehold.co/400x300/f8fafc/f97316?text=Piroxicam+Gel+0.5%,True,"[""otc"",""indonesia"",""chatbot-ready""]"
3272,Minyak Tawon,Obat Oles Nyeri,12000.0,498,"Eucalyptus Oil, Clove Oil, Camphor","Pegal linu, masuk angin herbal; Gejala terkait: minyak tawon; pegal herbal",Sesuai aturan pakai pada kemasan. Gunakan sesuai petunjuk pada kemasan. Jika sakit berlanjut hubungi dokter.,"Eucalyptus Oil, Clove Oil, Camphor","Pegal linu, masuk angin herbal; minyak tawon; pegal herbal; Gunakan sesuai petunjuk pada kemasan. Jika sakit berlanjut hubungi dokter.",Panas ringan,2026-12-31,Produk,https://placehold.co/400x300/f8fafc/f97316?text=Minyak+Tawon,True,"[""otc"",""indonesia"",""chatbot-ready""]"
3273,Kwan Loong Oil,Obat Oles Nyeri,25000.0,101,"Eucalyptus Oil, Menthol, Camphor","Pegal linu, pusing, mabuk minyak gosok; Gejala terkait: minyak gosok pusing; pegal",Sesuai aturan pakai pada kemasan. Gunakan sesuai petunjuk pada kemasan. Jika sakit berlanjut hubungi dokter.,"Eucalyptus Oil, Menthol, Camphor","Pegal linu, pusing, mabuk minyak gosok; minyak gosok pusing; pegal; Gunakan sesuai petunjuk pada kemasan. Jika sakit berlanjut hubungi dokter.","Panas, iritasi",2027-06-30,Produk,https://placehold.co/400x300/f8fafc/f97316?text=Kwan+Loong+Oil,True,"[""otc"",""indonesia"",""chatbot-ready""]"
3274,Insto Regular 7.5ml,Mata & Telinga,16000.0,180,Tetrahydrozoline HCl 0.05%,Mata merah karena iritasi debu; Gejala terkait: mata merah debu; mata perih; obat tetes mata,Sesuai aturan pakai pada kemasan. Gunakan sesuai petunjuk pada kemasan. Jika sakit berlanjut hubungi dokter.,Tetrahydrozoline HCl 0.05%,Mata merah karena iritasi debu; mata merah debu; mata perih; obat tetes mata; Gunakan sesuai petunjuk pada kemasan. Jika sakit berlanjut hubungi dokter.,Mata kering bila lama,2028-03-15,Produk,/static/medicines/Insto Regular 7.5ml.jpg,True,"[""otc"",""indonesia"",""chatbot-ready""]"
3275,Insto Dry Eyes 7.5ml,Mata & Telinga,18000.0,231,HPMC 0.3% (Artificial Tears),"Mata kering sindrom, softlens; Gejala terkait: mata kering; softlens; mata lelah",Sesuai aturan pakai pada kemasan. Gunakan sesuai petunjuk pada kemasan. Jika sakit berlanjut hubungi dokter.,HPMC 0.3% (Artificial Tears),"Mata kering sindrom, softlens; mata kering; softlens; mata lelah; Gunakan sesuai petunjuk pada kemasan. Jika sakit berlanjut hubungi dokter.",Pandangan kabur sementara,2026-12-31,Produk,/static/medicines/Insto Dry Eyes 7.5ml.jpg,True,"[""otc"",""indonesia"",""chatbot-ready""]"
3276,Insto Cool 7.5ml,Mata & Telinga,18000.0,156,"Tetrahydrozoline, Menthol",Mata merah dengan sensasi sejuk; Gejala terkait: mata merah ngantuk; dingin mata,Sesuai aturan pakai pada kemasan. Gunakan sesuai petunjuk pada kemasan. Jika sakit berlanjut hubungi dokter.,"Tetrahydrozoline, Menthol",Mata merah dengan sensasi sejuk; mata merah ngantuk; dingin mata; Gunakan sesuai petunjuk pada kemasan. Jika sakit berlanjut hubungi dokter.,Mata sangat dingin,2028-12-31,Produk,/static/medicines/Insto Cool 7.5ml.jpg,True,"[""otc"",""indonesia"",""chatbot-ready""]"
3277,Rohto Cool 7ml,Mata & Telinga,18000.0,191,"Naphazoline HCl, Menthol 0.08%",Mata merah dengan rasa dingin khas; Gejala terkait: tetes mata dingin; mata merah ngantuk,Sesuai aturan pakai pada kemasan. Gunakan sesuai petunjuk pada kemasan. Jika sakit berlanjut hubungi dokter.,"Naphazoline HCl, Menthol 0.08%",Mata merah dengan rasa dingin khas; tetes mata dingin; mata merah ngantuk; Gunakan sesuai petunjuk pada kemasan. Jika sakit berlanjut hubungi dokter.,Rasa pedas/dingin kuat,2027-06-30,Produk,/static/medicines/Rohto Cool 7ml.jpg,True,"[""otc"",""indonesia"",""chatbot-ready""]"
3278,Rohto V-Extra 7ml,Mata & Telinga,25000.0,158,"Naphazoline, Menthol, Vitamin B6, E",Mata merah lelah dengan vitamin; Gejala terkait: mata lelah; tetes vitamin mata,Sesuai aturan pakai pada kemasan. Gunakan sesuai petunjuk pada kemasan. Jika sakit berlanjut hubungi dokter.,"Naphazoline, Menthol, Vitamin B6, E",Mata merah lelah dengan vitamin; mata lelah; tetes vitamin mata; Gunakan sesuai petunjuk pada kemasan. Jika sakit berlanjut hubungi dokter.,Rasa dingin kuat,2026-12-31,Produk,/static/medicines/Rohto V-Extra 7ml.jpg,True,"[""otc"",""indonesia"",""chatbot-ready""]"
3279,Rohto C-Cube 7ml,Mata & Telinga,35000.0,247,"Vitamin C, B6, E + Menthol",Mata merah dan nutrisi mata; Gejala terkait: mata premium; vitamin c mata,Sesuai aturan pakai pada kemasan. Gunakan sesuai petunjuk pada kemasan. Jika sakit berlanjut hubungi dokter.,"Vitamin C, B6, E + Menthol",Mata merah dan nutrisi mata; mata premium; vitamin c mata; Gunakan sesuai petunjuk pada kemasan. Jika sakit berlanjut hubungi dokter.,Rasa dingin,2028-03-15,Produk,/static/medicines/Rohto C-Cube 7ml.jpg,True,"[""otc"",""indonesia"",""chatbot-ready""]"
3280,Cendo Xitrol Minidose 5x0.6ml,Mata & Telinga,35000.0,139,"Dexamethasone, Neomycin, Polymyxin B",Radang mata bakteri (Perlu pengawasan); Gejala terkait: mata belekan parah; radang mata; bintitan,Sesuai aturan pakai pada kemasan. Gunakan sesuai petunjuk pada kemasan. Jika sakit berlanjut hubungi dokter.,"Dexamethasone, Neomycin, Polymyxin B",Radang mata bakteri (Perlu pengawasan); mata belekan parah; radang mata; bintitan; Gunakan sesuai petunjuk pada kemasan. Jika sakit berlanjut hubungi dokter.,"Pandangan kabur, tekanan bola mata",2026-12-31,Produk,/static/medicines/Cendo Xitrol Minidose 5x0.6ml.jpg,True,"[""otc"",""indonesia"",""chatbot-ready""]"
3281,Cendo Lyteers Minidose 5x0.6ml,Mata & Telinga,28000.0,467,"NaCl, KCl, CaCl2 (Artificial Tears)",Mata kering minidose steril; Gejala terkait: mata kering softlens; minidose steril,Sesuai aturan pakai pada kemasan. Gunakan sesuai petunjuk pada kemasan. Jika sakit berlanjut hubungi dokter.,"NaCl, KCl, CaCl2 (Artificial Tears)",Mata kering minidose steril; mata kering softlens; minidose steril; Gunakan sesuai petunjuk pada kemasan. Jika sakit berlanjut hubungi dokter.,Pandangan kabur sementara,2026-12-31,Produk,/static/medicines/Cendo Lyteers Minidose 5x0.6ml.jpg,True,"[""otc"",""indonesia"",""chatbot-ready""]"
3282,Cendo Fenicol Salep Mata,Mata & Telinga,25000.0,351,Chloramphenicol 1% salep mata,"Belekan bakteri, bintitan; Gejala terkait: belekan kuning; bintitan; salep mata",Sesuai aturan pakai pada kemasan. Gunakan sesuai petunjuk pada kemasan. Jika sakit berlanjut hubungi dokter.,Chloramphenicol 1% salep mata,"Belekan bakteri, bintitan; belekan kuning; bintitan; salep mata; Gunakan sesuai petunjuk pada kemasan. Jika sakit berlanjut hubungi dokter.",Pandangan kabur,2027-06-30,Produk,/static/medicines/Cendo Fenicol Salep Mata.jpg,True,"[""otc"",""indonesia"",""chatbot-ready""]"
3283,Cendo Cenfresh Minidose,Mata & Telinga,30000.0,303,"HPMC, Sodium Hyaluronate artificial tears",Mata kering premium minidose; Gejala terkait: mata kering premium; sodium hyaluronate,Sesuai aturan pakai pada kemasan. Gunakan sesuai petunjuk pada kemasan. Jika sakit berlanjut hubungi dokter.,"HPMC, Sodium Hyaluronate artificial tears",Mata kering premium minidose; mata kering premium; sodium hyaluronate; Gunakan sesuai petunjuk pada kemasan. Jika sakit berlanjut hubungi dokter.,Pandangan kabur,2028-03-15,Produk,/static/medicines/Cendo Cenfresh Minidose.jpg,True,"[""otc"",""indonesia"",""chatbot-ready""]"
3284,Visine Original 6ml,Mata & Telinga,18000.0,176,Tetrahydrozoline HCl 0.05%,"Mata merah iritasi asap, polusi; Gejala terkait: mata iritasi asap; polusi",Sesuai aturan pakai pada kemasan. Gunakan sesuai petunjuk pada kemasan. Jika sakit berlanjut hubungi dokter.,Tetrahydrozoline HCl 0.05%,"Mata merah iritasi asap, polusi; mata iritasi asap; polusi; Gunakan sesuai petunjuk pada kemasan. Jika sakit berlanjut hubungi dokter.",Mata kering,2026-12-31,Produk,/static/medicines/Visine Original 6ml.jpg,True,"[""otc"",""indonesia"",""chatbot-ready""]"
3285,Visine Tears 6ml,Mata & Telinga,22000.0,303,"PEG 400 1%, PG 0.6% artificial tears",Mata kering dan lelah; Gejala terkait: mata kering; mata lelah layar,Sesuai aturan pakai pada kemasan. Gunakan sesuai petunjuk pada kemasan. Jika sakit berlanjut hubungi dokter.,"PEG 400 1%, PG 0.6% artificial tears",Mata kering dan lelah; mata kering; mata lelah layar; Gunakan sesuai petunjuk pada kemasan. Jika sakit berlanjut hubungi dokter.,Pandangan kabur,2027-06-30,Produk,/static/medicines/Visine Tears 6ml.jpg,True,"[""otc"",""indonesia"",""chatbot-ready""]"
3286,Otopain Tetes Telinga 8ml,Mata & Telinga,65000.0,52,"Polymyxin B, Neomycin, Fludrocortisone, Lidocaine",Infeksi dan nyeri telinga (Perlu pengawasan); Gejala terkait: telinga bernanah; sakit telinga; otitis,Sesuai aturan pakai pada kemasan. Gunakan sesuai petunjuk pada kemasan. Jika sakit berlanjut hubungi dokter.,"Polymyxin B, Neomycin, Fludrocortisone, Lidocaine",Infeksi dan nyeri telinga (Perlu pengawasan); telinga bernanah; sakit telinga; otitis; Gunakan sesuai petunjuk pada kemasan. Jika sakit berlanjut hubungi dokter.,Terbakar sementara,2028-12-31,Produk,/static/medicines/Otopain Tetes Telinga 8ml.jpg,True,"[""otc"",""indonesia"",""chatbot-ready""]"
3287,Forumen Tetes Telinga 10ml,Mata & Telinga,45000.0,186,Docusate Sodium 5%,Kotoran telinga keras (serumen); Gejala terkait: telinga mampet; kotoran telinga keras; serumen,Sesuai aturan pakai pada kemasan. Gunakan sesuai petunjuk pada kemasan. Jika sakit berlanjut hubungi dokter.,Docusate Sodium 5%,Kotoran telinga keras (serumen); telinga mampet; kotoran telinga keras; serumen; Gunakan sesuai petunjuk pada kemasan. Jika sakit berlanjut hubungi dokter.,Telinga terasa penuh sementara,2026-12-31,Produk,/static/medicines/Forumen Tetes Telinga 10ml.jpg,True,"[""otc"",""indonesia"",""chatbot-ready""]"
3288,Erlamycetin Salep Mata 5g,Mata & Telinga,18000.0,313,Chloramphenicol 1% salep,Belekan bakteri dan bintitan; Gejala terkait: belekan kuning murah; bintitan murah,Sesuai aturan pakai pada kemasan. Gunakan sesuai petunjuk pada kemasan. Jika sakit berlanjut hubungi dokter.,Chloramphenicol 1% salep,Belekan bakteri dan bintitan; belekan kuning murah; bintitan murah; Gunakan sesuai petunjuk pada kemasan. Jika sakit berlanjut hubungi dokter.,Pandangan kabur,2028-12-31,Produk,/static/medicines/Erlamycetin Salep Mata 5g.jpg,True,"[""otc"",""indonesia"",""chatbot-ready""]"
3289,Erlamycetin Tetes Telinga 10ml,Mata & Telinga,22000.0,162,Chloramphenicol 1% tetes telinga,Infeksi bakteri telinga; Gejala terkait: telinga gatal infeksi; belekan telinga,Sesuai aturan pakai pada kemasan. Gunakan sesuai petunjuk pada kemasan. Jika sakit berlanjut hubungi dokter.,Chloramphenicol 1% tetes telinga,Infeksi bakteri telinga; telinga gatal infeksi; belekan telinga; Gunakan sesuai petunjuk pada kemasan. Jika sakit berlanjut hubungi dokter.,Rasa terbakar,2028-03-15,Produk,/static/medicines/Erlamycetin Tetes Telinga 10ml.jpg,True,"[""otc"",""indonesia"",""chatbot-ready""]"
3290,Cendo Tobroson Minidose,Mata & Telinga,45000.0,383,"Tobramycin, Dexamethasone",Konjungtivitis bakteri akut (Perlu resep); Gejala terkait: mata merah infeksi; konjungtivitis,Sesuai aturan pakai pada kemasan. Gunakan sesuai petunjuk pada kemasan. Jika sakit berlanjut hubungi dokter.,"Tobramycin, Dexamethasone",Konjungtivitis bakteri akut (Perlu resep); mata merah infeksi; konjungtivitis; Gunakan sesuai petunjuk pada kemasan. Jika sakit berlanjut hubungi dokter.,Tekanan bola mata,2028-12-31,Produk,https://placehold.co/400x300/f8fafc/0ea5e9?text=Cendo+Tobroson+Minidose,True,"[""otc"",""indonesia"",""chatbot-ready""]"
3291,Refresh Tears 10ml,Mata & Telinga,65000.0,71,Carboxymethylcellulose Sodium 0.5%,Mata kering ringan sehari-hari; Gejala terkait: mata kering premium; artificial tears,Sesuai aturan pakai pada kemasan. Gunakan sesuai petunjuk pada kemasan. Jika sakit berlanjut hubungi dokter.,Carboxymethylcellulose Sodium 0.5%,Mata kering ringan sehari-hari; mata kering premium; artificial tears; Gunakan sesuai petunjuk pada kemasan. Jika sakit berlanjut hubungi dokter.,Pandangan kabur,2028-12-31,Produk,https://placehold.co/400x300/f8fafc/0ea5e9?text=Refresh+Tears+10ml,True,"[""otc"",""indonesia"",""chatbot-ready""]"
3292,Systane Ultra 10ml,Mata & Telinga,85000.0,77,"Propylene Glycol, PEG 400","Mata kering berat, sindrom mata kering; Gejala terkait: sindrom mata kering; mata kering berat",Sesuai aturan pakai pada kemasan. Gunakan sesuai petunjuk pada kemasan. Jika sakit berlanjut hubungi dokter.,"Propylene Glycol, PEG 400","Mata kering berat, sindrom mata kering; sindrom mata kering; mata kering berat; Gunakan sesuai petunjuk pada kemasan. Jika sakit berlanjut hubungi dokter.",Pandangan kabur sementara,2026-12-31,Produk,https://placehold.co/400x300/f8fafc/0ea5e9?text=Systane+Ultra+10ml,True,"[""otc"",""indonesia"",""chatbot-ready""]"
3293,Cendo Deflucon Drop,Mata & Telinga,55000.0,69,Fluorometholone 0.1%,Radang mata non infeksi (Perlu resep); Gejala terkait: radang mata non infeksi; alergi mata,Sesuai aturan pakai pada kemasan. Gunakan sesuai petunjuk pada kemasan. Jika sakit berlanjut hubungi dokter.,Fluorometholone 0.1%,Radang mata non infeksi (Perlu resep); radang mata non infeksi; alergi mata; Gunakan sesuai petunjuk pada kemasan. Jika sakit berlanjut hubungi dokter.,"Glaukoma, katarak (pemakaian lama)",2028-12-31,Produk,https://placehold.co/400x300/f8fafc/0ea5e9?text=Cendo+Deflucon+Drop,True,"[""otc"",""indonesia"",""chatbot-ready""]"
3294,Betadine Mouthwash and Gargle 100ml,Mulut & Tenggorokan,25000.0,426,Povidone Iodine 1%,"Sakit tenggorokan, kumur antiseptik; Gejala terkait: kumur sakit tenggorokan; gusi bengkak",Sesuai aturan pakai pada kemasan. Gunakan sesuai petunjuk pada kemasan. Jika sakit berlanjut hubungi dokter.,Povidone Iodine 1%,"Sakit tenggorokan, kumur antiseptik; kumur sakit tenggorokan; gusi bengkak; Gunakan sesuai petunjuk pada kemasan. Jika sakit berlanjut hubungi dokter.",Perubahan warna gigi (jarang),2028-03-15,Cairan,/static/medicines/Betadine Mouthwash and Gargle 100ml.jpg,True,"[""otc"",""indonesia"",""chatbot-ready""]"
3295,Betadine Gargle 190ml,Mulut & Tenggorokan,42000.0,267,Povidone Iodine 1% besar,"Sakit tenggorokan, kumur besar; Gejala terkait: kumur antiseptik besar",Sesuai aturan pakai pada kemasan. Gunakan sesuai petunjuk pada kemasan. Jika sakit berlanjut hubungi dokter.,Povidone Iodine 1% besar,"Sakit tenggorokan, kumur besar; kumur antiseptik besar; Gunakan sesuai petunjuk pada kemasan. Jika sakit berlanjut hubungi dokter.",Perubahan warna gigi,2026-12-31,Cairan,/static/medicines/Betadine Gargle 190ml.jpg,True,"[""otc"",""indonesia"",""chatbot-ready""]"
3296,Betadine Throat Spray 50ml,Mulut & Tenggorokan,120000.0,79,Povidone Iodine 0.45% spray,Sakit tenggorokan spray praktis; Gejala terkait: semprot tenggorokan iodine; sakit menelan,Sesuai aturan pakai pada kemasan. Gunakan sesuai petunjuk pada kemasan. Jika sakit berlanjut hubungi dokter.,Povidone Iodine 0.45% spray,Sakit tenggorokan spray praktis; semprot tenggorokan iodine; sakit menelan; Gunakan sesuai petunjuk pada kemasan. Jika sakit berlanjut hubungi dokter.,Rasa tidak enak,2027-06-30,Spray,/static/medicines/Betadine Throat Spray 50ml.jpg,True,"[""otc"",""indonesia"",""chatbot-ready""]"
3297,Tantum Verde Gargle 120ml,Mulut & Tenggorokan,45000.0,277,Benzydamine HCl 0.15%,"Radang tenggorokan dengan efek bius, sariawan; Gejala terkait: sariawan parah; sakit menelan; radang tenggorokan",Sesuai aturan pakai pada kemasan. Gunakan sesuai petunjuk pada kemasan. Jika sakit berlanjut hubungi dokter.,Benzydamine HCl 0.15%,"Radang tenggorokan dengan efek bius, sariawan; sariawan parah; sakit menelan; radang tenggorokan; Gunakan sesuai petunjuk pada kemasan. Jika sakit berlanjut hubungi dokter.",Mulut kebas,2027-06-30,Cairan,/static/medicines/Tantum Verde Gargle 120ml.jpg,True,"[""otc"",""indonesia"",""chatbot-ready""]"
3298,Tantum Verde Oral Rinse 60ml,Mulut & Tenggorokan,30000.0,499,Benzydamine HCl 0.15% kecil,Sariawan dan radang ringan; Gejala terkait: sariawan; kumur; radang ringan,Sesuai aturan pakai pada kemasan. Gunakan sesuai petunjuk pada kemasan. Jika sakit berlanjut hubungi dokter.,Benzydamine HCl 0.15% kecil,Sariawan dan radang ringan; sariawan; kumur; radang ringan; Gunakan sesuai petunjuk pada kemasan. Jika sakit berlanjut hubungi dokter.,Mulut kebas,2027-06-30,Produk,/static/medicines/Tantum Verde Oral Rinse 60ml.jpg,True,"[""otc"",""indonesia"",""chatbot-ready""]"
3299,SP Troches Strawberry Strip 12s,Mulut & Tenggorokan,15000.0,244,Dequalinium Chloride 0.25mg permen,Infeksi mulut bakteri/jamur permen; Gejala terkait: permen sariawan; tenggorokan antiseptik,Sesuai aturan pakai pada kemasan. Gunakan sesuai petunjuk pada kemasan. Jika sakit berlanjut hubungi dokter.,Dequalinium Chloride 0.25mg permen,Infeksi mulut bakteri/jamur permen; permen sariawan; tenggorokan antiseptik; Gunakan sesuai petunjuk pada kemasan. Jika sakit berlanjut hubungi dokter.,Kesat mulut,2026-12-31,Produk,/static/medicines/SP Troches Strawberry Strip 12s.jpg,True,"[""otc"",""indonesia"",""chatbot-ready""]"
3300,SP Troches Melon Strip 12s,Mulut & Tenggorokan,15000.0,192,Dequalinium Chloride 0.25mg permen melon,Infeksi mulut permen melon; Gejala terkait: permen sariawan melon,Sesuai aturan pakai pada kemasan. Gunakan sesuai petunjuk pada kemasan. Jika sakit berlanjut hubungi dokter.,Dequalinium Chloride 0.25mg permen melon,Infeksi mulut permen melon; permen sariawan melon; Gunakan sesuai petunjuk pada kemasan. Jika sakit berlanjut hubungi dokter.,Kesat mulut,2026-12-31,Produk,/static/medicines/SP Troches Melon Strip 12s.jpg,True,"[""otc"",""indonesia"",""chatbot-ready""]"
3301,FG Troches Strip 10s,Mulut & Tenggorokan,18000.0,417,"Fradiomycin Sulfate, Gramicidin permen","Radang tenggorokan bakteri, amandel; Gejala terkait: radang tenggorokan; amandel; permen antibiotik",Sesuai aturan pakai pada kemasan. Gunakan sesuai petunjuk pada kemasan. Jika sakit berlanjut hubungi dokter.,"Fradiomycin Sulfate, Gramicidin permen","Radang tenggorokan bakteri, amandel; radang tenggorokan; amandel; permen antibiotik; Gunakan sesuai petunjuk pada kemasan. Jika sakit berlanjut hubungi dokter.",Gangguan flora mulut,2027-06-30,Produk,/static/medicines/FG Troches Strip 10s.jpg,True,"[""otc"",""indonesia"",""chatbot-ready""]"
3302,Cooling 5 Spray Cherry 15ml,Mulut & Tenggorokan,38000.0,305,Phenol Crystal 0.5% spray,Sakit tenggorokan dan gatal spray; Gejala terkait: semprot tenggorokan; gatal tenggorokan cherry,Sesuai aturan pakai pada kemasan. Gunakan sesuai petunjuk pada kemasan. Jika sakit berlanjut hubungi dokter.,Phenol Crystal 0.5% spray,Sakit tenggorokan dan gatal spray; semprot tenggorokan; gatal tenggorokan cherry; Gunakan sesuai petunjuk pada kemasan. Jika sakit berlanjut hubungi dokter.,Rasa kebas sesaat,2027-06-30,Spray,/static/medicines/Cooling 5 Spray Cherry 15ml.jpg,True,"[""otc"",""indonesia"",""chatbot-ready""]"
3303,Cooling 5 Spray Mint 15ml,Mulut & Tenggorokan,38000.0,161,Phenol Crystal 0.5% spray mint,Sakit tenggorokan spray mint; Gejala terkait: semprot tenggorokan mint,Sesuai aturan pakai pada kemasan. Gunakan sesuai petunjuk pada kemasan. Jika sakit berlanjut hubungi dokter.,Phenol Crystal 0.5% spray mint,Sakit tenggorokan spray mint; semprot tenggorokan mint; Gunakan sesuai petunjuk pada kemasan. Jika sakit berlanjut hubungi dokter.,Rasa kebas,2026-12-31,Spray,/static/medicines/Cooling 5 Spray Mint 15ml.jpg,True,"[""otc"",""indonesia"",""chatbot-ready""]"
3304,Cooling 5 Plus Orange Spray,Mulut & Tenggorokan,42000.0,427,"Phenol Crystal, Vitamin C spray",Tenggorokan + vitamin C; Gejala terkait: semprot tenggorokan vitamin c,Sesuai aturan pakai pada kemasan. Gunakan sesuai petunjuk pada kemasan. Jika sakit berlanjut hubungi dokter.,"Phenol Crystal, Vitamin C spray",Tenggorokan + vitamin C; semprot tenggorokan vitamin c; Gunakan sesuai petunjuk pada kemasan. Jika sakit berlanjut hubungi dokter.,Rasa kebas,2028-03-15,Spray,/static/medicines/Cooling 5 Plus Orange Spray.jpg,True,"[""otc"",""indonesia"",""chatbot-ready""]"
3305,Cooling 5 Box 50s,Mulut & Tenggorokan,55000.0,50,Phenol Crystal lozenges box,Sariawan dan tenggorokan stok banyak; Gejala terkait: lozenges tenggorokan stok,Sesuai aturan pakai pada kemasan. Gunakan sesuai petunjuk pada kemasan. Jika sakit berlanjut hubungi dokter.,Phenol Crystal lozenges box,Sariawan dan tenggorokan stok banyak; lozenges tenggorokan stok; Gunakan sesuai petunjuk pada kemasan. Jika sakit berlanjut hubungi dokter.,Rasa kebas,2026-12-31,Produk,/static/medicines/Cooling 5 Box 50s.jpg,True,"[""otc"",""indonesia"",""chatbot-ready""]"
3306,Aloclair Gel 8ml,Mulut & Tenggorokan,95000.0,35,"Aloe Vera, Sodium Hyaluronate gel","Sariawan parah, luka kawat gigi (membentuk lapisan); Gejala terkait: sariawan kawat gigi; sariawan parah; luka mulut",Sesuai aturan pakai pada kemasan. Gunakan sesuai petunjuk pada kemasan. Jika sakit berlanjut hubungi dokter.,"Aloe Vera, Sodium Hyaluronate gel","Sariawan parah, luka kawat gigi (membentuk lapisan); sariawan kawat gigi; sariawan parah; luka mulut; Gunakan sesuai petunjuk pada kemasan. Jika sakit berlanjut hubungi dokter.",Jarang,2027-06-30,Topikal,/static/medicines/Aloclair Gel 8ml.jpg,True,"[""otc"",""indonesia"",""chatbot-ready""]"
3307,Aloclair Plus Spray 15ml,Mulut & Tenggorokan,115000.0,92,"Aloe Vera, Sodium Hyaluronate spray",Sariawan spray praktis; Gejala terkait: sariawan spray; luka mulut spray,Sesuai aturan pakai pada kemasan. Gunakan sesuai petunjuk pada kemasan. Jika sakit berlanjut hubungi dokter.,"Aloe Vera, Sodium Hyaluronate spray",Sariawan spray praktis; sariawan spray; luka mulut spray; Gunakan sesuai petunjuk pada kemasan. Jika sakit berlanjut hubungi dokter.,Jarang,2028-03-15,Spray,/static/medicines/Aloclair Plus Spray 15ml.jpg,True,"[""otc"",""indonesia"",""chatbot-ready""]"
3308,Aloclair Botol 200ml,Mulut & Tenggorokan,145000.0,88,"Aloe Vera, Sodium Hyaluronate kumur",Sariawan kumur; Gejala terkait: sariawan kumur; sariawan besar,Sesuai aturan pakai pada kemasan. Gunakan sesuai petunjuk pada kemasan. Jika sakit berlanjut hubungi dokter.,"Aloe Vera, Sodium Hyaluronate kumur",Sariawan kumur; sariawan kumur; sariawan besar; Gunakan sesuai petunjuk pada kemasan. Jika sakit berlanjut hubungi dokter.,Jarang,2028-12-31,Produk,/static/medicines/Aloclair Botol 200ml.jpg,True,"[""otc"",""indonesia"",""chatbot-ready""]"
3309,Kenalog In Orabase 5g,Mulut & Tenggorokan,75000.0,94,Triamcinolone Acetonide 0.1% pasta,Sariawan berat kortikosteroid; Gejala terkait: salep sariawan; sariawan meradang; kortison,Sesuai aturan pakai pada kemasan. Gunakan sesuai petunjuk pada kemasan. Jika sakit berlanjut hubungi dokter.,Triamcinolone Acetonide 0.1% pasta,Sariawan berat kortikosteroid; salep sariawan; sariawan meradang; kortison; Gunakan sesuai petunjuk pada kemasan. Jika sakit berlanjut hubungi dokter.,Infeksi jamur sekunder,2026-12-31,Produk,/static/medicines/Kenalog In Orabase 5g.jpg,True,"[""otc"",""indonesia"",""chatbot-ready""]"
3310,Kenalog Tube 15g,Mulut & Tenggorokan,120000.0,60,Triamcinolone Acetonide 0.1% tube besar,Sariawan berat tube besar; Gejala terkait: sariawan kortison besar,Sesuai aturan pakai pada kemasan. Gunakan sesuai petunjuk pada kemasan. Jika sakit berlanjut hubungi dokter.,Triamcinolone Acetonide 0.1% tube besar,Sariawan berat tube besar; sariawan kortison besar; Gunakan sesuai petunjuk pada kemasan. Jika sakit berlanjut hubungi dokter.,Infeksi jamur sekunder,2027-06-30,Produk,/static/medicines/Kenalog Tube 15g.jpg,True,"[""otc"",""indonesia"",""chatbot-ready""]"
3311,Enkasari Mouthwash 120ml,Mulut & Tenggorokan,22000.0,418,"Ekstrak Saga, Sirih, Akar Manis",Sariawan dan bau mulut herbal; Gejala terkait: kumur sariawan herbal; bau mulut herbal,Sesuai aturan pakai pada kemasan. Gunakan sesuai petunjuk pada kemasan. Jika sakit berlanjut hubungi dokter.,"Ekstrak Saga, Sirih, Akar Manis",Sariawan dan bau mulut herbal; kumur sariawan herbal; bau mulut herbal; Gunakan sesuai petunjuk pada kemasan. Jika sakit berlanjut hubungi dokter.,Jarang,2028-12-31,Produk,/static/medicines/Enkasari Mouthwash 120ml.jpg,True,"[""otc"",""indonesia"",""chatbot-ready""]"
3312,Strepsils Madu Lemon,Mulut & Tenggorokan,12000.0,110,"Amylmetacresol, 2,4-Dichlorobenzyl alcohol permen",Sakit tenggorokan dan batuk ringan permen; Gejala terkait: permen tenggorokan; sakit menelan,Sesuai aturan pakai pada kemasan. Gunakan sesuai petunjuk pada kemasan. Jika sakit berlanjut hubungi dokter.,"Amylmetacresol, 2,4-Dichlorobenzyl alcohol permen",Sakit tenggorokan dan batuk ringan permen; permen tenggorokan; sakit menelan; Gunakan sesuai petunjuk pada kemasan. Jika sakit berlanjut hubungi dokter.,Rasa manis berlebihan,2028-12-31,Produk,https://placehold.co/400x300/f8fafc/d946ef?text=Strepsils+Madu+Lemon,True,"[""otc"",""indonesia"",""chatbot-ready""]"
3313,Strepsils Intensive,Mulut & Tenggorokan,25000.0,450,Flurbiprofen 8.75mg lozenges,Sakit tenggorokan berat dengan NSAID; Gejala terkait: sakit tenggorokan berat; NSAID lozenges,Sesuai aturan pakai pada kemasan. Gunakan sesuai petunjuk pada kemasan. Jika sakit berlanjut hubungi dokter.,Flurbiprofen 8.75mg lozenges,Sakit tenggorokan berat dengan NSAID; sakit tenggorokan berat; NSAID lozenges; Gunakan sesuai petunjuk pada kemasan. Jika sakit berlanjut hubungi dokter.,"Mual, nyeri lambung",2026-12-31,Produk,https://placehold.co/400x300/f8fafc/d946ef?text=Strepsils+Intensive,True,"[""otc"",""indonesia"",""chatbot-ready""]"
3314,Hexadol Gargle,Mulut & Tenggorokan,35000.0,315,Hexetidine 0.1%,Infeksi mulut dan gingivitis antiseptik kumur; Gejala terkait: radang gusi; gingivitis; kumur antiseptik,Sesuai aturan pakai pada kemasan. Gunakan sesuai petunjuk pada kemasan. Jika sakit berlanjut hubungi dokter.,Hexetidine 0.1%,Infeksi mulut dan gingivitis antiseptik kumur; radang gusi; gingivitis; kumur antiseptik; Gunakan sesuai petunjuk pada kemasan. Jika sakit berlanjut hubungi dokter.,Rasa tidak enak,2027-06-30,Cairan,https://placehold.co/400x300/f8fafc/d946ef?text=Hexadol+Gargle,True,"[""otc"",""indonesia"",""chatbot-ready""]"
3315,Listerine Cool Mint 80ml,Mulut & Tenggorokan,22000.0,284,"Essential Oils (Thymol, Eucalyptol, Menthol)",Membunuh kuman mulut dan napas segar; Gejala terkait: kumur antibakteri; napas segar; listerine,Sesuai aturan pakai pada kemasan. Gunakan sesuai petunjuk pada kemasan. Jika sakit berlanjut hubungi dokter.,"Essential Oils (Thymol, Eucalyptol, Menthol)",Membunuh kuman mulut dan napas segar; kumur antibakteri; napas segar; listerine; Gunakan sesuai petunjuk pada kemasan. Jika sakit berlanjut hubungi dokter.,Sensasi terbakar,2028-03-15,Produk,https://placehold.co/400x300/f8fafc/d946ef?text=Listerine+Cool+Mint+80ml,True,"[""otc"",""indonesia"",""chatbot-ready""]"
3316,Nystatin Drop,Mulut & Tenggorokan,35000.0,474,Nystatin 100.000 unit/ml drops,Kandidiasis oral bayi (sariawan jamur); Gejala terkait: sariawan jamur bayi; kandidiasis oral,Sesuai aturan pakai pada kemasan. Gunakan sesuai petunjuk pada kemasan. Jika sakit berlanjut hubungi dokter.,Nystatin 100.000 unit/ml drops,Kandidiasis oral bayi (sariawan jamur); sariawan jamur bayi; kandidiasis oral; Gunakan sesuai petunjuk pada kemasan. Jika sakit berlanjut hubungi dokter.,Mual (jarang),2027-06-30,Produk,https://placehold.co/400x300/f8fafc/d946ef?text=Nystatin+Drop,True,"[""otc"",""indonesia"",""chatbot-ready""]"
3317,Tolak Angin Cair Box 5s,Herbal & Tradisional,20000.0,228,"Adas, Kayu Ules, Cengkeh, Jahe, Madu","Masuk angin, perut kembung, mual; Gejala terkait: masuk angin; mual; kembung perut",Sesuai aturan pakai pada kemasan. Gunakan sesuai petunjuk pada kemasan. Jika sakit berlanjut hubungi dokter.,"Adas, Kayu Ules, Cengkeh, Jahe, Madu","Masuk angin, perut kembung, mual; masuk angin; mual; kembung perut; Gunakan sesuai petunjuk pada kemasan. Jika sakit berlanjut hubungi dokter.",Alergi (jarang),2028-12-31,Produk,/static/medicines/Tolak Angin Cair Box 5s.jpg,True,"[""otc"",""indonesia"",""chatbot-ready""]"
3318,Tolak Angin Anax Box 5s,Herbal & Tradisional,18000.0,442,"Adas, Cengkeh, Jahe, Madu formula anak",Masuk angin anak; Gejala terkait: masuk angin anak; perut kembung anak,Sesuai aturan pakai pada kemasan. Gunakan sesuai petunjuk pada kemasan. Jika sakit berlanjut hubungi dokter.,"Adas, Cengkeh, Jahe, Madu formula anak",Masuk angin anak; masuk angin anak; perut kembung anak; Gunakan sesuai petunjuk pada kemasan. Jika sakit berlanjut hubungi dokter.,Jarang,2028-03-15,Produk,/static/medicines/Tolak Angin Anax Box 5s.jpg,True,"[""otc"",""indonesia"",""chatbot-ready""]"
3319,Tolak Angin FluBox 5s,Herbal & Tradisional,22000.0,142,"Adas, Cengkeh, Jahe, Echinacea",Masuk angin dengan flu; Gejala terkait: masuk angin flu; greges,Sesuai aturan pakai pada kemasan. Gunakan sesuai petunjuk pada kemasan. Jika sakit berlanjut hubungi dokter.,"Adas, Cengkeh, Jahe, Echinacea",Masuk angin dengan flu; masuk angin flu; greges; Gunakan sesuai petunjuk pada kemasan. Jika sakit berlanjut hubungi dokter.,Jarang,2027-06-30,Produk,/static/medicines/Tolak Angin FluBox 5s.jpg,True,"[""otc"",""indonesia"",""chatbot-ready""]"
3320,Tolak Angin Permen Sachet,Herbal & Tradisional,5000.0,216,"Ekstrak Adas, Cengkeh permen",Masuk angin ringan permen; Gejala terkait: masuk angin permen; mual ringan,Sesuai aturan pakai pada kemasan. Gunakan sesuai petunjuk pada kemasan. Jika sakit berlanjut hubungi dokter.,"Ekstrak Adas, Cengkeh permen",Masuk angin ringan permen; masuk angin permen; mual ringan; Gunakan sesuai petunjuk pada kemasan. Jika sakit berlanjut hubungi dokter.,Jarang,2027-06-30,Sachet,/static/medicines/Tolak Angin Permen Sachet.jpg,True,"[""otc"",""indonesia"",""chatbot-ready""]"
3321,Tolak Angin Botol 60ml,Herbal & Tradisional,35000.0,395,"Adas, Cengkeh, Jahe botol besar",Masuk angin kemasan besar; Gejala terkait: masuk angin banyak; keluarga,Sesuai aturan pakai pada kemasan. Gunakan sesuai petunjuk pada kemasan. Jika sakit berlanjut hubungi dokter.,"Adas, Cengkeh, Jahe botol besar",Masuk angin kemasan besar; masuk angin banyak; keluarga; Gunakan sesuai petunjuk pada kemasan. Jika sakit berlanjut hubungi dokter.,Jarang,2026-12-31,Produk,/static/medicines/Tolak Angin Botol 60ml.jpg,True,"[""otc"",""indonesia"",""chatbot-ready""]"
3322,Antangin JRG Cair isi 12 Sachet,Herbal & Tradisional,38000.0,454,"Jahe, Royal Jelly, Ginseng cair","Masuk angin, greges, badan lemah; Gejala terkait: greges; meriang; lemah badan",Sesuai aturan pakai pada kemasan. Gunakan sesuai petunjuk pada kemasan. Jika sakit berlanjut hubungi dokter.,"Jahe, Royal Jelly, Ginseng cair","Masuk angin, greges, badan lemah; greges; meriang; lemah badan; Gunakan sesuai petunjuk pada kemasan. Jika sakit berlanjut hubungi dokter.",Rasa hangat berlebih,2026-12-31,Sachet,/static/medicines/Antangin JRG Cair isi 12 Sachet.webp,True,"[""otc"",""indonesia"",""chatbot-ready""]"
3323,Antangin Habbatussauda Box 5s,Herbal & Tradisional,20000.0,457,"Jahe, Habbatussauda, Madu",Masuk angin dengan habatussauda; Gejala terkait: masuk angin habbatussauda; imun herbal,Sesuai aturan pakai pada kemasan. Gunakan sesuai petunjuk pada kemasan. Jika sakit berlanjut hubungi dokter.,"Jahe, Habbatussauda, Madu",Masuk angin dengan habatussauda; masuk angin habbatussauda; imun herbal; Gunakan sesuai petunjuk pada kemasan. Jika sakit berlanjut hubungi dokter.,Jarang,2028-12-31,Produk,/static/medicines/Antangin Habbatussauda Box 5s.webp,True,"[""otc"",""indonesia"",""chatbot-ready""]"
3324,Antangin Mint Box 5s,Herbal & Tradisional,18000.0,331,"Jahe, Royal Jelly, Ginseng, Mint",Masuk angin rasa mint segar; Gejala terkait: masuk angin mint; segar,Sesuai aturan pakai pada kemasan. Gunakan sesuai petunjuk pada kemasan. Jika sakit berlanjut hubungi dokter.,"Jahe, Royal Jelly, Ginseng, Mint",Masuk angin rasa mint segar; masuk angin mint; segar; Gunakan sesuai petunjuk pada kemasan. Jika sakit berlanjut hubungi dokter.,Jarang,2027-06-30,Produk,/static/medicines/Antangin Mint Box 5s.png,True,"[""otc"",""indonesia"",""chatbot-ready""]"
3325,Antangin Tablet 4s,Herbal & Tradisional,4000.0,281,"Jahe, Royal Jelly tablet",Masuk angin tablet praktis; Gejala terkait: masuk angin tablet murah,Sesuai aturan pakai pada kemasan. Gunakan sesuai petunjuk pada kemasan. Jika sakit berlanjut hubungi dokter.,"Jahe, Royal Jelly tablet",Masuk angin tablet praktis; masuk angin tablet murah; Gunakan sesuai petunjuk pada kemasan. Jika sakit berlanjut hubungi dokter.,Jarang,2026-12-31,Tablet,/static/medicines/Antangin Tablet 4s.jpg,True,"[""otc"",""indonesia"",""chatbot-ready""]"
3326,Bejo Anak Jahe Merah Box 5s,Herbal & Tradisional,15000.0,497,"Jahe Merah, Adas, Madu anak",Masuk angin anak; Gejala terkait: meriang anak; masuk angin anak jahe,Sesuai aturan pakai pada kemasan. Gunakan sesuai petunjuk pada kemasan. Jika sakit berlanjut hubungi dokter.,"Jahe Merah, Adas, Madu anak",Masuk angin anak; meriang anak; masuk angin anak jahe; Gunakan sesuai petunjuk pada kemasan. Jika sakit berlanjut hubungi dokter.,Perut hangat,2028-12-31,Produk,/static/medicines/Bejo Anak Jahe Merah Box 5s.webp,True,"[""otc"",""indonesia"",""chatbot-ready""]"
3327,Bejo Wedang Susu Jahe Merah Box 5s,Herbal & Tradisional,18000.0,163,"Jahe Merah, Susu, Madu wedang",Masuk angin hangat; Gejala terkait: wedang jahe; hangat; masuk angin,Sesuai aturan pakai pada kemasan. Gunakan sesuai petunjuk pada kemasan. Jika sakit berlanjut hubungi dokter.,"Jahe Merah, Susu, Madu wedang",Masuk angin hangat; wedang jahe; hangat; masuk angin; Gunakan sesuai petunjuk pada kemasan. Jika sakit berlanjut hubungi dokter.,Perut hangat,2026-12-31,Produk,/static/medicines/Bejo Wedang Susu Jahe Merah Box 5s.webp,True,"[""otc"",""indonesia"",""chatbot-ready""]"
3328,Kuldon Tablet Strip 4s,Herbal & Tradisional,3500.0,329,"Daun Saga, Bunga Krisan, Alang-alang","Panas dalam, sariawan, sembelit herbal; Gejala terkait: panas dalam; sariawan pil; jamu",Sesuai aturan pakai pada kemasan. Gunakan sesuai petunjuk pada kemasan. Jika sakit berlanjut hubungi dokter.,"Daun Saga, Bunga Krisan, Alang-alang","Panas dalam, sariawan, sembelit herbal; panas dalam; sariawan pil; jamu; Gunakan sesuai petunjuk pada kemasan. Jika sakit berlanjut hubungi dokter.",Jarang,2027-06-30,Tablet,/static/medicines/Kuldon Tablet Strip 4s.jpg,True,"[""otc"",""indonesia"",""chatbot-ready""]"
3329,Kuldon Strip 10s,Herbal & Tradisional,7000.0,250,"Daun Saga, Bunga Krisan herbal lebih banyak",Panas dalam strip 10s; Gejala terkait: panas dalam strip 10s,Sesuai aturan pakai pada kemasan. Gunakan sesuai petunjuk pada kemasan. Jika sakit berlanjut hubungi dokter.,"Daun Saga, Bunga Krisan herbal lebih banyak",Panas dalam strip 10s; panas dalam strip 10s; Gunakan sesuai petunjuk pada kemasan. Jika sakit berlanjut hubungi dokter.,Jarang,2028-03-15,Produk,/static/medicines/Kuldon Strip 10s.jpg,True,"[""otc"",""indonesia"",""chatbot-ready""]"
3330,Adem Sari Sachet 5s,Herbal & Tradisional,15000.0,182,"Ekstrak Citrus, Pulosari, Vitamin C sachet",Panas dalam sachet; Gejala terkait: tenggorokan kering; panas dalam sachet,Sesuai aturan pakai pada kemasan. Gunakan sesuai petunjuk pada kemasan. Jika sakit berlanjut hubungi dokter.,"Ekstrak Citrus, Pulosari, Vitamin C sachet",Panas dalam sachet; tenggorokan kering; panas dalam sachet; Gunakan sesuai petunjuk pada kemasan. Jika sakit berlanjut hubungi dokter.,Kembung (gas),2026-12-31,Sachet,/static/medicines/Adem Sari Sachet 5s.jpg,True,"[""otc"",""indonesia"",""chatbot-ready""]"
3331,Adem Sari Ching Ku Botol 320ml,Herbal & Tradisional,8000.0,366,"Gypsum Fibrosum, Calcitum, Citrus minuman",Panas dalam minuman; Gejala terkait: air panas dalam; tenggorokan panas,Sesuai aturan pakai pada kemasan. Gunakan sesuai petunjuk pada kemasan. Jika sakit berlanjut hubungi dokter.,"Gypsum Fibrosum, Calcitum, Citrus minuman",Panas dalam minuman; air panas dalam; tenggorokan panas; Gunakan sesuai petunjuk pada kemasan. Jika sakit berlanjut hubungi dokter.,Jarang,2028-03-15,Produk,/static/medicines/Adem Sari Ching Ku Botol 320ml.jpg,True,"[""otc"",""indonesia"",""chatbot-ready""]"
3332,Adem Sari Botol 200ml,Herbal & Tradisional,7000.0,296,"Gypsum Fibrosum, Citrus Extract botol kecil",Panas dalam botol kecil; Gejala terkait: panas dalam botol kecil,Sesuai aturan pakai pada kemasan. Gunakan sesuai petunjuk pada kemasan. Jika sakit berlanjut hubungi dokter.,"Gypsum Fibrosum, Citrus Extract botol kecil",Panas dalam botol kecil; panas dalam botol kecil; Gunakan sesuai petunjuk pada kemasan. Jika sakit berlanjut hubungi dokter.,Jarang,2026-12-31,Produk,/static/medicines/Adem Sari Botol 200ml.jpg,True,"[""otc"",""indonesia"",""chatbot-ready""]"
3333,Larutan Cap Kaki Tiga Botol 320ml,Herbal & Tradisional,7000.0,109,"Gypsum Fibrosum, Calcitum (obat panas dalam)",Panas dalam tradisional; Gejala terkait: air panas dalam; bibir pecah-pecah,Sesuai aturan pakai pada kemasan. Gunakan sesuai petunjuk pada kemasan. Jika sakit berlanjut hubungi dokter.,"Gypsum Fibrosum, Calcitum (obat panas dalam)",Panas dalam tradisional; air panas dalam; bibir pecah-pecah; Gunakan sesuai petunjuk pada kemasan. Jika sakit berlanjut hubungi dokter.,Jarang,2028-03-15,Produk,/static/medicines/Larutan Cap Kaki Tiga Botol 320ml.jpg,True,"[""otc"",""indonesia"",""chatbot-ready""]"
3334,Larutan Cap Kaki Tiga Botol 500ml,Herbal & Tradisional,10000.0,399,"Gypsum Fibrosum, Calcitum besar",Panas dalam stok besar; Gejala terkait: panas dalam besar,Sesuai aturan pakai pada kemasan. Gunakan sesuai petunjuk pada kemasan. Jika sakit berlanjut hubungi dokter.,"Gypsum Fibrosum, Calcitum besar",Panas dalam stok besar; panas dalam besar; Gunakan sesuai petunjuk pada kemasan. Jika sakit berlanjut hubungi dokter.,Jarang,2028-12-31,Produk,/static/medicines/Larutan Cap Kaki Tiga Botol 500ml.jpg,True,"[""otc"",""indonesia"",""chatbot-ready""]"
3335,Larutan Cap Kaki Tiga Kaleng Berperisa 320ml,Herbal & Tradisional,8000.0,105,"Gypsum Fibrosum, Calcitum berperisa",Panas dalam berperisa; Gejala terkait: panas dalam berperisa,Sesuai aturan pakai pada kemasan. Gunakan sesuai petunjuk pada kemasan. Jika sakit berlanjut hubungi dokter.,"Gypsum Fibrosum, Calcitum berperisa",Panas dalam berperisa; panas dalam berperisa; Gunakan sesuai petunjuk pada kemasan. Jika sakit berlanjut hubungi dokter.,Jarang,2028-03-15,Produk,/static/medicines/Larutan Cap Kaki Tiga Kaleng Berperisa 320ml.jpg,True,"[""otc"",""indonesia"",""chatbot-ready""]"
3336,Jamu Beras Kencur Sachet,Herbal & Tradisional,3000.0,488,"Beras, Kencur, Jahe, Asam Jawa","Pegal linu, badan pegal herbal tradisional; Gejala terkait: pegal herbal; badan pegal jamu",Sesuai aturan pakai pada kemasan. Gunakan sesuai petunjuk pada kemasan. Jika sakit berlanjut hubungi dokter.,"Beras, Kencur, Jahe, Asam Jawa","Pegal linu, badan pegal herbal tradisional; pegal herbal; badan pegal jamu; Gunakan sesuai petunjuk pada kemasan. Jika sakit berlanjut hubungi dokter.",Jarang,2028-12-31,Sachet,https://placehold.co/400x300/f8fafc/84cc16?text=Jamu+Beras+Kencur+Sachet,True,"[""otc"",""indonesia"",""chatbot-ready""]"
3337,Jamu Kudu Laos Sachet,Herbal & Tradisional,3000.0,131,"Mengkudu, Laos, Kunyit","Lambung sehat, masuk angin herbal; Gejala terkait: lambung herbal; jamu kudu",Sesuai aturan pakai pada kemasan. Gunakan sesuai petunjuk pada kemasan. Jika sakit berlanjut hubungi dokter.,"Mengkudu, Laos, Kunyit","Lambung sehat, masuk angin herbal; lambung herbal; jamu kudu; Gunakan sesuai petunjuk pada kemasan. Jika sakit berlanjut hubungi dokter.",Jarang,2028-03-15,Sachet,https://placehold.co/400x300/f8fafc/84cc16?text=Jamu+Kudu+Laos+Sachet,True,"[""otc"",""indonesia"",""chatbot-ready""]"
3338,Habatussauda Oil Capsule,Herbal & Tradisional,55000.0,73,Black Seed Oil (Nigella Sativa),"Imun, asma ringan, stamina herbal Islam; Gejala terkait: habbatussauda; imun Islam; stamina",Sesuai aturan pakai pada kemasan. Gunakan sesuai petunjuk pada kemasan. Jika sakit berlanjut hubungi dokter.,Black Seed Oil (Nigella Sativa),"Imun, asma ringan, stamina herbal Islam; habbatussauda; imun Islam; stamina; Gunakan sesuai petunjuk pada kemasan. Jika sakit berlanjut hubungi dokter.",Mulas (jarang),2028-12-31,Produk,https://placehold.co/400x300/f8fafc/84cc16?text=Habatussauda+Oil+Capsule,True,"[""otc"",""indonesia"",""chatbot-ready""]"
3339,Minyak Kayu Putih Cap Lang 60ml,Herbal & Tradisional,18000.0,130,Cajuput Oil 100%,"Kembung bayi, masuk angin, gigitan serangga; Gejala terkait: kembung bayi; masuk angin; minyak kayu putih",Sesuai aturan pakai pada kemasan. Gunakan sesuai petunjuk pada kemasan. Jika sakit berlanjut hubungi dokter.,Cajuput Oil 100%,"Kembung bayi, masuk angin, gigitan serangga; kembung bayi; masuk angin; minyak kayu putih; Gunakan sesuai petunjuk pada kemasan. Jika sakit berlanjut hubungi dokter.",Panas lokal,2028-03-15,Produk,https://placehold.co/400x300/f8fafc/84cc16?text=Minyak+Kayu+Putih+Cap+Lang+60m,True,"[""otc"",""indonesia"",""chatbot-ready""]"
3340,Sido Muncul Herbal Jahe Merah,Herbal & Tradisional,8000.0,171,Jahe Merah Extract sachet,Stamina dan kehangatan tubuh herbal; Gejala terkait: stamina herbal; jahe merah; badan hangat,Sesuai aturan pakai pada kemasan. Gunakan sesuai petunjuk pada kemasan. Jika sakit berlanjut hubungi dokter.,Jahe Merah Extract sachet,Stamina dan kehangatan tubuh herbal; stamina herbal; jahe merah; badan hangat; Gunakan sesuai petunjuk pada kemasan. Jika sakit berlanjut hubungi dokter.,Perut hangat,2028-12-31,Produk,https://placehold.co/400x300/f8fafc/84cc16?text=Sido+Muncul+Herbal+Jahe+Merah,True,"[""otc"",""indonesia"",""chatbot-ready""]"
3341,Curcuma Force Kapsul,Herbal & Tradisional,35000.0,256,Curcuma longa 500mg,"Radang, antioksidan, kesehatan hati herbal; Gejala terkait: antiinflamasi herbal; hati sehat; kunyit",Sesuai aturan pakai pada kemasan. Gunakan sesuai petunjuk pada kemasan. Jika sakit berlanjut hubungi dokter.,Curcuma longa 500mg,"Radang, antioksidan, kesehatan hati herbal; antiinflamasi herbal; hati sehat; kunyit; Gunakan sesuai petunjuk pada kemasan. Jika sakit berlanjut hubungi dokter.",Jarang,2027-06-30,Produk,https://placehold.co/400x300/f8fafc/84cc16?text=Curcuma+Force+Kapsul,True,"[""otc"",""indonesia"",""chatbot-ready""]"
3342,Sterimar Nasal Hygiene 50ml,Perawatan Hidung & Pernapasan,125000.0,89,Isotonic Sea Water 0.9% NaCl,"Membersihkan hidung dari kotoran, polusi; Gejala terkait: cuci hidung; hidung berlendir; polusi",Sesuai aturan pakai pada kemasan. Gunakan sesuai petunjuk pada kemasan. Jika sakit berlanjut hubungi dokter.,Isotonic Sea Water 0.9% NaCl,"Membersihkan hidung dari kotoran, polusi; cuci hidung; hidung berlendir; polusi; Gunakan sesuai petunjuk pada kemasan. Jika sakit berlanjut hubungi dokter.",Rasa asin,2027-06-30,Produk,/static/medicines/Sterimar Nasal Hygiene 50ml.jpg,True,"[""otc"",""indonesia"",""chatbot-ready""]"
3343,Sterimar Baby Nasal Hygiene 50ml,Perawatan Hidung & Pernapasan,135000.0,56,Isotonic Sea Water 0.9% NaCl baby,Membersihkan hidung bayi tersumbat; Gejala terkait: hidung bayi mampet; cuci hidung bayi,Sesuai aturan pakai pada kemasan. Gunakan sesuai petunjuk pada kemasan. Jika sakit berlanjut hubungi dokter.,Isotonic Sea Water 0.9% NaCl baby,Membersihkan hidung bayi tersumbat; hidung bayi mampet; cuci hidung bayi; Gunakan sesuai petunjuk pada kemasan. Jika sakit berlanjut hubungi dokter.,Rasa asin,2028-12-31,Produk,/static/medicines/Sterimar Baby Nasal Hygiene 50ml.jpg,True,"[""otc"",""indonesia"",""chatbot-ready""]"
3344,Sterimar Blocked Nose 50ml,Perawatan Hidung & Pernapasan,145000.0,33,Hypertonic Sea Water 2.2% NaCl,Hidung buntu parah hypertonic; Gejala terkait: hidung buntu parah; hypertonic,Sesuai aturan pakai pada kemasan. Gunakan sesuai petunjuk pada kemasan. Jika sakit berlanjut hubungi dokter.,Hypertonic Sea Water 2.2% NaCl,Hidung buntu parah hypertonic; hidung buntu parah; hypertonic; Gunakan sesuai petunjuk pada kemasan. Jika sakit berlanjut hubungi dokter.,Rasa sangat asin,2026-12-31,Produk,/static/medicines/Sterimar Blocked Nose 50ml.jpg,True,"[""otc"",""indonesia"",""chatbot-ready""]"
3345,Breathy Nasal Drops 30ml,Perawatan Hidung & Pernapasan,45000.0,387,Sodium Chloride 0.65% drops,"Hidung kering bayi, cuci hidung lembut; Gejala terkait: tetes hidung bayi; hidung kering",Sesuai aturan pakai pada kemasan. Gunakan sesuai petunjuk pada kemasan. Jika sakit berlanjut hubungi dokter.,Sodium Chloride 0.65% drops,"Hidung kering bayi, cuci hidung lembut; tetes hidung bayi; hidung kering; Gunakan sesuai petunjuk pada kemasan. Jika sakit berlanjut hubungi dokter.",Jarang,2026-12-31,Produk,/static/medicines/Breathy Nasal Drops 30ml.jpg,True,"[""otc"",""indonesia"",""chatbot-ready""]"
3346,Breathy Tube 50g,Perawatan Hidung & Pernapasan,55000.0,48,NaCl 0.9% gel nasal,Hidung kering gel; Gejala terkait: hidung kering gel; nasal gel,Sesuai aturan pakai pada kemasan. Gunakan sesuai petunjuk pada kemasan. Jika sakit berlanjut hubungi dokter.,NaCl 0.9% gel nasal,Hidung kering gel; hidung kering gel; nasal gel; Gunakan sesuai petunjuk pada kemasan. Jika sakit berlanjut hubungi dokter.,Jarang,2026-12-31,Produk,/static/medicines/Breathy Tube 50g.jpg,True,"[""otc"",""indonesia"",""chatbot-ready""]"
3347,Iliadin Dewasa Nasal Spray 10ml,Perawatan Hidung & Pernapasan,65000.0,66,Oxymetazoline HCl 0.05% spray dewasa,Hidung buntu berat (maks 3 hari); Gejala terkait: hidung buntu parah; semprot hidung; oxymetazoline,Sesuai aturan pakai pada kemasan. Gunakan sesuai petunjuk pada kemasan. Jika sakit berlanjut hubungi dokter.,Oxymetazoline HCl 0.05% spray dewasa,Hidung buntu berat (maks 3 hari); hidung buntu parah; semprot hidung; oxymetazoline; Gunakan sesuai petunjuk pada kemasan. Jika sakit berlanjut hubungi dokter.,Rebound congestion >3 hari,2026-12-31,Spray,/static/medicines/Iliadin Dewasa Nasal Spray 10ml.jpg,True,"[""otc"",""indonesia"",""chatbot-ready""]"
3348,Iliadin Anak Nasal Drops 10ml,Perawatan Hidung & Pernapasan,60000.0,82,Oxymetazoline HCl 0.025% drops anak,Hidung buntu anak (maks 3 hari); Gejala terkait: hidung mampet anak; tetes hidung mampet,Sesuai aturan pakai pada kemasan. Gunakan sesuai petunjuk pada kemasan. Jika sakit berlanjut hubungi dokter.,Oxymetazoline HCl 0.025% drops anak,Hidung buntu anak (maks 3 hari); hidung mampet anak; tetes hidung mampet; Gunakan sesuai petunjuk pada kemasan. Jika sakit berlanjut hubungi dokter.,Rebound congestion,2026-12-31,Produk,/static/medicines/Iliadin Anak Nasal Drops 10ml.jpg,True,"[""otc"",""indonesia"",""chatbot-ready""]"
3349,Vicks Inhaler,Perawatan Hidung & Pernapasan,18000.0,224,"Menthol 51.6%, Camphor 33.1%, Pine Needle Oil",Hidung tersumbat instan inhaler; Gejala terkait: hirup hidung; hidung tersumbat instan; vicks,Sesuai aturan pakai pada kemasan. Gunakan sesuai petunjuk pada kemasan. Jika sakit berlanjut hubungi dokter.,"Menthol 51.6%, Camphor 33.1%, Pine Needle Oil",Hidung tersumbat instan inhaler; hirup hidung; hidung tersumbat instan; vicks; Gunakan sesuai petunjuk pada kemasan. Jika sakit berlanjut hubungi dokter.,Iritasi ringan,2028-03-15,Produk,/static/medicines/Vicks Inhaler.jpg,True,"[""otc"",""indonesia"",""chatbot-ready""]"
3350,Transpulmin Baby Balsam 10g,Perawatan Hidung & Pernapasan,65000.0,44,"Eucalyptus Oil, Chamomile, Almond Oil","Dada bayi, napas lega baby balsam; Gejala terkait: balsem dada bayi; napas lega bayi; dada sesak bayi",Sesuai aturan pakai pada kemasan. Gunakan sesuai petunjuk pada kemasan. Jika sakit berlanjut hubungi dokter.,"Eucalyptus Oil, Chamomile, Almond Oil","Dada bayi, napas lega baby balsam; balsem dada bayi; napas lega bayi; dada sesak bayi; Gunakan sesuai petunjuk pada kemasan. Jika sakit berlanjut hubungi dokter.",Kemerahan (jarang),2028-12-31,Produk,/static/medicines/Transpulmin Baby Balsam 10g.jpg,True,"[""otc"",""indonesia"",""chatbot-ready""]"
3351,Balsem Lang Pot 10g,Perawatan Hidung & Pernapasan,8000.0,491,"Menthol, Camphor, Eucalyptus Oil",Masuk angin dan dada sesak balsem; Gejala terkait: balsem putih; dada sesak flu,Sesuai aturan pakai pada kemasan. Gunakan sesuai petunjuk pada kemasan. Jika sakit berlanjut hubungi dokter.,"Menthol, Camphor, Eucalyptus Oil",Masuk angin dan dada sesak balsem; balsem putih; dada sesak flu; Gunakan sesuai petunjuk pada kemasan. Jika sakit berlanjut hubungi dokter.,Perih kulit berlebih,2028-03-15,Produk,/static/medicines/Balsem Lang Pot 10g.jpg,True,"[""otc"",""indonesia"",""chatbot-ready""]"
3352,Balsem Lang Pot 20g,Perawatan Hidung & Pernapasan,14000.0,269,"Menthol, Camphor, Eucalyptus Oil medium",Masuk angin medium balsem; Gejala terkait: balsem masuk angin; dada,Sesuai aturan pakai pada kemasan. Gunakan sesuai petunjuk pada kemasan. Jika sakit berlanjut hubungi dokter.,"Menthol, Camphor, Eucalyptus Oil medium",Masuk angin medium balsem; balsem masuk angin; dada; Gunakan sesuai petunjuk pada kemasan. Jika sakit berlanjut hubungi dokter.,Perih,2028-03-15,Produk,/static/medicines/Balsem Lang Pot 20g.jpg,True,"[""otc"",""indonesia"",""chatbot-ready""]"
3353,Balsem Lang Pot 40g,Perawatan Hidung & Pernapasan,24000.0,202,"Menthol, Camphor, Eucalyptus Oil besar",Balsem keluarga kemasan besar; Gejala terkait: balsem besar; keluarga,Sesuai aturan pakai pada kemasan. Gunakan sesuai petunjuk pada kemasan. Jika sakit berlanjut hubungi dokter.,"Menthol, Camphor, Eucalyptus Oil besar",Balsem keluarga kemasan besar; balsem besar; keluarga; Gunakan sesuai petunjuk pada kemasan. Jika sakit berlanjut hubungi dokter.,Perih,2028-03-15,Produk,/static/medicines/Balsem Lang Pot 40g.jpg,True,"[""otc"",""indonesia"",""chatbot-ready""]"
3354,Balsem Lang Tube 50g,Perawatan Hidung & Pernapasan,22000.0,248,"Menthol, Camphor, Eucalyptus Oil tube",Balsem masuk angin tube; Gejala terkait: balsem tube; napas lega,Sesuai aturan pakai pada kemasan. Gunakan sesuai petunjuk pada kemasan. Jika sakit berlanjut hubungi dokter.,"Menthol, Camphor, Eucalyptus Oil tube",Balsem masuk angin tube; balsem tube; napas lega; Gunakan sesuai petunjuk pada kemasan. Jika sakit berlanjut hubungi dokter.,Perih,2026-12-31,Produk,/static/medicines/Balsem Lang Tube 50g.jpg,True,"[""otc"",""indonesia"",""chatbot-ready""]"
3355,Flixonase Nasal Spray,Perawatan Hidung & Pernapasan,120000.0,68,Fluticasone Propionate 50mcg/dose,Rinitis alergi kronis (Perlu pengawasan); Gejala terkait: rinitis alergi kronis; hidung berair alergi,Sesuai aturan pakai pada kemasan. Gunakan sesuai petunjuk pada kemasan. Jika sakit berlanjut hubungi dokter.,Fluticasone Propionate 50mcg/dose,Rinitis alergi kronis (Perlu pengawasan); rinitis alergi kronis; hidung berair alergi; Gunakan sesuai petunjuk pada kemasan. Jika sakit berlanjut hubungi dokter.,Mimisan sesekali,2026-12-31,Spray,https://placehold.co/400x300/f8fafc/64748b?text=Flixonase+Nasal+Spray,True,"[""otc"",""indonesia"",""chatbot-ready""]"
3356,Rhinocort Nasal Spray,Perawatan Hidung & Pernapasan,145000.0,35,Budesonide 64mcg/dose,Rinitis alergi dan polip hidung (Perlu pengawasan); Gejala terkait: rinitis kronis; polip hidung,Sesuai aturan pakai pada kemasan. Gunakan sesuai petunjuk pada kemasan. Jika sakit berlanjut hubungi dokter.,Budesonide 64mcg/dose,Rinitis alergi dan polip hidung (Perlu pengawasan); rinitis kronis; polip hidung; Gunakan sesuai petunjuk pada kemasan. Jika sakit berlanjut hubungi dokter.,Mimisan,2028-03-15,Spray,https://placehold.co/400x300/f8fafc/64748b?text=Rhinocort+Nasal+Spray,True,"[""otc"",""indonesia"",""chatbot-ready""]"
3357,Afrin Nasal Spray,Perawatan Hidung & Pernapasan,55000.0,79,Oxymetazoline 0.05%,Hidung tersumbat berat (maks 3 hari); Gejala terkait: hidung mampet berat; oxymetazoline,Sesuai aturan pakai pada kemasan. Gunakan sesuai petunjuk pada kemasan. Jika sakit berlanjut hubungi dokter.,Oxymetazoline 0.05%,Hidung tersumbat berat (maks 3 hari); hidung mampet berat; oxymetazoline; Gunakan sesuai petunjuk pada kemasan. Jika sakit berlanjut hubungi dokter.,Rebound congestion,2026-12-31,Spray,https://placehold.co/400x300/f8fafc/64748b?text=Afrin+Nasal+Spray,True,"[""otc"",""indonesia"",""chatbot-ready""]"
3358,Minyak Kayu Putih Konicare 60ml,Perawatan Hidung & Pernapasan,22000.0,440,"Cajuput Oil, Eucalyptus Oil, Camphor","Kembung, masuk angin, hidung tersumbat oles dada; Gejala terkait: kembung bayi; dada sesak; minyak kayu putih",Sesuai aturan pakai pada kemasan. Gunakan sesuai petunjuk pada kemasan. Jika sakit berlanjut hubungi dokter.,"Cajuput Oil, Eucalyptus Oil, Camphor","Kembung, masuk angin, hidung tersumbat oles dada; kembung bayi; dada sesak; minyak kayu putih; Gunakan sesuai petunjuk pada kemasan. Jika sakit berlanjut hubungi dokter.",Panas lokal,2028-12-31,Produk,https://placehold.co/400x300/f8fafc/64748b?text=Minyak+Kayu+Putih+Konicare+60m,True,"[""otc"",""indonesia"",""chatbot-ready""]"
3359,Migran Tablet,Nyeri & Demam,22000.0,151,"Paracetamol 500mg, Caffeine 50mg, Ergotamine 1mg",Migrain dan sakit kepala berat; Gejala terkait: migrain; sakit kepala sebelah,Sesuai aturan pakai pada kemasan. Gunakan sesuai petunjuk pada kemasan. Jika sakit berlanjut hubungi dokter.,"Paracetamol 500mg, Caffeine 50mg, Ergotamine 1mg",Migrain dan sakit kepala berat; migrain; sakit kepala sebelah; Gunakan sesuai petunjuk pada kemasan. Jika sakit berlanjut hubungi dokter.,"Mual, berdebar",2026-12-31,Tablet,https://placehold.co/400x300/f8fafc/ef4444?text=Migran+Tablet,True,"[""otc"",""indonesia"",""chatbot-ready""]"
3360,Renadinac Tablet,Nyeri & Demam,18000.0,385,Natrium Diklofenak 50mg,"Nyeri akut, sendi, haid; Gejala terkait: nyeri akut; nyeri sendi; diclofenac",Sesuai aturan pakai pada kemasan. Gunakan sesuai petunjuk pada kemasan. Jika sakit berlanjut hubungi dokter.,Natrium Diklofenak 50mg,"Nyeri akut, sendi, haid; nyeri akut; nyeri sendi; diclofenac; Gunakan sesuai petunjuk pada kemasan. Jika sakit berlanjut hubungi dokter.",Nyeri lambung,2028-12-31,Tablet,https://placehold.co/400x300/f8fafc/ef4444?text=Renadinac+Tablet,True,"[""otc"",""indonesia"",""chatbot-ready""]"
3361,Novalgin Tablet,Nyeri & Demam,18000.0,396,Metampiron 500mg,"Nyeri berat, kolik; Gejala terkait: nyeri kolik; sakit perut mendadak",Sesuai aturan pakai pada kemasan. Gunakan sesuai petunjuk pada kemasan. Jika sakit berlanjut hubungi dokter.,Metampiron 500mg,"Nyeri berat, kolik; nyeri kolik; sakit perut mendadak; Gunakan sesuai petunjuk pada kemasan. Jika sakit berlanjut hubungi dokter.",Agranulositosis (jarang),2028-12-31,Tablet,https://placehold.co/400x300/f8fafc/ef4444?text=Novalgin+Tablet,True,"[""otc"",""indonesia"",""chatbot-ready""]"
3362,Actalipid Tablet,Vitamin & Suplemen,25000.0,419,Simvastatin 10mg,Kolesterol tinggi (Perlu pantau dokter); Gejala terkait: kolesterol; lemak darah tinggi,Sesuai aturan pakai pada kemasan. Gunakan sesuai petunjuk pada kemasan. Jika sakit berlanjut hubungi dokter.,Simvastatin 10mg,Kolesterol tinggi (Perlu pantau dokter); kolesterol; lemak darah tinggi; Gunakan sesuai petunjuk pada kemasan. Jika sakit berlanjut hubungi dokter.,"Nyeri otot, hepatotoksisitas",2026-12-31,Tablet,https://placehold.co/400x300/f8fafc/eab308?text=Actalipid+Tablet,True,"[""otc"",""indonesia"",""chatbot-ready""]"
3363,Glucosamine Tablet,Nyeri & Demam,85000.0,73,Glucosamine Sulfate 500mg,"Nyeri sendi lutut, osteoarthritis; Gejala terkait: nyeri lutut; sendi aus; glucosamine",Sesuai aturan pakai pada kemasan. Gunakan sesuai petunjuk pada kemasan. Jika sakit berlanjut hubungi dokter.,Glucosamine Sulfate 500mg,"Nyeri sendi lutut, osteoarthritis; nyeri lutut; sendi aus; glucosamine; Gunakan sesuai petunjuk pada kemasan. Jika sakit berlanjut hubungi dokter.","Mual ringan, gatal",2027-06-30,Tablet,https://placehold.co/400x300/f8fafc/ef4444?text=Glucosamine+Tablet,True,"[""otc"",""indonesia"",""chatbot-ready""]"
3364,MSM Tablet,Nyeri & Demam,65000.0,90,Methylsulfonylmethane 500mg,Nyeri sendi dan peradangan; Gejala terkait: sendi; anti radang; msm,Sesuai aturan pakai pada kemasan. Gunakan sesuai petunjuk pada kemasan. Jika sakit berlanjut hubungi dokter.,Methylsulfonylmethane 500mg,Nyeri sendi dan peradangan; sendi; anti radang; msm; Gunakan sesuai petunjuk pada kemasan. Jika sakit berlanjut hubungi dokter.,Jarang,2027-06-30,Tablet,https://placehold.co/400x300/f8fafc/ef4444?text=MSM+Tablet,True,"[""otc"",""indonesia"",""chatbot-ready""]"
3365,Natrium Diklofenak 50mg,Nyeri & Demam,8000.0,117,Natrium Diklofenak 50mg,Nyeri dan radang sendi; Gejala terkait: nyeri sendi; rematik,Sesuai aturan pakai pada kemasan. Gunakan sesuai petunjuk pada kemasan. Jika sakit berlanjut hubungi dokter.,Natrium Diklofenak 50mg,Nyeri dan radang sendi; nyeri sendi; rematik; Gunakan sesuai petunjuk pada kemasan. Jika sakit berlanjut hubungi dokter.,Nyeri lambung,2028-03-15,Produk,https://placehold.co/400x300/f8fafc/ef4444?text=Natrium+Diklofenak+50mg,True,"[""otc"",""indonesia"",""chatbot-ready""]"
3366,Meloxicam Tablet,Nyeri & Demam,12000.0,361,Meloxicam 7.5mg,"Osteoarthritis, rematik; Gejala terkait: rematik; sendi; meloxicam",Sesuai aturan pakai pada kemasan. Gunakan sesuai petunjuk pada kemasan. Jika sakit berlanjut hubungi dokter.,Meloxicam 7.5mg,"Osteoarthritis, rematik; rematik; sendi; meloxicam; Gunakan sesuai petunjuk pada kemasan. Jika sakit berlanjut hubungi dokter.",Nyeri lambung,2028-03-15,Tablet,https://placehold.co/400x300/f8fafc/ef4444?text=Meloxicam+Tablet,True,"[""otc"",""indonesia"",""chatbot-ready""]"
3367,Ketorolac Tablet,Nyeri & Demam,18000.0,110,Ketorolac Tromethamine 10mg,Nyeri sedang-berat; Gejala terkait: nyeri pasca operasi; nyeri hebat,Sesuai aturan pakai pada kemasan. Gunakan sesuai petunjuk pada kemasan. Jika sakit berlanjut hubungi dokter.,Ketorolac Tromethamine 10mg,Nyeri sedang-berat; nyeri pasca operasi; nyeri hebat; Gunakan sesuai petunjuk pada kemasan. Jika sakit berlanjut hubungi dokter.,Perdarahan GI,2028-03-15,Tablet,https://placehold.co/400x300/f8fafc/ef4444?text=Ketorolac+Tablet,True,"[""otc"",""indonesia"",""chatbot-ready""]"
3368,Omega-3 Fish Oil,Vitamin & Suplemen,85000.0,96,"EPA 360mg, DHA 240mg per kapsul","Kesehatan jantung, kolesterol, otak; Gejala terkait: jantung; otak; omega 3; kolesterol",Sesuai aturan pakai pada kemasan. Gunakan sesuai petunjuk pada kemasan. Jika sakit berlanjut hubungi dokter.,"EPA 360mg, DHA 240mg per kapsul","Kesehatan jantung, kolesterol, otak; jantung; otak; omega 3; kolesterol; Gunakan sesuai petunjuk pada kemasan. Jika sakit berlanjut hubungi dokter.","Bau ikan, mual",2026-12-31,Produk,https://placehold.co/400x300/f8fafc/eab308?text=Omega-3+Fish+Oil,True,"[""otc"",""indonesia"",""chatbot-ready""]"
3369,Vitamin D3 1000IU,Vitamin & Suplemen,75000.0,64,Cholecalciferol 1000 IU,"Tulang, imun, mood; Gejala terkait: vitamin d; tulang; imun",Sesuai aturan pakai pada kemasan. Gunakan sesuai petunjuk pada kemasan. Jika sakit berlanjut hubungi dokter.,Cholecalciferol 1000 IU,"Tulang, imun, mood; vitamin d; tulang; imun; Gunakan sesuai petunjuk pada kemasan. Jika sakit berlanjut hubungi dokter.",Toksisitas dosis sangat tinggi,2027-06-30,Produk,https://placehold.co/400x300/f8fafc/eab308?text=Vitamin+D3+1000IU,True,"[""otc"",""indonesia"",""chatbot-ready""]"
3370,Vitamin B12 500mcg,Vitamin & Suplemen,15000.0,287,Cyanocobalamin 500mcg,"Anemia, kesemutan, energi; Gejala terkait: B12; anemia; kesemutan; energi",Sesuai aturan pakai pada kemasan. Gunakan sesuai petunjuk pada kemasan. Jika sakit berlanjut hubungi dokter.,Cyanocobalamin 500mcg,"Anemia, kesemutan, energi; B12; anemia; kesemutan; energi; Gunakan sesuai petunjuk pada kemasan. Jika sakit berlanjut hubungi dokter.",Jarang,2027-06-30,Produk,https://placehold.co/400x300/f8fafc/eab308?text=Vitamin+B12+500mcg,True,"[""otc"",""indonesia"",""chatbot-ready""]"
3371,Zinc Tablet 20mg,Vitamin & Suplemen,12000.0,309,Zinc Gluconate 20mg,"Imun, penyembuhan luka, tumbuh kembang; Gejala terkait: zinc; imun; luka tidak sembuh",Sesuai aturan pakai pada kemasan. Gunakan sesuai petunjuk pada kemasan. Jika sakit berlanjut hubungi dokter.,Zinc Gluconate 20mg,"Imun, penyembuhan luka, tumbuh kembang; zinc; imun; luka tidak sembuh; Gunakan sesuai petunjuk pada kemasan. Jika sakit berlanjut hubungi dokter.",Mual dosis tinggi,2028-03-15,Tablet,https://placehold.co/400x300/f8fafc/eab308?text=Zinc+Tablet+20mg,True,"[""otc"",""indonesia"",""chatbot-ready""]"
3372,Folic Acid Tablet 400mcg,Vitamin & Suplemen,8000.0,335,Asam Folat 400mcg,"Pencegahan cacat lahir, ibu hamil; Gejala terkait: asam folat; ibu hamil; kehamilan",Sesuai aturan pakai pada kemasan. Gunakan sesuai petunjuk pada kemasan. Jika sakit berlanjut hubungi dokter.,Asam Folat 400mcg,"Pencegahan cacat lahir, ibu hamil; asam folat; ibu hamil; kehamilan; Gunakan sesuai petunjuk pada kemasan. Jika sakit berlanjut hubungi dokter.",Jarang,2028-03-15,Tablet,https://placehold.co/400x300/f8fafc/eab308?text=Folic+Acid+Tablet+400mcg,True,"[""otc"",""indonesia"",""chatbot-ready""]"
3373,Biotin Tablet 2.5mg,Vitamin & Suplemen,55000.0,46,D-Biotin 2.5mg,"Kesehatan rambut, kuku, kulit; Gejala terkait: rambut rontok; kuku lemah; biotin",Sesuai aturan pakai pada kemasan. Gunakan sesuai petunjuk pada kemasan. Jika sakit berlanjut hubungi dokter.,D-Biotin 2.5mg,"Kesehatan rambut, kuku, kulit; rambut rontok; kuku lemah; biotin; Gunakan sesuai petunjuk pada kemasan. Jika sakit berlanjut hubungi dokter.",Jarang,2028-12-31,Tablet,https://placehold.co/400x300/f8fafc/eab308?text=Biotin+Tablet+2.5mg,True,"[""otc"",""indonesia"",""chatbot-ready""]"
3374,Kolagen Tripeptide,Vitamin & Suplemen,115000.0,70,Marine Collagen Peptide 1000mg,"Kesehatan kulit, sendi, tulang rawan; Gejala terkait: kulit kencang; sendi; kolagen",Sesuai aturan pakai pada kemasan. Gunakan sesuai petunjuk pada kemasan. Jika sakit berlanjut hubungi dokter.,Marine Collagen Peptide 1000mg,"Kesehatan kulit, sendi, tulang rawan; kulit kencang; sendi; kolagen; Gunakan sesuai petunjuk pada kemasan. Jika sakit berlanjut hubungi dokter.",Jarang,2028-03-15,Produk,https://placehold.co/400x300/f8fafc/eab308?text=Kolagen+Tripeptide,True,"[""otc"",""indonesia"",""chatbot-ready""]"
3375,Magnesium Tablet 250mg,Vitamin & Suplemen,25000.0,410,Magnesium Oxide 250mg,"Kram otot, insomnia, kelelahan; Gejala terkait: kram kaki malam; insomnia; magnesium",Sesuai aturan pakai pada kemasan. Gunakan sesuai petunjuk pada kemasan. Jika sakit berlanjut hubungi dokter.,Magnesium Oxide 250mg,"Kram otot, insomnia, kelelahan; kram kaki malam; insomnia; magnesium; Gunakan sesuai petunjuk pada kemasan. Jika sakit berlanjut hubungi dokter.",Diare dosis tinggi,2026-12-31,Tablet,https://placehold.co/400x300/f8fafc/eab308?text=Magnesium+Tablet+250mg,True,"[""otc"",""indonesia"",""chatbot-ready""]"
3376,Berocca Effervescent,Vitamin & Suplemen,45000.0,358,B Vitamins + Vitamin C + Zinc effervescent,Energi dan fokus mental; Gejala terkait: energi; fokus; vitamin b kompleks,Sesuai aturan pakai pada kemasan. Gunakan sesuai petunjuk pada kemasan. Jika sakit berlanjut hubungi dokter.,B Vitamins + Vitamin C + Zinc effervescent,Energi dan fokus mental; energi; fokus; vitamin b kompleks; Gunakan sesuai petunjuk pada kemasan. Jika sakit berlanjut hubungi dokter.,"Kembung, urin kuning",2027-06-30,Produk,https://placehold.co/400x300/f8fafc/eab308?text=Berocca+Effervescent,True,"[""otc"",""indonesia"",""chatbot-ready""]"
3377,Suplemen Koenzim Q10,Vitamin & Suplemen,125000.0,32,Coenzyme Q10 100mg,"Energi sel, jantung, antioksidan; Gejala terkait: antioksidan; jantung; energi sel",Sesuai aturan pakai pada kemasan. Gunakan sesuai petunjuk pada kemasan. Jika sakit berlanjut hubungi dokter.,Coenzyme Q10 100mg,"Energi sel, jantung, antioksidan; antioksidan; jantung; energi sel; Gunakan sesuai petunjuk pada kemasan. Jika sakit berlanjut hubungi dokter.","Jarang, insomnia ringan",2027-06-30,Produk,https://placehold.co/400x300/f8fafc/eab308?text=Suplemen+Koenzim+Q10,True,"[""otc"",""indonesia"",""chatbot-ready""]"
3378,Curcumin Kapsul,Vitamin & Suplemen,65000.0,89,"Curcumin 500mg, Piperine 5mg","Anti radang, antioksidan premium; Gejala terkait: anti radang; antioksidan; kunyit premium",Sesuai aturan pakai pada kemasan. Gunakan sesuai petunjuk pada kemasan. Jika sakit berlanjut hubungi dokter.,"Curcumin 500mg, Piperine 5mg","Anti radang, antioksidan premium; anti radang; antioksidan; kunyit premium; Gunakan sesuai petunjuk pada kemasan. Jika sakit berlanjut hubungi dokter.","Jarang, mual ringan",2028-12-31,Produk,https://placehold.co/400x300/f8fafc/eab308?text=Curcumin+Kapsul,True,"[""otc"",""indonesia"",""chatbot-ready""]"
3379,Prenavit Tablet,Vitamin & Suplemen,55000.0,39,Multivitamin Mineral Ibu Hamil,Nutrisi lengkap kehamilan; Gejala terkait: hamil; kehamilan; vitamin prenatal,Sesuai aturan pakai pada kemasan. Gunakan sesuai petunjuk pada kemasan. Jika sakit berlanjut hubungi dokter.,Multivitamin Mineral Ibu Hamil,Nutrisi lengkap kehamilan; hamil; kehamilan; vitamin prenatal; Gunakan sesuai petunjuk pada kemasan. Jika sakit berlanjut hubungi dokter.,Mual,2028-12-31,Tablet,https://placehold.co/400x300/f8fafc/eab308?text=Prenavit+Tablet,True,"[""otc"",""indonesia"",""chatbot-ready""]"
3380,Noni Gold Kapsul,Vitamin & Suplemen,45000.0,354,Morinda citrifolia 500mg,Stamina dan imun herbal mengkudu; Gejala terkait: stamina; imun; mengkudu; noni,Sesuai aturan pakai pada kemasan. Gunakan sesuai petunjuk pada kemasan. Jika sakit berlanjut hubungi dokter.,Morinda citrifolia 500mg,Stamina dan imun herbal mengkudu; stamina; imun; mengkudu; noni; Gunakan sesuai petunjuk pada kemasan. Jika sakit berlanjut hubungi dokter.,Jarang,2027-06-30,Produk,https://placehold.co/400x300/f8fafc/eab308?text=Noni+Gold+Kapsul,True,"[""otc"",""indonesia"",""chatbot-ready""]"
3381,Spirulina Tablet 500mg,Vitamin & Suplemen,85000.0,75,Arthrospira platensis 500mg,"Protein nabati, antioksidan, energi; Gejala terkait: protein nabati; vegan; spirulina; energi",Sesuai aturan pakai pada kemasan. Gunakan sesuai petunjuk pada kemasan. Jika sakit berlanjut hubungi dokter.,Arthrospira platensis 500mg,"Protein nabati, antioksidan, energi; protein nabati; vegan; spirulina; energi; Gunakan sesuai petunjuk pada kemasan. Jika sakit berlanjut hubungi dokter.",Jarang (reaksi alergi),2027-06-30,Tablet,https://placehold.co/400x300/f8fafc/eab308?text=Spirulina+Tablet+500mg,True,"[""otc"",""indonesia"",""chatbot-ready""]"
3382,Mefenacid Tablet,Nyeri & Demam,8000.0,124,Asam Mefenamat 250mg,"Nyeri haid ringan, gigi; Gejala terkait: nyeri haid ringan; gigi",Sesuai aturan pakai pada kemasan. Gunakan sesuai petunjuk pada kemasan. Jika sakit berlanjut hubungi dokter.,Asam Mefenamat 250mg,"Nyeri haid ringan, gigi; nyeri haid ringan; gigi; Gunakan sesuai petunjuk pada kemasan. Jika sakit berlanjut hubungi dokter.",Iritasi lambung,2027-06-30,Tablet,https://placehold.co/400x300/f8fafc/ef4444?text=Mefenacid+Tablet,True,"[""otc"",""indonesia"",""chatbot-ready""]"
3383,Acnevil Gel,Obat Kulit & Luka,35000.0,472,Clindamycin 1%,Jerawat meradang; Gejala terkait: jerawat meradang; clindamycin; jerawat batu,Sesuai aturan pakai pada kemasan. Gunakan sesuai petunjuk pada kemasan. Jika sakit berlanjut hubungi dokter.,Clindamycin 1%,Jerawat meradang; jerawat meradang; clindamycin; jerawat batu; Gunakan sesuai petunjuk pada kemasan. Jika sakit berlanjut hubungi dokter.,Kulit kering,2028-03-15,Topikal,https://placehold.co/400x300/f8fafc/ec4899?text=Acnevil+Gel,True,"[""otc"",""indonesia"",""chatbot-ready""]"
3384,Skinoren Gel 15g,Obat Kulit & Luka,85000.0,96,Azelaic Acid 20%,"Jerawat, hiperpigmentasi; Gejala terkait: jerawat; bekas jerawat hitam; azelaic acid",Sesuai aturan pakai pada kemasan. Gunakan sesuai petunjuk pada kemasan. Jika sakit berlanjut hubungi dokter.,Azelaic Acid 20%,"Jerawat, hiperpigmentasi; jerawat; bekas jerawat hitam; azelaic acid; Gunakan sesuai petunjuk pada kemasan. Jika sakit berlanjut hubungi dokter.","Kulit kering, perih",2027-06-30,Topikal,https://placehold.co/400x300/f8fafc/ec4899?text=Skinoren+Gel+15g,True,"[""otc"",""indonesia"",""chatbot-ready""]"
3385,Clobetasol Cream 0.05%,Obat Kulit & Luka,25000.0,323,Clobetasol Propionate 0.05%,"Psoriasis, lichen planus; Gejala terkait: psoriasis; kulit bersisik; gatal parah",Sesuai aturan pakai pada kemasan. Gunakan sesuai petunjuk pada kemasan. Jika sakit berlanjut hubungi dokter.,Clobetasol Propionate 0.05%,"Psoriasis, lichen planus; psoriasis; kulit bersisik; gatal parah; Gunakan sesuai petunjuk pada kemasan. Jika sakit berlanjut hubungi dokter.",Penipisan kulit,2026-12-31,Topikal,https://placehold.co/400x300/f8fafc/ec4899?text=Clobetasol+Cream+0.05%,True,"[""otc"",""indonesia"",""chatbot-ready""]"
3386,Chloramphenicol Cream,Obat Kulit & Luka,12000.0,295,Chloramphenicol 2%,Infeksi kulit bakteri gram positif; Gejala terkait: infeksi kulit; luka bernanah murah,Sesuai aturan pakai pada kemasan. Gunakan sesuai petunjuk pada kemasan. Jika sakit berlanjut hubungi dokter.,Chloramphenicol 2%,Infeksi kulit bakteri gram positif; infeksi kulit; luka bernanah murah; Gunakan sesuai petunjuk pada kemasan. Jika sakit berlanjut hubungi dokter.,Alergi lokal,2027-06-30,Topikal,https://placehold.co/400x300/f8fafc/ec4899?text=Chloramphenicol+Cream,True,"[""otc"",""indonesia"",""chatbot-ready""]"
3387,Gentamicin Cream 0.1%,Obat Kulit & Luka,8000.0,325,Gentamicin Sulfate 0.1%,"Impetigo, folikulitis; Gejala terkait: impetigo murah; folikulitis",Sesuai aturan pakai pada kemasan. Gunakan sesuai petunjuk pada kemasan. Jika sakit berlanjut hubungi dokter.,Gentamicin Sulfate 0.1%,"Impetigo, folikulitis; impetigo murah; folikulitis; Gunakan sesuai petunjuk pada kemasan. Jika sakit berlanjut hubungi dokter.",Gatal lokal,2028-03-15,Topikal,https://placehold.co/400x300/f8fafc/ec4899?text=Gentamicin+Cream+0.1%,True,"[""otc"",""indonesia"",""chatbot-ready""]"
3388,Tretinoin Cream 0.025%,Obat Kulit & Luka,25000.0,257,Tretinoin 0.025%,Jerawat dan anti penuaan; Gejala terkait: jerawat; anti aging; retinol,Sesuai aturan pakai pada kemasan. Gunakan sesuai petunjuk pada kemasan. Jika sakit berlanjut hubungi dokter.,Tretinoin 0.025%,Jerawat dan anti penuaan; jerawat; anti aging; retinol; Gunakan sesuai petunjuk pada kemasan. Jika sakit berlanjut hubungi dokter.,"Kulit merah, mengelupas",2026-12-31,Topikal,https://placehold.co/400x300/f8fafc/ec4899?text=Tretinoin+Cream+0.025%,True,"[""otc"",""indonesia"",""chatbot-ready""]"
3389,Calcipotriol Cream,Obat Kulit & Luka,135000.0,48,Calcipotriol 50mcg/g,Psoriasis plak ringan-sedang; Gejala terkait: psoriasis plak; kulit bersisik tebal,Sesuai aturan pakai pada kemasan. Gunakan sesuai petunjuk pada kemasan. Jika sakit berlanjut hubungi dokter.,Calcipotriol 50mcg/g,Psoriasis plak ringan-sedang; psoriasis plak; kulit bersisik tebal; Gunakan sesuai petunjuk pada kemasan. Jika sakit berlanjut hubungi dokter.,Iritasi lokal,2026-12-31,Topikal,https://placehold.co/400x300/f8fafc/ec4899?text=Calcipotriol+Cream,True,"[""otc"",""indonesia"",""chatbot-ready""]"
3390,Alphosyl HC Krim,Obat Kulit & Luka,95000.0,75,"Hydrocortisone, Coal Tar",Psoriasis dan seborrheic dermatitis; Gejala terkait: psoriasis; ketombe berat; seborrheic,Sesuai aturan pakai pada kemasan. Gunakan sesuai petunjuk pada kemasan. Jika sakit berlanjut hubungi dokter.,"Hydrocortisone, Coal Tar",Psoriasis dan seborrheic dermatitis; psoriasis; ketombe berat; seborrheic; Gunakan sesuai petunjuk pada kemasan. Jika sakit berlanjut hubungi dokter.,Kulit sensitif,2027-06-30,Produk,https://placehold.co/400x300/f8fafc/ec4899?text=Alphosyl+HC+Krim,True,"[""otc"",""indonesia"",""chatbot-ready""]"
3391,Duoderm CGF Plester,Obat Kulit & Luka,85000.0,85,"Gelatin, Pectin, CMC hidrokoloid","Luka kronik, dekubitus, luka operasi; Gejala terkait: luka kronik; luka diabetes; decubitus",Sesuai aturan pakai pada kemasan. Gunakan sesuai petunjuk pada kemasan. Jika sakit berlanjut hubungi dokter.,"Gelatin, Pectin, CMC hidrokoloid","Luka kronik, dekubitus, luka operasi; luka kronik; luka diabetes; decubitus; Gunakan sesuai petunjuk pada kemasan. Jika sakit berlanjut hubungi dokter.",Maserasi kulit,2027-06-30,Produk,https://placehold.co/400x300/f8fafc/ec4899?text=Duoderm+CGF+Plester,True,"[""otc"",""indonesia"",""chatbot-ready""]"
3392,Mebo Scar Gel 15g,Obat Kulit & Luka,95000.0,31,"Allium Cepa Extract, Heparin, Allantoin",Bekas luka dan keloid; Gejala terkait: bekas luka tonjolan; keloid; scar,Sesuai aturan pakai pada kemasan. Gunakan sesuai petunjuk pada kemasan. Jika sakit berlanjut hubungi dokter.,"Allium Cepa Extract, Heparin, Allantoin",Bekas luka dan keloid; bekas luka tonjolan; keloid; scar; Gunakan sesuai petunjuk pada kemasan. Jika sakit berlanjut hubungi dokter.,Jarang,2028-03-15,Topikal,https://placehold.co/400x300/f8fafc/ec4899?text=Mebo+Scar+Gel+15g,True,"[""otc"",""indonesia"",""chatbot-ready""]"
3393,Kloderma Cream,Obat Kulit & Luka,55000.0,37,Clobetasone Butyrate 0.05%,"Eksim ringan, dermatitis kontak; Gejala terkait: eksim; dermatitis kontak; gatal meradang",Sesuai aturan pakai pada kemasan. Gunakan sesuai petunjuk pada kemasan. Jika sakit berlanjut hubungi dokter.,Clobetasone Butyrate 0.05%,"Eksim ringan, dermatitis kontak; eksim; dermatitis kontak; gatal meradang; Gunakan sesuai petunjuk pada kemasan. Jika sakit berlanjut hubungi dokter.",Penipisan kulit bila lama,2027-06-30,Topikal,https://placehold.co/400x300/f8fafc/ec4899?text=Kloderma+Cream,True,"[""otc"",""indonesia"",""chatbot-ready""]"
3394,Hydrocortisone 1% Cream,Obat Kulit & Luka,8000.0,200,Hydrocortisone 1%,"Gatal radang ringan, diapers rash; Gejala terkait: gatal radang; diapers rash; kortison ringan",Sesuai aturan pakai pada kemasan. Gunakan sesuai petunjuk pada kemasan. Jika sakit berlanjut hubungi dokter.,Hydrocortisone 1%,"Gatal radang ringan, diapers rash; gatal radang; diapers rash; kortison ringan; Gunakan sesuai petunjuk pada kemasan. Jika sakit berlanjut hubungi dokter.",Penipisan kulit,2028-03-15,Topikal,https://placehold.co/400x300/f8fafc/ec4899?text=Hydrocortisone+1%+Cream,True,"[""otc"",""indonesia"",""chatbot-ready""]"
3395,Iodine Povidone 10% 60ml,Obat Kulit & Luka,18000.0,125,Povidone Iodine 10%,Antiseptik kulit luka terbuka; Gejala terkait: antiseptik generic; luka murah,Sesuai aturan pakai pada kemasan. Gunakan sesuai petunjuk pada kemasan. Jika sakit berlanjut hubungi dokter.,Povidone Iodine 10%,Antiseptik kulit luka terbuka; antiseptik generic; luka murah; Gunakan sesuai petunjuk pada kemasan. Jika sakit berlanjut hubungi dokter.,"Iritasi, kulit coklat",2027-06-30,Produk,https://placehold.co/400x300/f8fafc/ec4899?text=Iodine+Povidone+10%+60ml,True,"[""otc"",""indonesia"",""chatbot-ready""]"
3396,Metronidazole Gel,Obat Kulit & Luka,22000.0,126,Metronidazole 0.75%,"Rosacea, jerawat infeksi anaerob; Gejala terkait: rosacea; jerawat anaerob; kemerahan wajah",Sesuai aturan pakai pada kemasan. Gunakan sesuai petunjuk pada kemasan. Jika sakit berlanjut hubungi dokter.,Metronidazole 0.75%,"Rosacea, jerawat infeksi anaerob; rosacea; jerawat anaerob; kemerahan wajah; Gunakan sesuai petunjuk pada kemasan. Jika sakit berlanjut hubungi dokter.","Iritasi lokal, mulut metalik",2028-12-31,Topikal,https://placehold.co/400x300/f8fafc/ec4899?text=Metronidazole+Gel,True,"[""otc"",""indonesia"",""chatbot-ready""]"
3397,Pityriasis Shampoo,Antijamur & Kulit,35000.0,383,Selenium Sulfide 1%,"Ketombe berat, tinea capitis; Gejala terkait: ketombe parah; kutu rambut jamur",Sesuai aturan pakai pada kemasan. Gunakan sesuai petunjuk pada kemasan. Jika sakit berlanjut hubungi dokter.,Selenium Sulfide 1%,"Ketombe berat, tinea capitis; ketombe parah; kutu rambut jamur; Gunakan sesuai petunjuk pada kemasan. Jika sakit berlanjut hubungi dokter.",Kulit kepala kering,2027-06-30,Produk,https://placehold.co/400x300/f8fafc/14b8a6?text=Pityriasis+Shampoo,True,"[""otc"",""indonesia"",""chatbot-ready""]"
3398,Nizoral Shampoo 60ml,Antijamur & Kulit,65000.0,75,Ketoconazole 2% shampoo,"Ketombe jamur, seborrheic dermatitis kepala; Gejala terkait: ketombe jamur; kulit kepala bersisik",Sesuai aturan pakai pada kemasan. Gunakan sesuai petunjuk pada kemasan. Jika sakit berlanjut hubungi dokter.,Ketoconazole 2% shampoo,"Ketombe jamur, seborrheic dermatitis kepala; ketombe jamur; kulit kepala bersisik; Gunakan sesuai petunjuk pada kemasan. Jika sakit berlanjut hubungi dokter.",Iritasi kulit kepala,2028-12-31,Produk,https://placehold.co/400x300/f8fafc/14b8a6?text=Nizoral+Shampoo+60ml,True,"[""otc"",""indonesia"",""chatbot-ready""]"
3399,Selsun Shampoo 60ml,Antijamur & Kulit,45000.0,178,Selenium Sulfide 1.8%,Ketombe berat dan jamur kepala; Gejala terkait: ketombe; tinea versicolor kepala,Sesuai aturan pakai pada kemasan. Gunakan sesuai petunjuk pada kemasan. Jika sakit berlanjut hubungi dokter.,Selenium Sulfide 1.8%,Ketombe berat dan jamur kepala; ketombe; tinea versicolor kepala; Gunakan sesuai petunjuk pada kemasan. Jika sakit berlanjut hubungi dokter.,Rambut kering,2028-03-15,Produk,https://placehold.co/400x300/f8fafc/14b8a6?text=Selsun+Shampoo+60ml,True,"[""otc"",""indonesia"",""chatbot-ready""]"
3400,Amoxicillin Kapsul 500mg,Obat Kulit & Luka,18000.0,445,Amoxicillin Trihydrate 500mg,Infeksi bakteri ringan-sedang (perlu resep dokter); Gejala terkait: infeksi; amoxicillin; antibiotik,Sesuai aturan pakai pada kemasan. Gunakan sesuai petunjuk pada kemasan. Jika sakit berlanjut hubungi dokter.,Amoxicillin Trihydrate 500mg,Infeksi bakteri ringan-sedang (perlu resep dokter); infeksi; amoxicillin; antibiotik; Gunakan sesuai petunjuk pada kemasan. Jika sakit berlanjut hubungi dokter.,"Alergi, diare",2026-12-31,Produk,https://placehold.co/400x300/f8fafc/ec4899?text=Amoxicillin+Kapsul+500mg,True,"[""otc"",""indonesia"",""chatbot-ready""]"
3401,Amoxicillin Sirup 60ml,Obat Kulit & Luka,22000.0,181,Amoxicillin 125mg/5ml sirup,Infeksi bakteri anak (perlu resep); Gejala terkait: infeksi anak; antibiotik anak,Sesuai aturan pakai pada kemasan. Gunakan sesuai petunjuk pada kemasan. Jika sakit berlanjut hubungi dokter.,Amoxicillin 125mg/5ml sirup,Infeksi bakteri anak (perlu resep); infeksi anak; antibiotik anak; Gunakan sesuai petunjuk pada kemasan. Jika sakit berlanjut hubungi dokter.,"Alergi, diare",2028-03-15,Sirup,https://placehold.co/400x300/f8fafc/ec4899?text=Amoxicillin+Sirup+60ml,True,"[""otc"",""indonesia"",""chatbot-ready""]"
3402,Ampicillin Kapsul 500mg,Obat Kulit & Luka,12000.0,162,Ampicillin Trihydrate 500mg,"Infeksi saluran napas, kemih; Gejala terkait: infeksi napas; saluran kemih",Sesuai aturan pakai pada kemasan. Gunakan sesuai petunjuk pada kemasan. Jika sakit berlanjut hubungi dokter.,Ampicillin Trihydrate 500mg,"Infeksi saluran napas, kemih; infeksi napas; saluran kemih; Gunakan sesuai petunjuk pada kemasan. Jika sakit berlanjut hubungi dokter.","Alergi, diare",2027-06-30,Produk,https://placehold.co/400x300/f8fafc/ec4899?text=Ampicillin+Kapsul+500mg,True,"[""otc"",""indonesia"",""chatbot-ready""]"
3403,Cotrimoxazole Tablet,Obat Kulit & Luka,5000.0,119,"Sulfamethoxazole 400mg, Trimethoprim 80mg","Infeksi saluran kemih, diare bakteri; Gejala terkait: ISK; infeksi kemih; bactrim generik",Sesuai aturan pakai pada kemasan. Gunakan sesuai petunjuk pada kemasan. Jika sakit berlanjut hubungi dokter.,"Sulfamethoxazole 400mg, Trimethoprim 80mg","Infeksi saluran kemih, diare bakteri; ISK; infeksi kemih; bactrim generik; Gunakan sesuai petunjuk pada kemasan. Jika sakit berlanjut hubungi dokter.","Alergi sulfa, mual",2027-06-30,Tablet,https://placehold.co/400x300/f8fafc/ec4899?text=Cotrimoxazole+Tablet,True,"[""otc"",""indonesia"",""chatbot-ready""]"
3404,Erythromycin Tablet 500mg,Obat Kulit & Luka,15000.0,486,Erythromycin Ethylsuccinate 500mg,"Infeksi kulit, napas, alergi penisilin; Gejala terkait: infeksi kulit; alergi penisilin",Sesuai aturan pakai pada kemasan. Gunakan sesuai petunjuk pada kemasan. Jika sakit berlanjut hubungi dokter.,Erythromycin Ethylsuccinate 500mg,"Infeksi kulit, napas, alergi penisilin; infeksi kulit; alergi penisilin; Gunakan sesuai petunjuk pada kemasan. Jika sakit berlanjut hubungi dokter.","Mual, nyeri perut",2027-06-30,Tablet,https://placehold.co/400x300/f8fafc/ec4899?text=Erythromycin+Tablet+500mg,True,"[""otc"",""indonesia"",""chatbot-ready""]"
3405,Chloramphenicol Kapsul 250mg,Obat Kulit & Luka,8000.0,404,Chloramphenicol 250mg,"Tifoid, infeksi berat; Gejala terkait: tifoid; demam tifoid; typhus",Sesuai aturan pakai pada kemasan. Gunakan sesuai petunjuk pada kemasan. Jika sakit berlanjut hubungi dokter.,Chloramphenicol 250mg,"Tifoid, infeksi berat; tifoid; demam tifoid; typhus; Gunakan sesuai petunjuk pada kemasan. Jika sakit berlanjut hubungi dokter.",Aplasia sumsum tulang (jarang),2028-03-15,Produk,https://placehold.co/400x300/f8fafc/ec4899?text=Chloramphenicol+Kapsul+250mg,True,"[""otc"",""indonesia"",""chatbot-ready""]"
3406,Tetracycline Kapsul 250mg,Obat Kulit & Luka,8000.0,232,Tetracycline HCl 250mg,"Jerawat parah, klamidia, leptospirosis; Gejala terkait: jerawat parah; tetracycline",Sesuai aturan pakai pada kemasan. Gunakan sesuai petunjuk pada kemasan. Jika sakit berlanjut hubungi dokter.,Tetracycline HCl 250mg,"Jerawat parah, klamidia, leptospirosis; jerawat parah; tetracycline; Gunakan sesuai petunjuk pada kemasan. Jika sakit berlanjut hubungi dokter.","Fotosensitisasi, gigi kuning anak",2026-12-31,Produk,https://placehold.co/400x300/f8fafc/ec4899?text=Tetracycline+Kapsul+250mg,True,"[""otc"",""indonesia"",""chatbot-ready""]"
3407,Metronidazole Tablet 500mg,Pencernaan & Diare,8000.0,256,Metronidazole 500mg,"Amebiasis, trikomoniasis, infeksi anaerob; Gejala terkait: amuba; diare bakteri anaerob; flagyl",Sesuai aturan pakai pada kemasan. Gunakan sesuai petunjuk pada kemasan. Jika sakit berlanjut hubungi dokter.,Metronidazole 500mg,"Amebiasis, trikomoniasis, infeksi anaerob; amuba; diare bakteri anaerob; flagyl; Gunakan sesuai petunjuk pada kemasan. Jika sakit berlanjut hubungi dokter.","Mual, metalik mulut, tidak boleh alkohol",2028-12-31,Tablet,https://placehold.co/400x300/f8fafc/f59e0b?text=Metronidazole+Tablet+500mg,True,"[""otc"",""indonesia"",""chatbot-ready""]"
3408,Thiamphenicol Kapsul 500mg,Obat Kulit & Luka,15000.0,361,Thiamphenicol 500mg,"Infeksi saluran napas, ISK; Gejala terkait: infeksi napas; tifoid",Sesuai aturan pakai pada kemasan. Gunakan sesuai petunjuk pada kemasan. Jika sakit berlanjut hubungi dokter.,Thiamphenicol 500mg,"Infeksi saluran napas, ISK; infeksi napas; tifoid; Gunakan sesuai petunjuk pada kemasan. Jika sakit berlanjut hubungi dokter.","Mual, agranulositosis",2028-03-15,Produk,https://placehold.co/400x300/f8fafc/ec4899?text=Thiamphenicol+Kapsul+500mg,True,"[""otc"",""indonesia"",""chatbot-ready""]"
3409,Spiramycin Tablet,Mulut & Tenggorokan,25000.0,482,Spiramycin 500mg,Infeksi mulut dan tenggorokan; Gejala terkait: infeksi gigi; periodontitis,Sesuai aturan pakai pada kemasan. Gunakan sesuai petunjuk pada kemasan. Jika sakit berlanjut hubungi dokter.,Spiramycin 500mg,Infeksi mulut dan tenggorokan; infeksi gigi; periodontitis; Gunakan sesuai petunjuk pada kemasan. Jika sakit berlanjut hubungi dokter.,"Mual, diare",2027-06-30,Tablet,https://placehold.co/400x300/f8fafc/d946ef?text=Spiramycin+Tablet,True,"[""otc"",""indonesia"",""chatbot-ready""]"
3410,Urinozinc Tablet,Vitamin & Suplemen,95000.0,42,"Zinc Oxide, Saw Palmetto, Lycopene",Kesehatan prostat dan saluran kemih pria; Gejala terkait: prostat; saluran kemih pria; ISK pria,Sesuai aturan pakai pada kemasan. Gunakan sesuai petunjuk pada kemasan. Jika sakit berlanjut hubungi dokter.,"Zinc Oxide, Saw Palmetto, Lycopene",Kesehatan prostat dan saluran kemih pria; prostat; saluran kemih pria; ISK pria; Gunakan sesuai petunjuk pada kemasan. Jika sakit berlanjut hubungi dokter.,Jarang,2027-06-30,Tablet,https://placehold.co/400x300/f8fafc/eab308?text=Urinozinc+Tablet,True,"[""otc"",""indonesia"",""chatbot-ready""]"
3411,Cranberry Extract Kapsul,Vitamin & Suplemen,75000.0,49,Vaccinium Macrocarpon 400mg,Pencegahan ISK wanita; Gejala terkait: ISK wanita; infeksi kandung kemih; cranberry,Sesuai aturan pakai pada kemasan. Gunakan sesuai petunjuk pada kemasan. Jika sakit berlanjut hubungi dokter.,Vaccinium Macrocarpon 400mg,Pencegahan ISK wanita; ISK wanita; infeksi kandung kemih; cranberry; Gunakan sesuai petunjuk pada kemasan. Jika sakit berlanjut hubungi dokter.,Mual ringan,2027-06-30,Produk,https://placehold.co/400x300/f8fafc/eab308?text=Cranberry+Extract+Kapsul,True,"[""otc"",""indonesia"",""chatbot-ready""]"
3412,Kejibeling Kapsul,Herbal & Tradisional,25000.0,111,Strobilanthes crispus,"Batu ginjal, melancarkan kemih herbal; Gejala terkait: batu ginjal; kencing batu; herbal ginjal",Sesuai aturan pakai pada kemasan. Gunakan sesuai petunjuk pada kemasan. Jika sakit berlanjut hubungi dokter.,Strobilanthes crispus,"Batu ginjal, melancarkan kemih herbal; batu ginjal; kencing batu; herbal ginjal; Gunakan sesuai petunjuk pada kemasan. Jika sakit berlanjut hubungi dokter.",Jarang,2028-03-15,Produk,https://placehold.co/400x300/f8fafc/84cc16?text=Kejibeling+Kapsul,True,"[""otc"",""indonesia"",""chatbot-ready""]"
3413,Tempuyung Kapsul,Herbal & Tradisional,22000.0,144,Sonchus arvensis Extract,Batu ginjal dan melancarkan urin; Gejala terkait: batu ginjal; sulit kencing; tempuyung,Sesuai aturan pakai pada kemasan. Gunakan sesuai petunjuk pada kemasan. Jika sakit berlanjut hubungi dokter.,Sonchus arvensis Extract,Batu ginjal dan melancarkan urin; batu ginjal; sulit kencing; tempuyung; Gunakan sesuai petunjuk pada kemasan. Jika sakit berlanjut hubungi dokter.,Jarang,2028-03-15,Produk,https://placehold.co/400x300/f8fafc/84cc16?text=Tempuyung+Kapsul,True,"[""otc"",""indonesia"",""chatbot-ready""]"
3414,Potasium Sitrat Tablet,Vitamin & Suplemen,65000.0,39,Kalium Sitrat 1080mg,"Batu ginjal kalsium, asidosis; Gejala terkait: batu ginjal; asidosis; alkalinisasi urin",Sesuai aturan pakai pada kemasan. Gunakan sesuai petunjuk pada kemasan. Jika sakit berlanjut hubungi dokter.,Kalium Sitrat 1080mg,"Batu ginjal kalsium, asidosis; batu ginjal; asidosis; alkalinisasi urin; Gunakan sesuai petunjuk pada kemasan. Jika sakit berlanjut hubungi dokter.",Mual,2027-06-30,Tablet,https://placehold.co/400x300/f8fafc/eab308?text=Potasium+Sitrat+Tablet,True,"[""otc"",""indonesia"",""chatbot-ready""]"
3415,Insulin Plant Kapsul,Herbal & Tradisional,35000.0,295,Costus Igneus Ekstrak,Membantu metabolisme gula darah herbal; Gejala terkait: gula darah tinggi; diabetes herbal,Sesuai aturan pakai pada kemasan. Gunakan sesuai petunjuk pada kemasan. Jika sakit berlanjut hubungi dokter.,Costus Igneus Ekstrak,Membantu metabolisme gula darah herbal; gula darah tinggi; diabetes herbal; Gunakan sesuai petunjuk pada kemasan. Jika sakit berlanjut hubungi dokter.,Jarang,2028-03-15,Produk,https://placehold.co/400x300/f8fafc/84cc16?text=Insulin+Plant+Kapsul,True,"[""otc"",""indonesia"",""chatbot-ready""]"
3416,Bitter Melon Kapsul,Herbal & Tradisional,45000.0,470,Momordica charantia 500mg,Membantu kontrol gula darah; Gejala terkait: pare; gula darah; diabetes,Sesuai aturan pakai pada kemasan. Gunakan sesuai petunjuk pada kemasan. Jika sakit berlanjut hubungi dokter.,Momordica charantia 500mg,Membantu kontrol gula darah; pare; gula darah; diabetes; Gunakan sesuai petunjuk pada kemasan. Jika sakit berlanjut hubungi dokter.,"Hipoglikemia, mual",2027-06-30,Produk,https://placehold.co/400x300/f8fafc/84cc16?text=Bitter+Melon+Kapsul,True,"[""otc"",""indonesia"",""chatbot-ready""]"
3417,Chromium Picolinate,Vitamin & Suplemen,65000.0,53,Chromium 200mcg,Membantu metabolisme glukosa; Gejala terkait: gula darah; insulin sensitif; chromium,Sesuai aturan pakai pada kemasan. Gunakan sesuai petunjuk pada kemasan. Jika sakit berlanjut hubungi dokter.,Chromium 200mcg,Membantu metabolisme glukosa; gula darah; insulin sensitif; chromium; Gunakan sesuai petunjuk pada kemasan. Jika sakit berlanjut hubungi dokter.,Jarang,2028-12-31,Produk,https://placehold.co/400x300/f8fafc/eab308?text=Chromium+Picolinate,True,"[""otc"",""indonesia"",""chatbot-ready""]"
3418,Alpha Lipoic Acid Kapsul,Vitamin & Suplemen,75000.0,79,Alpha Lipoic Acid 600mg,"Neuropati diabetik, antioksidan; Gejala terkait: neuropati; kesemutan diabetes; antioksidan kuat",Sesuai aturan pakai pada kemasan. Gunakan sesuai petunjuk pada kemasan. Jika sakit berlanjut hubungi dokter.,Alpha Lipoic Acid 600mg,"Neuropati diabetik, antioksidan; neuropati; kesemutan diabetes; antioksidan kuat; Gunakan sesuai petunjuk pada kemasan. Jika sakit berlanjut hubungi dokter.","Mual, ruam kulit",2028-12-31,Produk,https://placehold.co/400x300/f8fafc/eab308?text=Alpha+Lipoic+Acid+Kapsul,True,"[""otc"",""indonesia"",""chatbot-ready""]"
3419,Gymnema Sylvestre Kapsul,Herbal & Tradisional,55000.0,91,Gymnema Sylvestre 400mg,Membantu mengurangi absorpsi gula; Gejala terkait: gula darah; diabetes; gymnema,Sesuai aturan pakai pada kemasan. Gunakan sesuai petunjuk pada kemasan. Jika sakit berlanjut hubungi dokter.,Gymnema Sylvestre 400mg,Membantu mengurangi absorpsi gula; gula darah; diabetes; gymnema; Gunakan sesuai petunjuk pada kemasan. Jika sakit berlanjut hubungi dokter.,Jarang,2028-12-31,Produk,https://placehold.co/400x300/f8fafc/84cc16?text=Gymnema+Sylvestre+Kapsul,True,"[""otc"",""indonesia"",""chatbot-ready""]"
3420,CoQ10 Kapsul 100mg,Vitamin & Suplemen,125000.0,56,Ubiquinone 100mg,"Fungsi jantung, energi, tekanan darah; Gejala terkait: jantung; tensi; coq10; energi",Sesuai aturan pakai pada kemasan. Gunakan sesuai petunjuk pada kemasan. Jika sakit berlanjut hubungi dokter.,Ubiquinone 100mg,"Fungsi jantung, energi, tekanan darah; jantung; tensi; coq10; energi; Gunakan sesuai petunjuk pada kemasan. Jika sakit berlanjut hubungi dokter.","Insomnia ringan, mual",2028-03-15,Produk,https://placehold.co/400x300/f8fafc/eab308?text=CoQ10+Kapsul+100mg,True,"[""otc"",""indonesia"",""chatbot-ready""]"
3421,Resveratrol Kapsul,Vitamin & Suplemen,95000.0,98,Trans-Resveratrol 100mg,"Antioksidan jantung, kolesterol; Gejala terkait: antioksidan; jantung; kolesterol; anggur merah",Sesuai aturan pakai pada kemasan. Gunakan sesuai petunjuk pada kemasan. Jika sakit berlanjut hubungi dokter.,Trans-Resveratrol 100mg,"Antioksidan jantung, kolesterol; antioksidan; jantung; kolesterol; anggur merah; Gunakan sesuai petunjuk pada kemasan. Jika sakit berlanjut hubungi dokter.",Jarang,2028-12-31,Produk,https://placehold.co/400x300/f8fafc/eab308?text=Resveratrol+Kapsul,True,"[""otc"",""indonesia"",""chatbot-ready""]"
3422,Celery Seed Extract,Herbal & Tradisional,95000.0,32,Apium graveolens Seed 450mg,Tekanan darah tinggi herbal; Gejala terkait: tekanan darah; hipertensi herbal; seledri,Sesuai aturan pakai pada kemasan. Gunakan sesuai petunjuk pada kemasan. Jika sakit berlanjut hubungi dokter.,Apium graveolens Seed 450mg,Tekanan darah tinggi herbal; tekanan darah; hipertensi herbal; seledri; Gunakan sesuai petunjuk pada kemasan. Jika sakit berlanjut hubungi dokter.,Jarang,2027-06-30,Produk,https://placehold.co/400x300/f8fafc/84cc16?text=Celery+Seed+Extract,True,"[""otc"",""indonesia"",""chatbot-ready""]"
3423,Garlic Extract Tablet,Herbal & Tradisional,65000.0,79,Allium sativum 1000mg,"Kolesterol, tekanan darah, imun; Gejala terkait: kolesterol; tekanan darah; bawang putih",Sesuai aturan pakai pada kemasan. Gunakan sesuai petunjuk pada kemasan. Jika sakit berlanjut hubungi dokter.,Allium sativum 1000mg,"Kolesterol, tekanan darah, imun; kolesterol; tekanan darah; bawang putih; Gunakan sesuai petunjuk pada kemasan. Jika sakit berlanjut hubungi dokter.","Bau bawang, mual",2026-12-31,Tablet,https://placehold.co/400x300/f8fafc/84cc16?text=Garlic+Extract+Tablet,True,"[""otc"",""indonesia"",""chatbot-ready""]"
3424,Hawthorn Berry Kapsul,Herbal & Tradisional,85000.0,60,Crataegus monogyna 600mg,Kesehatan jantung herbal barat; Gejala terkait: jantung herbal; palpitasi ringan,Sesuai aturan pakai pada kemasan. Gunakan sesuai petunjuk pada kemasan. Jika sakit berlanjut hubungi dokter.,Crataegus monogyna 600mg,Kesehatan jantung herbal barat; jantung herbal; palpitasi ringan; Gunakan sesuai petunjuk pada kemasan. Jika sakit berlanjut hubungi dokter.,Jarang,2028-03-15,Produk,https://placehold.co/400x300/f8fafc/84cc16?text=Hawthorn+Berry+Kapsul,True,"[""otc"",""indonesia"",""chatbot-ready""]"
3425,Propolis Kapsul,Herbal & Tradisional,95000.0,72,Brazilian Green Propolis 500mg,"Imun, antibakteri alami, antioksidan; Gejala terkait: propolis; antibakteri; imun premium",Sesuai aturan pakai pada kemasan. Gunakan sesuai petunjuk pada kemasan. Jika sakit berlanjut hubungi dokter.,Brazilian Green Propolis 500mg,"Imun, antibakteri alami, antioksidan; propolis; antibakteri; imun premium; Gunakan sesuai petunjuk pada kemasan. Jika sakit berlanjut hubungi dokter.",Alergi lebah (jarang),2027-06-30,Produk,https://placehold.co/400x300/f8fafc/84cc16?text=Propolis+Kapsul,True,"[""otc"",""indonesia"",""chatbot-ready""]"
3426,Soyisoflavon Kapsul,Vitamin & Suplemen,115000.0,41,Soya Isoflavones 40mg,"Menopause, hot flash, kesehatan wanita; Gejala terkait: menopause; hot flash; isoflavon",Sesuai aturan pakai pada kemasan. Gunakan sesuai petunjuk pada kemasan. Jika sakit berlanjut hubungi dokter.,Soya Isoflavones 40mg,"Menopause, hot flash, kesehatan wanita; menopause; hot flash; isoflavon; Gunakan sesuai petunjuk pada kemasan. Jika sakit berlanjut hubungi dokter.",Jarang,2028-12-31,Produk,https://placehold.co/400x300/f8fafc/eab308?text=Soyisoflavon+Kapsul,True,"[""otc"",""indonesia"",""chatbot-ready""]"
3427,Eve Primrose Oil Kapsul,Vitamin & Suplemen,95000.0,56,Gamma Linolenic Acid 45mg,"PMS, nyeri haid, hormonal balance; Gejala terkait: PMS; nyeri haid hormonal; evening primrose",Sesuai aturan pakai pada kemasan. Gunakan sesuai petunjuk pada kemasan. Jika sakit berlanjut hubungi dokter.,Gamma Linolenic Acid 45mg,"PMS, nyeri haid, hormonal balance; PMS; nyeri haid hormonal; evening primrose; Gunakan sesuai petunjuk pada kemasan. Jika sakit berlanjut hubungi dokter.","Jarang, sakit kepala ringan",2027-06-30,Produk,https://placehold.co/400x300/f8fafc/eab308?text=Eve+Primrose+Oil+Kapsul,True,"[""otc"",""indonesia"",""chatbot-ready""]"
3428,Vitex Agnus Castus,Herbal & Tradisional,85000.0,33,Vitex Agnus Castus Extract 400mg,"Ketidakseimbangan hormon wanita, PMS; Gejala terkait: hormonal wanita; PMS parah; vitex",Sesuai aturan pakai pada kemasan. Gunakan sesuai petunjuk pada kemasan. Jika sakit berlanjut hubungi dokter.,Vitex Agnus Castus Extract 400mg,"Ketidakseimbangan hormon wanita, PMS; hormonal wanita; PMS parah; vitex; Gunakan sesuai petunjuk pada kemasan. Jika sakit berlanjut hubungi dokter.",Jarang,2026-12-31,Produk,https://placehold.co/400x300/f8fafc/84cc16?text=Vitex+Agnus+Castus,True,"[""otc"",""indonesia"",""chatbot-ready""]"
3429,Calcium Pantothenate,Vitamin & Suplemen,25000.0,403,Calcium Pantothenate 500mg (Vit B5),"Metabolisme, kesehatan kulit dan rambut; Gejala terkait: vitamin b5; kulit; metabolisme",Sesuai aturan pakai pada kemasan. Gunakan sesuai petunjuk pada kemasan. Jika sakit berlanjut hubungi dokter.,Calcium Pantothenate 500mg (Vit B5),"Metabolisme, kesehatan kulit dan rambut; vitamin b5; kulit; metabolisme; Gunakan sesuai petunjuk pada kemasan. Jika sakit berlanjut hubungi dokter.",Jarang,2028-12-31,Produk,https://placehold.co/400x300/f8fafc/eab308?text=Calcium+Pantothenate,True,"[""otc"",""indonesia"",""chatbot-ready""]"
3430,Iron Chelate Kapsul,Vitamin & Suplemen,85000.0,41,Ferrous Bisglycinate 25mg,Anemia tanpa efek sembelit; Gejala terkait: anemia; zat besi lembut; hamil,Sesuai aturan pakai pada kemasan. Gunakan sesuai petunjuk pada kemasan. Jika sakit berlanjut hubungi dokter.,Ferrous Bisglycinate 25mg,Anemia tanpa efek sembelit; anemia; zat besi lembut; hamil; Gunakan sesuai petunjuk pada kemasan. Jika sakit berlanjut hubungi dokter.,"Lebih mahal, jarang",2026-12-31,Produk,https://placehold.co/400x300/f8fafc/eab308?text=Iron+Chelate+Kapsul,True,"[""otc"",""indonesia"",""chatbot-ready""]"
3431,Melatonin 3mg Tablet,Vitamin & Suplemen,95000.0,76,Melatonin 3mg,"Insomnia, jet lag, gangguan tidur; Gejala terkait: insomnia; susah tidur; jet lag",Sesuai aturan pakai pada kemasan. Gunakan sesuai petunjuk pada kemasan. Jika sakit berlanjut hubungi dokter.,Melatonin 3mg,"Insomnia, jet lag, gangguan tidur; insomnia; susah tidur; jet lag; Gunakan sesuai petunjuk pada kemasan. Jika sakit berlanjut hubungi dokter.","Mengantuk, mimpi vivid",2028-03-15,Tablet,https://placehold.co/400x300/f8fafc/eab308?text=Melatonin+3mg+Tablet,True,"[""otc"",""indonesia"",""chatbot-ready""]"
3432,Passiflora Kapsul,Herbal & Tradisional,65000.0,90,Passiflora incarnata 400mg,Cemas ringan dan gangguan tidur herbal; Gejala terkait: cemas; susah tidur; herbal relaksasi,Sesuai aturan pakai pada kemasan. Gunakan sesuai petunjuk pada kemasan. Jika sakit berlanjut hubungi dokter.,Passiflora incarnata 400mg,Cemas ringan dan gangguan tidur herbal; cemas; susah tidur; herbal relaksasi; Gunakan sesuai petunjuk pada kemasan. Jika sakit berlanjut hubungi dokter.,Mengantuk,2028-03-15,Produk,https://placehold.co/400x300/f8fafc/84cc16?text=Passiflora+Kapsul,True,"[""otc"",""indonesia"",""chatbot-ready""]"
3433,Valerian Root Kapsul,Herbal & Tradisional,85000.0,40,Valeriana officinalis 300mg,"Insomnia herbal, cemas; Gejala terkait: insomnia herbal; valerian; relaksasi",Sesuai aturan pakai pada kemasan. Gunakan sesuai petunjuk pada kemasan. Jika sakit berlanjut hubungi dokter.,Valeriana officinalis 300mg,"Insomnia herbal, cemas; insomnia herbal; valerian; relaksasi; Gunakan sesuai petunjuk pada kemasan. Jika sakit berlanjut hubungi dokter.",Mengantuk siang,2028-12-31,Produk,https://placehold.co/400x300/f8fafc/84cc16?text=Valerian+Root+Kapsul,True,"[""otc"",""indonesia"",""chatbot-ready""]"
3434,Diphenhydramine Tablet 25mg,Alergi & Gatal,5000.0,318,Diphenhydramine HCl 25mg,"Gangguan tidur, antihistamin; Gejala terkait: susah tidur; insomnia ringan; antihistamin",Sesuai aturan pakai pada kemasan. Gunakan sesuai petunjuk pada kemasan. Jika sakit berlanjut hubungi dokter.,Diphenhydramine HCl 25mg,"Gangguan tidur, antihistamin; susah tidur; insomnia ringan; antihistamin; Gunakan sesuai petunjuk pada kemasan. Jika sakit berlanjut hubungi dokter.","Sangat mengantuk, mulut kering",2028-12-31,Tablet,https://placehold.co/400x300/f8fafc/8b5cf6?text=Diphenhydramine+Tablet+25mg,True,"[""otc"",""indonesia"",""chatbot-ready""]"
3435,Enterogermina Oral Suspension,Pencernaan & Diare,55000.0,54,Bacillus clausii 2 billion/5ml,"Diare akut, pemulihan antibiotik; Gejala terkait: probiotik spore; diare antibiotik; pemulihan",Sesuai aturan pakai pada kemasan. Gunakan sesuai petunjuk pada kemasan. Jika sakit berlanjut hubungi dokter.,Bacillus clausii 2 billion/5ml,"Diare akut, pemulihan antibiotik; probiotik spore; diare antibiotik; pemulihan; Gunakan sesuai petunjuk pada kemasan. Jika sakit berlanjut hubungi dokter.",Jarang,2028-03-15,Produk,https://placehold.co/400x300/f8fafc/f59e0b?text=Enterogermina+Oral+Suspension,True,"[""otc"",""indonesia"",""chatbot-ready""]"
3436,Bio Lacto B Drops,Pencernaan & Diare,95000.0,55,Lactobacillus acidophilus drops bayi,"Kolik, diare bayi, imun saluran cerna bayi; Gejala terkait: kolik bayi; probiotik drops bayi",Sesuai aturan pakai pada kemasan. Gunakan sesuai petunjuk pada kemasan. Jika sakit berlanjut hubungi dokter.,Lactobacillus acidophilus drops bayi,"Kolik, diare bayi, imun saluran cerna bayi; kolik bayi; probiotik drops bayi; Gunakan sesuai petunjuk pada kemasan. Jika sakit berlanjut hubungi dokter.",Jarang,2026-12-31,Produk,https://placehold.co/400x300/f8fafc/f59e0b?text=Bio+Lacto+B+Drops,True,"[""otc"",""indonesia"",""chatbot-ready""]"
3437,Simethicone Tablet 40mg,Pencernaan & Diare,3000.0,364,Simethicone 40mg,Kembung dan gas berlebih generik murah; Gejala terkait: kembung generik; gas perut; anak kembung,Sesuai aturan pakai pada kemasan. Gunakan sesuai petunjuk pada kemasan. Jika sakit berlanjut hubungi dokter.,Simethicone 40mg,Kembung dan gas berlebih generik murah; kembung generik; gas perut; anak kembung; Gunakan sesuai petunjuk pada kemasan. Jika sakit berlanjut hubungi dokter.,Jarang,2027-06-30,Tablet,https://placehold.co/400x300/f8fafc/f59e0b?text=Simethicone+Tablet+40mg,True,"[""otc"",""indonesia"",""chatbot-ready""]"
3438,Domperidone Tablet 10mg,Lambung & Maag,12000.0,162,Domperidone 10mg,"Mual, muntah, lambung lambat; Gejala terkait: mual; muntah; lambung lambat; motilitas",Sesuai aturan pakai pada kemasan. Gunakan sesuai petunjuk pada kemasan. Jika sakit berlanjut hubungi dokter.,Domperidone 10mg,"Mual, muntah, lambung lambat; mual; muntah; lambung lambat; motilitas; Gunakan sesuai petunjuk pada kemasan. Jika sakit berlanjut hubungi dokter.","Sakit kepala, galaktore (jarang)",2026-12-31,Tablet,https://placehold.co/400x300/f8fafc/10b981?text=Domperidone+Tablet+10mg,True,"[""otc"",""indonesia"",""chatbot-ready""]"
3439,Ondansetron Tablet 4mg,Pencernaan & Diare,22000.0,369,Ondansetron HCl 4mg,"Mual muntah kehamilan, pasca kemo; Gejala terkait: mual muntah kehamilan; morning sickness",Sesuai aturan pakai pada kemasan. Gunakan sesuai petunjuk pada kemasan. Jika sakit berlanjut hubungi dokter.,Ondansetron HCl 4mg,"Mual muntah kehamilan, pasca kemo; mual muntah kehamilan; morning sickness; Gunakan sesuai petunjuk pada kemasan. Jika sakit berlanjut hubungi dokter.","Sakit kepala, konstipasi",2028-12-31,Tablet,https://placehold.co/400x300/f8fafc/f59e0b?text=Ondansetron+Tablet+4mg,True,"[""otc"",""indonesia"",""chatbot-ready""]"
3440,Hyoscine Tablet 10mg,Pencernaan & Diare,8000.0,481,Hyoscine Butylbromide 10mg,"Kram perut, kolik, nyeri spasmodik; Gejala terkait: kram perut; kolik; perut kejang",Sesuai aturan pakai pada kemasan. Gunakan sesuai petunjuk pada kemasan. Jika sakit berlanjut hubungi dokter.,Hyoscine Butylbromide 10mg,"Kram perut, kolik, nyeri spasmodik; kram perut; kolik; perut kejang; Gunakan sesuai petunjuk pada kemasan. Jika sakit berlanjut hubungi dokter.","Mulut kering, sembelit",2026-12-31,Tablet,https://placehold.co/400x300/f8fafc/f59e0b?text=Hyoscine+Tablet+10mg,True,"[""otc"",""indonesia"",""chatbot-ready""]"
3441,Cisapride Tablet,Lambung & Maag,35000.0,226,Cisapride 5mg,"Lambung kosong lambat, GERD ringan; Gejala terkait: lambung lambat; kembung; dispepsia",Sesuai aturan pakai pada kemasan. Gunakan sesuai petunjuk pada kemasan. Jika sakit berlanjut hubungi dokter.,Cisapride 5mg,"Lambung kosong lambat, GERD ringan; lambung lambat; kembung; dispepsia; Gunakan sesuai petunjuk pada kemasan. Jika sakit berlanjut hubungi dokter.",Palpitasi (jangan dg aritmia),2028-12-31,Tablet,https://placehold.co/400x300/f8fafc/10b981?text=Cisapride+Tablet,True,"[""otc"",""indonesia"",""chatbot-ready""]"
3442,Activated Charcoal Kapsul,Pencernaan & Diare,8000.0,471,Karbon aktif 250mg kapsul,"Keracunan, kembung berlebih kapsul; Gejala terkait: keracunan makanan; mual keracunan; norit kapsul",Sesuai aturan pakai pada kemasan. Gunakan sesuai petunjuk pada kemasan. Jika sakit berlanjut hubungi dokter.,Karbon aktif 250mg kapsul,"Keracunan, kembung berlebih kapsul; keracunan makanan; mual keracunan; norit kapsul; Gunakan sesuai petunjuk pada kemasan. Jika sakit berlanjut hubungi dokter.",Feses hitam,2028-03-15,Produk,https://placehold.co/400x300/f8fafc/f59e0b?text=Activated+Charcoal+Kapsul,True,"[""otc"",""indonesia"",""chatbot-ready""]"
3443,Bifodan Kapsul,Pencernaan & Diare,65000.0,58,"Bifidobacterium, Lactobacillus probiotik","Keseimbangan flora usus, IBS; Gejala terkait: IBS; usus sensitif; probiotik premium",Sesuai aturan pakai pada kemasan. Gunakan sesuai petunjuk pada kemasan. Jika sakit berlanjut hubungi dokter.,"Bifidobacterium, Lactobacillus probiotik","Keseimbangan flora usus, IBS; IBS; usus sensitif; probiotik premium; Gunakan sesuai petunjuk pada kemasan. Jika sakit berlanjut hubungi dokter.",Jarang,2027-06-30,Produk,https://placehold.co/400x300/f8fafc/f59e0b?text=Bifodan+Kapsul,True,"[""otc"",""indonesia"",""chatbot-ready""]"
3444,Lactulose Sirup,Pencernaan & Diare,45000.0,319,Lactulose 3.35g/5ml,Sembelit kronis dan ensefalopati hepatik; Gejala terkait: sembelit kronis; bab tidak lancar; lactulose,Sesuai aturan pakai pada kemasan. Gunakan sesuai petunjuk pada kemasan. Jika sakit berlanjut hubungi dokter.,Lactulose 3.35g/5ml,Sembelit kronis dan ensefalopati hepatik; sembelit kronis; bab tidak lancar; lactulose; Gunakan sesuai petunjuk pada kemasan. Jika sakit berlanjut hubungi dokter.,"Kembung, kram",2028-12-31,Sirup,https://placehold.co/400x300/f8fafc/f59e0b?text=Lactulose+Sirup,True,"[""otc"",""indonesia"",""chatbot-ready""]"
3445,Bisacodyl Suppositoria Anak,Pencernaan & Diare,15000.0,319,Bisacodyl 5mg suppositoria,Sembelit anak segera; Gejala terkait: sembelit bayi; anak tidak bisa bab; pencahar instan,Sesuai aturan pakai pada kemasan. Gunakan sesuai petunjuk pada kemasan. Jika sakit berlanjut hubungi dokter.,Bisacodyl 5mg suppositoria,Sembelit anak segera; sembelit bayi; anak tidak bisa bab; pencahar instan; Gunakan sesuai petunjuk pada kemasan. Jika sakit berlanjut hubungi dokter.,"Kram perut, iritasi lokal",2028-03-15,Produk,https://placehold.co/400x300/f8fafc/f59e0b?text=Bisacodyl+Suppositoria+Anak,True,"[""otc"",""indonesia"",""chatbot-ready""]"
3446,Clindamycin Gel 1%,Obat Kulit & Luka,22000.0,367,Clindamycin Phosphate 1%,Jerawat meradang topikal; Gejala terkait: jerawat meradang gel; acne gel,Sesuai aturan pakai pada kemasan. Gunakan sesuai petunjuk pada kemasan. Jika sakit berlanjut hubungi dokter.,Clindamycin Phosphate 1%,Jerawat meradang topikal; jerawat meradang gel; acne gel; Gunakan sesuai petunjuk pada kemasan. Jika sakit berlanjut hubungi dokter.,Kulit kering,2026-12-31,Topikal,https://placehold.co/400x300/f8fafc/ec4899?text=Clindamycin+Gel+1%,True,"[""otc"",""indonesia"",""chatbot-ready""]"
3447,Nicotinamide Gel,Obat Kulit & Luka,85000.0,62,Niacinamide 4%,"Pori besar, produksi sebum berlebih; Gejala terkait: pori-pori besar; minyak wajah; niacinamide",Sesuai aturan pakai pada kemasan. Gunakan sesuai petunjuk pada kemasan. Jika sakit berlanjut hubungi dokter.,Niacinamide 4%,"Pori besar, produksi sebum berlebih; pori-pori besar; minyak wajah; niacinamide; Gunakan sesuai petunjuk pada kemasan. Jika sakit berlanjut hubungi dokter.",Jarang,2027-06-30,Topikal,https://placehold.co/400x300/f8fafc/ec4899?text=Nicotinamide+Gel,True,"[""otc"",""indonesia"",""chatbot-ready""]"
3448,Salicylic Acid 2% Gel,Obat Kulit & Luka,18000.0,238,Salicylic Acid 2% gel,"Komedo, jerawat ringan, kulit berminyak; Gejala terkait: komedo; jerawat ringan; SA gel",Sesuai aturan pakai pada kemasan. Gunakan sesuai petunjuk pada kemasan. Jika sakit berlanjut hubungi dokter.,Salicylic Acid 2% gel,"Komedo, jerawat ringan, kulit berminyak; komedo; jerawat ringan; SA gel; Gunakan sesuai petunjuk pada kemasan. Jika sakit berlanjut hubungi dokter.","Kulit kering, perih",2028-03-15,Topikal,https://placehold.co/400x300/f8fafc/ec4899?text=Salicylic+Acid+2%+Gel,True,"[""otc"",""indonesia"",""chatbot-ready""]"
3449,Benzoyl Peroxide 5% Gel,Obat Kulit & Luka,35000.0,437,Benzoyl Peroxide 5%,Jerawat sedang membandel; Gejala terkait: jerawat bandel; bp5; benzoyl peroxide,Sesuai aturan pakai pada kemasan. Gunakan sesuai petunjuk pada kemasan. Jika sakit berlanjut hubungi dokter.,Benzoyl Peroxide 5%,Jerawat sedang membandel; jerawat bandel; bp5; benzoyl peroxide; Gunakan sesuai petunjuk pada kemasan. Jika sakit berlanjut hubungi dokter.,"Kulit kering parah, mengelupas",2028-12-31,Topikal,https://placehold.co/400x300/f8fafc/ec4899?text=Benzoyl+Peroxide+5%+Gel,True,"[""otc"",""indonesia"",""chatbot-ready""]"
3450,Fluocinolone Cream 0.025%,Obat Kulit & Luka,18000.0,106,Fluocinolone Acetonide 0.025%,"Eksim, psoriasis, lichen; Gejala terkait: eksim kronis; psoriasis ringan",Sesuai aturan pakai pada kemasan. Gunakan sesuai petunjuk pada kemasan. Jika sakit berlanjut hubungi dokter.,Fluocinolone Acetonide 0.025%,"Eksim, psoriasis, lichen; eksim kronis; psoriasis ringan; Gunakan sesuai petunjuk pada kemasan. Jika sakit berlanjut hubungi dokter.",Penipisan kulit,2028-12-31,Topikal,https://placehold.co/400x300/f8fafc/ec4899?text=Fluocinolone+Cream+0.025%,True,"[""otc"",""indonesia"",""chatbot-ready""]"
3451,Gentamicin Eye Drops,Mata & Telinga,18000.0,394,Gentamicin Sulfate 0.3% tetes mata,Konjungtivitis bakteri; Gejala terkait: belekan; mata bernanah; konjungtivitis,Sesuai aturan pakai pada kemasan. Gunakan sesuai petunjuk pada kemasan. Jika sakit berlanjut hubungi dokter.,Gentamicin Sulfate 0.3% tetes mata,Konjungtivitis bakteri; belekan; mata bernanah; konjungtivitis; Gunakan sesuai petunjuk pada kemasan. Jika sakit berlanjut hubungi dokter.,Iritasi mata,2028-12-31,Produk,https://placehold.co/400x300/f8fafc/0ea5e9?text=Gentamicin+Eye+Drops,True,"[""otc"",""indonesia"",""chatbot-ready""]"
3452,Kloramfenikol Tetes Mata,Mata & Telinga,8000.0,153,Chloramphenicol 0.5%,Belekan bakteri mata generik; Gejala terkait: belekan murah; mata bernanah generik,Sesuai aturan pakai pada kemasan. Gunakan sesuai petunjuk pada kemasan. Jika sakit berlanjut hubungi dokter.,Chloramphenicol 0.5%,Belekan bakteri mata generik; belekan murah; mata bernanah generik; Gunakan sesuai petunjuk pada kemasan. Jika sakit berlanjut hubungi dokter.,Pandangan kabur sementara,2028-12-31,Produk,https://placehold.co/400x300/f8fafc/0ea5e9?text=Kloramfenikol+Tetes+Mata,True,"[""otc"",""indonesia"",""chatbot-ready""]"
3453,Silver Sulfadiazine Cream 1%,Obat Kulit & Luka,35000.0,298,Silver Sulfadiazine 1%,"Luka bakar, luka infeksi kronis; Gejala terkait: luka bakar generik; silver sulfadiazine",Sesuai aturan pakai pada kemasan. Gunakan sesuai petunjuk pada kemasan. Jika sakit berlanjut hubungi dokter.,Silver Sulfadiazine 1%,"Luka bakar, luka infeksi kronis; luka bakar generik; silver sulfadiazine; Gunakan sesuai petunjuk pada kemasan. Jika sakit berlanjut hubungi dokter.","Iritasi lokal, bercak hitam",2026-12-31,Topikal,https://placehold.co/400x300/f8fafc/ec4899?text=Silver+Sulfadiazine+Cream+1%,True,"[""otc"",""indonesia"",""chatbot-ready""]"
3454,Antimo Tablet,Obat Batuk,5000.0,491,"Diphenhydramine HCl 25mg, Caffeine 20mg",Mabuk perjalanan; Gejala terkait: mabuk darat; mabuk perjalanan; mabuk laut,Sesuai aturan pakai pada kemasan. Gunakan sesuai petunjuk pada kemasan. Jika sakit berlanjut hubungi dokter.,"Diphenhydramine HCl 25mg, Caffeine 20mg",Mabuk perjalanan; mabuk darat; mabuk perjalanan; mabuk laut; Gunakan sesuai petunjuk pada kemasan. Jika sakit berlanjut hubungi dokter.,Mengantuk atau justru antri tidur,2027-06-30,Tablet,https://placehold.co/400x300/f8fafc/3b82f6?text=Antimo+Tablet,True,"[""otc"",""indonesia"",""chatbot-ready""]"
3455,Antimo Anak Sirup,Obat Batuk,15000.0,461,Diphenhydramine HCl sirup anak,Mabuk perjalanan anak; Gejala terkait: mabuk perjalanan anak; mabuk mobil anak,Sesuai aturan pakai pada kemasan. Gunakan sesuai petunjuk pada kemasan. Jika sakit berlanjut hubungi dokter.,Diphenhydramine HCl sirup anak,Mabuk perjalanan anak; mabuk perjalanan anak; mabuk mobil anak; Gunakan sesuai petunjuk pada kemasan. Jika sakit berlanjut hubungi dokter.,Mengantuk,2028-03-15,Sirup,https://placehold.co/400x300/f8fafc/3b82f6?text=Antimo+Anak+Sirup,True,"[""otc"",""indonesia"",""chatbot-ready""]"
3456,Scopola Tablet,Obat Batuk,5000.0,108,Dimenhydrinate 50mg,Mabuk perjalanan dewasa; Gejala terkait: mabuk laut; mabuk udara,Sesuai aturan pakai pada kemasan. Gunakan sesuai petunjuk pada kemasan. Jika sakit berlanjut hubungi dokter.,Dimenhydrinate 50mg,Mabuk perjalanan dewasa; mabuk laut; mabuk udara; Gunakan sesuai petunjuk pada kemasan. Jika sakit berlanjut hubungi dokter.,"Sangat mengantuk, mulut kering",2027-06-30,Tablet,https://placehold.co/400x300/f8fafc/3b82f6?text=Scopola+Tablet,True,"[""otc"",""indonesia"",""chatbot-ready""]"
3457,Prochlorperazine Tablet,Pencernaan & Diare,12000.0,451,Prochlorperazine 5mg,"Mual muntah, vertigo; Gejala terkait: vertigo; mual muntah; prochlorperazine",Sesuai aturan pakai pada kemasan. Gunakan sesuai petunjuk pada kemasan. Jika sakit berlanjut hubungi dokter.,Prochlorperazine 5mg,"Mual muntah, vertigo; vertigo; mual muntah; prochlorperazine; Gunakan sesuai petunjuk pada kemasan. Jika sakit berlanjut hubungi dokter.","Mengantuk, extrapyramidal",2028-12-31,Tablet,https://placehold.co/400x300/f8fafc/f59e0b?text=Prochlorperazine+Tablet,True,"[""otc"",""indonesia"",""chatbot-ready""]"
3458,Betahistine Tablet,Pencernaan & Diare,18000.0,339,Betahistine HCl 8mg,"Vertigo (Meniere's), tinnitus; Gejala terkait: vertigo; meniere; telinga berdenging",Sesuai aturan pakai pada kemasan. Gunakan sesuai petunjuk pada kemasan. Jika sakit berlanjut hubungi dokter.,Betahistine HCl 8mg,"Vertigo (Meniere's), tinnitus; vertigo; meniere; telinga berdenging; Gunakan sesuai petunjuk pada kemasan. Jika sakit berlanjut hubungi dokter.","Sakit kepala, mual ringan",2026-12-31,Tablet,https://placehold.co/400x300/f8fafc/f59e0b?text=Betahistine+Tablet,True,"[""otc"",""indonesia"",""chatbot-ready""]"
3459,Cinnarizine Tablet 25mg,Obat Batuk,5000.0,202,Cinnarizine 25mg,"Vertigo, mabuk perjalanan, pusing berputar; Gejala terkait: vertigo; pusing berputar; cinnarizine",Sesuai aturan pakai pada kemasan. Gunakan sesuai petunjuk pada kemasan. Jika sakit berlanjut hubungi dokter.,Cinnarizine 25mg,"Vertigo, mabuk perjalanan, pusing berputar; vertigo; pusing berputar; cinnarizine; Gunakan sesuai petunjuk pada kemasan. Jika sakit berlanjut hubungi dokter.","Mengantuk, mulut kering",2027-06-30,Tablet,https://placehold.co/400x300/f8fafc/3b82f6?text=Cinnarizine+Tablet+25mg,True,"[""otc"",""indonesia"",""chatbot-ready""]"
3460,Flunarizine Kapsul 5mg,Nyeri & Demam,18000.0,132,Flunarizine 5mg,"Migrain profilaktik, vertigo; Gejala terkait: pencegahan migrain; vertigo kronis",Sesuai aturan pakai pada kemasan. Gunakan sesuai petunjuk pada kemasan. Jika sakit berlanjut hubungi dokter.,Flunarizine 5mg,"Migrain profilaktik, vertigo; pencegahan migrain; vertigo kronis; Gunakan sesuai petunjuk pada kemasan. Jika sakit berlanjut hubungi dokter.","Mengantuk, depresi",2027-06-30,Produk,https://placehold.co/400x300/f8fafc/ef4444?text=Flunarizine+Kapsul+5mg,True,"[""otc"",""indonesia"",""chatbot-ready""]"
3461,ORS Sachets Oralit WHO,Pencernaan & Diare,1500.0,288,"NaCl 3.5g, KCl 1.5g, Glukosa 20g, NaHCO3",Rehidrasi standar WHO; Gejala terkait: oralit who; dehidrasi; elektrolit,Sesuai aturan pakai pada kemasan. Gunakan sesuai petunjuk pada kemasan. Jika sakit berlanjut hubungi dokter.,"NaCl 3.5g, KCl 1.5g, Glukosa 20g, NaHCO3",Rehidrasi standar WHO; oralit who; dehidrasi; elektrolit; Gunakan sesuai petunjuk pada kemasan. Jika sakit berlanjut hubungi dokter.,Mual bila cepat,2026-12-31,Sachet,https://placehold.co/400x300/f8fafc/f59e0b?text=ORS+Sachets+Oralit+WHO,True,"[""otc"",""indonesia"",""chatbot-ready""]"
3462,Bioron Tablet,Vitamin & Suplemen,55000.0,96,"Boron 3mg, Calcium, Vitamin D3",Kesehatan tulang dan sendi; Gejala terkait: tulang; sendi; osteoporosis pencegahan,Sesuai aturan pakai pada kemasan. Gunakan sesuai petunjuk pada kemasan. Jika sakit berlanjut hubungi dokter.,"Boron 3mg, Calcium, Vitamin D3",Kesehatan tulang dan sendi; tulang; sendi; osteoporosis pencegahan; Gunakan sesuai petunjuk pada kemasan. Jika sakit berlanjut hubungi dokter.,Jarang,2027-06-30,Tablet,https://placehold.co/400x300/f8fafc/eab308?text=Bioron+Tablet,True,"[""otc"",""indonesia"",""chatbot-ready""]"
3463,Chondroitin Kapsul,Nyeri & Demam,65000.0,30,Chondroitin Sulfate 400mg,Kesehatan sendi dan tulang rawan; Gejala terkait: sendi aus; lutut nyeri; tulang rawan,Sesuai aturan pakai pada kemasan. Gunakan sesuai petunjuk pada kemasan. Jika sakit berlanjut hubungi dokter.,Chondroitin Sulfate 400mg,Kesehatan sendi dan tulang rawan; sendi aus; lutut nyeri; tulang rawan; Gunakan sesuai petunjuk pada kemasan. Jika sakit berlanjut hubungi dokter.,Mual ringan,2028-12-31,Produk,https://placehold.co/400x300/f8fafc/ef4444?text=Chondroitin+Kapsul,True,"[""otc"",""indonesia"",""chatbot-ready""]"
3464,Atorvastatin 10mg,Vitamin & Suplemen,22000.0,468,Atorvastatin Calcium 10mg,Kolesterol tinggi (Perlu resep dokter); Gejala terkait: kolesterol; lemak darah; statin,Sesuai aturan pakai pada kemasan. Gunakan sesuai petunjuk pada kemasan. Jika sakit berlanjut hubungi dokter.,Atorvastatin Calcium 10mg,Kolesterol tinggi (Perlu resep dokter); kolesterol; lemak darah; statin; Gunakan sesuai petunjuk pada kemasan. Jika sakit berlanjut hubungi dokter.,"Nyeri otot, hati",2026-12-31,Produk,https://placehold.co/400x300/f8fafc/eab308?text=Atorvastatin+10mg,True,"[""otc"",""indonesia"",""chatbot-ready""]"
3465,Acarbose Tablet,Herbal & Tradisional,15000.0,180,Acarbose 50mg,Diabetes tipe 2 (Perlu resep); Gejala terkait: diabetes; gula darah; acarbose,Sesuai aturan pakai pada kemasan. Gunakan sesuai petunjuk pada kemasan. Jika sakit berlanjut hubungi dokter.,Acarbose 50mg,Diabetes tipe 2 (Perlu resep); diabetes; gula darah; acarbose; Gunakan sesuai petunjuk pada kemasan. Jika sakit berlanjut hubungi dokter.,"Kembung, diare",2028-03-15,Tablet,https://placehold.co/400x300/f8fafc/84cc16?text=Acarbose+Tablet,True,"[""otc"",""indonesia"",""chatbot-ready""]"
3466,Glibenclamide Tablet,Herbal & Tradisional,5000.0,260,Glibenclamide 5mg,Diabetes tipe 2 (Perlu resep); Gejala terkait: diabetes; gula darah; sulfonilurea,Sesuai aturan pakai pada kemasan. Gunakan sesuai petunjuk pada kemasan. Jika sakit berlanjut hubungi dokter.,Glibenclamide 5mg,Diabetes tipe 2 (Perlu resep); diabetes; gula darah; sulfonilurea; Gunakan sesuai petunjuk pada kemasan. Jika sakit berlanjut hubungi dokter.,Hipoglikemia,2028-12-31,Tablet,https://placehold.co/400x300/f8fafc/84cc16?text=Glibenclamide+Tablet,True,"[""otc"",""indonesia"",""chatbot-ready""]"
3467,Metformin Tablet 500mg,Herbal & Tradisional,5000.0,122,Metformin HCl 500mg,Diabetes tipe 2 (Perlu resep); Gejala terkait: diabetes; gula darah; metformin,Sesuai aturan pakai pada kemasan. Gunakan sesuai petunjuk pada kemasan. Jika sakit berlanjut hubungi dokter.,Metformin HCl 500mg,Diabetes tipe 2 (Perlu resep); diabetes; gula darah; metformin; Gunakan sesuai petunjuk pada kemasan. Jika sakit berlanjut hubungi dokter.,"Mual, diare GI",2027-06-30,Tablet,https://placehold.co/400x300/f8fafc/84cc16?text=Metformin+Tablet+500mg,True,"[""otc"",""indonesia"",""chatbot-ready""]"
3468,Amlodipine Tablet 5mg,Herbal & Tradisional,8000.0,435,Amlodipine Besylate 5mg,"Hipertensi, angina (Perlu resep); Gejala terkait: tekanan darah tinggi; hipertensi; CCB",Sesuai aturan pakai pada kemasan. Gunakan sesuai petunjuk pada kemasan. Jika sakit berlanjut hubungi dokter.,Amlodipine Besylate 5mg,"Hipertensi, angina (Perlu resep); tekanan darah tinggi; hipertensi; CCB; Gunakan sesuai petunjuk pada kemasan. Jika sakit berlanjut hubungi dokter.","Kaki bengkak, kemerahan wajah",2026-12-31,Tablet,https://placehold.co/400x300/f8fafc/84cc16?text=Amlodipine+Tablet+5mg,True,"[""otc"",""indonesia"",""chatbot-ready""]"
3469,Captopril Tablet 25mg,Herbal & Tradisional,5000.0,169,Captopril 25mg,"Hipertensi, gagal jantung (Perlu resep); Gejala terkait: hipertensi; ACE inhibitor",Sesuai aturan pakai pada kemasan. Gunakan sesuai petunjuk pada kemasan. Jika sakit berlanjut hubungi dokter.,Captopril 25mg,"Hipertensi, gagal jantung (Perlu resep); hipertensi; ACE inhibitor; Gunakan sesuai petunjuk pada kemasan. Jika sakit berlanjut hubungi dokter.","Batuk kering, hipotensi",2026-12-31,Tablet,https://placehold.co/400x300/f8fafc/84cc16?text=Captopril+Tablet+25mg,True,"[""otc"",""indonesia"",""chatbot-ready""]"
3470,Simvastatin Tablet 10mg,Herbal & Tradisional,5000.0,472,Simvastatin 10mg,Kolesterol (Perlu resep); Gejala terkait: kolesterol; simvastatin; lemak darah,Sesuai aturan pakai pada kemasan. Gunakan sesuai petunjuk pada kemasan. Jika sakit berlanjut hubungi dokter.,Simvastatin 10mg,Kolesterol (Perlu resep); kolesterol; simvastatin; lemak darah; Gunakan sesuai petunjuk pada kemasan. Jika sakit berlanjut hubungi dokter.,"Nyeri otot, hati",2028-03-15,Tablet,https://placehold.co/400x300/f8fafc/84cc16?text=Simvastatin+Tablet+10mg,True,"[""otc"",""indonesia"",""chatbot-ready""]"
3471,Candesartan Tablet,Herbal & Tradisional,18000.0,190,Candesartan Cilexetil 8mg,"Hipertensi, perlindungan ginjal (Perlu resep); Gejala terkait: hipertensi; ARB; tekanan darah tinggi",Sesuai aturan pakai pada kemasan. Gunakan sesuai petunjuk pada kemasan. Jika sakit berlanjut hubungi dokter.,Candesartan Cilexetil 8mg,"Hipertensi, perlindungan ginjal (Perlu resep); hipertensi; ARB; tekanan darah tinggi; Gunakan sesuai petunjuk pada kemasan. Jika sakit berlanjut hubungi dokter.","Pusing, hipotensi",2027-06-30,Tablet,https://placehold.co/400x300/f8fafc/84cc16?text=Candesartan+Tablet,True,"[""otc"",""indonesia"",""chatbot-ready""]"
3472,Lisinopril Tablet 5mg,Herbal & Tradisional,8000.0,482,Lisinopril 5mg,"Hipertensi, gagal jantung (Perlu resep); Gejala terkait: tekanan darah; ACE inhibitor; jantung",Sesuai aturan pakai pada kemasan. Gunakan sesuai petunjuk pada kemasan. Jika sakit berlanjut hubungi dokter.,Lisinopril 5mg,"Hipertensi, gagal jantung (Perlu resep); tekanan darah; ACE inhibitor; jantung; Gunakan sesuai petunjuk pada kemasan. Jika sakit berlanjut hubungi dokter.","Batuk kering, hipotensi",2028-03-15,Tablet,https://placehold.co/400x300/f8fafc/84cc16?text=Lisinopril+Tablet+5mg,True,"[""otc"",""indonesia"",""chatbot-ready""]"
3473,Salbutamol Inhaler,Perawatan Hidung & Pernapasan,55000.0,46,Salbutamol 100mcg/dosis MDI,Asma akut dan PPOK (perlu resep di sebagian apotek); Gejala terkait: asma; sesak napas; bronkodilator; inhaler,Sesuai aturan pakai pada kemasan. Gunakan sesuai petunjuk pada kemasan. Jika sakit berlanjut hubungi dokter.,Salbutamol 100mcg/dosis MDI,Asma akut dan PPOK (perlu resep di sebagian apotek); asma; sesak napas; bronkodilator; inhaler; Gunakan sesuai petunjuk pada kemasan. Jika sakit berlanjut hubungi dokter.,"Berdebar, tremor tangan",2028-12-31,Produk,https://placehold.co/400x300/f8fafc/64748b?text=Salbutamol+Inhaler,True,"[""otc"",""indonesia"",""chatbot-ready""]"
3474,Ventolin Inhaler,Perawatan Hidung & Pernapasan,85000.0,60,Salbutamol 100mcg/dosis,Asma dan PPOK; Gejala terkait: asma; ventolin; bronkodilator,Sesuai aturan pakai pada kemasan. Gunakan sesuai petunjuk pada kemasan. Jika sakit berlanjut hubungi dokter.,Salbutamol 100mcg/dosis,Asma dan PPOK; asma; ventolin; bronkodilator; Gunakan sesuai petunjuk pada kemasan. Jika sakit berlanjut hubungi dokter.,"Berdebar, tremor",2026-12-31,Produk,https://placehold.co/400x300/f8fafc/64748b?text=Ventolin+Inhaler,True,"[""otc"",""indonesia"",""chatbot-ready""]"
3475,Formoterol Inhaler,Perawatan Hidung & Pernapasan,125000.0,89,Formoterol 12mcg/dosis,Asma maintenance (perlu resep); Gejala terkait: asma maintenance; PPOK; LABA,Sesuai aturan pakai pada kemasan. Gunakan sesuai petunjuk pada kemasan. Jika sakit berlanjut hubungi dokter.,Formoterol 12mcg/dosis,Asma maintenance (perlu resep); asma maintenance; PPOK; LABA; Gunakan sesuai petunjuk pada kemasan. Jika sakit berlanjut hubungi dokter.,"Berdebar, kram otot",2028-03-15,Produk,https://placehold.co/400x300/f8fafc/64748b?text=Formoterol+Inhaler,True,"[""otc"",""indonesia"",""chatbot-ready""]"
3476,Symbicort Inhaler,Perawatan Hidung & Pernapasan,350000.0,57,Budesonide + Formoterol MDI,Asma dan PPOK kombinasi (perlu resep); Gejala terkait: asma berat; PPOK kombinasi; symbicort,Sesuai aturan pakai pada kemasan. Gunakan sesuai petunjuk pada kemasan. Jika sakit berlanjut hubungi dokter.,Budesonide + Formoterol MDI,Asma dan PPOK kombinasi (perlu resep); asma berat; PPOK kombinasi; symbicort; Gunakan sesuai petunjuk pada kemasan. Jika sakit berlanjut hubungi dokter.,"Sariawan mulut, berdebar",2027-06-30,Produk,https://placehold.co/400x300/f8fafc/64748b?text=Symbicort+Inhaler,True,"[""otc"",""indonesia"",""chatbot-ready""]"
3477,Combivent MDI,Perawatan Hidung & Pernapasan,145000.0,39,Salbutamol + Ipratropium,"PPOK, asma berat (perlu resep); Gejala terkait: PPOK; asma berat; bronkodilator ganda",Sesuai aturan pakai pada kemasan. Gunakan sesuai petunjuk pada kemasan. Jika sakit berlanjut hubungi dokter.,Salbutamol + Ipratropium,"PPOK, asma berat (perlu resep); PPOK; asma berat; bronkodilator ganda; Gunakan sesuai petunjuk pada kemasan. Jika sakit berlanjut hubungi dokter.","Berdebar, mulut kering",2028-12-31,Produk,https://placehold.co/400x300/f8fafc/64748b?text=Combivent+MDI,True,"[""otc"",""indonesia"",""chatbot-ready""]"
3478,Mucolite Kapsul,Obat Batuk,45000.0,165,Erdosteine 300mg,"Batuk PPOK, bronkitis kronis; Gejala terkait: PPOK; bronkitis kronis; erdosteine",Sesuai aturan pakai pada kemasan. Gunakan sesuai petunjuk pada kemasan. Jika sakit berlanjut hubungi dokter.,Erdosteine 300mg,"Batuk PPOK, bronkitis kronis; PPOK; bronkitis kronis; erdosteine; Gunakan sesuai petunjuk pada kemasan. Jika sakit berlanjut hubungi dokter.",Mual,2028-03-15,Produk,https://placehold.co/400x300/f8fafc/3b82f6?text=Mucolite+Kapsul,True,"[""otc"",""indonesia"",""chatbot-ready""]"
3479,Spiriva Handihaler,Perawatan Hidung & Pernapasan,250000.0,56,Tiotropium Bromide 18mcg,PPOK maintenance (perlu resep); Gejala terkait: PPOK maintenance; tiotropium; anticholinergik,Sesuai aturan pakai pada kemasan. Gunakan sesuai petunjuk pada kemasan. Jika sakit berlanjut hubungi dokter.,Tiotropium Bromide 18mcg,PPOK maintenance (perlu resep); PPOK maintenance; tiotropium; anticholinergik; Gunakan sesuai petunjuk pada kemasan. Jika sakit berlanjut hubungi dokter.,"Mulut kering, retensi urin",2028-03-15,Produk,https://placehold.co/400x300/f8fafc/64748b?text=Spiriva+Handihaler,True,"[""otc"",""indonesia"",""chatbot-ready""]"
3480,Budesonide Nasal Spray,Perawatan Hidung & Pernapasan,65000.0,85,Budesonide 64mcg/dosis,Rinitis alergi kronis; Gejala terkait: rinitis alergi; hidung meler kronis; steroid nasal,Sesuai aturan pakai pada kemasan. Gunakan sesuai petunjuk pada kemasan. Jika sakit berlanjut hubungi dokter.,Budesonide 64mcg/dosis,Rinitis alergi kronis; rinitis alergi; hidung meler kronis; steroid nasal; Gunakan sesuai petunjuk pada kemasan. Jika sakit berlanjut hubungi dokter.,"Mimisan, iritasi hidung",2027-06-30,Spray,https://placehold.co/400x300/f8fafc/64748b?text=Budesonide+Nasal+Spray,True,"[""otc"",""indonesia"",""chatbot-ready""]"
3481,Mometasone Nasal Spray,Perawatan Hidung & Pernapasan,85000.0,50,Mometasone Furoate 50mcg,"Rinitis alergi, polip hidung; Gejala terkait: rinitis alergi; polip; nasonex generik",Sesuai aturan pakai pada kemasan. Gunakan sesuai petunjuk pada kemasan. Jika sakit berlanjut hubungi dokter.,Mometasone Furoate 50mcg,"Rinitis alergi, polip hidung; rinitis alergi; polip; nasonex generik; Gunakan sesuai petunjuk pada kemasan. Jika sakit berlanjut hubungi dokter.","Mimisan, iritasi",2028-12-31,Spray,https://placehold.co/400x300/f8fafc/64748b?text=Mometasone+Nasal+Spray,True,"[""otc"",""indonesia"",""chatbot-ready""]"
3482,Xyzal Tablet 5mg,Alergi & Gatal,65000.0,51,Levocetirizine HCl 5mg,Alergi generasi ketiga tanpa kantuk; Gejala terkait: alergi terkini; antihistamin baru; gatal,Sesuai aturan pakai pada kemasan. Gunakan sesuai petunjuk pada kemasan. Jika sakit berlanjut hubungi dokter.,Levocetirizine HCl 5mg,Alergi generasi ketiga tanpa kantuk; alergi terkini; antihistamin baru; gatal; Gunakan sesuai petunjuk pada kemasan. Jika sakit berlanjut hubungi dokter.,Mengantuk minimal,2028-03-15,Tablet,https://placehold.co/400x300/f8fafc/8b5cf6?text=Xyzal+Tablet+5mg,True,"[""otc"",""indonesia"",""chatbot-ready""]"
3483,Bilastine Tablet 20mg,Alergi & Gatal,85000.0,77,Bilastine 20mg,Rinitis alergi dan urtikaria tanpa kantuk; Gejala terkait: alergi tanpa kantuk premium; urtikaria,Sesuai aturan pakai pada kemasan. Gunakan sesuai petunjuk pada kemasan. Jika sakit berlanjut hubungi dokter.,Bilastine 20mg,Rinitis alergi dan urtikaria tanpa kantuk; alergi tanpa kantuk premium; urtikaria; Gunakan sesuai petunjuk pada kemasan. Jika sakit berlanjut hubungi dokter.,Jarang,2028-12-31,Tablet,https://placehold.co/400x300/f8fafc/8b5cf6?text=Bilastine+Tablet+20mg,True,"[""otc"",""indonesia"",""chatbot-ready""]"
3484,Rupatadine Tablet 10mg,Alergi & Gatal,75000.0,96,Rupatadine 10mg,Rinitis alergi dan urtikaria kronis; Gejala terkait: alergi kronis; urtikaria; anti-PAF,Sesuai aturan pakai pada kemasan. Gunakan sesuai petunjuk pada kemasan. Jika sakit berlanjut hubungi dokter.,Rupatadine 10mg,Rinitis alergi dan urtikaria kronis; alergi kronis; urtikaria; anti-PAF; Gunakan sesuai petunjuk pada kemasan. Jika sakit berlanjut hubungi dokter.,Mengantuk ringan,2028-03-15,Tablet,https://placehold.co/400x300/f8fafc/8b5cf6?text=Rupatadine+Tablet+10mg,True,"[""otc"",""indonesia"",""chatbot-ready""]"
3485,Pheniramine Maleate Tablet,Alergi & Gatal,4000.0,200,Pheniramine Maleate 25mg,Alergi dan rhinitis generasi 1; Gejala terkait: alergi murah; gatal; rhinitis,Sesuai aturan pakai pada kemasan. Gunakan sesuai petunjuk pada kemasan. Jika sakit berlanjut hubungi dokter.,Pheniramine Maleate 25mg,Alergi dan rhinitis generasi 1; alergi murah; gatal; rhinitis; Gunakan sesuai petunjuk pada kemasan. Jika sakit berlanjut hubungi dokter.,Sangat mengantuk,2028-03-15,Tablet,https://placehold.co/400x300/f8fafc/8b5cf6?text=Pheniramine+Maleate+Tablet,True,"[""otc"",""indonesia"",""chatbot-ready""]"
3486,Betadine Feminine Wash,Obat Kulit & Luka,28000.0,227,Povidone Iodine 10% sabun wanita,Kebersihan area kewanitaan; Gejala terkait: keputihan; gatal area wanita; vaginal wash,Sesuai aturan pakai pada kemasan. Gunakan sesuai petunjuk pada kemasan. Jika sakit berlanjut hubungi dokter.,Povidone Iodine 10% sabun wanita,Kebersihan area kewanitaan; keputihan; gatal area wanita; vaginal wash; Gunakan sesuai petunjuk pada kemasan. Jika sakit berlanjut hubungi dokter.,Iritasi lokal (gunakan sesuai petunjuk),2028-03-15,Produk,https://placehold.co/400x300/f8fafc/ec4899?text=Betadine+Feminine+Wash,True,"[""otc"",""indonesia"",""chatbot-ready""]"
3487,Carefree Pantyliner,Vitamin & Suplemen,15000.0,376,Non-medicated pantyliner,Kelembaban harian wanita; Gejala terkait: pantyliner; wanita; kebersihan,Sesuai aturan pakai pada kemasan. Gunakan sesuai petunjuk pada kemasan. Jika sakit berlanjut hubungi dokter.,Non-medicated pantyliner,Kelembaban harian wanita; pantyliner; wanita; kebersihan; Gunakan sesuai petunjuk pada kemasan. Jika sakit berlanjut hubungi dokter.,Alergi (jarang),2026-12-31,Produk,https://placehold.co/400x300/f8fafc/eab308?text=Carefree+Pantyliner,True,"[""otc"",""indonesia"",""chatbot-ready""]"
3488,Canesten Krim Vaginal,Antijamur & Kulit,55000.0,32,Clotrimazole 1% krim vaginal,"Kandidiasis vaginal, gatal keputihan; Gejala terkait: jamur vaginal; keputihan berbau; gatal intim",Sesuai aturan pakai pada kemasan. Gunakan sesuai petunjuk pada kemasan. Jika sakit berlanjut hubungi dokter.,Clotrimazole 1% krim vaginal,"Kandidiasis vaginal, gatal keputihan; jamur vaginal; keputihan berbau; gatal intim; Gunakan sesuai petunjuk pada kemasan. Jika sakit berlanjut hubungi dokter.",Iritasi lokal,2028-03-15,Produk,https://placehold.co/400x300/f8fafc/14b8a6?text=Canesten+Krim+Vaginal,True,"[""otc"",""indonesia"",""chatbot-ready""]"
3489,Betadine Feminine Gel,Obat Kulit & Luka,35000.0,265,Povidone Iodine 10% gel intim,Keputihan dan kebersihan intim gel; Gejala terkait: keputihan gel; gatal intim,Sesuai aturan pakai pada kemasan. Gunakan sesuai petunjuk pada kemasan. Jika sakit berlanjut hubungi dokter.,Povidone Iodine 10% gel intim,Keputihan dan kebersihan intim gel; keputihan gel; gatal intim; Gunakan sesuai petunjuk pada kemasan. Jika sakit berlanjut hubungi dokter.,Iritasi,2027-06-30,Topikal,https://placehold.co/400x300/f8fafc/ec4899?text=Betadine+Feminine+Gel,True,"[""otc"",""indonesia"",""chatbot-ready""]"
3490,Gynecosid Tablet,Vitamin & Suplemen,15000.0,331,Methylergometrine 0.125mg,"Perdarahan post-partum, haid tidak teratur; Gejala terkait: perdarahan; haid tidak lancar; methylergometrine",Sesuai aturan pakai pada kemasan. Gunakan sesuai petunjuk pada kemasan. Jika sakit berlanjut hubungi dokter.,Methylergometrine 0.125mg,"Perdarahan post-partum, haid tidak teratur; perdarahan; haid tidak lancar; methylergometrine; Gunakan sesuai petunjuk pada kemasan. Jika sakit berlanjut hubungi dokter.","Mual, berdebar (jarang tanpa resep)",2027-06-30,Tablet,https://placehold.co/400x300/f8fafc/eab308?text=Gynecosid+Tablet,True,"[""otc"",""indonesia"",""chatbot-ready""]"
3491,Mefenamic Forte 500mg,Nyeri & Demam,15000.0,374,Mefenamic Acid 500mg,"Nyeri haid berat, nyeri akut; Gejala terkait: nyeri haid berat; dismenore; mefenamat",Sesuai aturan pakai pada kemasan. Gunakan sesuai petunjuk pada kemasan. Jika sakit berlanjut hubungi dokter.,Mefenamic Acid 500mg,"Nyeri haid berat, nyeri akut; nyeri haid berat; dismenore; mefenamat; Gunakan sesuai petunjuk pada kemasan. Jika sakit berlanjut hubungi dokter.",Iritasi lambung parah,2028-03-15,Produk,https://placehold.co/400x300/f8fafc/ef4444?text=Mefenamic+Forte+500mg,True,"[""otc"",""indonesia"",""chatbot-ready""]"
3492,Ibuprofen 400mg Tablet,Nyeri & Demam,8000.0,308,Ibuprofen 400mg,"Nyeri sedang, haid, gigi, radang sendi; Gejala terkait: nyeri sedang; ibuprofen 400; haid",Sesuai aturan pakai pada kemasan. Gunakan sesuai petunjuk pada kemasan. Jika sakit berlanjut hubungi dokter.,Ibuprofen 400mg,"Nyeri sedang, haid, gigi, radang sendi; nyeri sedang; ibuprofen 400; haid; Gunakan sesuai petunjuk pada kemasan. Jika sakit berlanjut hubungi dokter.",Nyeri lambung lebih,2026-12-31,Tablet,https://placehold.co/400x300/f8fafc/ef4444?text=Ibuprofen+400mg+Tablet,True,"[""otc"",""indonesia"",""chatbot-ready""]"
3493,Ibuprofen 200mg Strip,Nyeri & Demam,4000.0,455,Ibuprofen 200mg strip 4s,Nyeri ringan praktis; Gejala terkait: nyeri ringan strip; ibuprofen murah,Sesuai aturan pakai pada kemasan. Gunakan sesuai petunjuk pada kemasan. Jika sakit berlanjut hubungi dokter.,Ibuprofen 200mg strip 4s,Nyeri ringan praktis; nyeri ringan strip; ibuprofen murah; Gunakan sesuai petunjuk pada kemasan. Jika sakit berlanjut hubungi dokter.,Nyeri lambung,2028-12-31,Produk,https://placehold.co/400x300/f8fafc/ef4444?text=Ibuprofen+200mg+Strip,True,"[""otc"",""indonesia"",""chatbot-ready""]"
3494,Aspirin 500mg Tablet,Nyeri & Demam,8000.0,432,Acetylsalicylic Acid 500mg,"Nyeri dan demam dewasa, anti platelet; Gejala terkait: aspirin; anti nyeri; anti demam",Sesuai aturan pakai pada kemasan. Gunakan sesuai petunjuk pada kemasan. Jika sakit berlanjut hubungi dokter.,Acetylsalicylic Acid 500mg,"Nyeri dan demam dewasa, anti platelet; aspirin; anti nyeri; anti demam; Gunakan sesuai petunjuk pada kemasan. Jika sakit berlanjut hubungi dokter.","Perdarahan GI, asma aspirin",2028-12-31,Tablet,https://placehold.co/400x300/f8fafc/ef4444?text=Aspirin+500mg+Tablet,True,"[""otc"",""indonesia"",""chatbot-ready""]"
3495,Aspirin 80mg Kardio,Herbal & Tradisional,15000.0,252,Acetylsalicylic Acid 80mg,Pencegahan serangan jantung/stroke (resep); Gejala terkait: aspirin jantung; anti platelet; pencegahan stroke,Sesuai aturan pakai pada kemasan. Gunakan sesuai petunjuk pada kemasan. Jika sakit berlanjut hubungi dokter.,Acetylsalicylic Acid 80mg,Pencegahan serangan jantung/stroke (resep); aspirin jantung; anti platelet; pencegahan stroke; Gunakan sesuai petunjuk pada kemasan. Jika sakit berlanjut hubungi dokter.,Perdarahan lambung,2027-06-30,Produk,https://placehold.co/400x300/f8fafc/84cc16?text=Aspirin+80mg+Kardio,True,"[""otc"",""indonesia"",""chatbot-ready""]"
3496,Codein Fosfat Tablet,Obat Batuk,8000.0,466,Codeine Phosphate 10mg,Batuk keras (perlu resep narkotika); Gejala terkait: batuk berdahak keras; opioid batuk,Sesuai aturan pakai pada kemasan. Gunakan sesuai petunjuk pada kemasan. Jika sakit berlanjut hubungi dokter.,Codeine Phosphate 10mg,Batuk keras (perlu resep narkotika); batuk berdahak keras; opioid batuk; Gunakan sesuai petunjuk pada kemasan. Jika sakit berlanjut hubungi dokter.,"Sembelit, mengantuk, adiksi",2028-03-15,Tablet,https://placehold.co/400x300/f8fafc/3b82f6?text=Codein+Fosfat+Tablet,True,"[""otc"",""indonesia"",""chatbot-ready""]"
3497,Pseudoephedrine Tablet,Flu & Pilek,8000.0,155,Pseudoephedrine HCl 30mg,"Hidung tersumbat berat, sinusitis; Gejala terkait: hidung mampet; sinusitis; pseudoefedrin",Sesuai aturan pakai pada kemasan. Gunakan sesuai petunjuk pada kemasan. Jika sakit berlanjut hubungi dokter.,Pseudoephedrine HCl 30mg,"Hidung tersumbat berat, sinusitis; hidung mampet; sinusitis; pseudoefedrin; Gunakan sesuai petunjuk pada kemasan. Jika sakit berlanjut hubungi dokter.","Berdebar, insomnia",2026-12-31,Tablet,https://placehold.co/400x300/f8fafc/06b6d4?text=Pseudoephedrine+Tablet,True,"[""otc"",""indonesia"",""chatbot-ready""]"
3498,Cetirizine 5mg Tablet,Alergi & Gatal,5000.0,106,Cetirizine HCl 5mg (dosis anak-remaja),Alergi anak lebih besar; Gejala terkait: alergi anak 6-12; cetirizine setengah,Sesuai aturan pakai pada kemasan. Gunakan sesuai petunjuk pada kemasan. Jika sakit berlanjut hubungi dokter.,Cetirizine HCl 5mg (dosis anak-remaja),Alergi anak lebih besar; alergi anak 6-12; cetirizine setengah; Gunakan sesuai petunjuk pada kemasan. Jika sakit berlanjut hubungi dokter.,Mengantuk ringan,2028-03-15,Tablet,https://placehold.co/400x300/f8fafc/8b5cf6?text=Cetirizine+5mg+Tablet,True,"[""otc"",""indonesia"",""chatbot-ready""]"
3499,Loratadine Sirup 60ml,Alergi & Gatal,22000.0,386,Loratadine 5mg/5ml sirup,Alergi anak tanpa kantuk berat sirup; Gejala terkait: alergi anak sirup; biduran anak sirup,Sesuai aturan pakai pada kemasan. Gunakan sesuai petunjuk pada kemasan. Jika sakit berlanjut hubungi dokter.,Loratadine 5mg/5ml sirup,Alergi anak tanpa kantuk berat sirup; alergi anak sirup; biduran anak sirup; Gunakan sesuai petunjuk pada kemasan. Jika sakit berlanjut hubungi dokter.,Mulut kering,2028-12-31,Sirup,https://placehold.co/400x300/f8fafc/8b5cf6?text=Loratadine+Sirup+60ml,True,"[""otc"",""indonesia"",""chatbot-ready""]"
3500,Diphenhydramine Sirup,Obat Batuk,15000.0,338,Diphenhydramine HCl 12.5mg/5ml,"Batuk alergi anak, rinitis alergi; Gejala terkait: batuk alergi anak; benadryl generik",Sesuai aturan pakai pada kemasan. Gunakan sesuai petunjuk pada kemasan. Jika sakit berlanjut hubungi dokter.,Diphenhydramine HCl 12.5mg/5ml,"Batuk alergi anak, rinitis alergi; batuk alergi anak; benadryl generik; Gunakan sesuai petunjuk pada kemasan. Jika sakit berlanjut hubungi dokter.",Sangat mengantuk,2028-03-15,Sirup,https://placehold.co/400x300/f8fafc/3b82f6?text=Diphenhydramine+Sirup,True,"[""otc"",""indonesia"",""chatbot-ready""]"
3501,Chlorpheniramine Sirup,Alergi & Gatal,10000.0,181,CTM 2mg/5ml,Alergi anak generasi pertama murah; Gejala terkait: alergi anak murah; CTM sirup,Sesuai aturan pakai pada kemasan. Gunakan sesuai petunjuk pada kemasan. Jika sakit berlanjut hubungi dokter.,CTM 2mg/5ml,Alergi anak generasi pertama murah; alergi anak murah; CTM sirup; Gunakan sesuai petunjuk pada kemasan. Jika sakit berlanjut hubungi dokter.,Sangat mengantuk,2027-06-30,Sirup,https://placehold.co/400x300/f8fafc/8b5cf6?text=Chlorpheniramine+Sirup,True,"[""otc"",""indonesia"",""chatbot-ready""]"
3502,Promethazine Tablet 25mg,Alergi & Gatal,5000.0,392,Promethazine HCl 25mg,"Alergi berat, mabuk, mual, insomnia; Gejala terkait: alergi parah; mabuk; prometazin",Sesuai aturan pakai pada kemasan. Gunakan sesuai petunjuk pada kemasan. Jika sakit berlanjut hubungi dokter.,Promethazine HCl 25mg,"Alergi berat, mabuk, mual, insomnia; alergi parah; mabuk; prometazin; Gunakan sesuai petunjuk pada kemasan. Jika sakit berlanjut hubungi dokter.","Sangat mengantuk, mulut kering",2027-06-30,Tablet,https://placehold.co/400x300/f8fafc/8b5cf6?text=Promethazine+Tablet+25mg,True,"[""otc"",""indonesia"",""chatbot-ready""]"
3503,Dexamethasone Tablet 0.5mg,Alergi & Gatal,3000.0,329,Dexamethasone 0.5mg,"Radang berat, alergi berat (Perlu resep); Gejala terkait: radang berat; alergi parah; steroid",Sesuai aturan pakai pada kemasan. Gunakan sesuai petunjuk pada kemasan. Jika sakit berlanjut hubungi dokter.,Dexamethasone 0.5mg,"Radang berat, alergi berat (Perlu resep); radang berat; alergi parah; steroid; Gunakan sesuai petunjuk pada kemasan. Jika sakit berlanjut hubungi dokter.","Cushing, imuno-supresi",2028-03-15,Tablet,https://placehold.co/400x300/f8fafc/8b5cf6?text=Dexamethasone+Tablet+0.5mg,True,"[""otc"",""indonesia"",""chatbot-ready""]"
3504,Methylprednisolone Tablet 4mg,Alergi & Gatal,8000.0,403,Methylprednisolone 4mg,"Radang, alergi berat (Perlu resep); Gejala terkait: radang sendi; alergi sistemik; methylpred",Sesuai aturan pakai pada kemasan. Gunakan sesuai petunjuk pada kemasan. Jika sakit berlanjut hubungi dokter.,Methylprednisolone 4mg,"Radang, alergi berat (Perlu resep); radang sendi; alergi sistemik; methylpred; Gunakan sesuai petunjuk pada kemasan. Jika sakit berlanjut hubungi dokter.","Berat badan naik, ulkus",2026-12-31,Tablet,https://placehold.co/400x300/f8fafc/8b5cf6?text=Methylprednisolone+Tablet+4mg,True,"[""otc"",""indonesia"",""chatbot-ready""]"
3505,Prednisone Tablet 5mg,Alergi & Gatal,5000.0,458,Prednisone 5mg,"Asma, rematik, alergi berat (Perlu resep); Gejala terkait: asma; rematik; prednison",Sesuai aturan pakai pada kemasan. Gunakan sesuai petunjuk pada kemasan. Jika sakit berlanjut hubungi dokter.,Prednisone 5mg,"Asma, rematik, alergi berat (Perlu resep); asma; rematik; prednison; Gunakan sesuai petunjuk pada kemasan. Jika sakit berlanjut hubungi dokter.","Cushing, katarak",2028-03-15,Tablet,https://placehold.co/400x300/f8fafc/8b5cf6?text=Prednisone+Tablet+5mg,True,"[""otc"",""indonesia"",""chatbot-ready""]"
