id,name,category,price,stock,description,indication,dosage,ingredients,benefits,side_effects,expiry,type,photo,is_active,tags
2440,Komix Jeruk Nipis Sachet,Obat Batuk,1500.0,295,"Dextromethorphan, Guaifenesin",Batuk ringan; Gejala terkait: batuk ringan; batuk gatal,Sesuai aturan pakai pada kemasan. Gunakan sesuai petunjuk pada kemasan. Jika sakit berlanjut hubungi dokter.,"Dextromethorphan, Guaifenesin",Batuk ringan; batuk ringan; batuk gatal; Gunakan sesuai petunjuk pada kemasan. Jika sakit berlanjut hubungi dokter.,Mengantuk,2028-12-31,Sachet,https://placehold.co/400x300/f8fafc/3b82f6?text=Komix+Jeruk+Nipis+Sachet,True,"[""otc"",""indonesia"",""chatbot-ready""]"
2441,Dermatix Ultra Gel 15g,Obat Kulit & Luka,250000.0,36,"Cyclopentasiloxane, Vitamin C Ester",Menyamarkan bekas luka menonjol (keloid); Gejala terkait: bekas luka; keloid; salep bekas jerawat,Sesuai aturan pakai pada kemasan. Gunakan sesuai petunjuk pada kemasan. Jika sakit berlanjut hubungi dokter.,"Cyclopentasiloxane, Vitamin C Ester",Menyamarkan bekas luka menonjol (keloid); bekas luka; keloid; salep bekas jerawat; Gunakan sesuai petunjuk pada kemasan. Jika sakit berlanjut hubungi dokter.,Jarang,2026-12-31,Topikal,https://placehold.co/400x300/f8fafc/ec4899?text=Dermatix+Ultra+Gel+15g,False,"[""otc"",""indonesia"",""chatbot-ready""]"
2442,Oralit Tube 10g,Pencernaan & Diare,1000.0,477,"Glukosa, Elektrolit",Rehidrasi oral; Gejala terkait: dehidrasi diare; oralit,Sesuai aturan pakai pada kemasan. Gunakan sesuai petunjuk pada kemasan.,"Glukosa, Elektrolit",Rehidrasi oral; dehidrasi diare; oralit; Gunakan sesuai petunjuk pada kemasan.,Mual bila terlalu cepat diminum,2028-12-31,Produk,https://placehold.co/400x300/f8fafc/f59e0b?text=Oralit+Tube+10g,False,"[""otc"",""indonesia"",""chatbot-ready""]"
2443,CTM Tablet 4mg,Alergi & Gatal,2000.0,361,Chlorpheniramine Maleate,Obat anti alergi generasi pertama; Gejala terkait: obat tidur alergi; gatal parah,Sesuai aturan pakai pada kemasan. Gunakan sesuai petunjuk pada kemasan. Jika sakit berlanjut hubungi dokter.,Chlorpheniramine Maleate,Obat anti alergi generasi pertama; obat tidur alergi; gatal parah; Gunakan sesuai petunjuk pada kemasan. Jika sakit berlanjut hubungi dokter.,Sangat mengantuk,2028-03-15,Tablet,https://placehold.co/400x300/f8fafc/8b5cf6?text=CTM+Tablet+4mg,True,"[""otc"",""indonesia"",""chatbot-ready""]"
2444,Daktarin Diaper Cream,Antijamur & Kulit,75000.0,50,Miconazole Nitrate 2%,Infeksi jamur kulit dan lipatan; Gejala terkait: jamur selangkangan; kutu air; bedak jamur,Sesuai aturan pakai pada kemasan. Gunakan sesuai petunjuk pada kemasan. Jika sakit berlanjut hubungi dokter.,Miconazole Nitrate 2%,Infeksi jamur kulit dan lipatan; jamur selangkangan; kutu air; bedak jamur; Gunakan sesuai petunjuk pada kemasan. Jika sakit berlanjut hubungi dokter.,Iritasi ringan,2026-12-31,Topikal,https://placehold.co/400x300/f8fafc/14b8a6?text=Daktarin+Diaper+Cream,True,"[""otc"",""indonesia"",""chatbot-ready""]"
2445,Ultraflu Extra,Flu & Pilek,5000.0,100,"Paracetamol, Phenylpropanolamine, CTM",Gejala flu dan pilek; Gejala terkait: flu; bersin,Sesuai aturan pakai pada kemasan. Gunakan sesuai petunjuk pada kemasan. Jika sakit berlanjut hubungi dokter.,"Paracetamol, Phenylpropanolamine, CTM",Gejala flu dan pilek; flu; bersin; Gunakan sesuai petunjuk pada kemasan. Jika sakit berlanjut hubungi dokter.,Mengantuk,2028-12-31,Produk,https://placehold.co/400x300/f8fafc/06b6d4?text=Ultraflu+Extra,True,"[""otc"",""indonesia"",""chatbot-ready""]"
2446,CDR Tube 15 Tablet,Vitamin & Suplemen,68000.0,65,"Kalsium, Vitamin C, D, B6","Kesehatan tulang, gigi, dan imun; Gejala terkait: kalsium; tulang kuat; ibu hamil",Sesuai aturan pakai pada kemasan. Gunakan sesuai petunjuk pada kemasan. Jika sakit berlanjut hubungi dokter.,"Kalsium, Vitamin C, D, B6","Kesehatan tulang, gigi, dan imun; kalsium; tulang kuat; ibu hamil; Gunakan sesuai petunjuk pada kemasan. Jika sakit berlanjut hubungi dokter.",Kembung (karena gas effervescent),2028-12-31,Tablet,https://placehold.co/400x300/f8fafc/eab308?text=CDR+Tube+15+Tablet,True,"[""otc"",""indonesia"",""chatbot-ready""]"
2447,Otopain Box 100s,Mata & Telinga,520000.0,86,"Polymyxin B, Neomycin, Fludrocortisone, Lidocaine",Infeksi dan nyeri telinga; Gejala terkait: telinga bernanah; sakit telinga,Sesuai aturan pakai pada kemasan. Gunakan sesuai petunjuk pada kemasan.,"Polymyxin B, Neomycin, Fludrocortisone, Lidocaine",Infeksi dan nyeri telinga; telinga bernanah; sakit telinga; Gunakan sesuai petunjuk pada kemasan.,Rasa terbakar sementara,2026-12-31,Produk,https://placehold.co/400x300/f8fafc/0ea5e9?text=Otopain+Box+100s,False,"[""otc"",""indonesia"",""chatbot-ready""]"
2448,Konidin Sirup,Obat Batuk,18000.0,476,"Guaifenesin, Dextromethorphan, CTM",Batuk alergi; Gejala terkait: batuk alergi; gatal tenggorokan,Sesuai aturan pakai pada kemasan. Gunakan sesuai petunjuk pada kemasan. Jika sakit berlanjut hubungi dokter.,"Guaifenesin, Dextromethorphan, CTM",Batuk alergi; batuk alergi; gatal tenggorokan; Gunakan sesuai petunjuk pada kemasan. Jika sakit berlanjut hubungi dokter.,Sangat mengantuk,2027-06-30,Sirup,https://placehold.co/400x300/f8fafc/3b82f6?text=Konidin+Sirup,True,"[""otc"",""indonesia"",""chatbot-ready""]"
2449,SP Troches Strawberry Strip 12s,Mulut & Tenggorokan,15000.0,201,Dequalinium Chloride,Infeksi jamur/bakteri ringan di mulut; Gejala terkait: permen sariawan; permen sakit tenggorokan,Sesuai aturan pakai pada kemasan. Gunakan sesuai petunjuk pada kemasan. Jika sakit berlanjut hubungi dokter.,Dequalinium Chloride,Infeksi jamur/bakteri ringan di mulut; permen sariawan; permen sakit tenggorokan; Gunakan sesuai petunjuk pada kemasan. Jika sakit berlanjut hubungi dokter.,Lidah terasa kesat,2028-03-15,Produk,https://placehold.co/400x300/f8fafc/d946ef?text=SP+Troches+Strawberry+Strip+12s,True,"[""otc"",""indonesia"",""chatbot-ready""]"
2450,You C1000 Vitamin Lemon Botol,Vitamin & Suplemen,8000.0,369,Vitamin C 1000mg,Minuman vitamin C segar; Gejala terkait: minuman vitamin c; segar,Sesuai aturan pakai pada kemasan. Gunakan sesuai petunjuk pada kemasan. Jika sakit berlanjut hubungi dokter.,Vitamin C 1000mg,Minuman vitamin C segar; minuman vitamin c; segar; Gunakan sesuai petunjuk pada kemasan. Jika sakit berlanjut hubungi dokter.,Nyeri lambung,2028-12-31,Produk,https://placehold.co/400x300/f8fafc/eab308?text=You+C1000+Vitamin+Lemon+Botol,True,"[""otc"",""indonesia"",""chatbot-ready""]"
2451,Betadine Tube 30g,Obat Kulit & Luka,27000.0,284,Povidone Iodine 10%,Antiseptik untuk luka lecet/potong; Gejala terkait: obat merah; luka lecet; antiseptik,Sesuai aturan pakai pada kemasan. Gunakan sesuai petunjuk pada kemasan.,Povidone Iodine 10%,Antiseptik untuk luka lecet/potong; obat merah; luka lecet; antiseptik; Gunakan sesuai petunjuk pada kemasan.,Iritasi ringan,2028-12-31,Produk,https://placehold.co/400x300/f8fafc/ec4899?text=Betadine+Tube+30g,False,"[""otc"",""indonesia"",""chatbot-ready""]"
2452,You C1000 Botol 120ml,Vitamin & Suplemen,14500.0,192,Vitamin C 1000mg,Minuman vitamin C segar; Gejala terkait: minuman vitamin c; segar,Sesuai aturan pakai pada kemasan. Gunakan sesuai petunjuk pada kemasan.,Vitamin C 1000mg,Minuman vitamin C segar; minuman vitamin c; segar; Gunakan sesuai petunjuk pada kemasan.,Nyeri lambung,2027-06-30,Produk,https://placehold.co/400x300/f8fafc/eab308?text=You+C1000+Botol+120ml,False,"[""otc"",""indonesia"",""chatbot-ready""]"
2453,CDR Tube 10 Tablet,Vitamin & Suplemen,48000.0,442,"Kalsium, Vitamin C, D, B6","Kesehatan tulang, gigi, dan imun; Gejala terkait: kalsium; tulang kuat; ibu hamil",Sesuai aturan pakai pada kemasan. Gunakan sesuai petunjuk pada kemasan. Jika sakit berlanjut hubungi dokter.,"Kalsium, Vitamin C, D, B6","Kesehatan tulang, gigi, dan imun; kalsium; tulang kuat; ibu hamil; Gunakan sesuai petunjuk pada kemasan. Jika sakit berlanjut hubungi dokter.",Kembung (karena gas effervescent),2027-06-30,Tablet,https://placehold.co/400x300/f8fafc/eab308?text=CDR+Tube+10+Tablet,True,"[""otc"",""indonesia"",""chatbot-ready""]"
2454,Antangin JRG Box 5s,Herbal & Tradisional,18000.0,135,"Jahe, Royal Jelly, Ginseng","Masuk angin, greges; Gejala terkait: greges; meriang; masuk angin",Sesuai aturan pakai pada kemasan. Gunakan sesuai petunjuk pada kemasan. Jika sakit berlanjut hubungi dokter.,"Jahe, Royal Jelly, Ginseng","Masuk angin, greges; greges; meriang; masuk angin; Gunakan sesuai petunjuk pada kemasan. Jika sakit berlanjut hubungi dokter.",Tubuh terasa hangat berlebih,2028-12-31,Produk,https://placehold.co/400x300/f8fafc/84cc16?text=Antangin+JRG+Box+5s,True,"[""otc"",""indonesia"",""chatbot-ready""]"
2455,GPU Minyak Gosok Botol 60ml,Obat Oles Nyeri,20000.0,414,"Nutmeg Oil, Eucalyptus Oil, Citronella","Urut, keseleo, pegal; Gejala terkait: minyak urut; keseleo",Sesuai aturan pakai pada kemasan. Gunakan sesuai petunjuk pada kemasan. Jika sakit berlanjut hubungi dokter.,"Nutmeg Oil, Eucalyptus Oil, Citronella","Urut, keseleo, pegal; minyak urut; keseleo; Gunakan sesuai petunjuk pada kemasan. Jika sakit berlanjut hubungi dokter.",Iritasi lokal,2027-06-30,Produk,https://placehold.co/400x300/f8fafc/f97316?text=GPU+Minyak+Gosok+Botol+60ml,True,"[""otc"",""indonesia"",""chatbot-ready""]"
2456,Larutan Cap Kaki Tiga Botol 500ml,Herbal & Tradisional,10000.0,411,"Gypsum Fibrosum, Calcitum","Panas dalam, bibir pecah-pecah; Gejala terkait: air panas dalam; bibir pecah",Sesuai aturan pakai pada kemasan. Gunakan sesuai petunjuk pada kemasan. Jika sakit berlanjut hubungi dokter.,"Gypsum Fibrosum, Calcitum","Panas dalam, bibir pecah-pecah; air panas dalam; bibir pecah; Gunakan sesuai petunjuk pada kemasan. Jika sakit berlanjut hubungi dokter.",Jarang,2027-06-30,Produk,https://placehold.co/400x300/f8fafc/84cc16?text=Larutan+Cap+Kaki+Tiga+Botol+500ml,True,"[""otc"",""indonesia"",""chatbot-ready""]"
2457,Salonpas Koyo Hijau 10s,Obat Oles Nyeri,9000.0,216,"Methyl Salicylate, Menthol",Koyo pereda nyeri otot; Gejala terkait: koyo tempel; salah bantal,Sesuai aturan pakai pada kemasan. Gunakan sesuai petunjuk pada kemasan. Jika sakit berlanjut hubungi dokter.,"Methyl Salicylate, Menthol",Koyo pereda nyeri otot; koyo tempel; salah bantal; Gunakan sesuai petunjuk pada kemasan. Jika sakit berlanjut hubungi dokter.,Kemerahan bentuk koyo,2026-12-31,Produk,https://placehold.co/400x300/f8fafc/f97316?text=Salonpas+Koyo+Hijau+10s,True,"[""otc"",""indonesia"",""chatbot-ready""]"
2458,Ultraflu Tablet,Flu & Pilek,4000.0,254,"Paracetamol, Phenylpropanolamine, CTM",Gejala flu dan pilek; Gejala terkait: flu; bersin,Sesuai aturan pakai pada kemasan. Gunakan sesuai petunjuk pada kemasan. Jika sakit berlanjut hubungi dokter.,"Paracetamol, Phenylpropanolamine, CTM",Gejala flu dan pilek; flu; bersin; Gunakan sesuai petunjuk pada kemasan. Jika sakit berlanjut hubungi dokter.,Mengantuk,2028-03-15,Tablet,https://placehold.co/400x300/f8fafc/06b6d4?text=Ultraflu+Tablet,True,"[""otc"",""indonesia"",""chatbot-ready""]"
2459,Telfast Tablet 180mg,Alergi & Gatal,95000.0,44,Fexofenadine HCl,Alergi rinitis berat tanpa kantuk; Gejala terkait: alergi tanpa ngantuk; gatal rinitis,Sesuai aturan pakai pada kemasan. Gunakan sesuai petunjuk pada kemasan. Jika sakit berlanjut hubungi dokter.,Fexofenadine HCl,Alergi rinitis berat tanpa kantuk; alergi tanpa ngantuk; gatal rinitis; Gunakan sesuai petunjuk pada kemasan. Jika sakit berlanjut hubungi dokter.,Sakit kepala ringan,2027-06-30,Tablet,https://placehold.co/400x300/f8fafc/8b5cf6?text=Telfast+Tablet+180mg,True,"[""otc"",""indonesia"",""chatbot-ready""]"
2460,Microlax Tube 5ml,Pencernaan & Diare,28000.0,290,"Na Lauryl Sulfoacetate, Sorbitol",Melancarkan BAB segera; Gejala terkait: bab keras; sembelit parah,Sesuai aturan pakai pada kemasan. Gunakan sesuai petunjuk pada kemasan. Jika sakit berlanjut hubungi dokter.,"Na Lauryl Sulfoacetate, Sorbitol",Melancarkan BAB segera; bab keras; sembelit parah; Gunakan sesuai petunjuk pada kemasan. Jika sakit berlanjut hubungi dokter.,Rasa tidak nyaman di anus,2028-03-15,Produk,https://placehold.co/400x300/f8fafc/f59e0b?text=Microlax+Tube+5ml,True,"[""otc"",""indonesia"",""chatbot-ready""]"
2461,Geliga Strip 10s,Obat Oles Nyeri,8000.0,460,"Methyl Salicylate, Peppermint Oil","Nyeri punggung, pegal; Gejala terkait: balsem panas; sakit pinggang",Sesuai aturan pakai pada kemasan. Gunakan sesuai petunjuk pada kemasan.,"Methyl Salicylate, Peppermint Oil","Nyeri punggung, pegal; balsem panas; sakit pinggang; Gunakan sesuai petunjuk pada kemasan.",Panas lokal,2027-06-30,Topikal,https://placehold.co/400x300/f8fafc/f97316?text=Geliga+Strip+10s,False,"[""otc"",""indonesia"",""chatbot-ready""]"
2462,Pamol Suppositoria,Nyeri & Demam,30000.0,407,Paracetamol,Demam dan nyeri; Gejala terkait: demam; nyeri,Sesuai aturan pakai pada kemasan. Gunakan sesuai petunjuk pada kemasan. Jika sakit berlanjut hubungi dokter.,Paracetamol,Demam dan nyeri; demam; nyeri; Gunakan sesuai petunjuk pada kemasan. Jika sakit berlanjut hubungi dokter.,Jarang,2028-12-31,Produk,https://placehold.co/400x300/f8fafc/ef4444?text=Pamol+Suppositoria,True,"[""otc"",""indonesia"",""chatbot-ready""]"
2463,Bisolvon Extra Sirup 60ml,Obat Batuk,42000.0,460,Bromhexine HCl,Mengencerkan dahak; Gejala terkait: dahak kental; batuk parah,Sesuai aturan pakai pada kemasan. Gunakan sesuai petunjuk pada kemasan. Jika sakit berlanjut hubungi dokter.,Bromhexine HCl,Mengencerkan dahak; dahak kental; batuk parah; Gunakan sesuai petunjuk pada kemasan. Jika sakit berlanjut hubungi dokter.,Gangguan pencernaan ringan,2028-12-31,Sirup,https://placehold.co/400x300/f8fafc/3b82f6?text=Bisolvon+Extra+Sirup+60ml,True,"[""otc"",""indonesia"",""chatbot-ready""]"
2464,Tremenza Tube 15g,Flu & Pilek,35000.0,402,"Pseudoephedrine, Triprolidine",Flu alergi; Gejala terkait: flu alergi; pilek tak kunjung sembuh,Sesuai aturan pakai pada kemasan. Gunakan sesuai petunjuk pada kemasan.,"Pseudoephedrine, Triprolidine",Flu alergi; flu alergi; pilek tak kunjung sembuh; Gunakan sesuai petunjuk pada kemasan.,"Mengantuk sangat, mulut kering",2028-03-15,Produk,https://placehold.co/400x300/f8fafc/06b6d4?text=Tremenza+Tube+15g,False,"[""otc"",""indonesia"",""chatbot-ready""]"
2465,Sanmol Sirup,Nyeri & Demam,22000.0,253,Paracetamol 500mg,Meredakan demam dan nyeri ringan; Gejala terkait: demam; panas; nyeri,Sesuai aturan pakai pada kemasan. Gunakan sesuai petunjuk pada kemasan. Jika sakit berlanjut hubungi dokter.,Paracetamol 500mg,Meredakan demam dan nyeri ringan; demam; panas; nyeri; Gunakan sesuai petunjuk pada kemasan. Jika sakit berlanjut hubungi dokter.,Jarang: ruam kulit,2026-12-31,Sirup,https://placehold.co/400x300/f8fafc/ef4444?text=Sanmol+Sirup,True,"[""otc"",""indonesia"",""chatbot-ready""]"
2466,Rhinos SR Kapsul,Flu & Pilek,65000.0,64,"Pseudoephedrine, Loratadine / CTM","Hidung tersumbat berat, rinitis alergi; Gejala terkait: hidung buntu; rinitis alergi; pilek parah",Sesuai aturan pakai pada kemasan. Gunakan sesuai petunjuk pada kemasan. Jika sakit berlanjut hubungi dokter.,"Pseudoephedrine, Loratadine / CTM","Hidung tersumbat berat, rinitis alergi; hidung buntu; rinitis alergi; pilek parah; Gunakan sesuai petunjuk pada kemasan. Jika sakit berlanjut hubungi dokter.","Mulut kering, insomnia",2027-06-30,Produk,https://placehold.co/400x300/f8fafc/06b6d4?text=Rhinos+SR+Kapsul,True,"[""otc"",""indonesia"",""chatbot-ready""]"
2467,Komix Box 50s,Obat Batuk,70000.0,166,"Dextromethorphan, Guaifenesin",Batuk ringan; Gejala terkait: batuk ringan; batuk gatal,Sesuai aturan pakai pada kemasan. Gunakan sesuai petunjuk pada kemasan.,"Dextromethorphan, Guaifenesin",Batuk ringan; batuk ringan; batuk gatal; Gunakan sesuai petunjuk pada kemasan.,Mengantuk,2026-12-31,Sachet,https://placehold.co/400x300/f8fafc/3b82f6?text=Komix+Box+50s,True,"[""otc"",""indonesia"",""chatbot-ready""]"
2468,Cooling 5 Spray Cherry 15ml,Mulut & Tenggorokan,38000.0,152,Phenol Crystal,"Sakit tenggorokan ringan, pembunuh kuman mulut; Gejala terkait: semprot tenggorokan; gatal tenggorokan",Sesuai aturan pakai pada kemasan. Gunakan sesuai petunjuk pada kemasan. Jika sakit berlanjut hubungi dokter.,Phenol Crystal,"Sakit tenggorokan ringan, pembunuh kuman mulut; semprot tenggorokan; gatal tenggorokan; Gunakan sesuai petunjuk pada kemasan. Jika sakit berlanjut hubungi dokter.",Rasa kebas,2028-12-31,Spray,https://placehold.co/400x300/f8fafc/d946ef?text=Cooling+5+Spray+Cherry+15ml,True,"[""otc"",""indonesia"",""chatbot-ready""]"
2469,Rhinos Tube 50g,Flu & Pilek,162500.0,53,"Pseudoephedrine, Loratadine / CTM","Hidung tersumbat berat, rinitis alergi; Gejala terkait: hidung buntu; rinitis alergi; pilek parah",Sesuai aturan pakai pada kemasan. Gunakan sesuai petunjuk pada kemasan.,"Pseudoephedrine, Loratadine / CTM","Hidung tersumbat berat, rinitis alergi; hidung buntu; rinitis alergi; pilek parah; Gunakan sesuai petunjuk pada kemasan.","Mulut kering, insomnia",2028-12-31,Produk,https://placehold.co/400x300/f8fafc/06b6d4?text=Rhinos+Tube+50g,False,"[""otc"",""indonesia"",""chatbot-ready""]"
2470,Hot In Cream Botol 120ml,Obat Oles Nyeri,35000.0,494,"Menthol, Methyl Salicylate, Pine Oil","Pegal linu, masuk angin; Gejala terkait: pegal parah; capek badan; krim panas",Sesuai aturan pakai pada kemasan. Gunakan sesuai petunjuk pada kemasan. Jika sakit berlanjut hubungi dokter.,"Menthol, Methyl Salicylate, Pine Oil","Pegal linu, masuk angin; pegal parah; capek badan; krim panas; Gunakan sesuai petunjuk pada kemasan. Jika sakit berlanjut hubungi dokter.",Sangat panas pada kulit sensitif,2028-12-31,Topikal,https://placehold.co/400x300/f8fafc/f97316?text=Hot+In+Cream+Botol+120ml,True,"[""otc"",""indonesia"",""chatbot-ready""]"
2471,Fungiderm Tube 50g,Antijamur & Kulit,45000.0,348,Clotrimazole 1%,Infeksi jamur; Gejala terkait: jamur selangkangan; panu,Sesuai aturan pakai pada kemasan. Gunakan sesuai petunjuk pada kemasan.,Clotrimazole 1%,Infeksi jamur; jamur selangkangan; panu; Gunakan sesuai petunjuk pada kemasan.,Iritasi,2028-12-31,Produk,https://placehold.co/400x300/f8fafc/14b8a6?text=Fungiderm+Tube+50g,False,"[""otc"",""indonesia"",""chatbot-ready""]"
2472,Fasidol Drops,Nyeri & Demam,15000.0,225,Paracetamol,Demam; Gejala terkait: demam; pusing,Sesuai aturan pakai pada kemasan. Gunakan sesuai petunjuk pada kemasan. Jika sakit berlanjut hubungi dokter.,Paracetamol,Demam; demam; pusing; Gunakan sesuai petunjuk pada kemasan. Jika sakit berlanjut hubungi dokter.,Jarang,2028-03-15,Produk,https://placehold.co/400x300/f8fafc/ef4444?text=Fasidol+Drops,True,"[""otc"",""indonesia"",""chatbot-ready""]"
2473,Garamycin Ointment 15g,Obat Kulit & Luka,85000.0,36,Gentamicin Sulfate,Infeksi kulit primer (impetigo); Gejala terkait: infeksi kulit; bisul,Sesuai aturan pakai pada kemasan. Gunakan sesuai petunjuk pada kemasan. Jika sakit berlanjut hubungi dokter.,Gentamicin Sulfate,Infeksi kulit primer (impetigo); infeksi kulit; bisul; Gunakan sesuai petunjuk pada kemasan. Jika sakit berlanjut hubungi dokter.,Gatal ringan,2028-12-31,Produk,https://placehold.co/400x300/f8fafc/ec4899?text=Garamycin+Ointment+15g,True,"[""otc"",""indonesia"",""chatbot-ready""]"
2474,Scabimite Cream 10g,Antijamur & Kulit,65000.0,46,Permethrin 5%,"Kudis (Scabies), tungau; Gejala terkait: kudis; scabies; tungau kasur; gatal malam",Sesuai aturan pakai pada kemasan. Gunakan sesuai petunjuk pada kemasan. Jika sakit berlanjut hubungi dokter.,Permethrin 5%,"Kudis (Scabies), tungau; kudis; scabies; tungau kasur; gatal malam; Gunakan sesuai petunjuk pada kemasan. Jika sakit berlanjut hubungi dokter.",Rasa panas di kulit,2028-12-31,Topikal,https://placehold.co/400x300/f8fafc/14b8a6?text=Scabimite+Cream+10g,True,"[""otc"",""indonesia"",""chatbot-ready""]"
2475,Ryvel Botol 120ml,Alergi & Gatal,72000.0,66,Cetirizine HCl,"Alergi, urtikaria (biduran); Gejala terkait: biduran anak; alergi kulit",Sesuai aturan pakai pada kemasan. Gunakan sesuai petunjuk pada kemasan.,Cetirizine HCl,"Alergi, urtikaria (biduran); biduran anak; alergi kulit; Gunakan sesuai petunjuk pada kemasan.",Mengantuk,2028-12-31,Produk,https://placehold.co/400x300/f8fafc/8b5cf6?text=Ryvel+Botol+120ml,True,"[""otc"",""indonesia"",""chatbot-ready""]"
2476,Bodrex Extra,Nyeri & Demam,12000.0,289,"Paracetamol 600mg, Caffeine 50mg","Sakit kepala, demam; Gejala terkait: sakit kepala; migrain",Sesuai aturan pakai pada kemasan. Gunakan sesuai petunjuk pada kemasan. Jika sakit berlanjut hubungi dokter.,"Paracetamol 600mg, Caffeine 50mg","Sakit kepala, demam; sakit kepala; migrain; Gunakan sesuai petunjuk pada kemasan. Jika sakit berlanjut hubungi dokter.",Berdebar,2026-12-31,Produk,https://placehold.co/400x300/f8fafc/ef4444?text=Bodrex+Extra,True,"[""otc"",""indonesia"",""chatbot-ready""]"
2477,Herocyn Tube 15g,Alergi & Gatal,15000.0,342,"Menthol, Sulfur, Salicylic Acid",Gatal-gatal di badan dan kaki; Gejala terkait: bedak gatal; biang keringat dewasa,Sesuai aturan pakai pada kemasan. Gunakan sesuai petunjuk pada kemasan.,"Menthol, Sulfur, Salicylic Acid",Gatal-gatal di badan dan kaki; bedak gatal; biang keringat dewasa; Gunakan sesuai petunjuk pada kemasan.,Dingin / perih di luka,2026-12-31,Produk,https://placehold.co/400x300/f8fafc/8b5cf6?text=Herocyn+Tube+15g,False,"[""otc"",""indonesia"",""chatbot-ready""]"
2478,Tempra Botol 120ml,Nyeri & Demam,81000.0,83,Paracetamol,Demam anak; Gejala terkait: demam bayi; panas anak,Sesuai aturan pakai pada kemasan. Gunakan sesuai petunjuk pada kemasan.,Paracetamol,Demam anak; demam bayi; panas anak; Gunakan sesuai petunjuk pada kemasan.,Jarang,2028-03-15,Produk,https://placehold.co/400x300/f8fafc/ef4444?text=Tempra+Botol+120ml,False,"[""otc"",""indonesia"",""chatbot-ready""]"
2479,OBH Combi Batuk Berdahak Menthol,Obat Batuk,22000.0,118,"Succus liquiritiae, Paracetamol, Ephedrine",Batuk berdahak dan flu; Gejala terkait: batuk berdahak; flu batuk,Sesuai aturan pakai pada kemasan. Gunakan sesuai petunjuk pada kemasan. Jika sakit berlanjut hubungi dokter.,"Succus liquiritiae, Paracetamol, Ephedrine",Batuk berdahak dan flu; batuk berdahak; flu batuk; Gunakan sesuai petunjuk pada kemasan. Jika sakit berlanjut hubungi dokter.,Mengantuk,2026-12-31,Produk,https://placehold.co/400x300/f8fafc/3b82f6?text=OBH+Combi+Batuk+Berdahak+Menthol,True,"[""otc"",""indonesia"",""chatbot-ready""]"
2480,Procold Flu Tablet,Flu & Pilek,6000.0,309,"Paracetamol, Pseudoephedrine","Flu, demam, sakit kepala; Gejala terkait: flu meriang; pusing flu",Sesuai aturan pakai pada kemasan. Gunakan sesuai petunjuk pada kemasan. Jika sakit berlanjut hubungi dokter.,"Paracetamol, Pseudoephedrine","Flu, demam, sakit kepala; flu meriang; pusing flu; Gunakan sesuai petunjuk pada kemasan. Jika sakit berlanjut hubungi dokter.",Berdebar,2027-06-30,Tablet,https://placehold.co/400x300/f8fafc/06b6d4?text=Procold+Flu+Tablet,True,"[""otc"",""indonesia"",""chatbot-ready""]"
2481,Stimuno Sirup Jeruk,Vitamin & Suplemen,32000.0,241,Ekstrak Phyllanthus niruri,Fitofarmaka daya tahan tubuh; Gejala terkait: imunomodulator; gampang sakit,Sesuai aturan pakai pada kemasan. Gunakan sesuai petunjuk pada kemasan. Jika sakit berlanjut hubungi dokter.,Ekstrak Phyllanthus niruri,Fitofarmaka daya tahan tubuh; imunomodulator; gampang sakit; Gunakan sesuai petunjuk pada kemasan. Jika sakit berlanjut hubungi dokter.,Jarang,2028-03-15,Sirup,https://placehold.co/400x300/f8fafc/eab308?text=Stimuno+Sirup+Jeruk,True,"[""otc"",""indonesia"",""chatbot-ready""]"
2482,Vicks Formula 44 Anak Sirup 27ml,Obat Batuk,14000.0,246,"Dextromethorphan HBr, Doxylamine",Batuk kering & bersin; Gejala terkait: batuk kering malam hari; batuk gatal,Sesuai aturan pakai pada kemasan. Gunakan sesuai petunjuk pada kemasan. Jika sakit berlanjut hubungi dokter.,"Dextromethorphan HBr, Doxylamine",Batuk kering & bersin; batuk kering malam hari; batuk gatal; Gunakan sesuai petunjuk pada kemasan. Jika sakit berlanjut hubungi dokter.,Mengantuk,2028-12-31,Sirup,https://placehold.co/400x300/f8fafc/3b82f6?text=Vicks+Formula+44+Anak+Sirup+27ml,False,"[""otc"",""indonesia"",""chatbot-ready""]"
2483,Insto Dry Eyes 7.5ml,Mata & Telinga,18000.0,129,Tetrahydrozoline HCl (Regular) / HPMC (Dry Eyes),Mata merah iritasi / Mata kering; Gejala terkait: mata merah debu; mata perih kelilipan; obat tetes mata,Sesuai aturan pakai pada kemasan. Gunakan sesuai petunjuk pada kemasan. Jika sakit berlanjut hubungi dokter.,Tetrahydrozoline HCl (Regular) / HPMC (Dry Eyes),Mata merah iritasi / Mata kering; mata merah debu; mata perih kelilipan; obat tetes mata; Gunakan sesuai petunjuk pada kemasan. Jika sakit berlanjut hubungi dokter.,Perih di awal tetes,2028-03-15,Produk,https://placehold.co/400x300/f8fafc/0ea5e9?text=Insto+Dry+Eyes+7.5ml,True,"[""otc"",""indonesia"",""chatbot-ready""]"
2484,Caladine Lotion 95ml,Alergi & Gatal,25000.0,401,"Calamine, Zinc Oxide, Diphenhydramine","Gatal biang keringat, gigitan serangga; Gejala terkait: biang keringat; gatal oles; gatal serangga",Sesuai aturan pakai pada kemasan. Gunakan sesuai petunjuk pada kemasan. Jika sakit berlanjut hubungi dokter.,"Calamine, Zinc Oxide, Diphenhydramine","Gatal biang keringat, gigitan serangga; biang keringat; gatal oles; gatal serangga; Gunakan sesuai petunjuk pada kemasan. Jika sakit berlanjut hubungi dokter.",Kulit sedikit kering,2027-06-30,Topikal,https://placehold.co/400x300/f8fafc/8b5cf6?text=Caladine+Lotion+95ml,True,"[""otc"",""indonesia"",""chatbot-ready""]"
2485,Procold Flu & Batuk,Flu & Pilek,7000.0,334,"Paracetamol, Pseudoephedrine","Flu, demam, sakit kepala; Gejala terkait: flu meriang; pusing flu",Sesuai aturan pakai pada kemasan. Gunakan sesuai petunjuk pada kemasan. Jika sakit berlanjut hubungi dokter.,"Paracetamol, Pseudoephedrine","Flu, demam, sakit kepala; flu meriang; pusing flu; Gunakan sesuai petunjuk pada kemasan. Jika sakit berlanjut hubungi dokter.",Berdebar,2026-12-31,Produk,https://placehold.co/400x300/f8fafc/06b6d4?text=Procold+Flu+&+Batuk,True,"[""otc"",""indonesia"",""chatbot-ready""]"
2486,Farsifen Sachet 5ml,Nyeri & Demam,1500.0,116,Ibuprofen 200mg,"Sakit gigi, demam, nyeri haid; Gejala terkait: nyeri haid; sakit gigi",Sesuai aturan pakai pada kemasan. Gunakan sesuai petunjuk pada kemasan.,Ibuprofen 200mg,"Sakit gigi, demam, nyeri haid; nyeri haid; sakit gigi; Gunakan sesuai petunjuk pada kemasan.",Nyeri lambung,2028-03-15,Sachet,https://placehold.co/400x300/f8fafc/ef4444?text=Farsifen+Sachet+5ml,False,"[""otc"",""indonesia"",""chatbot-ready""]"
2487,Siladex Mucolytic & Expectorant 60ml,Obat Batuk,22000.0,200,"Bromhexine, Guaifenesin / Dextromethorphan",Batuk berdahak / batuk kering (Bebas Gula); Gejala terkait: batuk berdahak; batuk bebas gula,Sesuai aturan pakai pada kemasan. Gunakan sesuai petunjuk pada kemasan. Jika sakit berlanjut hubungi dokter.,"Bromhexine, Guaifenesin / Dextromethorphan",Batuk berdahak / batuk kering (Bebas Gula); batuk berdahak; batuk bebas gula; Gunakan sesuai petunjuk pada kemasan. Jika sakit berlanjut hubungi dokter.,Mual,2027-06-30,Produk,https://placehold.co/400x300/f8fafc/3b82f6?text=Siladex+Mucolytic+&+Expectorant+60ml,True,"[""otc"",""indonesia"",""chatbot-ready""]"
2488,Vicks Inhaler Tube 0.5ml,Perawatan Hidung & Pernapasan,18000.0,495,"Menthol, Camphor, Pine Needle Oil",Melegakan hidung tersumbat secara instan; Gejala terkait: hirup hidung; hidung tersumbat instan,Sesuai aturan pakai pada kemasan. Gunakan sesuai petunjuk pada kemasan. Jika sakit berlanjut hubungi dokter.,"Menthol, Camphor, Pine Needle Oil",Melegakan hidung tersumbat secara instan; hirup hidung; hidung tersumbat instan; Gunakan sesuai petunjuk pada kemasan. Jika sakit berlanjut hubungi dokter.,Iritasi ringan,2028-03-15,Produk,https://placehold.co/400x300/f8fafc/06b6d4?text=Vicks+Inhaler+Tube+0.5ml,True,"[""otc"",""indonesia"",""chatbot-ready""]"
2489,OBH Combi Strip 10s,Obat Batuk,22000.0,342,"Succus liquiritiae, Paracetamol, Ephedrine",Batuk berdahak dan flu; Gejala terkait: batuk berdahak; flu batuk,Sesuai aturan pakai pada kemasan. Gunakan sesuai petunjuk pada kemasan.,"Succus liquiritiae, Paracetamol, Ephedrine",Batuk berdahak dan flu; batuk berdahak; flu batuk; Gunakan sesuai petunjuk pada kemasan.,Mengantuk,2028-03-15,Produk,https://placehold.co/400x300/f8fafc/3b82f6?text=OBH+Combi+Strip+10s,True,"[""otc"",""indonesia"",""chatbot-ready""]"
2490,Cetirizine Sirup 60ml,Alergi & Gatal,25000.0,235,Cetirizine HCl 10mg,"Alergi gatal, biduran, bersin; Gejala terkait: alergi; biduran; bersin debu",Sesuai aturan pakai pada kemasan. Gunakan sesuai petunjuk pada kemasan. Jika sakit berlanjut hubungi dokter.,Cetirizine HCl 10mg,"Alergi gatal, biduran, bersin; alergi; biduran; bersin debu; Gunakan sesuai petunjuk pada kemasan. Jika sakit berlanjut hubungi dokter.",Mengantuk ringan,2028-12-31,Sirup,https://placehold.co/400x300/f8fafc/8b5cf6?text=Cetirizine+Sirup+60ml,True,"[""otc"",""indonesia"",""chatbot-ready""]"
2491,Mucos Tube 50g,Obat Batuk,45000.0,206,Ambroxol HCl,Batuk berdahak tebal; Gejala terkait: dahak pekat; bronkitis ringan,Sesuai aturan pakai pada kemasan. Gunakan sesuai petunjuk pada kemasan.,Ambroxol HCl,Batuk berdahak tebal; dahak pekat; bronkitis ringan; Gunakan sesuai petunjuk pada kemasan.,Mual ringan,2026-12-31,Produk,https://placehold.co/400x300/f8fafc/3b82f6?text=Mucos+Tube+50g,False,"[""otc"",""indonesia"",""chatbot-ready""]"
2492,Forumen Sachet 5ml,Mata & Telinga,9000.0,305,Docusate Sodium,Melunakkan kotoran telinga keras; Gejala terkait: telinga mampet; kotoran telinga keras,Sesuai aturan pakai pada kemasan. Gunakan sesuai petunjuk pada kemasan.,Docusate Sodium,Melunakkan kotoran telinga keras; telinga mampet; kotoran telinga keras; Gunakan sesuai petunjuk pada kemasan.,Telinga terasa penuh,2028-03-15,Sachet,https://placehold.co/400x300/f8fafc/0ea5e9?text=Forumen+Sachet+5ml,False,"[""otc"",""indonesia"",""chatbot-ready""]"
2493,Adem Sari Botol 200ml,Herbal & Tradisional,42000.0,416,"Ekstrak Citrus, Ekstrak Pulosari, Vitamin C","Panas dalam, tenggorokan kering; Gejala terkait: tenggorokan kering; panas dalam serbuk",Sesuai aturan pakai pada kemasan. Gunakan sesuai petunjuk pada kemasan.,"Ekstrak Citrus, Ekstrak Pulosari, Vitamin C","Panas dalam, tenggorokan kering; tenggorokan kering; panas dalam serbuk; Gunakan sesuai petunjuk pada kemasan.",Kembung karena gas,2026-12-31,Produk,https://placehold.co/400x300/f8fafc/84cc16?text=Adem+Sari+Botol+200ml,True,"[""otc"",""indonesia"",""chatbot-ready""]"
2494,Aloclair Botol 200ml,Mulut & Tenggorokan,266000.0,64,"Aloe Vera, Sodium Hyaluronate","Sariawan, luka kawat gigi (membentuk selaput pelindung); Gejala terkait: sariawan kawat gigi; sariawan perih banget",Sesuai aturan pakai pada kemasan. Gunakan sesuai petunjuk pada kemasan.,"Aloe Vera, Sodium Hyaluronate","Sariawan, luka kawat gigi (membentuk selaput pelindung); sariawan kawat gigi; sariawan perih banget; Gunakan sesuai petunjuk pada kemasan.",Jarang,2027-06-30,Produk,https://placehold.co/400x300/f8fafc/d946ef?text=Aloclair+Botol+200ml,False,"[""otc"",""indonesia"",""chatbot-ready""]"
2495,Alleron Tablet,Alergi & Gatal,3000.0,197,Chlorpheniramine Maleate (CTM),"Alergi gatal, rhinitis; Gejala terkait: alergi murah; gatal malam",Sesuai aturan pakai pada kemasan. Gunakan sesuai petunjuk pada kemasan. Jika sakit berlanjut hubungi dokter.,Chlorpheniramine Maleate (CTM),"Alergi gatal, rhinitis; alergi murah; gatal malam; Gunakan sesuai petunjuk pada kemasan. Jika sakit berlanjut hubungi dokter.",Sangat mengantuk,2027-06-30,Tablet,https://placehold.co/400x300/f8fafc/8b5cf6?text=Alleron+Tablet,True,"[""otc"",""indonesia"",""chatbot-ready""]"
2496,Woods Peppermint Expectorant 100ml,Obat Batuk,40000.0,131,"Bromhexine, Guaifenesin / Dextromethorphan",Batuk berdahak / batuk kering; Gejala terkait: batuk gatal; dahak kental; batuk kering,Sesuai aturan pakai pada kemasan. Gunakan sesuai petunjuk pada kemasan. Jika sakit berlanjut hubungi dokter.,"Bromhexine, Guaifenesin / Dextromethorphan",Batuk berdahak / batuk kering; batuk gatal; dahak kental; batuk kering; Gunakan sesuai petunjuk pada kemasan. Jika sakit berlanjut hubungi dokter.,Mual ringan,2026-12-31,Produk,https://placehold.co/400x300/f8fafc/3b82f6?text=Woods+Peppermint+Expectorant+100ml,True,"[""otc"",""indonesia"",""chatbot-ready""]"
2497,Vicks Formula 44 Botol 30ml,Obat Batuk,12000.0,313,"Dextromethorphan HBr, Doxylamine",Batuk kering & bersin; Gejala terkait: batuk kering malam hari; batuk gatal,Sesuai aturan pakai pada kemasan. Gunakan sesuai petunjuk pada kemasan.,"Dextromethorphan HBr, Doxylamine",Batuk kering & bersin; batuk kering malam hari; batuk gatal; Gunakan sesuai petunjuk pada kemasan.,Mengantuk,2028-03-15,Produk,https://placehold.co/400x300/f8fafc/3b82f6?text=Vicks+Formula+44+Botol+30ml,False,"[""otc"",""indonesia"",""chatbot-ready""]"
2498,Kalpanax K Cream 5g,Antijamur & Kulit,15000.0,453,Miconazole Nitrate (K Cream) / Salicylic Acid (Cair),"Panu, kurap, kutu air; Gejala terkait: panu; kurap; jamur kulit keras",Sesuai aturan pakai pada kemasan. Gunakan sesuai petunjuk pada kemasan. Jika sakit berlanjut hubungi dokter.,Miconazole Nitrate (K Cream) / Salicylic Acid (Cair),"Panu, kurap, kutu air; panu; kurap; jamur kulit keras; Gunakan sesuai petunjuk pada kemasan. Jika sakit berlanjut hubungi dokter.",Rasa terbakar (pada bentuk cair),2026-12-31,Topikal,https://placehold.co/400x300/f8fafc/14b8a6?text=Kalpanax+K+Cream+5g,True,"[""otc"",""indonesia"",""chatbot-ready""]"
2499,Redoxon Triple Action 10s,Vitamin & Suplemen,52000.0,51,"Vitamin C 1000mg, Zinc, Vitamin D",Daya tahan tubuh ekstra; Gejala terkait: vitamin c tinggi; cegah flu,Sesuai aturan pakai pada kemasan. Gunakan sesuai petunjuk pada kemasan. Jika sakit berlanjut hubungi dokter.,"Vitamin C 1000mg, Zinc, Vitamin D",Daya tahan tubuh ekstra; vitamin c tinggi; cegah flu; Gunakan sesuai petunjuk pada kemasan. Jika sakit berlanjut hubungi dokter.,Nyeri lambung,2028-03-15,Produk,https://placehold.co/400x300/f8fafc/eab308?text=Redoxon+Triple+Action+10s,True,"[""otc"",""indonesia"",""chatbot-ready""]"
2500,Proris Tube 30g,Nyeri & Demam,18000.0,411,Ibuprofen 200mg,"Nyeri sendi, sakit gigi, demam; Gejala terkait: nyeri radang; demam anak; sakit gigi",Sesuai aturan pakai pada kemasan. Gunakan sesuai petunjuk pada kemasan.,Ibuprofen 200mg,"Nyeri sendi, sakit gigi, demam; nyeri radang; demam anak; sakit gigi; Gunakan sesuai petunjuk pada kemasan.",Nyeri lambung,2028-12-31,Produk,https://placehold.co/400x300/f8fafc/ef4444?text=Proris+Tube+30g,False,"[""otc"",""indonesia"",""chatbot-ready""]"
2501,Freshcare Roll On Strong 10ml,Obat Oles Nyeri,16000.0,397,"Menthol, Camphor, Essential Oil","Pusing, perut kembung, mabuk perjalanan; Gejala terkait: mabuk darat; pusing kepala; roll on minyak angin",Sesuai aturan pakai pada kemasan. Gunakan sesuai petunjuk pada kemasan. Jika sakit berlanjut hubungi dokter.,"Menthol, Camphor, Essential Oil","Pusing, perut kembung, mabuk perjalanan; mabuk darat; pusing kepala; roll on minyak angin; Gunakan sesuai petunjuk pada kemasan. Jika sakit berlanjut hubungi dokter.",Iritasi mata jika terlalu dekat,2028-03-15,Produk,https://placehold.co/400x300/f8fafc/f97316?text=Freshcare+Roll+On+Strong+10ml,True,"[""otc"",""indonesia"",""chatbot-ready""]"
2502,Salep 88 Pot 6g,Antijamur & Kulit,12000.0,242,"Salicylic Acid, Benzoic Acid, Sulfur",Gatal jamur tradisional; Gejala terkait: panu keras; salep gatal panas,Sesuai aturan pakai pada kemasan. Gunakan sesuai petunjuk pada kemasan. Jika sakit berlanjut hubungi dokter.,"Salicylic Acid, Benzoic Acid, Sulfur",Gatal jamur tradisional; panu keras; salep gatal panas; Gunakan sesuai petunjuk pada kemasan. Jika sakit berlanjut hubungi dokter.,"Rasa panas menyengat, kulit terkelupas",2028-12-31,Produk,https://placehold.co/400x300/f8fafc/14b8a6?text=Salep+88+Pot+6g,True,"[""otc"",""indonesia"",""chatbot-ready""]"
2503,Dulcolax Anak Suppositoria 5mg,Pencernaan & Diare,30000.0,107,Bisacodyl,Mengatasi sembelit kronis; Gejala terkait: susah bab; sembelit; pencahar,Sesuai aturan pakai pada kemasan. Gunakan sesuai petunjuk pada kemasan. Jika sakit berlanjut hubungi dokter.,Bisacodyl,Mengatasi sembelit kronis; susah bab; sembelit; pencahar; Gunakan sesuai petunjuk pada kemasan. Jika sakit berlanjut hubungi dokter.,Kram perut,2027-06-30,Produk,https://placehold.co/400x300/f8fafc/f59e0b?text=Dulcolax+Anak+Suppositoria+5mg,True,"[""otc"",""indonesia"",""chatbot-ready""]"
2504,Polycrol Forte Tablet,Lambung & Maag,22000.0,138,"Activated Methylpolysiloxane, Antasida",Maag dengan kembung berat; Gejala terkait: kembung keras; lambung penuh,Sesuai aturan pakai pada kemasan. Gunakan sesuai petunjuk pada kemasan. Jika sakit berlanjut hubungi dokter.,"Activated Methylpolysiloxane, Antasida",Maag dengan kembung berat; kembung keras; lambung penuh; Gunakan sesuai petunjuk pada kemasan. Jika sakit berlanjut hubungi dokter.,Konstipasi,2028-03-15,Tablet,https://placehold.co/400x300/f8fafc/10b981?text=Polycrol+Forte+Tablet,True,"[""otc"",""indonesia"",""chatbot-ready""]"
2505,Panadol Anak Sirup,Nyeri & Demam,32000.0,181,Paracetamol 500mg,Meredakan demam dan nyeri ringan; Gejala terkait: demam; sakit kepala; nyeri,Sesuai aturan pakai pada kemasan. Gunakan sesuai petunjuk pada kemasan. Jika sakit berlanjut hubungi dokter.,Paracetamol 500mg,Meredakan demam dan nyeri ringan; demam; sakit kepala; nyeri; Gunakan sesuai petunjuk pada kemasan. Jika sakit berlanjut hubungi dokter.,Jarang: ruam kulit,2028-03-15,Sirup,https://placehold.co/400x300/f8fafc/ef4444?text=Panadol+Anak+Sirup,True,"[""otc"",""indonesia"",""chatbot-ready""]"
2506,Konidin Tube 15g,Obat Batuk,5000.0,157,"Guaifenesin, Dextromethorphan, CTM",Batuk alergi; Gejala terkait: batuk alergi; gatal tenggorokan,Sesuai aturan pakai pada kemasan. Gunakan sesuai petunjuk pada kemasan.,"Guaifenesin, Dextromethorphan, CTM",Batuk alergi; batuk alergi; gatal tenggorokan; Gunakan sesuai petunjuk pada kemasan.,Sangat mengantuk,2026-12-31,Produk,https://placehold.co/400x300/f8fafc/3b82f6?text=Konidin+Tube+15g,False,"[""otc"",""indonesia"",""chatbot-ready""]"
2507,Sterimar Tube 30g,Perawatan Hidung & Pernapasan,187500.0,48,Isotonic/Hypertonic Sea Water,"Membersihkan hidung kotor, melegakan pernapasan; Gejala terkait: cuci hidung; hidung bayi mampet",Sesuai aturan pakai pada kemasan. Gunakan sesuai petunjuk pada kemasan.,Isotonic/Hypertonic Sea Water,"Membersihkan hidung kotor, melegakan pernapasan; cuci hidung; hidung bayi mampet; Gunakan sesuai petunjuk pada kemasan.",Rasa asin sesaat,2026-12-31,Produk,https://placehold.co/400x300/f8fafc/06b6d4?text=Sterimar+Tube+30g,False,"[""otc"",""indonesia"",""chatbot-ready""]"
2508,Enkasari Box 100s,Mulut & Tenggorokan,176000.0,75,"Ekstrak Saga, Daun Sirih, Akar Manis","Sariawan, bau mulut (Herbal); Gejala terkait: kumur sariawan herbal; daun saga",Sesuai aturan pakai pada kemasan. Gunakan sesuai petunjuk pada kemasan.,"Ekstrak Saga, Daun Sirih, Akar Manis","Sariawan, bau mulut (Herbal); kumur sariawan herbal; daun saga; Gunakan sesuai petunjuk pada kemasan.",Jarang,2028-03-15,Produk,https://placehold.co/400x300/f8fafc/d946ef?text=Enkasari+Box+100s,False,"[""otc"",""indonesia"",""chatbot-ready""]"
2509,Mycoral Tube 50g,Antijamur & Kulit,55000.0,62,Ketoconazole 2%,Jamur membandel; Gejala terkait: kurap parah; jamur kuku,Sesuai aturan pakai pada kemasan. Gunakan sesuai petunjuk pada kemasan.,Ketoconazole 2%,Jamur membandel; kurap parah; jamur kuku; Gunakan sesuai petunjuk pada kemasan.,Gatal ringan,2028-03-15,Produk,https://placehold.co/400x300/f8fafc/14b8a6?text=Mycoral+Tube+50g,True,"[""otc"",""indonesia"",""chatbot-ready""]"
2510,Fasidol Tube 50g,Nyeri & Demam,15000.0,282,Paracetamol,Demam; Gejala terkait: demam; pusing,Sesuai aturan pakai pada kemasan. Gunakan sesuai petunjuk pada kemasan.,Paracetamol,Demam; demam; pusing; Gunakan sesuai petunjuk pada kemasan.,Jarang,2028-03-15,Produk,https://placehold.co/400x300/f8fafc/ef4444?text=Fasidol+Tube+50g,False,"[""otc"",""indonesia"",""chatbot-ready""]"
2511,Rhinos Neo Drops,Flu & Pilek,60000.0,94,"Pseudoephedrine, Loratadine / CTM","Hidung tersumbat berat, rinitis alergi; Gejala terkait: hidung buntu; rinitis alergi; pilek parah",Sesuai aturan pakai pada kemasan. Gunakan sesuai petunjuk pada kemasan. Jika sakit berlanjut hubungi dokter.,"Pseudoephedrine, Loratadine / CTM","Hidung tersumbat berat, rinitis alergi; hidung buntu; rinitis alergi; pilek parah; Gunakan sesuai petunjuk pada kemasan. Jika sakit berlanjut hubungi dokter.","Mulut kering, insomnia",2028-12-31,Produk,https://placehold.co/400x300/f8fafc/06b6d4?text=Rhinos+Neo+Drops,True,"[""otc"",""indonesia"",""chatbot-ready""]"
2512,Imboost Forte Tablet,Vitamin & Suplemen,50000.0,286,"Echinacea, Zinc",Booster daya tahan tubuh saat sakit; Gejala terkait: sistem imun; pemulihan sakit,Sesuai aturan pakai pada kemasan. Gunakan sesuai petunjuk pada kemasan. Jika sakit berlanjut hubungi dokter.,"Echinacea, Zinc",Booster daya tahan tubuh saat sakit; sistem imun; pemulihan sakit; Gunakan sesuai petunjuk pada kemasan. Jika sakit berlanjut hubungi dokter.,Alergi (jarang),2028-03-15,Tablet,https://placehold.co/400x300/f8fafc/eab308?text=Imboost+Forte+Tablet,False,"[""otc"",""indonesia"",""chatbot-ready""]"
2513,Daktarin Powder 20g,Antijamur & Kulit,65000.0,54,Miconazole Nitrate 2%,Infeksi jamur kulit dan lipatan; Gejala terkait: jamur selangkangan; kutu air; bedak jamur,Sesuai aturan pakai pada kemasan. Gunakan sesuai petunjuk pada kemasan. Jika sakit berlanjut hubungi dokter.,Miconazole Nitrate 2%,Infeksi jamur kulit dan lipatan; jamur selangkangan; kutu air; bedak jamur; Gunakan sesuai petunjuk pada kemasan. Jika sakit berlanjut hubungi dokter.,Iritasi ringan,2027-06-30,Produk,https://placehold.co/400x300/f8fafc/14b8a6?text=Daktarin+Powder+20g,True,"[""otc"",""indonesia"",""chatbot-ready""]"
2514,Counterpain Krim 15g,Obat Oles Nyeri,25000.0,347,"Methyl Salicylate, Menthol, Eugenol","Nyeri otot, keseleo, pegal linu; Gejala terkait: keseleo; salah urat; pegal linu",Sesuai aturan pakai pada kemasan. Gunakan sesuai petunjuk pada kemasan. Jika sakit berlanjut hubungi dokter.,"Methyl Salicylate, Menthol, Eugenol","Nyeri otot, keseleo, pegal linu; keseleo; salah urat; pegal linu; Gunakan sesuai petunjuk pada kemasan. Jika sakit berlanjut hubungi dokter.",Panas berlebih jika dikompres,2028-12-31,Produk,https://placehold.co/400x300/f8fafc/f97316?text=Counterpain+Krim+15g,True,"[""otc"",""indonesia"",""chatbot-ready""]"
2515,Cendo Lyteers Minidose 5x0.6ml,Mata & Telinga,28000.0,481,"Bervariasi (Dexamethasone, Neomycin / Artificial Tears)",Radang mata (Xitrol) / Mata Kering; Gejala terkait: mata belekan; bintitan; radang mata; mata kering softlens,Sesuai aturan pakai pada kemasan. Gunakan sesuai petunjuk pada kemasan. Jika sakit berlanjut hubungi dokter.,"Bervariasi (Dexamethasone, Neomycin / Artificial Tears)",Radang mata (Xitrol) / Mata Kering; mata belekan; bintitan; radang mata; mata kering softlens; Gunakan sesuai petunjuk pada kemasan. Jika sakit berlanjut hubungi dokter.,Pandangan kabur sementara,2026-12-31,Produk,https://placehold.co/400x300/f8fafc/0ea5e9?text=Cendo+Lyteers+Minidose+5x0.6ml,True,"[""otc"",""indonesia"",""chatbot-ready""]"
2516,Betadine Solution 60ml,Obat Kulit & Luka,55000.0,59,Povidone Iodine 10%,Antiseptik untuk luka lecet/potong; Gejala terkait: obat merah; luka lecet; antiseptik,Sesuai aturan pakai pada kemasan. Gunakan sesuai petunjuk pada kemasan. Jika sakit berlanjut hubungi dokter.,Povidone Iodine 10%,Antiseptik untuk luka lecet/potong; obat merah; luka lecet; antiseptik; Gunakan sesuai petunjuk pada kemasan. Jika sakit berlanjut hubungi dokter.,Iritasi ringan,2028-03-15,Cairan,https://placehold.co/400x300/f8fafc/ec4899?text=Betadine+Solution+60ml,True,"[""otc"",""indonesia"",""chatbot-ready""]"
2517,Caladine Baby Balm 30 g,Alergi & Gatal,27000.0,225,"Calamine, Zinc Oxide, Diphenhydramine","Gatal biang keringat, gigitan serangga; Gejala terkait: biang keringat; gatal oles; gatal serangga",Sesuai aturan pakai pada kemasan. Gunakan sesuai petunjuk pada kemasan.,"Calamine, Zinc Oxide, Diphenhydramine","Gatal biang keringat, gigitan serangga; biang keringat; gatal oles; gatal serangga; Gunakan sesuai petunjuk pada kemasan.",Kulit sedikit kering,2027-06-30,Produk,https://placehold.co/400x300/f8fafc/8b5cf6?text=Caladine+Tube+30g,True,"[""otc"",""indonesia"",""chatbot-ready""]"
2518,Woods Tube 10g,Obat Batuk,19500.0,235,"Bromhexine, Guaifenesin / Dextromethorphan",Batuk berdahak / batuk kering; Gejala terkait: batuk gatal; dahak kental; batuk kering,Sesuai aturan pakai pada kemasan. Gunakan sesuai petunjuk pada kemasan.,"Bromhexine, Guaifenesin / Dextromethorphan",Batuk berdahak / batuk kering; batuk gatal; dahak kental; batuk kering; Gunakan sesuai petunjuk pada kemasan.,Mual ringan,2028-03-15,Produk,https://placehold.co/400x300/f8fafc/3b82f6?text=Woods+Tube+10g,False,"[""otc"",""indonesia"",""chatbot-ready""]"
2519,Hot In Cream Strong 120ml,Obat Oles Nyeri,40000.0,338,"Menthol, Methyl Salicylate, Pine Oil","Pegal linu, masuk angin; Gejala terkait: pegal parah; capek badan; krim panas",Sesuai aturan pakai pada kemasan. Gunakan sesuai petunjuk pada kemasan. Jika sakit berlanjut hubungi dokter.,"Menthol, Methyl Salicylate, Pine Oil","Pegal linu, masuk angin; pegal parah; capek badan; krim panas; Gunakan sesuai petunjuk pada kemasan. Jika sakit berlanjut hubungi dokter.",Sangat panas pada kulit sensitif,2028-03-15,Topikal,https://placehold.co/400x300/f8fafc/f97316?text=Hot+In+Cream+Strong+120ml,True,"[""otc"",""indonesia"",""chatbot-ready""]"
2520,Bejo Box 30s,Herbal & Tradisional,42000.0,186,"Jahe Merah, Adas, Madu","Masuk angin, melegakan tenggorokan; Gejala terkait: meriang; jahe merah",Sesuai aturan pakai pada kemasan. Gunakan sesuai petunjuk pada kemasan.,"Jahe Merah, Adas, Madu","Masuk angin, melegakan tenggorokan; meriang; jahe merah; Gunakan sesuai petunjuk pada kemasan.",Perut terasa agak panas,2028-12-31,Produk,https://placehold.co/400x300/f8fafc/84cc16?text=Bejo+Box+30s,False,"[""otc"",""indonesia"",""chatbot-ready""]"
2521,Biogesic Sirup Rasa jeruk 60ml,Nyeri & Demam,20000.0,403,Paracetamol 500mg,Demam dan nyeri ringan; Gejala terkait: demam; nyeri,Sesuai aturan pakai pada kemasan. Gunakan sesuai petunjuk pada kemasan. Jika sakit berlanjut hubungi dokter.,Paracetamol 500mg,Demam dan nyeri ringan; demam; nyeri; Gunakan sesuai petunjuk pada kemasan. Jika sakit berlanjut hubungi dokter.,Jarang terjadi alergi,2026-12-31,Sirup,https://placehold.co/400x300/f8fafc/ef4444?text=Biogesic+Sirup,True,"[""otc"",""indonesia"",""chatbot-ready""]"
2522,Sanmol Tablet,Nyeri & Demam,18000.0,385,Paracetamol 500mg,Meredakan demam dan nyeri ringan; Gejala terkait: demam; panas; nyeri,Sesuai aturan pakai pada kemasan. Gunakan sesuai petunjuk pada kemasan. Jika sakit berlanjut hubungi dokter.,Paracetamol 500mg,Meredakan demam dan nyeri ringan; demam; panas; nyeri; Gunakan sesuai petunjuk pada kemasan. Jika sakit berlanjut hubungi dokter.,Jarang: ruam kulit,2027-06-30,Tablet,https://placehold.co/400x300/f8fafc/ef4444?text=Sanmol+Tablet,False,"[""otc"",""indonesia"",""chatbot-ready""]"
2523,Rivanol Tube 30g,Obat Kulit & Luka,9000.0,277,Ethacridine Lactate,Membersihkan luka basah; Gejala terkait: cuci luka; luka basah,Sesuai aturan pakai pada kemasan. Gunakan sesuai petunjuk pada kemasan.,Ethacridine Lactate,Membersihkan luka basah; cuci luka; luka basah; Gunakan sesuai petunjuk pada kemasan.,Kulit kuning sementara,2028-12-31,Produk,https://placehold.co/400x300/f8fafc/ec4899?text=Rivanol+Tube+30g,False,"[""otc"",""indonesia"",""chatbot-ready""]"
2524,Freshcare Smash Double Inhaler,Obat Oles Nyeri,22000.0,259,"Menthol, Camphor, Essential Oil","Pusing, perut kembung, mabuk perjalanan; Gejala terkait: mabuk darat; pusing kepala; roll on minyak angin",Sesuai aturan pakai pada kemasan. Gunakan sesuai petunjuk pada kemasan. Jika sakit berlanjut hubungi dokter.,"Menthol, Camphor, Essential Oil","Pusing, perut kembung, mabuk perjalanan; mabuk darat; pusing kepala; roll on minyak angin; Gunakan sesuai petunjuk pada kemasan. Jika sakit berlanjut hubungi dokter.",Iritasi mata jika terlalu dekat,2027-06-30,Produk,https://placehold.co/400x300/f8fafc/f97316?text=Freshcare+Smash+Double+Inhaler,True,"[""otc"",""indonesia"",""chatbot-ready""]"
2525,Antangin Habbatussauda Box 5s,Herbal & Tradisional,20000.0,341,"Jahe, Royal Jelly, Ginseng","Masuk angin, greges; Gejala terkait: greges; meriang; masuk angin",Sesuai aturan pakai pada kemasan. Gunakan sesuai petunjuk pada kemasan. Jika sakit berlanjut hubungi dokter.,"Jahe, Royal Jelly, Ginseng","Masuk angin, greges; greges; meriang; masuk angin; Gunakan sesuai petunjuk pada kemasan. Jika sakit berlanjut hubungi dokter.",Tubuh terasa hangat berlebih,2026-12-31,Produk,https://placehold.co/400x300/f8fafc/84cc16?text=Antangin+Habbatussauda+Box+5s,True,"[""otc"",""indonesia"",""chatbot-ready""]"
2526,Promag Tablet Kunyah,Lambung & Maag,9000.0,207,"Hydrotalcite, Magnesium Hydroxide, Simethicone","Maag, perut kembung, nyeri ulu hati; Gejala terkait: maag; asam lambung; begah; kembung",Sesuai aturan pakai pada kemasan. Gunakan sesuai petunjuk pada kemasan. Jika sakit berlanjut hubungi dokter.,"Hydrotalcite, Magnesium Hydroxide, Simethicone","Maag, perut kembung, nyeri ulu hati; maag; asam lambung; begah; kembung; Gunakan sesuai petunjuk pada kemasan. Jika sakit berlanjut hubungi dokter.",Diare/Sembelit ringan,2026-12-31,Tablet,https://placehold.co/400x300/f8fafc/10b981?text=Promag+Tablet+Kunyah,True,"[""otc"",""indonesia"",""chatbot-ready""]"
2527,Neozep Botol 120ml,Flu & Pilek,10000.0,216,"Paracetamol, Phenylephrine, CTM",Flu dan hidung meler; Gejala terkait: hidung meler; flu berat,Sesuai aturan pakai pada kemasan. Gunakan sesuai petunjuk pada kemasan.,"Paracetamol, Phenylephrine, CTM",Flu dan hidung meler; hidung meler; flu berat; Gunakan sesuai petunjuk pada kemasan.,Mengantuk,2028-03-15,Produk,https://placehold.co/400x300/f8fafc/06b6d4?text=Neozep+Botol+120ml,False,"[""otc"",""indonesia"",""chatbot-ready""]"
2528,Hansaplast Tube 15g,Obat Kulit & Luka,45000.0,467,Polyhexamethylene Biguanide (Spray),Pembersih luka tanpa perih; Gejala terkait: cuci luka gak perih; semprot luka,Sesuai aturan pakai pada kemasan. Gunakan sesuai petunjuk pada kemasan.,Polyhexamethylene Biguanide (Spray),Pembersih luka tanpa perih; cuci luka gak perih; semprot luka; Gunakan sesuai petunjuk pada kemasan.,Jarang,2027-06-30,Produk,https://placehold.co/400x300/f8fafc/ec4899?text=Hansaplast+Tube+15g,True,"[""otc"",""indonesia"",""chatbot-ready""]"
2529,Biogesic Tube 30g,Nyeri & Demam,15000.0,114,Paracetamol 500mg,Demam dan nyeri ringan; Gejala terkait: demam; nyeri,Sesuai aturan pakai pada kemasan. Gunakan sesuai petunjuk pada kemasan.,Paracetamol 500mg,Demam dan nyeri ringan; demam; nyeri; Gunakan sesuai petunjuk pada kemasan.,Jarang terjadi alergi,2028-03-15,Produk,https://placehold.co/400x300/f8fafc/ef4444?text=Biogesic+Tube+30g,False,"[""otc"",""indonesia"",""chatbot-ready""]"
2530,Bejo Wedang Susu Jahe Merah Box 5s,Herbal & Tradisional,18000.0,140,"Jahe Merah, Adas, Madu","Masuk angin, melegakan tenggorokan; Gejala terkait: meriang; jahe merah",Sesuai aturan pakai pada kemasan. Gunakan sesuai petunjuk pada kemasan. Jika sakit berlanjut hubungi dokter.,"Jahe Merah, Adas, Madu","Masuk angin, melegakan tenggorokan; meriang; jahe merah; Gunakan sesuai petunjuk pada kemasan. Jika sakit berlanjut hubungi dokter.",Perut terasa agak panas,2028-12-31,Produk,https://placehold.co/400x300/f8fafc/84cc16?text=Bejo+Susu+Jahe+Merah+Box+5s,True,"[""otc"",""indonesia"",""chatbot-ready""]"
2531,Paramex Tablet,Nyeri & Demam,8500.0,387,"Paracetamol 250mg, Propyphenazone 150mg, Caffeine",Sakit kepala berat; Gejala terkait: sakit kepala berat; pusing,Sesuai aturan pakai pada kemasan. Gunakan sesuai petunjuk pada kemasan. Jika sakit berlanjut hubungi dokter.,"Paracetamol 250mg, Propyphenazone 150mg, Caffeine",Sakit kepala berat; sakit kepala berat; pusing; Gunakan sesuai petunjuk pada kemasan. Jika sakit berlanjut hubungi dokter.,Berdebar,2027-06-30,Tablet,https://placehold.co/400x300/f8fafc/ef4444?text=Paramex+Tablet,True,"[""otc"",""indonesia"",""chatbot-ready""]"
2532,Actifed Hijau (Expectorant),Obat Batuk,68000.0,36,"Triprolidine, Pseudoephedrine",Pilek alergi dan batuk; Gejala terkait: batuk pilek berat; alergi pernapasan,Sesuai aturan pakai pada kemasan. Gunakan sesuai petunjuk pada kemasan. Jika sakit berlanjut hubungi dokter.,"Triprolidine, Pseudoephedrine",Pilek alergi dan batuk; batuk pilek berat; alergi pernapasan; Gunakan sesuai petunjuk pada kemasan. Jika sakit berlanjut hubungi dokter.,"Mengantuk, jantung berdebar",2028-12-31,Produk,https://placehold.co/400x300/f8fafc/3b82f6?text=Actifed+Hijau+(Expectorant),True,"[""otc"",""indonesia"",""chatbot-ready""]"
2533,Polycrol Tube 30g,Lambung & Maag,33000.0,410,"Activated Methylpolysiloxane, Antasida",Maag dengan kembung berat; Gejala terkait: kembung keras; lambung penuh,Sesuai aturan pakai pada kemasan. Gunakan sesuai petunjuk pada kemasan.,"Activated Methylpolysiloxane, Antasida",Maag dengan kembung berat; kembung keras; lambung penuh; Gunakan sesuai petunjuk pada kemasan.,Konstipasi,2027-06-30,Produk,https://placehold.co/400x300/f8fafc/10b981?text=Polycrol+Tube+30g,False,"[""otc"",""indonesia"",""chatbot-ready""]"
2534,SP Troches Melon Strip 12s,Mulut & Tenggorokan,15000.0,177,Dequalinium Chloride,Infeksi jamur/bakteri ringan di mulut; Gejala terkait: permen sariawan; permen sakit tenggorokan,Sesuai aturan pakai pada kemasan. Gunakan sesuai petunjuk pada kemasan. Jika sakit berlanjut hubungi dokter.,Dequalinium Chloride,Infeksi jamur/bakteri ringan di mulut; permen sariawan; permen sakit tenggorokan; Gunakan sesuai petunjuk pada kemasan. Jika sakit berlanjut hubungi dokter.,Lidah terasa kesat,2028-12-31,Produk,https://placehold.co/400x300/f8fafc/d946ef?text=SP+Troches+Melon+Strip+12s,True,"[""otc"",""indonesia"",""chatbot-ready""]"
2535,Daktarin Cream 5g,Antijamur & Kulit,30000.0,160,Miconazole Nitrate 2%,Infeksi jamur kulit dan lipatan; Gejala terkait: jamur selangkangan; kutu air; bedak jamur,Sesuai aturan pakai pada kemasan. Gunakan sesuai petunjuk pada kemasan. Jika sakit berlanjut hubungi dokter.,Miconazole Nitrate 2%,Infeksi jamur kulit dan lipatan; jamur selangkangan; kutu air; bedak jamur; Gunakan sesuai petunjuk pada kemasan. Jika sakit berlanjut hubungi dokter.,Iritasi ringan,2026-12-31,Topikal,https://placehold.co/400x300/f8fafc/14b8a6?text=Daktarin+Cream+5g,False,"[""otc"",""indonesia"",""chatbot-ready""]"
2536,Lacto-B Sachet 5ml,Pencernaan & Diare,1500.0,124,Probiotik (Lactobacillus),Memperbaiki flora usus saat diare anak; Gejala terkait: probiotik diare; mencret anak,Sesuai aturan pakai pada kemasan. Gunakan sesuai petunjuk pada kemasan.,Probiotik (Lactobacillus),Memperbaiki flora usus saat diare anak; probiotik diare; mencret anak; Gunakan sesuai petunjuk pada kemasan.,Jarang,2028-12-31,Sachet,https://placehold.co/400x300/f8fafc/f59e0b?text=Lacto-B+Sachet+5ml,False,"[""otc"",""indonesia"",""chatbot-ready""]"
2537,Rhinos Junior Sirup,Flu & Pilek,48000.0,148,"Pseudoephedrine, Loratadine / CTM","Hidung tersumbat berat, rinitis alergi; Gejala terkait: hidung buntu; rinitis alergi; pilek parah",Sesuai aturan pakai pada kemasan. Gunakan sesuai petunjuk pada kemasan. Jika sakit berlanjut hubungi dokter.,"Pseudoephedrine, Loratadine / CTM","Hidung tersumbat berat, rinitis alergi; hidung buntu; rinitis alergi; pilek parah; Gunakan sesuai petunjuk pada kemasan. Jika sakit berlanjut hubungi dokter.","Mulut kering, insomnia",2028-03-15,Sirup,https://placehold.co/400x300/f8fafc/06b6d4?text=Rhinos+Junior+Sirup,True,"[""otc"",""indonesia"",""chatbot-ready""]"
2538,Betadine Plaster,Obat Kulit & Luka,5000.0,124,Povidone Iodine 10%,Antiseptik untuk luka lecet/potong; Gejala terkait: obat merah; luka lecet; antiseptik,Sesuai aturan pakai pada kemasan. Gunakan sesuai petunjuk pada kemasan. Jika sakit berlanjut hubungi dokter.,Povidone Iodine 10%,Antiseptik untuk luka lecet/potong; obat merah; luka lecet; antiseptik; Gunakan sesuai petunjuk pada kemasan. Jika sakit berlanjut hubungi dokter.,Iritasi ringan,2026-12-31,Produk,https://placehold.co/400x300/f8fafc/ec4899?text=Betadine+Plaster,True,"[""otc"",""indonesia"",""chatbot-ready""]"
2539,Nebacetin Powder 5g,Obat Kulit & Luka,35000.0,455,"Neomycin Sulfate, Bacitracin","Infeksi bakteri pada kulit, luka bernanah; Gejala terkait: luka bernanah; koreng; bubuk luka",Sesuai aturan pakai pada kemasan. Gunakan sesuai petunjuk pada kemasan. Jika sakit berlanjut hubungi dokter.,"Neomycin Sulfate, Bacitracin","Infeksi bakteri pada kulit, luka bernanah; luka bernanah; koreng; bubuk luka; Gunakan sesuai petunjuk pada kemasan. Jika sakit berlanjut hubungi dokter.",Alergi lokal,2026-12-31,Produk,https://placehold.co/400x300/f8fafc/ec4899?text=Nebacetin+Powder+5g,True,"[""otc"",""indonesia"",""chatbot-ready""]"
2540,Diapet NR Kapsul,Pencernaan & Diare,12000.0,253,"Ekstrak Daun Jambu Biji, Kunyit",Diare ringan (Herbal); Gejala terkait: diare herbal; mules,Sesuai aturan pakai pada kemasan. Gunakan sesuai petunjuk pada kemasan. Jika sakit berlanjut hubungi dokter.,"Ekstrak Daun Jambu Biji, Kunyit",Diare ringan (Herbal); diare herbal; mules; Gunakan sesuai petunjuk pada kemasan. Jika sakit berlanjut hubungi dokter.,Jarang,2028-12-31,Produk,https://placehold.co/400x300/f8fafc/f59e0b?text=Diapet+NR+Kapsul,False,"[""otc"",""indonesia"",""chatbot-ready""]"
2541,Fatigon Spirit Tablet,Vitamin & Suplemen,8500.0,405,"Vitamin B Kompleks, Vitamin E","Mengatasi capek, pegal, kram; Gejala terkait: capek; pegal linu; energi",Sesuai aturan pakai pada kemasan. Gunakan sesuai petunjuk pada kemasan. Jika sakit berlanjut hubungi dokter.,"Vitamin B Kompleks, Vitamin E","Mengatasi capek, pegal, kram; capek; pegal linu; energi; Gunakan sesuai petunjuk pada kemasan. Jika sakit berlanjut hubungi dokter.",Jarang,2026-12-31,Tablet,https://placehold.co/400x300/f8fafc/eab308?text=Fatigon+Spirit+Tablet,True,"[""otc"",""indonesia"",""chatbot-ready""]"
2542,Hot In Cream Tube 60g,Obat Oles Nyeri,22000.0,409,"Menthol, Methyl Salicylate, Pine Oil","Pegal linu, masuk angin; Gejala terkait: pegal parah; capek badan; krim panas",Sesuai aturan pakai pada kemasan. Gunakan sesuai petunjuk pada kemasan. Jika sakit berlanjut hubungi dokter.,"Menthol, Methyl Salicylate, Pine Oil","Pegal linu, masuk angin; pegal parah; capek badan; krim panas; Gunakan sesuai petunjuk pada kemasan. Jika sakit berlanjut hubungi dokter.",Sangat panas pada kulit sensitif,2026-12-31,Topikal,https://placehold.co/400x300/f8fafc/f97316?text=Hot+In+Cream+Tube+60g,True,"[""otc"",""indonesia"",""chatbot-ready""]"
2543,Tolak Angin Anak Box 5s,Herbal & Tradisional,18000.0,307,"Adas, Kayu Ules, Cengkeh, Jahe, Daun Mint, Madu","Masuk angin, perut kembung, mual; Gejala terkait: masuk angin; mual perjalanan; kembung",Sesuai aturan pakai pada kemasan. Gunakan sesuai petunjuk pada kemasan. Jika sakit berlanjut hubungi dokter.,"Adas, Kayu Ules, Cengkeh, Jahe, Daun Mint, Madu","Masuk angin, perut kembung, mual; masuk angin; mual perjalanan; kembung; Gunakan sesuai petunjuk pada kemasan. Jika sakit berlanjut hubungi dokter.",Alergi (jarang),2028-12-31,Produk,https://placehold.co/400x300/f8fafc/84cc16?text=Tolak+Angin+Anak+Box+5s,True,"[""otc"",""indonesia"",""chatbot-ready""]"
2544,Vicks Formula 44 Strip 4s,Obat Batuk,7500.0,152,"Dextromethorphan HBr, Doxylamine",Batuk kering & bersin; Gejala terkait: batuk kering malam hari; batuk gatal,Sesuai aturan pakai pada kemasan. Gunakan sesuai petunjuk pada kemasan.,"Dextromethorphan HBr, Doxylamine",Batuk kering & bersin; batuk kering malam hari; batuk gatal; Gunakan sesuai petunjuk pada kemasan.,Mengantuk,2028-12-31,Produk,https://placehold.co/400x300/f8fafc/3b82f6?text=Vicks+Formula+44+Strip+4s,False,"[""otc"",""indonesia"",""chatbot-ready""]"
2545,Promag Tube 15g,Lambung & Maag,9000.0,171,"Hydrotalcite, Magnesium Hydroxide, Simethicone","Maag, perut kembung, nyeri ulu hati; Gejala terkait: maag; asam lambung; begah; kembung",Sesuai aturan pakai pada kemasan. Gunakan sesuai petunjuk pada kemasan.,"Hydrotalcite, Magnesium Hydroxide, Simethicone","Maag, perut kembung, nyeri ulu hati; maag; asam lambung; begah; kembung; Gunakan sesuai petunjuk pada kemasan.",Diare/Sembelit ringan,2028-12-31,Produk,https://placehold.co/400x300/f8fafc/10b981?text=Promag+Tube+15g,False,"[""otc"",""indonesia"",""chatbot-ready""]"
2546,Lodia Box 100s,Pencernaan & Diare,200000.0,53,Loperamide HCl,Diare akut; Gejala terkait: diare akut parah,Sesuai aturan pakai pada kemasan. Gunakan sesuai petunjuk pada kemasan.,Loperamide HCl,Diare akut; diare akut parah; Gunakan sesuai petunjuk pada kemasan.,"Sembelit, pusing",2028-03-15,Produk,https://placehold.co/400x300/f8fafc/f59e0b?text=Lodia+Box+100s,True,"[""otc"",""indonesia"",""chatbot-ready""]"
2547,Decolgen Tablet,Flu & Pilek,4500.0,447,"Paracetamol, Phenylpropanolamine, CTM","Gejala flu, hidung tersumbat; Gejala terkait: pilek; hidung tersumbat",Sesuai aturan pakai pada kemasan. Gunakan sesuai petunjuk pada kemasan. Jika sakit berlanjut hubungi dokter.,"Paracetamol, Phenylpropanolamine, CTM","Gejala flu, hidung tersumbat; pilek; hidung tersumbat; Gunakan sesuai petunjuk pada kemasan. Jika sakit berlanjut hubungi dokter.","Mengantuk, berdebar",2028-12-31,Tablet,https://placehold.co/400x300/f8fafc/06b6d4?text=Decolgen+Tablet,True,"[""otc"",""indonesia"",""chatbot-ready""]"
2548,Bioplacenton Botol 200ml,Obat Kulit & Luka,98000.0,48,"Placenta Extract, Neomycin Sulfate","Luka bakar, luka knalpot; Gejala terkait: luka bakar; luka knalpot; salep melepuh",Sesuai aturan pakai pada kemasan. Gunakan sesuai petunjuk pada kemasan.,"Placenta Extract, Neomycin Sulfate","Luka bakar, luka knalpot; luka bakar; luka knalpot; salep melepuh; Gunakan sesuai petunjuk pada kemasan.",Alergi antibiotik,2026-12-31,Produk,https://placehold.co/400x300/f8fafc/ec4899?text=Bioplacenton+Botol+200ml,False,"[""otc"",""indonesia"",""chatbot-ready""]"
2549,Larutan Cap Kaki Tiga Kaleng Berperisa 320ml,Herbal & Tradisional,8000.0,487,"Gypsum Fibrosum, Calcitum","Panas dalam, bibir pecah-pecah; Gejala terkait: air panas dalam; bibir pecah",Sesuai aturan pakai pada kemasan. Gunakan sesuai petunjuk pada kemasan. Jika sakit berlanjut hubungi dokter.,"Gypsum Fibrosum, Calcitum","Panas dalam, bibir pecah-pecah; air panas dalam; bibir pecah; Gunakan sesuai petunjuk pada kemasan. Jika sakit berlanjut hubungi dokter.",Jarang,2028-03-15,Produk,https://placehold.co/400x300/f8fafc/84cc16?text=Larutan+Cap+Kaki+Tiga+Kaleng+Berperisa+320ml,True,"[""otc"",""indonesia"",""chatbot-ready""]"
2550,Tolak Angin Care Botol 30ml,Obat Oles Nyeri,13000.0,321,"Peppermint Oil, Ginger Oil","Mabuk perjalanan, masuk angin; Gejala terkait: minyak angin herbal",Sesuai aturan pakai pada kemasan. Gunakan sesuai petunjuk pada kemasan.,"Peppermint Oil, Ginger Oil","Mabuk perjalanan, masuk angin; minyak angin herbal; Gunakan sesuai petunjuk pada kemasan.",Jarang,2027-06-30,Produk,https://placehold.co/400x300/f8fafc/f97316?text=Tolak+Angin+Care+Botol+30ml,False,"[""otc"",""indonesia"",""chatbot-ready""]"
2551,Redoxon Kids Gummy,Vitamin & Suplemen,35000.0,179,"Vitamin C 1000mg, Zinc, Vitamin D",Daya tahan tubuh ekstra; Gejala terkait: vitamin c tinggi; cegah flu,Sesuai aturan pakai pada kemasan. Gunakan sesuai petunjuk pada kemasan. Jika sakit berlanjut hubungi dokter.,"Vitamin C 1000mg, Zinc, Vitamin D",Daya tahan tubuh ekstra; vitamin c tinggi; cegah flu; Gunakan sesuai petunjuk pada kemasan. Jika sakit berlanjut hubungi dokter.,Nyeri lambung,2027-06-30,Produk,https://placehold.co/400x300/f8fafc/eab308?text=Redoxon+Kids+Gummy,True,"[""otc"",""indonesia"",""chatbot-ready""]"
2552,Transpulmin Baby Balsam 20g,Perawatan Hidung & Pernapasan,95000.0,32,"Eucalyptus Oil, Chamomile (Baby) / + Menthol (Kids)","Menghangatkan dada, melegakan napas anak/bayi; Gejala terkait: balsem dada bayi; napas lega bayi",Sesuai aturan pakai pada kemasan. Gunakan sesuai petunjuk pada kemasan. Jika sakit berlanjut hubungi dokter.,"Eucalyptus Oil, Chamomile (Baby) / + Menthol (Kids)","Menghangatkan dada, melegakan napas anak/bayi; balsem dada bayi; napas lega bayi; Gunakan sesuai petunjuk pada kemasan. Jika sakit berlanjut hubungi dokter.",Kemerahan lokal (jarang),2028-12-31,Produk,https://placehold.co/400x300/f8fafc/06b6d4?text=Transpulmin+Baby+Balsam+20g,False,"[""otc"",""indonesia"",""chatbot-ready""]"
2553,Fasidol Tablet,Nyeri & Demam,6000.0,461,Paracetamol,Demam; Gejala terkait: demam; pusing,Sesuai aturan pakai pada kemasan. Gunakan sesuai petunjuk pada kemasan. Jika sakit berlanjut hubungi dokter.,Paracetamol,Demam; demam; pusing; Gunakan sesuai petunjuk pada kemasan. Jika sakit berlanjut hubungi dokter.,Jarang,2028-12-31,Tablet,https://placehold.co/400x300/f8fafc/ef4444?text=Fasidol+Tablet,False,"[""otc"",""indonesia"",""chatbot-ready""]"
2554,GPU Minyak Gosok Botol 30ml,Obat Oles Nyeri,12000.0,456,"Nutmeg Oil, Eucalyptus Oil, Citronella","Urut, keseleo, pegal; Gejala terkait: minyak urut; keseleo",Sesuai aturan pakai pada kemasan. Gunakan sesuai petunjuk pada kemasan. Jika sakit berlanjut hubungi dokter.,"Nutmeg Oil, Eucalyptus Oil, Citronella","Urut, keseleo, pegal; minyak urut; keseleo; Gunakan sesuai petunjuk pada kemasan. Jika sakit berlanjut hubungi dokter.",Iritasi lokal,2028-03-15,Produk,https://placehold.co/400x300/f8fafc/f97316?text=GPU+Minyak+Gosok+Botol+30ml,True,"[""otc"",""indonesia"",""chatbot-ready""]"
2555,Bisolvon Solution 50 ml,Obat Batuk,55000.0,55,Bromhexine HCl,Mengencerkan dahak; Gejala terkait: dahak kental; batuk parah,Sesuai aturan pakai pada kemasan. Gunakan sesuai petunjuk pada kemasan. Jika sakit berlanjut hubungi dokter.,Bromhexine HCl,Mengencerkan dahak; dahak kental; batuk parah; Gunakan sesuai petunjuk pada kemasan. Jika sakit berlanjut hubungi dokter.,Gangguan pencernaan ringan,2026-12-31,Cairan,https://placehold.co/400x300/f8fafc/3b82f6?text=Bisolvon+Solution/Drops,True,"[""otc"",""indonesia"",""chatbot-ready""]"
2556,Mylanta Cair 50ml,Lambung & Maag,18000.0,138,"Aluminium Hydroxide, Magnesium Hydroxide, Simethicone",Asam lambung tinggi; Gejala terkait: asam lambung naik; perih perut,Sesuai aturan pakai pada kemasan. Gunakan sesuai petunjuk pada kemasan. Jika sakit berlanjut hubungi dokter.,"Aluminium Hydroxide, Magnesium Hydroxide, Simethicone",Asam lambung tinggi; asam lambung naik; perih perut; Gunakan sesuai petunjuk pada kemasan. Jika sakit berlanjut hubungi dokter.,Sembelit,2028-03-15,Produk,https://placehold.co/400x300/f8fafc/10b981?text=Mylanta+Cair+50ml,True,"[""otc"",""indonesia"",""chatbot-ready""]"
2557,Tje Fuk Strip 10s,Vitamin & Suplemen,150000.0,76,Ginseng extract,Suplemen stamina; Gejala terkait: stamina; ginseng,Sesuai aturan pakai pada kemasan. Gunakan sesuai petunjuk pada kemasan.,Ginseng extract,Suplemen stamina; stamina; ginseng; Gunakan sesuai petunjuk pada kemasan.,Insomnia ringan,2028-03-15,Produk,https://placehold.co/400x300/f8fafc/eab308?text=Tje+Fuk+Strip+10s,False,"[""otc"",""indonesia"",""chatbot-ready""]"
2558,Stimuno Forte Kapsul,Vitamin & Suplemen,35000.0,129,Ekstrak Phyllanthus niruri,Fitofarmaka daya tahan tubuh; Gejala terkait: imunomodulator; gampang sakit,Sesuai aturan pakai pada kemasan. Gunakan sesuai petunjuk pada kemasan. Jika sakit berlanjut hubungi dokter.,Ekstrak Phyllanthus niruri,Fitofarmaka daya tahan tubuh; imunomodulator; gampang sakit; Gunakan sesuai petunjuk pada kemasan. Jika sakit berlanjut hubungi dokter.,Jarang,2028-12-31,Produk,https://placehold.co/400x300/f8fafc/eab308?text=Stimuno+Forte+Kapsul,True,"[""otc"",""indonesia"",""chatbot-ready""]"
2559,Rohto C-Cube 7ml,Mata & Telinga,35000.0,131,"Naphazoline HCl, Menthol",Mata merah dengan sensasi dingin; Gejala terkait: tetes mata dingin; mata merah ngantuk,Sesuai aturan pakai pada kemasan. Gunakan sesuai petunjuk pada kemasan. Jika sakit berlanjut hubungi dokter.,"Naphazoline HCl, Menthol",Mata merah dengan sensasi dingin; tetes mata dingin; mata merah ngantuk; Gunakan sesuai petunjuk pada kemasan. Jika sakit berlanjut hubungi dokter.,Mata terasa sangat dingin/pedas,2027-06-30,Produk,https://placehold.co/400x300/f8fafc/0ea5e9?text=Rohto+C-Cube+7ml,True,"[""otc"",""indonesia"",""chatbot-ready""]"
2560,Renovit Gold Strip,Vitamin & Suplemen,18000.0,350,12 Vitamin & 13 Mineral,Kebutuhan vitamin harian menyeluruh; Gejala terkait: multivitamin lengkap,Sesuai aturan pakai pada kemasan. Gunakan sesuai petunjuk pada kemasan. Jika sakit berlanjut hubungi dokter.,12 Vitamin & 13 Mineral,Kebutuhan vitamin harian menyeluruh; multivitamin lengkap; Gunakan sesuai petunjuk pada kemasan. Jika sakit berlanjut hubungi dokter.,Jarang,2028-03-15,Produk,https://placehold.co/400x300/f8fafc/eab308?text=Renovit+Gold+Strip,True,"[""otc"",""indonesia"",""chatbot-ready""]"
2561,Dumin Tablet,Nyeri & Demam,15000.0,352,Paracetamol,Demam tinggi; Gejala terkait: demam tinggi; panas anak,Sesuai aturan pakai pada kemasan. Gunakan sesuai petunjuk pada kemasan. Jika sakit berlanjut hubungi dokter.,Paracetamol,Demam tinggi; demam tinggi; panas anak; Gunakan sesuai petunjuk pada kemasan. Jika sakit berlanjut hubungi dokter.,Jarang,2026-12-31,Tablet,https://placehold.co/400x300/f8fafc/ef4444?text=Dumin+Tablet,True,"[""otc"",""indonesia"",""chatbot-ready""]"
2562,Caladine Powder 100g,Alergi & Gatal,18000.0,481,"Calamine, Zinc Oxide, Diphenhydramine","Gatal biang keringat, gigitan serangga; Gejala terkait: biang keringat; gatal oles; gatal serangga",Sesuai aturan pakai pada kemasan. Gunakan sesuai petunjuk pada kemasan. Jika sakit berlanjut hubungi dokter.,"Calamine, Zinc Oxide, Diphenhydramine","Gatal biang keringat, gigitan serangga; biang keringat; gatal oles; gatal serangga; Gunakan sesuai petunjuk pada kemasan. Jika sakit berlanjut hubungi dokter.",Kulit sedikit kering,2026-12-31,Produk,https://placehold.co/400x300/f8fafc/8b5cf6?text=Caladine+Powder+100g,True,"[""otc"",""indonesia"",""chatbot-ready""]"
2563,Sanmol Forte Sirup,Nyeri & Demam,28000.0,270,Paracetamol 500mg,Meredakan demam dan nyeri ringan; Gejala terkait: demam; panas; nyeri,Sesuai aturan pakai pada kemasan. Gunakan sesuai petunjuk pada kemasan. Jika sakit berlanjut hubungi dokter.,Paracetamol 500mg,Meredakan demam dan nyeri ringan; demam; panas; nyeri; Gunakan sesuai petunjuk pada kemasan. Jika sakit berlanjut hubungi dokter.,Jarang: ruam kulit,2028-03-15,Sirup,https://placehold.co/400x300/f8fafc/ef4444?text=Sanmol+Forte+Sirup,True,"[""otc"",""indonesia"",""chatbot-ready""]"
2564,Forumen Tetes Telinga 10ml,Mata & Telinga,45000.0,466,Docusate Sodium,Melunakkan kotoran telinga keras; Gejala terkait: telinga mampet; kotoran telinga keras,Sesuai aturan pakai pada kemasan. Gunakan sesuai petunjuk pada kemasan. Jika sakit berlanjut hubungi dokter.,Docusate Sodium,Melunakkan kotoran telinga keras; telinga mampet; kotoran telinga keras; Gunakan sesuai petunjuk pada kemasan. Jika sakit berlanjut hubungi dokter.,Telinga terasa penuh,2027-06-30,Produk,https://placehold.co/400x300/f8fafc/0ea5e9?text=Forumen+Tetes+Telinga+10ml,True,"[""otc"",""indonesia"",""chatbot-ready""]"
2565,Waisan Botol 120ml,Lambung & Maag,4500.0,103,"Antasida, Sodium Bicarbonate","Sakit maag, mual; Gejala terkait: mual maag; perih",Sesuai aturan pakai pada kemasan. Gunakan sesuai petunjuk pada kemasan.,"Antasida, Sodium Bicarbonate","Sakit maag, mual; mual maag; perih; Gunakan sesuai petunjuk pada kemasan.",Sendawa,2027-06-30,Produk,https://placehold.co/400x300/f8fafc/10b981?text=Waisan+Botol+120ml,True,"[""otc"",""indonesia"",""chatbot-ready""]"
2566,Geliga Balsem Otot 10g,Obat Oles Nyeri,8000.0,296,"Methyl Salicylate, Peppermint Oil","Nyeri punggung, pegal; Gejala terkait: balsem panas; sakit pinggang",Sesuai aturan pakai pada kemasan. Gunakan sesuai petunjuk pada kemasan. Jika sakit berlanjut hubungi dokter.,"Methyl Salicylate, Peppermint Oil","Nyeri punggung, pegal; balsem panas; sakit pinggang; Gunakan sesuai petunjuk pada kemasan. Jika sakit berlanjut hubungi dokter.",Panas lokal,2028-12-31,Topikal,https://placehold.co/400x300/f8fafc/f97316?text=Geliga+Balsem+Otot+10g,True,"[""otc"",""indonesia"",""chatbot-ready""]"
2567,Enervon C Effervescent,Vitamin & Suplemen,35000.0,125,"Vitamin C 500mg, Vitamin B Kompleks",Menjaga daya tahan tubuh; Gejala terkait: imun; vitamin c; capek,Sesuai aturan pakai pada kemasan. Gunakan sesuai petunjuk pada kemasan. Jika sakit berlanjut hubungi dokter.,"Vitamin C 500mg, Vitamin B Kompleks",Menjaga daya tahan tubuh; imun; vitamin c; capek; Gunakan sesuai petunjuk pada kemasan. Jika sakit berlanjut hubungi dokter.,Urin berwarna kuning cerah,2027-06-30,Produk,https://placehold.co/400x300/f8fafc/eab308?text=Enervon+C+Effervescent,True,"[""otc"",""indonesia"",""chatbot-ready""]"
2568,Vitacimin Lemon Strip,Vitamin & Suplemen,2500.0,497,Vitamin C 500mg,Suplemen Vitamin C hisap; Gejala terkait: vitamin hisap; sariawan,Sesuai aturan pakai pada kemasan. Gunakan sesuai petunjuk pada kemasan. Jika sakit berlanjut hubungi dokter.,Vitamin C 500mg,Suplemen Vitamin C hisap; vitamin hisap; sariawan; Gunakan sesuai petunjuk pada kemasan. Jika sakit berlanjut hubungi dokter.,Nyeri lambung (jika perut kosong),2026-12-31,Produk,https://placehold.co/400x300/f8fafc/eab308?text=Vitacimin+Lemon+Strip,True,"[""otc"",""indonesia"",""chatbot-ready""]"
2569,Dulcolax Tablet 5mg,Pencernaan & Diare,22000.0,124,Bisacodyl,Mengatasi sembelit kronis; Gejala terkait: susah bab; sembelit; pencahar,Sesuai aturan pakai pada kemasan. Gunakan sesuai petunjuk pada kemasan. Jika sakit berlanjut hubungi dokter.,Bisacodyl,Mengatasi sembelit kronis; susah bab; sembelit; pencahar; Gunakan sesuai petunjuk pada kemasan. Jika sakit berlanjut hubungi dokter.,Kram perut,2026-12-31,Tablet,https://placehold.co/400x300/f8fafc/f59e0b?text=Dulcolax+Tablet+5mg,True,"[""otc"",""indonesia"",""chatbot-ready""]"
2570,Rivanol Cair 100ml,Obat Kulit & Luka,6000.0,480,Ethacridine Lactate,Membersihkan luka basah; Gejala terkait: cuci luka; luka basah,Sesuai aturan pakai pada kemasan. Gunakan sesuai petunjuk pada kemasan. Jika sakit berlanjut hubungi dokter.,Ethacridine Lactate,Membersihkan luka basah; cuci luka; luka basah; Gunakan sesuai petunjuk pada kemasan. Jika sakit berlanjut hubungi dokter.,Kulit kuning sementara,2028-03-15,Produk,https://placehold.co/400x300/f8fafc/ec4899?text=Rivanol+Cair+100ml,True,"[""otc"",""indonesia"",""chatbot-ready""]"
2571,GPU Minyak Gosok Botol 100ml,Obat Oles Nyeri,32000.0,188,"Nutmeg Oil, Eucalyptus Oil, Citronella","Urut, keseleo, pegal; Gejala terkait: minyak urut; keseleo",Sesuai aturan pakai pada kemasan. Gunakan sesuai petunjuk pada kemasan. Jika sakit berlanjut hubungi dokter.,"Nutmeg Oil, Eucalyptus Oil, Citronella","Urut, keseleo, pegal; minyak urut; keseleo; Gunakan sesuai petunjuk pada kemasan. Jika sakit berlanjut hubungi dokter.",Iritasi lokal,2026-12-31,Produk,https://placehold.co/400x300/f8fafc/f97316?text=GPU+Minyak+Gosok+Botol+100ml,True,"[""otc"",""indonesia"",""chatbot-ready""]"
2572,Garamycin Cream 5g,Obat Kulit & Luka,45000.0,230,Gentamicin Sulfate,Infeksi kulit primer (impetigo); Gejala terkait: infeksi kulit; bisul,Sesuai aturan pakai pada kemasan. Gunakan sesuai petunjuk pada kemasan. Jika sakit berlanjut hubungi dokter.,Gentamicin Sulfate,Infeksi kulit primer (impetigo); infeksi kulit; bisul; Gunakan sesuai petunjuk pada kemasan. Jika sakit berlanjut hubungi dokter.,Gatal ringan,2028-12-31,Topikal,https://placehold.co/400x300/f8fafc/ec4899?text=Garamycin+Cream+5g,True,"[""otc"",""indonesia"",""chatbot-ready""]"
2573,Mycoral Cream 5g,Antijamur & Kulit,22000.0,325,Ketoconazole 2%,Jamur membandel; Gejala terkait: kurap parah; jamur kuku,Sesuai aturan pakai pada kemasan. Gunakan sesuai petunjuk pada kemasan. Jika sakit berlanjut hubungi dokter.,Ketoconazole 2%,Jamur membandel; kurap parah; jamur kuku; Gunakan sesuai petunjuk pada kemasan. Jika sakit berlanjut hubungi dokter.,Gatal ringan,2028-12-31,Topikal,https://placehold.co/400x300/f8fafc/14b8a6?text=Mycoral+Cream+5g,True,"[""otc"",""indonesia"",""chatbot-ready""]"
2574,Panadol Extra,Nyeri & Demam,15000.0,500,Paracetamol 500mg,Meredakan demam dan nyeri ringan; Gejala terkait: demam; sakit kepala; nyeri,Sesuai aturan pakai pada kemasan. Gunakan sesuai petunjuk pada kemasan. Jika sakit berlanjut hubungi dokter.,Paracetamol 500mg,Meredakan demam dan nyeri ringan; demam; sakit kepala; nyeri; Gunakan sesuai petunjuk pada kemasan. Jika sakit berlanjut hubungi dokter.,Jarang: ruam kulit,2027-06-30,Produk,https://placehold.co/400x300/f8fafc/ef4444?text=Panadol+Extra,True,"[""otc"",""indonesia"",""chatbot-ready""]"
2575,Farsifen Forte,Nyeri & Demam,11000.0,110,Ibuprofen 200mg,"Sakit gigi, demam, nyeri haid; Gejala terkait: nyeri haid; sakit gigi",Sesuai aturan pakai pada kemasan. Gunakan sesuai petunjuk pada kemasan. Jika sakit berlanjut hubungi dokter.,Ibuprofen 200mg,"Sakit gigi, demam, nyeri haid; nyeri haid; sakit gigi; Gunakan sesuai petunjuk pada kemasan. Jika sakit berlanjut hubungi dokter.",Nyeri lambung,2028-12-31,Produk,https://placehold.co/400x300/f8fafc/ef4444?text=Farsifen+Forte,False,"[""otc"",""indonesia"",""chatbot-ready""]"
2576,Vitacimin Blueberry Strip,Vitamin & Suplemen,2500.0,209,Vitamin C 500mg,Suplemen Vitamin C hisap; Gejala terkait: vitamin hisap; sariawan,Sesuai aturan pakai pada kemasan. Gunakan sesuai petunjuk pada kemasan. Jika sakit berlanjut hubungi dokter.,Vitamin C 500mg,Suplemen Vitamin C hisap; vitamin hisap; sariawan; Gunakan sesuai petunjuk pada kemasan. Jika sakit berlanjut hubungi dokter.,Nyeri lambung (jika perut kosong),2027-06-30,Produk,https://placehold.co/400x300/f8fafc/eab308?text=Vitacimin+Blueberry+Strip,True,"[""otc"",""indonesia"",""chatbot-ready""]"
2577,Cendo Cenfresh Minidose,Mata & Telinga,30000.0,314,"Bervariasi (Dexamethasone, Neomycin / Artificial Tears)",Radang mata (Xitrol) / Mata Kering; Gejala terkait: mata belekan; bintitan; radang mata; mata kering softlens,Sesuai aturan pakai pada kemasan. Gunakan sesuai petunjuk pada kemasan. Jika sakit berlanjut hubungi dokter.,"Bervariasi (Dexamethasone, Neomycin / Artificial Tears)",Radang mata (Xitrol) / Mata Kering; mata belekan; bintitan; radang mata; mata kering softlens; Gunakan sesuai petunjuk pada kemasan. Jika sakit berlanjut hubungi dokter.,Pandangan kabur sementara,2027-06-30,Produk,https://placehold.co/400x300/f8fafc/0ea5e9?text=Cendo+Cenfresh+Minidose,True,"[""otc"",""indonesia"",""chatbot-ready""]"
2578,Actifed Kuning (Sirup),Obat Batuk,65000.0,96,"Triprolidine, Pseudoephedrine",Pilek alergi dan batuk; Gejala terkait: batuk pilek berat; alergi pernapasan,Sesuai aturan pakai pada kemasan. Gunakan sesuai petunjuk pada kemasan. Jika sakit berlanjut hubungi dokter.,"Triprolidine, Pseudoephedrine",Pilek alergi dan batuk; batuk pilek berat; alergi pernapasan; Gunakan sesuai petunjuk pada kemasan. Jika sakit berlanjut hubungi dokter.,"Mengantuk, jantung berdebar",2027-06-30,Sirup,https://placehold.co/400x300/f8fafc/3b82f6?text=Actifed+Kuning+(Sirup),True,"[""otc"",""indonesia"",""chatbot-ready""]"
2579,Omeprazole Sachet 5ml,Lambung & Maag,3000.0,220,Omeprazole 20mg,Menurunkan produksi asam lambung; Gejala terkait: gerd; asam lambung kronis,Sesuai aturan pakai pada kemasan. Gunakan sesuai petunjuk pada kemasan.,Omeprazole 20mg,Menurunkan produksi asam lambung; gerd; asam lambung kronis; Gunakan sesuai petunjuk pada kemasan.,"Sakit kepala, mual",2028-12-31,Sachet,https://placehold.co/400x300/f8fafc/10b981?text=Omeprazole+Sachet+5ml,False,"[""otc"",""indonesia"",""chatbot-ready""]"
2580,Tantum Verde Box 100s,Mulut & Tenggorokan,360000.0,70,Benzydamine HCl,"Radang tenggorokan, sariawan (efek bius lokal); Gejala terkait: sariawan parah; sakit nelan",Sesuai aturan pakai pada kemasan. Gunakan sesuai petunjuk pada kemasan.,Benzydamine HCl,"Radang tenggorokan, sariawan (efek bius lokal); sariawan parah; sakit nelan; Gunakan sesuai petunjuk pada kemasan.",Mulut kebas,2028-03-15,Produk,https://placehold.co/400x300/f8fafc/d946ef?text=Tantum+Verde+Box+100s,False,"[""otc"",""indonesia"",""chatbot-ready""]"
2581,Fatigon Strip 4s,Vitamin & Suplemen,3500.0,407,"Vitamin B Kompleks, Vitamin E","Mengatasi capek, pegal, kram; Gejala terkait: capek; pegal linu; energi",Sesuai aturan pakai pada kemasan. Gunakan sesuai petunjuk pada kemasan.,"Vitamin B Kompleks, Vitamin E","Mengatasi capek, pegal, kram; capek; pegal linu; energi; Gunakan sesuai petunjuk pada kemasan.",Jarang,2027-06-30,Produk,https://placehold.co/400x300/f8fafc/eab308?text=Fatigon+Strip+4s,True,"[""otc"",""indonesia"",""chatbot-ready""]"
2582,Aloclair Plus Spray 15ml,Mulut & Tenggorokan,115000.0,97,"Aloe Vera, Sodium Hyaluronate","Sariawan, luka kawat gigi (membentuk selaput pelindung); Gejala terkait: sariawan kawat gigi; sariawan perih banget",Sesuai aturan pakai pada kemasan. Gunakan sesuai petunjuk pada kemasan. Jika sakit berlanjut hubungi dokter.,"Aloe Vera, Sodium Hyaluronate","Sariawan, luka kawat gigi (membentuk selaput pelindung); sariawan kawat gigi; sariawan perih banget; Gunakan sesuai petunjuk pada kemasan. Jika sakit berlanjut hubungi dokter.",Jarang,2028-12-31,Spray,https://placehold.co/400x300/f8fafc/d946ef?text=Aloclair+Plus+Spray+15ml,True,"[""otc"",""indonesia"",""chatbot-ready""]"
2583,Imboost Tablet,Vitamin & Suplemen,38000.0,291,"Echinacea, Zinc",Booster daya tahan tubuh saat sakit; Gejala terkait: sistem imun; pemulihan sakit,Sesuai aturan pakai pada kemasan. Gunakan sesuai petunjuk pada kemasan. Jika sakit berlanjut hubungi dokter.,"Echinacea, Zinc",Booster daya tahan tubuh saat sakit; sistem imun; pemulihan sakit; Gunakan sesuai petunjuk pada kemasan. Jika sakit berlanjut hubungi dokter.,Alergi (jarang),2027-06-30,Tablet,https://placehold.co/400x300/f8fafc/eab308?text=Imboost+Tablet,False,"[""otc"",""indonesia"",""chatbot-ready""]"
2584,Sanmol Botol 200ml,Nyeri & Demam,50500.0,68,Paracetamol 500mg,Meredakan demam dan nyeri ringan; Gejala terkait: demam; panas; nyeri,Sesuai aturan pakai pada kemasan. Gunakan sesuai petunjuk pada kemasan.,Paracetamol 500mg,Meredakan demam dan nyeri ringan; demam; panas; nyeri; Gunakan sesuai petunjuk pada kemasan.,Jarang: ruam kulit,2026-12-31,Produk,https://placehold.co/400x300/f8fafc/ef4444?text=Sanmol+Botol+200ml,False,"[""otc"",""indonesia"",""chatbot-ready""]"
2585,Bisolvon Tablet,Obat Batuk,25000.0,350,Bromhexine HCl,Mengencerkan dahak; Gejala terkait: dahak kental; batuk parah,Sesuai aturan pakai pada kemasan. Gunakan sesuai petunjuk pada kemasan. Jika sakit berlanjut hubungi dokter.,Bromhexine HCl,Mengencerkan dahak; dahak kental; batuk parah; Gunakan sesuai petunjuk pada kemasan. Jika sakit berlanjut hubungi dokter.,Gangguan pencernaan ringan,2026-12-31,Tablet,https://placehold.co/400x300/f8fafc/3b82f6?text=Bisolvon+Tablet,True,"[""otc"",""indonesia"",""chatbot-ready""]"
2586,Mebo Tube 50g,Obat Kulit & Luka,275000.0,39,"Radix Scutellariae, Cortex Phellodendri, Minyak Wijen","Luka bakar, ulkus diabetik (herbal); Gejala terkait: luka bakar basah; salep bau wijen",Sesuai aturan pakai pada kemasan. Gunakan sesuai petunjuk pada kemasan.,"Radix Scutellariae, Cortex Phellodendri, Minyak Wijen","Luka bakar, ulkus diabetik (herbal); luka bakar basah; salep bau wijen; Gunakan sesuai petunjuk pada kemasan.",Aroma kuat wijen,2026-12-31,Produk,https://placehold.co/400x300/f8fafc/ec4899?text=Mebo+Tube+50g,True,"[""otc"",""indonesia"",""chatbot-ready""]"
2587,Oralit Sachet,Pencernaan & Diare,1000.0,423,"Glukosa, Elektrolit",Rehidrasi oral; Gejala terkait: dehidrasi diare; oralit,Sesuai aturan pakai pada kemasan. Gunakan sesuai petunjuk pada kemasan. Jika sakit berlanjut hubungi dokter.,"Glukosa, Elektrolit",Rehidrasi oral; dehidrasi diare; oralit; Gunakan sesuai petunjuk pada kemasan. Jika sakit berlanjut hubungi dokter.,Mual bila terlalu cepat diminum,2026-12-31,Sachet,https://placehold.co/400x300/f8fafc/f59e0b?text=Oralit+Sachet,True,"[""otc"",""indonesia"",""chatbot-ready""]"
2588,Vicee Strawberry Strip,Vitamin & Suplemen,2000.0,253,Vitamin C 500mg,Suplemen Vitamin C hisap; Gejala terkait: vitamin hisap; imun,Sesuai aturan pakai pada kemasan. Gunakan sesuai petunjuk pada kemasan. Jika sakit berlanjut hubungi dokter.,Vitamin C 500mg,Suplemen Vitamin C hisap; vitamin hisap; imun; Gunakan sesuai petunjuk pada kemasan. Jika sakit berlanjut hubungi dokter.,Nyeri lambung,2026-12-31,Produk,https://placehold.co/400x300/f8fafc/eab308?text=Vicee+Strawberry+Strip,True,"[""otc"",""indonesia"",""chatbot-ready""]"
2589,You C1000 Water Lemon,Vitamin & Suplemen,8500.0,214,Vitamin C 1000mg,Minuman vitamin C segar; Gejala terkait: minuman vitamin c; segar,Sesuai aturan pakai pada kemasan. Gunakan sesuai petunjuk pada kemasan. Jika sakit berlanjut hubungi dokter.,Vitamin C 1000mg,Minuman vitamin C segar; minuman vitamin c; segar; Gunakan sesuai petunjuk pada kemasan. Jika sakit berlanjut hubungi dokter.,Nyeri lambung,2027-06-30,Produk,https://placehold.co/400x300/f8fafc/eab308?text=You+C1000+Water+Lemon,True,"[""otc"",""indonesia"",""chatbot-ready""]"
2590,Canesten Botol 120ml,Antijamur & Kulit,50500.0,90,Clotrimazole 1%,"Panu, kadas, kurap; Gejala terkait: jamur kulit paten; kadas",Sesuai aturan pakai pada kemasan. Gunakan sesuai petunjuk pada kemasan.,Clotrimazole 1%,"Panu, kadas, kurap; jamur kulit paten; kadas; Gunakan sesuai petunjuk pada kemasan.",Kulit kemerahan,2026-12-31,Produk,https://placehold.co/400x300/f8fafc/14b8a6?text=Canesten+Botol+120ml,False,"[""otc"",""indonesia"",""chatbot-ready""]"
2591,Sangobion Kapsul Strip,Vitamin & Suplemen,18000.0,309,"Ferrous Gluconate (Zat Besi), Vitamin",Anemia kurang zat besi; Gejala terkait: kurang darah; pusing anemia; pucat,Sesuai aturan pakai pada kemasan. Gunakan sesuai petunjuk pada kemasan. Jika sakit berlanjut hubungi dokter.,"Ferrous Gluconate (Zat Besi), Vitamin",Anemia kurang zat besi; kurang darah; pusing anemia; pucat; Gunakan sesuai petunjuk pada kemasan. Jika sakit berlanjut hubungi dokter.,"Feses hitam, sembelit",2027-06-30,Produk,https://placehold.co/400x300/f8fafc/eab308?text=Sangobion+Kapsul+Strip,True,"[""otc"",""indonesia"",""chatbot-ready""]"
2592,Balsem Lang Pot 10g,Perawatan Hidung & Pernapasan,8000.0,272,"Menthol, Camphor, Eucalyptus Oil","Melegakan napas, masuk angin dewasa; Gejala terkait: balsem putih; dada sesak flu",Sesuai aturan pakai pada kemasan. Gunakan sesuai petunjuk pada kemasan. Jika sakit berlanjut hubungi dokter.,"Menthol, Camphor, Eucalyptus Oil","Melegakan napas, masuk angin dewasa; balsem putih; dada sesak flu; Gunakan sesuai petunjuk pada kemasan. Jika sakit berlanjut hubungi dokter.",Kulit perih bila tebal,2028-12-31,Produk,https://placehold.co/400x300/f8fafc/06b6d4?text=Balsem+Lang+Pot+10g,True,"[""otc"",""indonesia"",""chatbot-ready""]"
2593,Vitacimin Box 100s,Vitamin & Suplemen,20000.0,366,Vitamin C 500mg,Suplemen Vitamin C hisap; Gejala terkait: vitamin hisap; sariawan,Sesuai aturan pakai pada kemasan. Gunakan sesuai petunjuk pada kemasan.,Vitamin C 500mg,Suplemen Vitamin C hisap; vitamin hisap; sariawan; Gunakan sesuai petunjuk pada kemasan.,Nyeri lambung (jika perut kosong),2026-12-31,Produk,https://placehold.co/400x300/f8fafc/eab308?text=Vitacimin+Box+100s,True,"[""otc"",""indonesia"",""chatbot-ready""]"
2594,Incidal-OD Kapsul,Alergi & Gatal,35000.0,431,Cetirizine HCl,Obat anti alergi paten; Gejala terkait: alergi berat; gatal paten,Sesuai aturan pakai pada kemasan. Gunakan sesuai petunjuk pada kemasan. Jika sakit berlanjut hubungi dokter.,Cetirizine HCl,Obat anti alergi paten; alergi berat; gatal paten; Gunakan sesuai petunjuk pada kemasan. Jika sakit berlanjut hubungi dokter.,Mengantuk,2028-12-31,Produk,https://placehold.co/400x300/f8fafc/8b5cf6?text=Incidal-OD+Kapsul,True,"[""otc"",""indonesia"",""chatbot-ready""]"
2595,Kenalog In Orabase 5g,Mulut & Tenggorokan,75000.0,82,Triamcinolone Acetonide,Sariawan berat (Kortikosteroid); Gejala terkait: salep sariawan; sariawan meradang,Sesuai aturan pakai pada kemasan. Gunakan sesuai petunjuk pada kemasan. Jika sakit berlanjut hubungi dokter.,Triamcinolone Acetonide,Sariawan berat (Kortikosteroid); salep sariawan; sariawan meradang; Gunakan sesuai petunjuk pada kemasan. Jika sakit berlanjut hubungi dokter.,Infeksi jamur sekunder bila pemakaian lama,2028-12-31,Produk,https://placehold.co/400x300/f8fafc/d946ef?text=Kenalog+In+Orabase+5g,True,"[""otc"",""indonesia"",""chatbot-ready""]"
2596,Vicee Orange Strip,Vitamin & Suplemen,2000.0,189,Vitamin C 500mg,Suplemen Vitamin C hisap; Gejala terkait: vitamin hisap; imun,Sesuai aturan pakai pada kemasan. Gunakan sesuai petunjuk pada kemasan. Jika sakit berlanjut hubungi dokter.,Vitamin C 500mg,Suplemen Vitamin C hisap; vitamin hisap; imun; Gunakan sesuai petunjuk pada kemasan. Jika sakit berlanjut hubungi dokter.,Nyeri lambung,2027-06-30,Produk,https://placehold.co/400x300/f8fafc/eab308?text=Vicee+Orange+Strip,True,"[""otc"",""indonesia"",""chatbot-ready""]"
2597,Visine Original 6ml,Mata & Telinga,18000.0,163,Tetrahydrozoline HCl,Mata merah; Gejala terkait: mata iritasi asap,Sesuai aturan pakai pada kemasan. Gunakan sesuai petunjuk pada kemasan. Jika sakit berlanjut hubungi dokter.,Tetrahydrozoline HCl,Mata merah; mata iritasi asap; Gunakan sesuai petunjuk pada kemasan. Jika sakit berlanjut hubungi dokter.,Mata kering bila dipakai lama,2028-12-31,Produk,https://placehold.co/400x300/f8fafc/0ea5e9?text=Visine+Original+6ml,True,"[""otc"",""indonesia"",""chatbot-ready""]"
2598,Bodrex Tube 10g,Nyeri & Demam,6500.0,401,"Paracetamol 600mg, Caffeine 50mg","Sakit kepala, demam; Gejala terkait: sakit kepala; migrain",Sesuai aturan pakai pada kemasan. Gunakan sesuai petunjuk pada kemasan.,"Paracetamol 600mg, Caffeine 50mg","Sakit kepala, demam; sakit kepala; migrain; Gunakan sesuai petunjuk pada kemasan.",Berdebar,2028-12-31,Produk,https://placehold.co/400x300/f8fafc/ef4444?text=Bodrex+Tube+10g,False,"[""otc"",""indonesia"",""chatbot-ready""]"
2599,Laserin Tube 10g,Obat Batuk,8500.0,154,"Jahe merah, Cengkeh, Daun Sirih","Batuk, masuk angin; Gejala terkait: batuk herbal; tenggorokan hangat",Sesuai aturan pakai pada kemasan. Gunakan sesuai petunjuk pada kemasan.,"Jahe merah, Cengkeh, Daun Sirih","Batuk, masuk angin; batuk herbal; tenggorokan hangat; Gunakan sesuai petunjuk pada kemasan.",Jarang,2028-03-15,Produk,https://placehold.co/400x300/f8fafc/3b82f6?text=Laserin+Tube+10g,False,"[""otc"",""indonesia"",""chatbot-ready""]"
2600,Renovit Multivitamin Strip,Vitamin & Suplemen,15000.0,113,12 Vitamin & 13 Mineral,Kebutuhan vitamin harian menyeluruh; Gejala terkait: multivitamin lengkap,Sesuai aturan pakai pada kemasan. Gunakan sesuai petunjuk pada kemasan. Jika sakit berlanjut hubungi dokter.,12 Vitamin & 13 Mineral,Kebutuhan vitamin harian menyeluruh; multivitamin lengkap; Gunakan sesuai petunjuk pada kemasan. Jika sakit berlanjut hubungi dokter.,Jarang,2028-03-15,Produk,https://placehold.co/400x300/f8fafc/eab308?text=Renovit+Multivitamin+Strip,True,"[""otc"",""indonesia"",""chatbot-ready""]"
2601,Balsem Lang Pot 40g,Perawatan Hidung & Pernapasan,24000.0,373,"Menthol, Camphor, Eucalyptus Oil","Melegakan napas, masuk angin dewasa; Gejala terkait: balsem putih; dada sesak flu",Sesuai aturan pakai pada kemasan. Gunakan sesuai petunjuk pada kemasan. Jika sakit berlanjut hubungi dokter.,"Menthol, Camphor, Eucalyptus Oil","Melegakan napas, masuk angin dewasa; balsem putih; dada sesak flu; Gunakan sesuai petunjuk pada kemasan. Jika sakit berlanjut hubungi dokter.",Kulit perih bila tebal,2028-03-15,Produk,https://placehold.co/400x300/f8fafc/06b6d4?text=Balsem+Lang+Pot+40g,True,"[""otc"",""indonesia"",""chatbot-ready""]"
2602,Farsifen Tablet,Nyeri & Demam,8000.0,489,Ibuprofen 200mg,"Sakit gigi, demam, nyeri haid; Gejala terkait: nyeri haid; sakit gigi",Sesuai aturan pakai pada kemasan. Gunakan sesuai petunjuk pada kemasan. Jika sakit berlanjut hubungi dokter.,Ibuprofen 200mg,"Sakit gigi, demam, nyeri haid; nyeri haid; sakit gigi; Gunakan sesuai petunjuk pada kemasan. Jika sakit berlanjut hubungi dokter.",Nyeri lambung,2028-03-15,Tablet,https://placehold.co/400x300/f8fafc/ef4444?text=Farsifen+Tablet,True,"[""otc"",""indonesia"",""chatbot-ready""]"
2603,Panadol Box 100s,Nyeri & Demam,96000.0,57,Paracetamol 500mg,Meredakan demam dan nyeri ringan; Gejala terkait: demam; sakit kepala; nyeri,Sesuai aturan pakai pada kemasan. Gunakan sesuai petunjuk pada kemasan.,Paracetamol 500mg,Meredakan demam dan nyeri ringan; demam; sakit kepala; nyeri; Gunakan sesuai petunjuk pada kemasan.,Jarang: ruam kulit,2027-06-30,Produk,https://placehold.co/400x300/f8fafc/ef4444?text=Panadol+Box+100s,True,"[""otc"",""indonesia"",""chatbot-ready""]"
2604,Bodrex Tablet,Nyeri & Demam,9000.0,480,"Paracetamol 600mg, Caffeine 50mg","Sakit kepala, demam; Gejala terkait: sakit kepala; migrain",Sesuai aturan pakai pada kemasan. Gunakan sesuai petunjuk pada kemasan. Jika sakit berlanjut hubungi dokter.,"Paracetamol 600mg, Caffeine 50mg","Sakit kepala, demam; sakit kepala; migrain; Gunakan sesuai petunjuk pada kemasan. Jika sakit berlanjut hubungi dokter.",Berdebar,2028-12-31,Tablet,https://placehold.co/400x300/f8fafc/ef4444?text=Bodrex+Tablet,True,"[""otc"",""indonesia"",""chatbot-ready""]"
2605,Dulcolax Suppositoria 10mg,Pencernaan & Diare,35000.0,435,Bisacodyl,Mengatasi sembelit kronis; Gejala terkait: susah bab; sembelit; pencahar,Sesuai aturan pakai pada kemasan. Gunakan sesuai petunjuk pada kemasan. Jika sakit berlanjut hubungi dokter.,Bisacodyl,Mengatasi sembelit kronis; susah bab; sembelit; pencahar; Gunakan sesuai petunjuk pada kemasan. Jika sakit berlanjut hubungi dokter.,Kram perut,2027-06-30,Produk,https://placehold.co/400x300/f8fafc/f59e0b?text=Dulcolax+Suppositoria+10mg,True,"[""otc"",""indonesia"",""chatbot-ready""]"
2606,Antangin Mint Box 5s,Herbal & Tradisional,18000.0,220,"Jahe, Royal Jelly, Ginseng","Masuk angin, greges; Gejala terkait: greges; meriang; masuk angin",Sesuai aturan pakai pada kemasan. Gunakan sesuai petunjuk pada kemasan. Jika sakit berlanjut hubungi dokter.,"Jahe, Royal Jelly, Ginseng","Masuk angin, greges; greges; meriang; masuk angin; Gunakan sesuai petunjuk pada kemasan. Jika sakit berlanjut hubungi dokter.",Tubuh terasa hangat berlebih,2028-12-31,Produk,https://placehold.co/400x300/f8fafc/84cc16?text=Antangin+Mint+Box+5s,True,"[""otc"",""indonesia"",""chatbot-ready""]"
2607,Garamycin Box 50s,Obat Kulit & Luka,202500.0,89,Gentamicin Sulfate,Infeksi kulit primer (impetigo); Gejala terkait: infeksi kulit; bisul,Sesuai aturan pakai pada kemasan. Gunakan sesuai petunjuk pada kemasan.,Gentamicin Sulfate,Infeksi kulit primer (impetigo); infeksi kulit; bisul; Gunakan sesuai petunjuk pada kemasan.,Gatal ringan,2027-06-30,Produk,https://placehold.co/400x300/f8fafc/ec4899?text=Garamycin+Box+50s,False,"[""otc"",""indonesia"",""chatbot-ready""]"
2608,Tolak Angin Cair Box 5s,Herbal & Tradisional,20000.0,395,"Adas, Kayu Ules, Cengkeh, Jahe, Daun Mint, Madu","Masuk angin, perut kembung, mual; Gejala terkait: masuk angin; mual perjalanan; kembung",Sesuai aturan pakai pada kemasan. Gunakan sesuai petunjuk pada kemasan. Jika sakit berlanjut hubungi dokter.,"Adas, Kayu Ules, Cengkeh, Jahe, Daun Mint, Madu","Masuk angin, perut kembung, mual; masuk angin; mual perjalanan; kembung; Gunakan sesuai petunjuk pada kemasan. Jika sakit berlanjut hubungi dokter.",Alergi (jarang),2028-12-31,Produk,https://placehold.co/400x300/f8fafc/84cc16?text=Tolak+Angin+Cair+Box+5s,True,"[""otc"",""indonesia"",""chatbot-ready""]"
2609,Rohto Botol 120ml,Mata & Telinga,32500.0,186,"Naphazoline HCl, Menthol",Mata merah dengan sensasi dingin; Gejala terkait: tetes mata dingin; mata merah ngantuk,Sesuai aturan pakai pada kemasan. Gunakan sesuai petunjuk pada kemasan.,"Naphazoline HCl, Menthol",Mata merah dengan sensasi dingin; tetes mata dingin; mata merah ngantuk; Gunakan sesuai petunjuk pada kemasan.,Mata terasa sangat dingin/pedas,2028-12-31,Produk,https://placehold.co/400x300/f8fafc/0ea5e9?text=Rohto+Botol+120ml,False,"[""otc"",""indonesia"",""chatbot-ready""]"
2610,Polysilane Tube 10g,Lambung & Maag,7500.0,202,"Simethicone, Al(OH)3, Mg(OH)2",Mengatasi kembung dan maag; Gejala terkait: perut kembung parah; penuh ulu hati,Sesuai aturan pakai pada kemasan. Gunakan sesuai petunjuk pada kemasan.,"Simethicone, Al(OH)3, Mg(OH)2",Mengatasi kembung dan maag; perut kembung parah; penuh ulu hati; Gunakan sesuai petunjuk pada kemasan.,Sembelit ringan,2028-03-15,Produk,https://placehold.co/400x300/f8fafc/10b981?text=Polysilane+Tube+10g,False,"[""otc"",""indonesia"",""chatbot-ready""]"
2611,Imboost Kids Sirup,Vitamin & Suplemen,40000.0,229,"Echinacea, Zinc",Booster daya tahan tubuh saat sakit; Gejala terkait: sistem imun; pemulihan sakit,Sesuai aturan pakai pada kemasan. Gunakan sesuai petunjuk pada kemasan. Jika sakit berlanjut hubungi dokter.,"Echinacea, Zinc",Booster daya tahan tubuh saat sakit; sistem imun; pemulihan sakit; Gunakan sesuai petunjuk pada kemasan. Jika sakit berlanjut hubungi dokter.,Alergi (jarang),2027-06-30,Sirup,https://placehold.co/400x300/f8fafc/eab308?text=Imboost+Kids+Sirup,True,"[""otc"",""indonesia"",""chatbot-ready""]"
2612,Nebacetin Ointment 5g,Obat Kulit & Luka,28000.0,382,"Neomycin Sulfate, Bacitracin","Infeksi bakteri pada kulit, luka bernanah; Gejala terkait: luka bernanah; koreng; bubuk luka",Sesuai aturan pakai pada kemasan. Gunakan sesuai petunjuk pada kemasan. Jika sakit berlanjut hubungi dokter.,"Neomycin Sulfate, Bacitracin","Infeksi bakteri pada kulit, luka bernanah; luka bernanah; koreng; bubuk luka; Gunakan sesuai petunjuk pada kemasan. Jika sakit berlanjut hubungi dokter.",Alergi lokal,2028-03-15,Produk,https://placehold.co/400x300/f8fafc/ec4899?text=Nebacetin+Ointment+5g,True,"[""otc"",""indonesia"",""chatbot-ready""]"
2613,Herocyn Baby Powder,Alergi & Gatal,18000.0,106,"Menthol, Sulfur, Salicylic Acid",Gatal-gatal di badan dan kaki; Gejala terkait: bedak gatal; biang keringat dewasa,Sesuai aturan pakai pada kemasan. Gunakan sesuai petunjuk pada kemasan. Jika sakit berlanjut hubungi dokter.,"Menthol, Sulfur, Salicylic Acid",Gatal-gatal di badan dan kaki; bedak gatal; biang keringat dewasa; Gunakan sesuai petunjuk pada kemasan. Jika sakit berlanjut hubungi dokter.,Dingin / perih di luka,2026-12-31,Produk,https://placehold.co/400x300/f8fafc/8b5cf6?text=Herocyn+Baby+Powder,True,"[""otc"",""indonesia"",""chatbot-ready""]"
2614,Alleron Botol 60ml,Alergi & Gatal,3000.0,308,Chlorpheniramine Maleate (CTM),"Alergi gatal, rhinitis; Gejala terkait: alergi murah; gatal malam",Sesuai aturan pakai pada kemasan. Gunakan sesuai petunjuk pada kemasan.,Chlorpheniramine Maleate (CTM),"Alergi gatal, rhinitis; alergi murah; gatal malam; Gunakan sesuai petunjuk pada kemasan.",Sangat mengantuk,2028-03-15,Produk,https://placehold.co/400x300/f8fafc/8b5cf6?text=Alleron+Botol+60ml,True,"[""otc"",""indonesia"",""chatbot-ready""]"
2615,Daktarin Strip 4s,Antijamur & Kulit,15000.0,184,Miconazole Nitrate 2%,Infeksi jamur kulit dan lipatan; Gejala terkait: jamur selangkangan; kutu air; bedak jamur,Sesuai aturan pakai pada kemasan. Gunakan sesuai petunjuk pada kemasan.,Miconazole Nitrate 2%,Infeksi jamur kulit dan lipatan; jamur selangkangan; kutu air; bedak jamur; Gunakan sesuai petunjuk pada kemasan.,Iritasi ringan,2027-06-30,Produk,https://placehold.co/400x300/f8fafc/14b8a6?text=Daktarin+Strip+4s,False,"[""otc"",""indonesia"",""chatbot-ready""]"
2616,Mebo Ointment 20g,Obat Kulit & Luka,110000.0,36,"Radix Scutellariae, Cortex Phellodendri, Minyak Wijen","Luka bakar, ulkus diabetik (herbal); Gejala terkait: luka bakar basah; salep bau wijen",Sesuai aturan pakai pada kemasan. Gunakan sesuai petunjuk pada kemasan. Jika sakit berlanjut hubungi dokter.,"Radix Scutellariae, Cortex Phellodendri, Minyak Wijen","Luka bakar, ulkus diabetik (herbal); luka bakar basah; salep bau wijen; Gunakan sesuai petunjuk pada kemasan. Jika sakit berlanjut hubungi dokter.",Aroma kuat wijen,2028-03-15,Produk,https://placehold.co/400x300/f8fafc/ec4899?text=Mebo+Ointment+20g,True,"[""otc"",""indonesia"",""chatbot-ready""]"
2617,Freshcare Tube 50g,Obat Oles Nyeri,37500.0,213,"Menthol, Camphor, Essential Oil","Pusing, perut kembung, mabuk perjalanan; Gejala terkait: mabuk darat; pusing kepala; roll on minyak angin",Sesuai aturan pakai pada kemasan. Gunakan sesuai petunjuk pada kemasan.,"Menthol, Camphor, Essential Oil","Pusing, perut kembung, mabuk perjalanan; mabuk darat; pusing kepala; roll on minyak angin; Gunakan sesuai petunjuk pada kemasan.",Iritasi mata jika terlalu dekat,2028-12-31,Produk,https://placehold.co/400x300/f8fafc/f97316?text=Freshcare+Tube+50g,False,"[""otc"",""indonesia"",""chatbot-ready""]"
2618,Proris Forte,Nyeri & Demam,16000.0,231,Ibuprofen 200mg,"Nyeri sendi, sakit gigi, demam; Gejala terkait: nyeri radang; demam anak; sakit gigi",Sesuai aturan pakai pada kemasan. Gunakan sesuai petunjuk pada kemasan. Jika sakit berlanjut hubungi dokter.,Ibuprofen 200mg,"Nyeri sendi, sakit gigi, demam; nyeri radang; demam anak; sakit gigi; Gunakan sesuai petunjuk pada kemasan. Jika sakit berlanjut hubungi dokter.",Nyeri lambung,2027-06-30,Produk,https://placehold.co/400x300/f8fafc/ef4444?text=Proris+Forte,True,"[""otc"",""indonesia"",""chatbot-ready""]"
2619,Siladex Cough & Cold,Obat Batuk,23000.0,125,"Bromhexine, Guaifenesin / Dextromethorphan",Batuk berdahak / batuk kering (Bebas Gula); Gejala terkait: batuk berdahak; batuk bebas gula,Sesuai aturan pakai pada kemasan. Gunakan sesuai petunjuk pada kemasan. Jika sakit berlanjut hubungi dokter.,"Bromhexine, Guaifenesin / Dextromethorphan",Batuk berdahak / batuk kering (Bebas Gula); batuk berdahak; batuk bebas gula; Gunakan sesuai petunjuk pada kemasan. Jika sakit berlanjut hubungi dokter.,Mual,2028-12-31,Produk,https://placehold.co/400x300/f8fafc/3b82f6?text=Siladex+Cough+&+Cold,True,"[""otc"",""indonesia"",""chatbot-ready""]"
2620,Konidin OBH Sirup,Obat Batuk,19000.0,365,"Guaifenesin, Dextromethorphan, CTM",Batuk alergi; Gejala terkait: batuk alergi; gatal tenggorokan,Sesuai aturan pakai pada kemasan. Gunakan sesuai petunjuk pada kemasan. Jika sakit berlanjut hubungi dokter.,"Guaifenesin, Dextromethorphan, CTM",Batuk alergi; batuk alergi; gatal tenggorokan; Gunakan sesuai petunjuk pada kemasan. Jika sakit berlanjut hubungi dokter.,Sangat mengantuk,2026-12-31,Sirup,https://placehold.co/400x300/f8fafc/3b82f6?text=Konidin+OBH+Sirup,True,"[""otc"",""indonesia"",""chatbot-ready""]"
2621,Konidin Box 30s,Obat Batuk,14000.0,351,"Guaifenesin, Dextromethorphan, CTM",Batuk alergi; Gejala terkait: batuk alergi; gatal tenggorokan,Sesuai aturan pakai pada kemasan. Gunakan sesuai petunjuk pada kemasan.,"Guaifenesin, Dextromethorphan, CTM",Batuk alergi; batuk alergi; gatal tenggorokan; Gunakan sesuai petunjuk pada kemasan.,Sangat mengantuk,2028-12-31,Produk,https://placehold.co/400x300/f8fafc/3b82f6?text=Konidin+Box+30s,True,"[""otc"",""indonesia"",""chatbot-ready""]"
2622,Fasidol Forte,Nyeri & Demam,8000.0,336,Paracetamol,Demam; Gejala terkait: demam; pusing,Sesuai aturan pakai pada kemasan. Gunakan sesuai petunjuk pada kemasan. Jika sakit berlanjut hubungi dokter.,Paracetamol,Demam; demam; pusing; Gunakan sesuai petunjuk pada kemasan. Jika sakit berlanjut hubungi dokter.,Jarang,2027-06-30,Produk,https://placehold.co/400x300/f8fafc/ef4444?text=Fasidol+Forte,True,"[""otc"",""indonesia"",""chatbot-ready""]"
2623,Hansaplast Spray Antiseptik 50ml,Obat Kulit & Luka,45000.0,418,Polyhexamethylene Biguanide (Spray),Pembersih luka tanpa perih; Gejala terkait: cuci luka gak perih; semprot luka,Sesuai aturan pakai pada kemasan. Gunakan sesuai petunjuk pada kemasan. Jika sakit berlanjut hubungi dokter.,Polyhexamethylene Biguanide (Spray),Pembersih luka tanpa perih; cuci luka gak perih; semprot luka; Gunakan sesuai petunjuk pada kemasan. Jika sakit berlanjut hubungi dokter.,Jarang,2028-12-31,Spray,https://placehold.co/400x300/f8fafc/ec4899?text=Hansaplast+Spray+Antiseptik+50ml,True,"[""otc"",""indonesia"",""chatbot-ready""]"
2624,Vicks Inhaler Box 50s,Perawatan Hidung & Pernapasan,81000.0,74,"Menthol, Camphor, Pine Needle Oil",Melegakan hidung tersumbat secara instan; Gejala terkait: hirup hidung; hidung tersumbat instan,Sesuai aturan pakai pada kemasan. Gunakan sesuai petunjuk pada kemasan.,"Menthol, Camphor, Pine Needle Oil",Melegakan hidung tersumbat secara instan; hirup hidung; hidung tersumbat instan; Gunakan sesuai petunjuk pada kemasan.,Iritasi ringan,2026-12-31,Produk,https://placehold.co/400x300/f8fafc/06b6d4?text=Vicks+Inhaler+Box+50s,False,"[""otc"",""indonesia"",""chatbot-ready""]"
2625,Cendo Xitrol Minidose 5x0.6ml,Mata & Telinga,35000.0,339,"Bervariasi (Dexamethasone, Neomycin / Artificial Tears)",Radang mata (Xitrol) / Mata Kering; Gejala terkait: mata belekan; bintitan; radang mata; mata kering softlens,Sesuai aturan pakai pada kemasan. Gunakan sesuai petunjuk pada kemasan. Jika sakit berlanjut hubungi dokter.,"Bervariasi (Dexamethasone, Neomycin / Artificial Tears)",Radang mata (Xitrol) / Mata Kering; mata belekan; bintitan; radang mata; mata kering softlens; Gunakan sesuai petunjuk pada kemasan. Jika sakit berlanjut hubungi dokter.,Pandangan kabur sementara,2026-12-31,Produk,https://placehold.co/400x300/f8fafc/0ea5e9?text=Cendo+Xitrol+Minidose+5x0.6ml,True,"[""otc"",""indonesia"",""chatbot-ready""]"
2626,Balsem Lang Pot 20g,Perawatan Hidung & Pernapasan,14000.0,157,"Menthol, Camphor, Eucalyptus Oil","Melegakan napas, masuk angin dewasa; Gejala terkait: balsem putih; dada sesak flu",Sesuai aturan pakai pada kemasan. Gunakan sesuai petunjuk pada kemasan. Jika sakit berlanjut hubungi dokter.,"Menthol, Camphor, Eucalyptus Oil","Melegakan napas, masuk angin dewasa; balsem putih; dada sesak flu; Gunakan sesuai petunjuk pada kemasan. Jika sakit berlanjut hubungi dokter.",Kulit perih bila tebal,2027-06-30,Produk,https://placehold.co/400x300/f8fafc/06b6d4?text=Balsem+Lang+Pot+20g,True,"[""otc"",""indonesia"",""chatbot-ready""]"
2627,Herocyn Bedak 150g,Alergi & Gatal,25000.0,219,"Menthol, Sulfur, Salicylic Acid",Gatal-gatal di badan dan kaki; Gejala terkait: bedak gatal; biang keringat dewasa,Sesuai aturan pakai pada kemasan. Gunakan sesuai petunjuk pada kemasan. Jika sakit berlanjut hubungi dokter.,"Menthol, Sulfur, Salicylic Acid",Gatal-gatal di badan dan kaki; bedak gatal; biang keringat dewasa; Gunakan sesuai petunjuk pada kemasan. Jika sakit berlanjut hubungi dokter.,Dingin / perih di luka,2026-12-31,Produk,https://placehold.co/400x300/f8fafc/8b5cf6?text=Herocyn+Bedak+150g,True,"[""otc"",""indonesia"",""chatbot-ready""]"
2628,Incidal-OD Sirup,Alergi & Gatal,55000.0,97,Cetirizine HCl,Obat anti alergi paten; Gejala terkait: alergi berat; gatal paten,Sesuai aturan pakai pada kemasan. Gunakan sesuai petunjuk pada kemasan. Jika sakit berlanjut hubungi dokter.,Cetirizine HCl,Obat anti alergi paten; alergi berat; gatal paten; Gunakan sesuai petunjuk pada kemasan. Jika sakit berlanjut hubungi dokter.,Mengantuk,2026-12-31,Sirup,https://placehold.co/400x300/f8fafc/8b5cf6?text=Incidal-OD+Sirup,True,"[""otc"",""indonesia"",""chatbot-ready""]"
2629,Ketoconazole Cream 10g,Antijamur & Kulit,10000.0,422,Ketoconazole 2%,Infeksi jamur luas; Gejala terkait: jamur murah; kurap,Sesuai aturan pakai pada kemasan. Gunakan sesuai petunjuk pada kemasan. Jika sakit berlanjut hubungi dokter.,Ketoconazole 2%,Infeksi jamur luas; jamur murah; kurap; Gunakan sesuai petunjuk pada kemasan. Jika sakit berlanjut hubungi dokter.,Iritasi lokal,2028-12-31,Topikal,https://placehold.co/400x300/f8fafc/14b8a6?text=Ketoconazole+Cream+10g,True,"[""otc"",""indonesia"",""chatbot-ready""]"
2630,Dulcolax Botol 120ml,Pencernaan & Diare,39500.0,262,Bisacodyl,Mengatasi sembelit kronis; Gejala terkait: susah bab; sembelit; pencahar,Sesuai aturan pakai pada kemasan. Gunakan sesuai petunjuk pada kemasan.,Bisacodyl,Mengatasi sembelit kronis; susah bab; sembelit; pencahar; Gunakan sesuai petunjuk pada kemasan.,Kram perut,2028-12-31,Produk,https://placehold.co/400x300/f8fafc/f59e0b?text=Dulcolax+Botol+120ml,True,"[""otc"",""indonesia"",""chatbot-ready""]"
2631,Insto Tube 30g,Mata & Telinga,24000.0,174,Tetrahydrozoline HCl (Regular) / HPMC (Dry Eyes),Mata merah iritasi / Mata kering; Gejala terkait: mata merah debu; mata perih kelilipan; obat tetes mata,Sesuai aturan pakai pada kemasan. Gunakan sesuai petunjuk pada kemasan.,Tetrahydrozoline HCl (Regular) / HPMC (Dry Eyes),Mata merah iritasi / Mata kering; mata merah debu; mata perih kelilipan; obat tetes mata; Gunakan sesuai petunjuk pada kemasan.,Perih di awal tetes,2028-03-15,Produk,https://placehold.co/400x300/f8fafc/0ea5e9?text=Insto+Tube+30g,False,"[""otc"",""indonesia"",""chatbot-ready""]"
2632,Sumagesic Box 100s,Nyeri & Demam,120000.0,99,Paracetamol 600mg,"Sakit kepala, sakit gigi, demam; Gejala terkait: demam tinggi; sakit kepala berat",Sesuai aturan pakai pada kemasan. Gunakan sesuai petunjuk pada kemasan.,Paracetamol 600mg,"Sakit kepala, sakit gigi, demam; demam tinggi; sakit kepala berat; Gunakan sesuai petunjuk pada kemasan.",Gangguan hati (dosis tinggi),2026-12-31,Produk,https://placehold.co/400x300/f8fafc/ef4444?text=Sumagesic+Box+100s,False,"[""otc"",""indonesia"",""chatbot-ready""]"
2633,Ternolol Sirup,Flu & Pilek,15000.0,177,"Paracetamol, Pseudoephedrine",Flu anak; Gejala terkait: flu anak; demam pilek,Sesuai aturan pakai pada kemasan. Gunakan sesuai petunjuk pada kemasan. Jika sakit berlanjut hubungi dokter.,"Paracetamol, Pseudoephedrine",Flu anak; flu anak; demam pilek; Gunakan sesuai petunjuk pada kemasan. Jika sakit berlanjut hubungi dokter.,Jarang,2026-12-31,Sirup,https://placehold.co/400x300/f8fafc/06b6d4?text=Ternolol+Sirup,False,"[""otc"",""indonesia"",""chatbot-ready""]"
2634,Breathy Nasal Drops 30ml,Perawatan Hidung & Pernapasan,45000.0,429,Sodium Chloride 0.65%,"Melembapkan hidung kering, cuci hidung ringan; Gejala terkait: tetes hidung bayi; hidung kering",Sesuai aturan pakai pada kemasan. Gunakan sesuai petunjuk pada kemasan. Jika sakit berlanjut hubungi dokter.,Sodium Chloride 0.65%,"Melembapkan hidung kering, cuci hidung ringan; tetes hidung bayi; hidung kering; Gunakan sesuai petunjuk pada kemasan. Jika sakit berlanjut hubungi dokter.",Jarang,2028-03-15,Produk,https://placehold.co/400x300/f8fafc/06b6d4?text=Breathy+Nasal+Drops+30ml,True,"[""otc"",""indonesia"",""chatbot-ready""]"
2635,Tremenza Tablet,Flu & Pilek,35000.0,447,"Pseudoephedrine, Triprolidine",Flu alergi; Gejala terkait: flu alergi; pilek tak kunjung sembuh,Sesuai aturan pakai pada kemasan. Gunakan sesuai petunjuk pada kemasan. Jika sakit berlanjut hubungi dokter.,"Pseudoephedrine, Triprolidine",Flu alergi; flu alergi; pilek tak kunjung sembuh; Gunakan sesuai petunjuk pada kemasan. Jika sakit berlanjut hubungi dokter.,"Mengantuk sangat, mulut kering",2028-12-31,Tablet,https://placehold.co/400x300/f8fafc/06b6d4?text=Tremenza+Tablet,True,"[""otc"",""indonesia"",""chatbot-ready""]"
2636,Hansaplast Koyo Hangat,Obat Kulit & Luka,8000.0,461,Polyhexamethylene Biguanide (Spray),Pembersih luka tanpa perih; Gejala terkait: cuci luka gak perih; semprot luka,Sesuai aturan pakai pada kemasan. Gunakan sesuai petunjuk pada kemasan. Jika sakit berlanjut hubungi dokter.,Polyhexamethylene Biguanide (Spray),Pembersih luka tanpa perih; cuci luka gak perih; semprot luka; Gunakan sesuai petunjuk pada kemasan. Jika sakit berlanjut hubungi dokter.,Jarang,2027-06-30,Produk,https://placehold.co/400x300/f8fafc/ec4899?text=Hansaplast+Koyo+Hangat,True,"[""otc"",""indonesia"",""chatbot-ready""]"
2637,Counterpain Cool Gel 30g,Obat Oles Nyeri,50000.0,152,"Methyl Salicylate, Menthol, Eugenol","Nyeri otot, keseleo, pegal linu; Gejala terkait: keseleo; salah urat; pegal linu",Sesuai aturan pakai pada kemasan. Gunakan sesuai petunjuk pada kemasan. Jika sakit berlanjut hubungi dokter.,"Methyl Salicylate, Menthol, Eugenol","Nyeri otot, keseleo, pegal linu; keseleo; salah urat; pegal linu; Gunakan sesuai petunjuk pada kemasan. Jika sakit berlanjut hubungi dokter.",Panas berlebih jika dikompres,2028-03-15,Topikal,https://placehold.co/400x300/f8fafc/f97316?text=Counterpain+Cool+Gel+30g,True,"[""otc"",""indonesia"",""chatbot-ready""]"
2638,Siladex Sachet 5ml,Obat Batuk,4500.0,274,"Bromhexine, Guaifenesin / Dextromethorphan",Batuk berdahak / batuk kering (Bebas Gula); Gejala terkait: batuk berdahak; batuk bebas gula,Sesuai aturan pakai pada kemasan. Gunakan sesuai petunjuk pada kemasan.,"Bromhexine, Guaifenesin / Dextromethorphan",Batuk berdahak / batuk kering (Bebas Gula); batuk berdahak; batuk bebas gula; Gunakan sesuai petunjuk pada kemasan.,Mual,2027-06-30,Sachet,https://placehold.co/400x300/f8fafc/3b82f6?text=Siladex+Sachet+5ml,False,"[""otc"",""indonesia"",""chatbot-ready""]"
2639,Panadol Botol 200ml,Nyeri & Demam,33500.0,363,Paracetamol 500mg,Meredakan demam dan nyeri ringan; Gejala terkait: demam; sakit kepala; nyeri,Sesuai aturan pakai pada kemasan. Gunakan sesuai petunjuk pada kemasan.,Paracetamol 500mg,Meredakan demam dan nyeri ringan; demam; sakit kepala; nyeri; Gunakan sesuai petunjuk pada kemasan.,Jarang: ruam kulit,2028-12-31,Produk,https://placehold.co/400x300/f8fafc/ef4444?text=Panadol+Botol+200ml,False,"[""otc"",""indonesia"",""chatbot-ready""]"
2640,Adem Sari Ching Ku Botol 320ml,Herbal & Tradisional,8000.0,291,"Ekstrak Citrus, Ekstrak Pulosari, Vitamin C","Panas dalam, tenggorokan kering; Gejala terkait: tenggorokan kering; panas dalam serbuk",Sesuai aturan pakai pada kemasan. Gunakan sesuai petunjuk pada kemasan. Jika sakit berlanjut hubungi dokter.,"Ekstrak Citrus, Ekstrak Pulosari, Vitamin C","Panas dalam, tenggorokan kering; tenggorokan kering; panas dalam serbuk; Gunakan sesuai petunjuk pada kemasan. Jika sakit berlanjut hubungi dokter.",Kembung karena gas,2028-03-15,Produk,https://placehold.co/400x300/f8fafc/84cc16?text=Adem+Sari+Ching+Ku+Botol+320ml,True,"[""otc"",""indonesia"",""chatbot-ready""]"
2641,Diatabs Tablet,Pencernaan & Diare,7500.0,248,Attapulgite 600mg,Menyerap racun bakteri penyebab diare; Gejala terkait: diare keracunan; mencret air,Sesuai aturan pakai pada kemasan. Gunakan sesuai petunjuk pada kemasan. Jika sakit berlanjut hubungi dokter.,Attapulgite 600mg,Menyerap racun bakteri penyebab diare; diare keracunan; mencret air; Gunakan sesuai petunjuk pada kemasan. Jika sakit berlanjut hubungi dokter.,Sembelit,2028-12-31,Tablet,https://placehold.co/400x300/f8fafc/f59e0b?text=Diatabs+Tablet,True,"[""otc"",""indonesia"",""chatbot-ready""]"
2642,Sterimar Nasal Hygiene 50ml,Perawatan Hidung & Pernapasan,125000.0,54,Isotonic/Hypertonic Sea Water,"Membersihkan hidung kotor, melegakan pernapasan; Gejala terkait: cuci hidung; hidung bayi mampet",Sesuai aturan pakai pada kemasan. Gunakan sesuai petunjuk pada kemasan. Jika sakit berlanjut hubungi dokter.,Isotonic/Hypertonic Sea Water,"Membersihkan hidung kotor, melegakan pernapasan; cuci hidung; hidung bayi mampet; Gunakan sesuai petunjuk pada kemasan. Jika sakit berlanjut hubungi dokter.",Rasa asin sesaat,2026-12-31,Produk,https://placehold.co/400x300/f8fafc/06b6d4?text=Sterimar+Nasal+Hygiene+50ml,True,"[""otc"",""indonesia"",""chatbot-ready""]"
2643,Tempra Drops,Nyeri & Demam,45000.0,163,Paracetamol,Demam anak; Gejala terkait: demam bayi; panas anak,Sesuai aturan pakai pada kemasan. Gunakan sesuai petunjuk pada kemasan. Jika sakit berlanjut hubungi dokter.,Paracetamol,Demam anak; demam bayi; panas anak; Gunakan sesuai petunjuk pada kemasan. Jika sakit berlanjut hubungi dokter.,Jarang,2028-12-31,Produk,https://placehold.co/400x300/f8fafc/ef4444?text=Tempra+Drops,True,"[""otc"",""indonesia"",""chatbot-ready""]"
2644,Komix Jahe Sachet,Obat Batuk,1500.0,381,"Dextromethorphan, Guaifenesin",Batuk ringan; Gejala terkait: batuk ringan; batuk gatal,Sesuai aturan pakai pada kemasan. Gunakan sesuai petunjuk pada kemasan. Jika sakit berlanjut hubungi dokter.,"Dextromethorphan, Guaifenesin",Batuk ringan; batuk ringan; batuk gatal; Gunakan sesuai petunjuk pada kemasan. Jika sakit berlanjut hubungi dokter.,Mengantuk,2028-12-31,Sachet,https://placehold.co/400x300/f8fafc/3b82f6?text=Komix+Jahe+Sachet,True,"[""otc"",""indonesia"",""chatbot-ready""]"
2645,Ryvel Sirup,Alergi & Gatal,65000.0,61,Cetirizine HCl,"Alergi, urtikaria (biduran); Gejala terkait: biduran anak; alergi kulit",Sesuai aturan pakai pada kemasan. Gunakan sesuai petunjuk pada kemasan. Jika sakit berlanjut hubungi dokter.,Cetirizine HCl,"Alergi, urtikaria (biduran); biduran anak; alergi kulit; Gunakan sesuai petunjuk pada kemasan. Jika sakit berlanjut hubungi dokter.",Mengantuk,2028-12-31,Sirup,https://placehold.co/400x300/f8fafc/8b5cf6?text=Ryvel+Sirup,True,"[""otc"",""indonesia"",""chatbot-ready""]"
2646,FG Troches Botol 30ml,Mulut & Tenggorokan,14500.0,327,"Fradiomycin, Gramicidin",Radang tenggorokan karena bakteri; Gejala terkait: radang tenggorokan; amandel,Sesuai aturan pakai pada kemasan. Gunakan sesuai petunjuk pada kemasan.,"Fradiomycin, Gramicidin",Radang tenggorokan karena bakteri; radang tenggorokan; amandel; Gunakan sesuai petunjuk pada kemasan.,Gangguan flora mulut bila berlebih,2028-03-15,Produk,https://placehold.co/400x300/f8fafc/d946ef?text=FG+Troches+Botol+30ml,False,"[""otc"",""indonesia"",""chatbot-ready""]"
2647,Otopain Tetes Telinga 8ml,Mata & Telinga,65000.0,86,"Polymyxin B, Neomycin, Fludrocortisone, Lidocaine",Infeksi dan nyeri telinga; Gejala terkait: telinga bernanah; sakit telinga,Sesuai aturan pakai pada kemasan. Gunakan sesuai petunjuk pada kemasan. Jika sakit berlanjut hubungi dokter.,"Polymyxin B, Neomycin, Fludrocortisone, Lidocaine",Infeksi dan nyeri telinga; telinga bernanah; sakit telinga; Gunakan sesuai petunjuk pada kemasan. Jika sakit berlanjut hubungi dokter.,Rasa terbakar sementara,2028-12-31,Produk,https://placehold.co/400x300/f8fafc/0ea5e9?text=Otopain+Tetes+Telinga+8ml,True,"[""otc"",""indonesia"",""chatbot-ready""]"
2648,CTM Tube 10g,Alergi & Gatal,1500.0,171,Chlorpheniramine Maleate,Obat anti alergi generasi pertama; Gejala terkait: obat tidur alergi; gatal parah,Sesuai aturan pakai pada kemasan. Gunakan sesuai petunjuk pada kemasan.,Chlorpheniramine Maleate,Obat anti alergi generasi pertama; obat tidur alergi; gatal parah; Gunakan sesuai petunjuk pada kemasan.,Sangat mengantuk,2028-03-15,Produk,https://placehold.co/400x300/f8fafc/8b5cf6?text=CTM+Tube+10g,False,"[""otc"",""indonesia"",""chatbot-ready""]"
2649,Bear Brand Box 50s,Vitamin & Suplemen,54000.0,32,100% Susu Sapi Murni Steril,Pemulihan kesehatan; Gejala terkait: susu steril; tipes; pemulihan,Sesuai aturan pakai pada kemasan. Gunakan sesuai petunjuk pada kemasan.,100% Susu Sapi Murni Steril,Pemulihan kesehatan; susu steril; tipes; pemulihan; Gunakan sesuai petunjuk pada kemasan.,Alergi laktosa,2026-12-31,Produk,https://placehold.co/400x300/f8fafc/eab308?text=Bear+Brand+Box+50s,False,"[""otc"",""indonesia"",""chatbot-ready""]"
2650,Lacto-B Botol 60ml,Pencernaan & Diare,8000.0,424,Probiotik (Lactobacillus),Memperbaiki flora usus saat diare anak; Gejala terkait: probiotik diare; mencret anak,Sesuai aturan pakai pada kemasan. Gunakan sesuai petunjuk pada kemasan.,Probiotik (Lactobacillus),Memperbaiki flora usus saat diare anak; probiotik diare; mencret anak; Gunakan sesuai petunjuk pada kemasan.,Jarang,2027-06-30,Produk,https://placehold.co/400x300/f8fafc/f59e0b?text=Lacto-B+Botol+60ml,False,"[""otc"",""indonesia"",""chatbot-ready""]"
2651,Microlax Tube 10g,Pencernaan & Diare,19500.0,500,"Na Lauryl Sulfoacetate, Sorbitol",Melancarkan BAB segera; Gejala terkait: bab keras; sembelit parah,Sesuai aturan pakai pada kemasan. Gunakan sesuai petunjuk pada kemasan.,"Na Lauryl Sulfoacetate, Sorbitol",Melancarkan BAB segera; bab keras; sembelit parah; Gunakan sesuai petunjuk pada kemasan.,Rasa tidak nyaman di anus,2027-06-30,Produk,https://placehold.co/400x300/f8fafc/f59e0b?text=Microlax+Tube+10g,False,"[""otc"",""indonesia"",""chatbot-ready""]"
2652,Oralit Tube 30g,Pencernaan & Diare,1500.0,337,"Glukosa, Elektrolit",Rehidrasi oral; Gejala terkait: dehidrasi diare; oralit,Sesuai aturan pakai pada kemasan. Gunakan sesuai petunjuk pada kemasan.,"Glukosa, Elektrolit",Rehidrasi oral; dehidrasi diare; oralit; Gunakan sesuai petunjuk pada kemasan.,Mual bila terlalu cepat diminum,2028-12-31,Produk,https://placehold.co/400x300/f8fafc/f59e0b?text=Oralit+Tube+30g,False,"[""otc"",""indonesia"",""chatbot-ready""]"
2653,Freshcare Roll On Citrus 10ml,Obat Oles Nyeri,15000.0,374,"Menthol, Camphor, Essential Oil","Pusing, perut kembung, mabuk perjalanan; Gejala terkait: mabuk darat; pusing kepala; roll on minyak angin",Sesuai aturan pakai pada kemasan. Gunakan sesuai petunjuk pada kemasan. Jika sakit berlanjut hubungi dokter.,"Menthol, Camphor, Essential Oil","Pusing, perut kembung, mabuk perjalanan; mabuk darat; pusing kepala; roll on minyak angin; Gunakan sesuai petunjuk pada kemasan. Jika sakit berlanjut hubungi dokter.",Iritasi mata jika terlalu dekat,2027-06-30,Produk,https://placehold.co/400x300/f8fafc/f97316?text=Freshcare+Roll+On+Citrus+10ml,True,"[""otc"",""indonesia"",""chatbot-ready""]"
2654,Antasida Doen Sirup 60ml,Lambung & Maag,14308.0,251,"Aluminium Hydroxide, Magnesium Hydroxide",Maag generik; Gejala terkait: maag murah; antasida,Sesuai aturan pakai pada kemasan. Gunakan sesuai petunjuk pada kemasan. Jika sakit berlanjut hubungi dokter.,"Aluminium Hydroxide, Magnesium Hydroxide",Maag generik; maag murah; antasida; Gunakan sesuai petunjuk pada kemasan. Jika sakit berlanjut hubungi dokter.,Sembelit,2028-12-31,Sirup,https://placehold.co/400x300/f8fafc/10b981?text=Antasida+Doen+Sirup+60ml,True,"[""otc"",""indonesia"",""chatbot-ready""]"
2655,Farsifen Sirup 60 ml,Nyeri & Demam,18000.0,320,Ibuprofen 200mg,"Sakit gigi, demam, nyeri haid; Gejala terkait: nyeri haid; sakit gigi",Sesuai aturan pakai pada kemasan. Gunakan sesuai petunjuk pada kemasan. Jika sakit berlanjut hubungi dokter.,Ibuprofen 200mg,"Sakit gigi, demam, nyeri haid; nyeri haid; sakit gigi; Gunakan sesuai petunjuk pada kemasan. Jika sakit berlanjut hubungi dokter.",Nyeri lambung,2027-06-30,Sirup,https://placehold.co/400x300/f8fafc/ef4444?text=Farsifen+Sirup,True,"[""otc"",""indonesia"",""chatbot-ready""]"
2656,Scabimite Cream 30g,Antijamur & Kulit,110000.0,39,Permethrin 5%,"Kudis (Scabies), tungau; Gejala terkait: kudis; scabies; tungau kasur; gatal malam",Sesuai aturan pakai pada kemasan. Gunakan sesuai petunjuk pada kemasan. Jika sakit berlanjut hubungi dokter.,Permethrin 5%,"Kudis (Scabies), tungau; kudis; scabies; tungau kasur; gatal malam; Gunakan sesuai petunjuk pada kemasan. Jika sakit berlanjut hubungi dokter.",Rasa panas di kulit,2028-12-31,Topikal,https://placehold.co/400x300/f8fafc/14b8a6?text=Scabimite+Cream+30g,True,"[""otc"",""indonesia"",""chatbot-ready""]"
2657,Omeprazole Kapsul 20mg,Lambung & Maag,15000.0,209,Omeprazole 20mg,Menurunkan produksi asam lambung; Gejala terkait: gerd; asam lambung kronis,Sesuai aturan pakai pada kemasan. Gunakan sesuai petunjuk pada kemasan. Jika sakit berlanjut hubungi dokter.,Omeprazole 20mg,Menurunkan produksi asam lambung; gerd; asam lambung kronis; Gunakan sesuai petunjuk pada kemasan. Jika sakit berlanjut hubungi dokter.,"Sakit kepala, mual",2028-12-31,Produk,https://placehold.co/400x300/f8fafc/10b981?text=Omeprazole+Kapsul+20mg,True,"[""otc"",""indonesia"",""chatbot-ready""]"
2658,Mixagrip Tube 10g,Flu & Pilek,3500.0,495,"Paracetamol, Phenylephrine, CTM",Meredakan gejala flu dan pilek; Gejala terkait: flu; pilek; meriang,Sesuai aturan pakai pada kemasan. Gunakan sesuai petunjuk pada kemasan.,"Paracetamol, Phenylephrine, CTM",Meredakan gejala flu dan pilek; flu; pilek; meriang; Gunakan sesuai petunjuk pada kemasan.,Mengantuk,2028-12-31,Produk,https://placehold.co/400x300/f8fafc/06b6d4?text=Mixagrip+Tube+10g,False,"[""otc"",""indonesia"",""chatbot-ready""]"
2659,Sumagesic Botol 60ml,Nyeri & Demam,15000.0,408,Paracetamol 600mg,"Sakit kepala, sakit gigi, demam; Gejala terkait: demam tinggi; sakit kepala berat",Sesuai aturan pakai pada kemasan. Gunakan sesuai petunjuk pada kemasan.,Paracetamol 600mg,"Sakit kepala, sakit gigi, demam; demam tinggi; sakit kepala berat; Gunakan sesuai petunjuk pada kemasan.",Gangguan hati (dosis tinggi),2028-12-31,Produk,https://placehold.co/400x300/f8fafc/ef4444?text=Sumagesic+Botol+60ml,False,"[""otc"",""indonesia"",""chatbot-ready""]"
2660,Tolak Angin Permen Sachet,Herbal & Tradisional,5000.0,378,"Adas, Kayu Ules, Cengkeh, Jahe, Daun Mint, Madu","Masuk angin, perut kembung, mual; Gejala terkait: masuk angin; mual perjalanan; kembung",Sesuai aturan pakai pada kemasan. Gunakan sesuai petunjuk pada kemasan. Jika sakit berlanjut hubungi dokter.,"Adas, Kayu Ules, Cengkeh, Jahe, Daun Mint, Madu","Masuk angin, perut kembung, mual; masuk angin; mual perjalanan; kembung; Gunakan sesuai petunjuk pada kemasan. Jika sakit berlanjut hubungi dokter.",Alergi (jarang),2026-12-31,Sachet,https://placehold.co/400x300/f8fafc/84cc16?text=Tolak+Angin+Permen+Sachet,True,"[""otc"",""indonesia"",""chatbot-ready""]"
2661,Erlamycetin Tube 50g,Mata & Telinga,45000.0,428,Chloramphenicol 1%,Infeksi bakteri mata / telinga; Gejala terkait: belekan kuning; bintitan murah; telinga gatal infeksi,Sesuai aturan pakai pada kemasan. Gunakan sesuai petunjuk pada kemasan.,Chloramphenicol 1%,Infeksi bakteri mata / telinga; belekan kuning; bintitan murah; telinga gatal infeksi; Gunakan sesuai petunjuk pada kemasan.,Iritasi lokal,2028-12-31,Produk,https://placehold.co/400x300/f8fafc/0ea5e9?text=Erlamycetin+Tube+50g,False,"[""otc"",""indonesia"",""chatbot-ready""]"
2662,Dulcolax Box 100s,Pencernaan & Diare,176000.0,82,Bisacodyl,Mengatasi sembelit kronis; Gejala terkait: susah bab; sembelit; pencahar,Sesuai aturan pakai pada kemasan. Gunakan sesuai petunjuk pada kemasan.,Bisacodyl,Mengatasi sembelit kronis; susah bab; sembelit; pencahar; Gunakan sesuai petunjuk pada kemasan.,Kram perut,2026-12-31,Produk,https://placehold.co/400x300/f8fafc/f59e0b?text=Dulcolax+Box+100s,False,"[""otc"",""indonesia"",""chatbot-ready""]"
2663,Redoxon Botol 30ml,Vitamin & Suplemen,41500.0,200,"Vitamin C 1000mg, Zinc, Vitamin D",Daya tahan tubuh ekstra; Gejala terkait: vitamin c tinggi; cegah flu,Sesuai aturan pakai pada kemasan. Gunakan sesuai petunjuk pada kemasan.,"Vitamin C 1000mg, Zinc, Vitamin D",Daya tahan tubuh ekstra; vitamin c tinggi; cegah flu; Gunakan sesuai petunjuk pada kemasan.,Nyeri lambung,2028-12-31,Produk,https://placehold.co/400x300/f8fafc/eab308?text=Redoxon+Botol+30ml,False,"[""otc"",""indonesia"",""chatbot-ready""]"
2664,Salonpas Gel 15g,Obat Oles Nyeri,18000.0,279,"Methyl Salicylate, Menthol",Koyo pereda nyeri otot; Gejala terkait: koyo tempel; salah bantal,Sesuai aturan pakai pada kemasan. Gunakan sesuai petunjuk pada kemasan. Jika sakit berlanjut hubungi dokter.,"Methyl Salicylate, Menthol",Koyo pereda nyeri otot; koyo tempel; salah bantal; Gunakan sesuai petunjuk pada kemasan. Jika sakit berlanjut hubungi dokter.,Kemerahan bentuk koyo,2026-12-31,Topikal,https://placehold.co/400x300/f8fafc/f97316?text=Salonpas+Gel+15g,True,"[""otc"",""indonesia"",""chatbot-ready""]"
2665,Transpulmin Botol 30ml,Perawatan Hidung & Pernapasan,52000.0,51,"Eucalyptus Oil, Chamomile (Baby) / + Menthol (Kids)","Menghangatkan dada, melegakan napas anak/bayi; Gejala terkait: balsem dada bayi; napas lega bayi",Sesuai aturan pakai pada kemasan. Gunakan sesuai petunjuk pada kemasan.,"Eucalyptus Oil, Chamomile (Baby) / + Menthol (Kids)","Menghangatkan dada, melegakan napas anak/bayi; balsem dada bayi; napas lega bayi; Gunakan sesuai petunjuk pada kemasan.",Kemerahan lokal (jarang),2028-03-15,Produk,https://placehold.co/400x300/f8fafc/06b6d4?text=Transpulmin+Botol+30ml,False,"[""otc"",""indonesia"",""chatbot-ready""]"
2666,Tolak Angin Botol 60ml,Herbal & Tradisional,20000.0,139,"Adas, Kayu Ules, Cengkeh, Jahe, Daun Mint, Madu","Masuk angin, perut kembung, mual; Gejala terkait: masuk angin; mual perjalanan; kembung",Sesuai aturan pakai pada kemasan. Gunakan sesuai petunjuk pada kemasan.,"Adas, Kayu Ules, Cengkeh, Jahe, Daun Mint, Madu","Masuk angin, perut kembung, mual; masuk angin; mual perjalanan; kembung; Gunakan sesuai petunjuk pada kemasan.",Alergi (jarang),2028-03-15,Produk,https://placehold.co/400x300/f8fafc/84cc16?text=Tolak+Angin+Botol+60ml,True,"[""otc"",""indonesia"",""chatbot-ready""]"
2667,Paramex Nyeri Otot,Nyeri & Demam,10000.0,427,"Paracetamol 250mg, Propyphenazone 150mg, Caffeine",Sakit kepala berat; Gejala terkait: sakit kepala berat; pusing,Sesuai aturan pakai pada kemasan. Gunakan sesuai petunjuk pada kemasan. Jika sakit berlanjut hubungi dokter.,"Paracetamol 250mg, Propyphenazone 150mg, Caffeine",Sakit kepala berat; sakit kepala berat; pusing; Gunakan sesuai petunjuk pada kemasan. Jika sakit berlanjut hubungi dokter.,Berdebar,2027-06-30,Produk,https://placehold.co/400x300/f8fafc/ef4444?text=Paramex+Nyeri+Otot,True,"[""otc"",""indonesia"",""chatbot-ready""]"
2668,Canesten Cream 10g,Antijamur & Kulit,48000.0,363,Clotrimazole 1%,"Panu, kadas, kurap; Gejala terkait: jamur kulit paten; kadas",Sesuai aturan pakai pada kemasan. Gunakan sesuai petunjuk pada kemasan. Jika sakit berlanjut hubungi dokter.,Clotrimazole 1%,"Panu, kadas, kurap; jamur kulit paten; kadas; Gunakan sesuai petunjuk pada kemasan. Jika sakit berlanjut hubungi dokter.",Kulit kemerahan,2026-12-31,Topikal,https://placehold.co/400x300/f8fafc/14b8a6?text=Canesten+Cream+10g,True,"[""otc"",""indonesia"",""chatbot-ready""]"
2669,Omeprazole Strip 10s,Lambung & Maag,15000.0,219,Omeprazole 20mg,Menurunkan produksi asam lambung; Gejala terkait: gerd; asam lambung kronis,Sesuai aturan pakai pada kemasan. Gunakan sesuai petunjuk pada kemasan.,Omeprazole 20mg,Menurunkan produksi asam lambung; gerd; asam lambung kronis; Gunakan sesuai petunjuk pada kemasan.,"Sakit kepala, mual",2028-03-15,Produk,https://placehold.co/400x300/f8fafc/10b981?text=Omeprazole+Strip+10s,True,"[""otc"",""indonesia"",""chatbot-ready""]"
2670,Decolgen Sirup,Flu & Pilek,15000.0,443,"Paracetamol, Phenylpropanolamine, CTM","Gejala flu, hidung tersumbat; Gejala terkait: pilek; hidung tersumbat",Sesuai aturan pakai pada kemasan. Gunakan sesuai petunjuk pada kemasan. Jika sakit berlanjut hubungi dokter.,"Paracetamol, Phenylpropanolamine, CTM","Gejala flu, hidung tersumbat; pilek; hidung tersumbat; Gunakan sesuai petunjuk pada kemasan. Jika sakit berlanjut hubungi dokter.","Mengantuk, berdebar",2028-03-15,Sirup,https://placehold.co/400x300/f8fafc/06b6d4?text=Decolgen+Sirup,True,"[""otc"",""indonesia"",""chatbot-ready""]"
2671,Bisolvon Tablet,Obat Batuk,70000.0,49,Bromhexine HCl,Mengencerkan dahak; Gejala terkait: dahak kental; batuk parah,Sesuai aturan pakai pada kemasan. Gunakan sesuai petunjuk pada kemasan.,Bromhexine HCl,Mengencerkan dahak; dahak kental; batuk parah; Gunakan sesuai petunjuk pada kemasan.,Gangguan pencernaan ringan,2028-03-15,Produk,https://placehold.co/400x300/f8fafc/3b82f6?text=Bisolvon+Box+30s,False,"[""otc"",""indonesia"",""chatbot-ready""]"
2672,Promag Double Action,Lambung & Maag,15000.0,392,"Hydrotalcite, Magnesium Hydroxide, Simethicone","Maag, perut kembung, nyeri ulu hati; Gejala terkait: maag; asam lambung; begah; kembung",Sesuai aturan pakai pada kemasan. Gunakan sesuai petunjuk pada kemasan. Jika sakit berlanjut hubungi dokter.,"Hydrotalcite, Magnesium Hydroxide, Simethicone","Maag, perut kembung, nyeri ulu hati; maag; asam lambung; begah; kembung; Gunakan sesuai petunjuk pada kemasan. Jika sakit berlanjut hubungi dokter.",Diare/Sembelit ringan,2026-12-31,Produk,https://placehold.co/400x300/f8fafc/10b981?text=Promag+Double+Action,True,"[""otc"",""indonesia"",""chatbot-ready""]"
2673,Ternolol Strip 10s,Flu & Pilek,15000.0,386,"Paracetamol, Pseudoephedrine",Flu anak; Gejala terkait: flu anak; demam pilek,Sesuai aturan pakai pada kemasan. Gunakan sesuai petunjuk pada kemasan.,"Paracetamol, Pseudoephedrine",Flu anak; flu anak; demam pilek; Gunakan sesuai petunjuk pada kemasan.,Jarang,2026-12-31,Produk,https://placehold.co/400x300/f8fafc/06b6d4?text=Ternolol+Strip+10s,True,"[""otc"",""indonesia"",""chatbot-ready""]"
2674,Oskadon SP,Nyeri & Demam,8500.0,157,"Paracetamol 500mg, Caffeine 35mg","Sakit kepala, pusing; Gejala terkait: sakit kepala; pegal",Sesuai aturan pakai pada kemasan. Gunakan sesuai petunjuk pada kemasan. Jika sakit berlanjut hubungi dokter.,"Paracetamol 500mg, Caffeine 35mg","Sakit kepala, pusing; sakit kepala; pegal; Gunakan sesuai petunjuk pada kemasan. Jika sakit berlanjut hubungi dokter.","Sulit tidur, berdebar",2028-03-15,Produk,https://placehold.co/400x300/f8fafc/ef4444?text=Oskadon+SP,True,"[""otc"",""indonesia"",""chatbot-ready""]"
2675,Inza Strip 10s,Flu & Pilek,4000.0,443,"Paracetamol, Pseudoephedrine, CTM",Flu ringan; Gejala terkait: flu ringan; bersin,Sesuai aturan pakai pada kemasan. Gunakan sesuai petunjuk pada kemasan.,"Paracetamol, Pseudoephedrine, CTM",Flu ringan; flu ringan; bersin; Gunakan sesuai petunjuk pada kemasan.,Mengantuk,2028-12-31,Produk,https://placehold.co/400x300/f8fafc/06b6d4?text=Inza+Strip+10s,True,"[""otc"",""indonesia"",""chatbot-ready""]"
2676,Sangobion Baby Drops,Vitamin & Suplemen,40000.0,114,"Ferrous Gluconate (Zat Besi), Vitamin",Anemia kurang zat besi; Gejala terkait: kurang darah; pusing anemia; pucat,Sesuai aturan pakai pada kemasan. Gunakan sesuai petunjuk pada kemasan. Jika sakit berlanjut hubungi dokter.,"Ferrous Gluconate (Zat Besi), Vitamin",Anemia kurang zat besi; kurang darah; pusing anemia; pucat; Gunakan sesuai petunjuk pada kemasan. Jika sakit berlanjut hubungi dokter.,"Feses hitam, sembelit",2028-03-15,Produk,https://placehold.co/400x300/f8fafc/eab308?text=Sangobion+Baby+Drops,True,"[""otc"",""indonesia"",""chatbot-ready""]"
2677,Biogesic Sachet 5ml,Nyeri & Demam,2000.0,483,Paracetamol 500mg,Demam dan nyeri ringan; Gejala terkait: demam; nyeri,Sesuai aturan pakai pada kemasan. Gunakan sesuai petunjuk pada kemasan.,Paracetamol 500mg,Demam dan nyeri ringan; demam; nyeri; Gunakan sesuai petunjuk pada kemasan.,Jarang terjadi alergi,2028-12-31,Sachet,https://placehold.co/400x300/f8fafc/ef4444?text=Biogesic+Sachet+5ml,False,"[""otc"",""indonesia"",""chatbot-ready""]"
2678,Procold Botol 30ml,Flu & Pilek,5000.0,352,"Paracetamol, Pseudoephedrine","Flu, demam, sakit kepala; Gejala terkait: flu meriang; pusing flu",Sesuai aturan pakai pada kemasan. Gunakan sesuai petunjuk pada kemasan.,"Paracetamol, Pseudoephedrine","Flu, demam, sakit kepala; flu meriang; pusing flu; Gunakan sesuai petunjuk pada kemasan.",Berdebar,2026-12-31,Produk,https://placehold.co/400x300/f8fafc/06b6d4?text=Procold+Botol+30ml,False,"[""otc"",""indonesia"",""chatbot-ready""]"
2679,Dumin Box 50s,Nyeri & Demam,67500.0,85,Paracetamol,Demam tinggi; Gejala terkait: demam tinggi; panas anak,Sesuai aturan pakai pada kemasan. Gunakan sesuai petunjuk pada kemasan.,Paracetamol,Demam tinggi; demam tinggi; panas anak; Gunakan sesuai petunjuk pada kemasan.,Jarang,2028-03-15,Produk,https://placehold.co/400x300/f8fafc/ef4444?text=Dumin+Box+50s,False,"[""otc"",""indonesia"",""chatbot-ready""]"
2680,Fungiderm Cream 5g,Antijamur & Kulit,18000.0,442,Clotrimazole 1%,Infeksi jamur; Gejala terkait: jamur selangkangan; panu,Sesuai aturan pakai pada kemasan. Gunakan sesuai petunjuk pada kemasan. Jika sakit berlanjut hubungi dokter.,Clotrimazole 1%,Infeksi jamur; jamur selangkangan; panu; Gunakan sesuai petunjuk pada kemasan. Jika sakit berlanjut hubungi dokter.,Iritasi,2028-12-31,Topikal,https://placehold.co/400x300/f8fafc/14b8a6?text=Fungiderm+Cream+5g,True,"[""otc"",""indonesia"",""chatbot-ready""]"
2681,GPU Minyak Gosok Sachet 5ml,Obat Oles Nyeri,2500.0,305,"Nutmeg Oil, Eucalyptus Oil, Citronella","Urut, keseleo, pegal; Gejala terkait: minyak urut; keseleo",Sesuai aturan pakai pada kemasan. Gunakan sesuai petunjuk pada kemasan.,"Nutmeg Oil, Eucalyptus Oil, Citronella","Urut, keseleo, pegal; minyak urut; keseleo; Gunakan sesuai petunjuk pada kemasan.",Iritasi lokal,2028-03-15,Sachet,https://placehold.co/400x300/f8fafc/f97316?text=GPU+Minyak+Gosok+Sachet+5ml,False,"[""otc"",""indonesia"",""chatbot-ready""]"
2682,Mylanta Tablet,Lambung & Maag,12000.0,157,"Aluminium Hydroxide, Magnesium Hydroxide, Simethicone",Asam lambung tinggi; Gejala terkait: asam lambung naik; perih perut,Sesuai aturan pakai pada kemasan. Gunakan sesuai petunjuk pada kemasan. Jika sakit berlanjut hubungi dokter.,"Aluminium Hydroxide, Magnesium Hydroxide, Simethicone",Asam lambung tinggi; asam lambung naik; perih perut; Gunakan sesuai petunjuk pada kemasan. Jika sakit berlanjut hubungi dokter.,Sembelit,2027-06-30,Tablet,https://placehold.co/400x300/f8fafc/10b981?text=Mylanta+Tablet,True,"[""otc"",""indonesia"",""chatbot-ready""]"
2683,Loratadine Botol 200ml,Alergi & Gatal,22500.0,162,Loratadine 10mg,Alergi tanpa mengantuk parah; Gejala terkait: alergi kerja; biduran pagi,Sesuai aturan pakai pada kemasan. Gunakan sesuai petunjuk pada kemasan.,Loratadine 10mg,Alergi tanpa mengantuk parah; alergi kerja; biduran pagi; Gunakan sesuai petunjuk pada kemasan.,Mulut kering,2027-06-30,Produk,https://placehold.co/400x300/f8fafc/8b5cf6?text=Loratadine+Botol+200ml,False,"[""otc"",""indonesia"",""chatbot-ready""]"
2684,Inza Tablet,Flu & Pilek,4000.0,101,"Paracetamol, Pseudoephedrine, CTM",Flu ringan; Gejala terkait: flu ringan; bersin,Sesuai aturan pakai pada kemasan. Gunakan sesuai petunjuk pada kemasan. Jika sakit berlanjut hubungi dokter.,"Paracetamol, Pseudoephedrine, CTM",Flu ringan; flu ringan; bersin; Gunakan sesuai petunjuk pada kemasan. Jika sakit berlanjut hubungi dokter.,Mengantuk,2026-12-31,Tablet,https://placehold.co/400x300/f8fafc/06b6d4?text=Inza+Tablet,True,"[""otc"",""indonesia"",""chatbot-ready""]"
2685,Proris Botol 30ml,Nyeri & Demam,9500.0,462,Ibuprofen 200mg,"Nyeri sendi, sakit gigi, demam; Gejala terkait: nyeri radang; demam anak; sakit gigi",Sesuai aturan pakai pada kemasan. Gunakan sesuai petunjuk pada kemasan.,Ibuprofen 200mg,"Nyeri sendi, sakit gigi, demam; nyeri radang; demam anak; sakit gigi; Gunakan sesuai petunjuk pada kemasan.",Nyeri lambung,2026-12-31,Produk,https://placehold.co/400x300/f8fafc/ef4444?text=Proris+Botol+30ml,True,"[""otc"",""indonesia"",""chatbot-ready""]"
2686,Hemabion Kapsul Strip,Vitamin & Suplemen,16000.0,493,"Zat Besi, Asam Folat, Vitamin B12",Mencegah anemia pada kehamilan; Gejala terkait: darah tambah hamil,Sesuai aturan pakai pada kemasan. Gunakan sesuai petunjuk pada kemasan. Jika sakit berlanjut hubungi dokter.,"Zat Besi, Asam Folat, Vitamin B12",Mencegah anemia pada kehamilan; darah tambah hamil; Gunakan sesuai petunjuk pada kemasan. Jika sakit berlanjut hubungi dokter.,"Mual, konstipasi",2028-12-31,Produk,https://placehold.co/400x300/f8fafc/eab308?text=Hemabion+Kapsul+Strip,True,"[""otc"",""indonesia"",""chatbot-ready""]"
2687,Sanaflu Tube 50g,Flu & Pilek,11000.0,288,"Paracetamol, Phenylephrine, CTM",Flu dan sakit kepala; Gejala terkait: flu sakit kepala,Sesuai aturan pakai pada kemasan. Gunakan sesuai petunjuk pada kemasan.,"Paracetamol, Phenylephrine, CTM",Flu dan sakit kepala; flu sakit kepala; Gunakan sesuai petunjuk pada kemasan.,Mengantuk,2027-06-30,Produk,https://placehold.co/400x300/f8fafc/06b6d4?text=Sanaflu+Tube+50g,False,"[""otc"",""indonesia"",""chatbot-ready""]"
2688,Ultraflu Box 50s,Flu & Pilek,18000.0,257,"Paracetamol, Phenylpropanolamine, CTM",Gejala flu dan pilek; Gejala terkait: flu; bersin,Sesuai aturan pakai pada kemasan. Gunakan sesuai petunjuk pada kemasan.,"Paracetamol, Phenylpropanolamine, CTM",Gejala flu dan pilek; flu; bersin; Gunakan sesuai petunjuk pada kemasan.,Mengantuk,2026-12-31,Produk,https://placehold.co/400x300/f8fafc/06b6d4?text=Ultraflu+Box+50s,True,"[""otc"",""indonesia"",""chatbot-ready""]"
2689,OBH Combi Batuk Flu Dewasa,Obat Batuk,25000.0,317,"Succus liquiritiae, Paracetamol, Ephedrine",Batuk berdahak dan flu; Gejala terkait: batuk berdahak; flu batuk,Sesuai aturan pakai pada kemasan. Gunakan sesuai petunjuk pada kemasan. Jika sakit berlanjut hubungi dokter.,"Succus liquiritiae, Paracetamol, Ephedrine",Batuk berdahak dan flu; batuk berdahak; flu batuk; Gunakan sesuai petunjuk pada kemasan. Jika sakit berlanjut hubungi dokter.,Mengantuk,2027-06-30,Produk,https://placehold.co/400x300/f8fafc/3b82f6?text=OBH+Combi+Batuk+Flu+Dewasa,True,"[""otc"",""indonesia"",""chatbot-ready""]"
2690,Promag Herbal,Lambung & Maag,18000.0,396,"Hydrotalcite, Magnesium Hydroxide, Simethicone","Maag, perut kembung, nyeri ulu hati; Gejala terkait: maag; asam lambung; begah; kembung",Sesuai aturan pakai pada kemasan. Gunakan sesuai petunjuk pada kemasan. Jika sakit berlanjut hubungi dokter.,"Hydrotalcite, Magnesium Hydroxide, Simethicone","Maag, perut kembung, nyeri ulu hati; maag; asam lambung; begah; kembung; Gunakan sesuai petunjuk pada kemasan. Jika sakit berlanjut hubungi dokter.",Diare/Sembelit ringan,2026-12-31,Produk,https://placehold.co/400x300/f8fafc/10b981?text=Promag+Herbal,True,"[""otc"",""indonesia"",""chatbot-ready""]"
2691,Dermatix Ultra Gel 15g,Obat Kulit & Luka,120000.0,43,"Cyclopentasiloxane, Vitamin C Ester",Menyamarkan bekas luka menonjol (keloid); Gejala terkait: bekas luka; keloid; salep bekas jerawat,Sesuai aturan pakai pada kemasan. Gunakan sesuai petunjuk pada kemasan. Jika sakit berlanjut hubungi dokter.,"Cyclopentasiloxane, Vitamin C Ester",Menyamarkan bekas luka menonjol (keloid); bekas luka; keloid; salep bekas jerawat; Gunakan sesuai petunjuk pada kemasan. Jika sakit berlanjut hubungi dokter.,Jarang,2028-03-15,Topikal,https://placehold.co/400x300/f8fafc/ec4899?text=Dermatix+Ultra+Gel+5g,True,"[""otc"",""indonesia"",""chatbot-ready""]"
2692,Ternolol Box 100s,Flu & Pilek,120000.0,75,"Paracetamol, Pseudoephedrine",Flu anak; Gejala terkait: flu anak; demam pilek,Sesuai aturan pakai pada kemasan. Gunakan sesuai petunjuk pada kemasan.,"Paracetamol, Pseudoephedrine",Flu anak; flu anak; demam pilek; Gunakan sesuai petunjuk pada kemasan.,Jarang,2028-03-15,Produk,https://placehold.co/400x300/f8fafc/06b6d4?text=Ternolol+Box+100s,True,"[""otc"",""indonesia"",""chatbot-ready""]"
2693,Rivanol Cair 300ml,Obat Kulit & Luka,12000.0,484,Ethacridine Lactate,Membersihkan luka basah; Gejala terkait: cuci luka; luka basah,Sesuai aturan pakai pada kemasan. Gunakan sesuai petunjuk pada kemasan. Jika sakit berlanjut hubungi dokter.,Ethacridine Lactate,Membersihkan luka basah; cuci luka; luka basah; Gunakan sesuai petunjuk pada kemasan. Jika sakit berlanjut hubungi dokter.,Kulit kuning sementara,2027-06-30,Produk,https://placehold.co/400x300/f8fafc/ec4899?text=Rivanol+Cair+300ml,True,"[""otc"",""indonesia"",""chatbot-ready""]"
2694,Komix Herbal Sachet,Obat Batuk,2500.0,253,"Dextromethorphan, Guaifenesin",Batuk ringan; Gejala terkait: batuk ringan; batuk gatal,Sesuai aturan pakai pada kemasan. Gunakan sesuai petunjuk pada kemasan. Jika sakit berlanjut hubungi dokter.,"Dextromethorphan, Guaifenesin",Batuk ringan; batuk ringan; batuk gatal; Gunakan sesuai petunjuk pada kemasan. Jika sakit berlanjut hubungi dokter.,Mengantuk,2027-06-30,Sachet,https://placehold.co/400x300/f8fafc/3b82f6?text=Komix+Herbal+Sachet,True,"[""otc"",""indonesia"",""chatbot-ready""]"
2695,Geliga Balsem Otot 20g,Obat Oles Nyeri,14000.0,273,"Methyl Salicylate, Peppermint Oil","Nyeri punggung, pegal; Gejala terkait: balsem panas; sakit pinggang",Sesuai aturan pakai pada kemasan. Gunakan sesuai petunjuk pada kemasan. Jika sakit berlanjut hubungi dokter.,"Methyl Salicylate, Peppermint Oil","Nyeri punggung, pegal; balsem panas; sakit pinggang; Gunakan sesuai petunjuk pada kemasan. Jika sakit berlanjut hubungi dokter.",Panas lokal,2028-03-15,Topikal,https://placehold.co/400x300/f8fafc/f97316?text=Geliga+Balsem+Otot+20g,True,"[""otc"",""indonesia"",""chatbot-ready""]"
2696,Bisolvon Sirup 60ml,Obat Batuk,38000.0,389,Bromhexine HCl,Mengencerkan dahak; Gejala terkait: dahak kental; batuk parah,Sesuai aturan pakai pada kemasan. Gunakan sesuai petunjuk pada kemasan. Jika sakit berlanjut hubungi dokter.,Bromhexine HCl,Mengencerkan dahak; dahak kental; batuk parah; Gunakan sesuai petunjuk pada kemasan. Jika sakit berlanjut hubungi dokter.,Gangguan pencernaan ringan,2028-03-15,Sirup,https://placehold.co/400x300/f8fafc/3b82f6?text=Bisolvon+Sirup+60ml,False,"[""otc"",""indonesia"",""chatbot-ready""]"
2697,Polysilane Suspensi 100ml,Lambung & Maag,28000.0,411,"Simethicone, Al(OH)3, Mg(OH)2",Mengatasi kembung dan maag; Gejala terkait: perut kembung parah; penuh ulu hati,Sesuai aturan pakai pada kemasan. Gunakan sesuai petunjuk pada kemasan. Jika sakit berlanjut hubungi dokter.,"Simethicone, Al(OH)3, Mg(OH)2",Mengatasi kembung dan maag; perut kembung parah; penuh ulu hati; Gunakan sesuai petunjuk pada kemasan. Jika sakit berlanjut hubungi dokter.,Sembelit ringan,2027-06-30,Produk,https://placehold.co/400x300/f8fafc/10b981?text=Polysilane+Suspensi+100ml,True,"[""otc"",""indonesia"",""chatbot-ready""]"
2698,Bejo Anak Jahe Merah Box 5s,Herbal & Tradisional,15000.0,274,"Jahe Merah, Adas, Madu","Masuk angin, melegakan tenggorokan; Gejala terkait: meriang; jahe merah",Sesuai aturan pakai pada kemasan. Gunakan sesuai petunjuk pada kemasan. Jika sakit berlanjut hubungi dokter.,"Jahe Merah, Adas, Madu","Masuk angin, melegakan tenggorokan; meriang; jahe merah; Gunakan sesuai petunjuk pada kemasan. Jika sakit berlanjut hubungi dokter.",Perut terasa agak panas,2028-12-31,Produk,https://placehold.co/400x300/f8fafc/84cc16?text=Bejo+Jahe+Merah+Box+5s,True,"[""otc"",""indonesia"",""chatbot-ready""]"
2699,Voltaren Botol 30ml,Obat Oles Nyeri,44000.0,147,Diclofenac Diethylamine,"Nyeri sendi, osteoartritis, memar; Gejala terkait: nyeri sendi lutut; bengkak keseleo",Sesuai aturan pakai pada kemasan. Gunakan sesuai petunjuk pada kemasan.,Diclofenac Diethylamine,"Nyeri sendi, osteoartritis, memar; nyeri sendi lutut; bengkak keseleo; Gunakan sesuai petunjuk pada kemasan.",Kulit kemerahan,2026-12-31,Produk,https://placehold.co/400x300/f8fafc/f97316?text=Voltaren+Botol+30ml,False,"[""otc"",""indonesia"",""chatbot-ready""]"
2700,Polycrol Forte Gel 100ml,Lambung & Maag,42000.0,442,"Activated Methylpolysiloxane, Antasida",Maag dengan kembung berat; Gejala terkait: kembung keras; lambung penuh,Sesuai aturan pakai pada kemasan. Gunakan sesuai petunjuk pada kemasan. Jika sakit berlanjut hubungi dokter.,"Activated Methylpolysiloxane, Antasida",Maag dengan kembung berat; kembung keras; lambung penuh; Gunakan sesuai petunjuk pada kemasan. Jika sakit berlanjut hubungi dokter.,Konstipasi,2028-12-31,Topikal,https://placehold.co/400x300/f8fafc/10b981?text=Polycrol+Forte+Gel+100ml,True,"[""otc"",""indonesia"",""chatbot-ready""]"
2701,Visine Tears 6ml,Mata & Telinga,22000.0,467,Tetrahydrozoline HCl,Mata merah; Gejala terkait: mata iritasi asap,Sesuai aturan pakai pada kemasan. Gunakan sesuai petunjuk pada kemasan. Jika sakit berlanjut hubungi dokter.,Tetrahydrozoline HCl,Mata merah; mata iritasi asap; Gunakan sesuai petunjuk pada kemasan. Jika sakit berlanjut hubungi dokter.,Mata kering bila dipakai lama,2028-03-15,Produk,https://placehold.co/400x300/f8fafc/0ea5e9?text=Visine+Tears+6ml,True,"[""otc"",""indonesia"",""chatbot-ready""]"
2702,You C1000 Vitamin Orange Botol,Vitamin & Suplemen,8000.0,194,Vitamin C 1000mg,Minuman vitamin C segar; Gejala terkait: minuman vitamin c; segar,Sesuai aturan pakai pada kemasan. Gunakan sesuai petunjuk pada kemasan. Jika sakit berlanjut hubungi dokter.,Vitamin C 1000mg,Minuman vitamin C segar; minuman vitamin c; segar; Gunakan sesuai petunjuk pada kemasan. Jika sakit berlanjut hubungi dokter.,Nyeri lambung,2028-12-31,Produk,https://placehold.co/400x300/f8fafc/eab308?text=You+C1000+Vitamin+Orange+Botol,True,"[""otc"",""indonesia"",""chatbot-ready""]"
2703,Sangobion Tube 10g,Vitamin & Suplemen,12500.0,435,"Ferrous Gluconate (Zat Besi), Vitamin",Anemia kurang zat besi; Gejala terkait: kurang darah; pusing anemia; pucat,Sesuai aturan pakai pada kemasan. Gunakan sesuai petunjuk pada kemasan.,"Ferrous Gluconate (Zat Besi), Vitamin",Anemia kurang zat besi; kurang darah; pusing anemia; pucat; Gunakan sesuai petunjuk pada kemasan.,"Feses hitam, sembelit",2027-06-30,Produk,https://placehold.co/400x300/f8fafc/eab308?text=Sangobion+Tube+10g,False,"[""otc"",""indonesia"",""chatbot-ready""]"
2704,Dumin Rectal Tube 250mg,Nyeri & Demam,40000.0,114,Paracetamol,Demam tinggi; Gejala terkait: demam tinggi; panas anak,Sesuai aturan pakai pada kemasan. Gunakan sesuai petunjuk pada kemasan. Jika sakit berlanjut hubungi dokter.,Paracetamol,Demam tinggi; demam tinggi; panas anak; Gunakan sesuai petunjuk pada kemasan. Jika sakit berlanjut hubungi dokter.,Jarang,2026-12-31,Produk,https://placehold.co/400x300/f8fafc/ef4444?text=Dumin+Rectal+Tube+250mg,True,"[""otc"",""indonesia"",""chatbot-ready""]"
2705,Entrostop Tube 15g,Pencernaan & Diare,9000.0,431,"Attapulgite, Pectin",Diare non-spesifik; Gejala terkait: diare; mencret,Sesuai aturan pakai pada kemasan. Gunakan sesuai petunjuk pada kemasan.,"Attapulgite, Pectin",Diare non-spesifik; diare; mencret; Gunakan sesuai petunjuk pada kemasan.,"Sembelit, mual",2027-06-30,Produk,https://placehold.co/400x300/f8fafc/f59e0b?text=Entrostop+Tube+15g,False,"[""otc"",""indonesia"",""chatbot-ready""]"
2706,Contrexyn Sirup,Nyeri & Demam,15000.0,418,Aspirin,Demam anak; Gejala terkait: demam anak,Sesuai aturan pakai pada kemasan. Gunakan sesuai petunjuk pada kemasan. Jika sakit berlanjut hubungi dokter.,Aspirin,Demam anak; demam anak; Gunakan sesuai petunjuk pada kemasan. Jika sakit berlanjut hubungi dokter.,Iritasi lambung,2028-03-15,Sirup,https://placehold.co/400x300/f8fafc/ef4444?text=Contrexyn+Sirup,True,"[""otc"",""indonesia"",""chatbot-ready""]"
2707,Dermatix Ultra Box 30s,Obat Kulit & Luka,336000.0,59,"Cyclopentasiloxane, Vitamin C Ester",Menyamarkan bekas luka menonjol (keloid); Gejala terkait: bekas luka; keloid; salep bekas jerawat,Sesuai aturan pakai pada kemasan. Gunakan sesuai petunjuk pada kemasan.,"Cyclopentasiloxane, Vitamin C Ester",Menyamarkan bekas luka menonjol (keloid); bekas luka; keloid; salep bekas jerawat; Gunakan sesuai petunjuk pada kemasan.,Jarang,2028-12-31,Produk,https://placehold.co/400x300/f8fafc/ec4899?text=Dermatix+Ultra+Box+30s,False,"[""otc"",""indonesia"",""chatbot-ready""]"
2708,Fasidol Strip 10s,Nyeri & Demam,6000.0,131,Paracetamol,Demam; Gejala terkait: demam; pusing,Sesuai aturan pakai pada kemasan. Gunakan sesuai petunjuk pada kemasan.,Paracetamol,Demam; demam; pusing; Gunakan sesuai petunjuk pada kemasan.,Jarang,2028-03-15,Produk,https://placehold.co/400x300/f8fafc/ef4444?text=Fasidol+Strip+10s,True,"[""otc"",""indonesia"",""chatbot-ready""]"
2709,Mylanta Strip 4s,Lambung & Maag,6000.0,213,"Aluminium Hydroxide, Magnesium Hydroxide, Simethicone",Asam lambung tinggi; Gejala terkait: asam lambung naik; perih perut,Sesuai aturan pakai pada kemasan. Gunakan sesuai petunjuk pada kemasan.,"Aluminium Hydroxide, Magnesium Hydroxide, Simethicone",Asam lambung tinggi; asam lambung naik; perih perut; Gunakan sesuai petunjuk pada kemasan.,Sembelit,2027-06-30,Produk,https://placehold.co/400x300/f8fafc/10b981?text=Mylanta+Strip+4s,True,"[""otc"",""indonesia"",""chatbot-ready""]"
2710,Hemabion Strip 10s,Vitamin & Suplemen,16000.0,270,"Zat Besi, Asam Folat, Vitamin B12",Mencegah anemia pada kehamilan; Gejala terkait: darah tambah hamil,Sesuai aturan pakai pada kemasan. Gunakan sesuai petunjuk pada kemasan.,"Zat Besi, Asam Folat, Vitamin B12",Mencegah anemia pada kehamilan; darah tambah hamil; Gunakan sesuai petunjuk pada kemasan.,"Mual, konstipasi",2028-12-31,Produk,https://placehold.co/400x300/f8fafc/eab308?text=Hemabion+Strip+10s,True,"[""otc"",""indonesia"",""chatbot-ready""]"
2711,Biogesic Paracetamol Isi 4 Tablet,Nyeri & Demam,10000.0,111,Paracetamol 500mg,Demam dan nyeri ringan; Gejala terkait: demam; nyeri,Sesuai aturan pakai pada kemasan. Gunakan sesuai petunjuk pada kemasan. Jika sakit berlanjut hubungi dokter.,Paracetamol 500mg,Demam dan nyeri ringan; demam; nyeri; Gunakan sesuai petunjuk pada kemasan. Jika sakit berlanjut hubungi dokter.,Jarang terjadi alergi,2027-06-30,Tablet,https://placehold.co/400x300/f8fafc/ef4444?text=Biogesic+Tablet,True,"[""otc"",""indonesia"",""chatbot-ready""]"
2712,Tje Fuk Kapsul Gingseng,Vitamin & Suplemen,150000.0,94,Ginseng extract,Suplemen stamina; Gejala terkait: stamina; ginseng,Sesuai aturan pakai pada kemasan. Gunakan sesuai petunjuk pada kemasan. Jika sakit berlanjut hubungi dokter.,Ginseng extract,Suplemen stamina; stamina; ginseng; Gunakan sesuai petunjuk pada kemasan. Jika sakit berlanjut hubungi dokter.,Insomnia ringan,2028-03-15,Produk,https://placehold.co/400x300/f8fafc/eab308?text=Tje+Fuk+Kapsul+Gingseng,True,"[""otc"",""indonesia"",""chatbot-ready""]"
2713,Mucos Botol 60ml,Obat Batuk,18000.0,216,Ambroxol HCl,Batuk berdahak tebal; Gejala terkait: dahak pekat; bronkitis ringan,Sesuai aturan pakai pada kemasan. Gunakan sesuai petunjuk pada kemasan.,Ambroxol HCl,Batuk berdahak tebal; dahak pekat; bronkitis ringan; Gunakan sesuai petunjuk pada kemasan.,Mual ringan,2026-12-31,Produk,https://placehold.co/400x300/f8fafc/3b82f6?text=Mucos+Botol+60ml,True,"[""otc"",""indonesia"",""chatbot-ready""]"
2714,Plantacid Forte Tablet,Lambung & Maag,18000.0,483,"Aluminium Hydroxide, Magnesium Hydroxide, Simethicone",Tukak lambung dan maag; Gejala terkait: tukak lambung; maag kronis,Sesuai aturan pakai pada kemasan. Gunakan sesuai petunjuk pada kemasan. Jika sakit berlanjut hubungi dokter.,"Aluminium Hydroxide, Magnesium Hydroxide, Simethicone",Tukak lambung dan maag; tukak lambung; maag kronis; Gunakan sesuai petunjuk pada kemasan. Jika sakit berlanjut hubungi dokter.,Diare/sembelit,2026-12-31,Tablet,https://placehold.co/400x300/f8fafc/10b981?text=Plantacid+Forte+Tablet,True,"[""otc"",""indonesia"",""chatbot-ready""]"
2715,Diatabs Botol 30ml,Pencernaan & Diare,6000.0,407,Attapulgite 600mg,Menyerap racun bakteri penyebab diare; Gejala terkait: diare keracunan; mencret air,Sesuai aturan pakai pada kemasan. Gunakan sesuai petunjuk pada kemasan.,Attapulgite 600mg,Menyerap racun bakteri penyebab diare; diare keracunan; mencret air; Gunakan sesuai petunjuk pada kemasan.,Sembelit,2027-06-30,Tablet,https://placehold.co/400x300/f8fafc/f59e0b?text=Diatabs+Botol+30ml,False,"[""otc"",""indonesia"",""chatbot-ready""]"
2716,Komix Herbal Tube,Obat Batuk,3000.0,250,"Dextromethorphan, Guaifenesin",Batuk ringan; Gejala terkait: batuk ringan; batuk gatal,Sesuai aturan pakai pada kemasan. Gunakan sesuai petunjuk pada kemasan. Jika sakit berlanjut hubungi dokter.,"Dextromethorphan, Guaifenesin",Batuk ringan; batuk ringan; batuk gatal; Gunakan sesuai petunjuk pada kemasan. Jika sakit berlanjut hubungi dokter.,Mengantuk,2028-03-15,Produk,https://placehold.co/400x300/f8fafc/3b82f6?text=Komix+Herbal+Tube,False,"[""otc"",""indonesia"",""chatbot-ready""]"
2717,Counterpain Krim 30g,Obat Oles Nyeri,45000.0,460,"Methyl Salicylate, Menthol, Eugenol","Nyeri otot, keseleo, pegal linu; Gejala terkait: keseleo; salah urat; pegal linu",Sesuai aturan pakai pada kemasan. Gunakan sesuai petunjuk pada kemasan. Jika sakit berlanjut hubungi dokter.,"Methyl Salicylate, Menthol, Eugenol","Nyeri otot, keseleo, pegal linu; keseleo; salah urat; pegal linu; Gunakan sesuai petunjuk pada kemasan. Jika sakit berlanjut hubungi dokter.",Panas berlebih jika dikompres,2026-12-31,Produk,https://placehold.co/400x300/f8fafc/f97316?text=Counterpain+Krim+30g,True,"[""otc"",""indonesia"",""chatbot-ready""]"
2718,Cendo Fenicol Salep Mata,Mata & Telinga,25000.0,208,"Bervariasi (Dexamethasone, Neomycin / Artificial Tears)",Radang mata (Xitrol) / Mata Kering; Gejala terkait: mata belekan; bintitan; radang mata; mata kering softlens,Sesuai aturan pakai pada kemasan. Gunakan sesuai petunjuk pada kemasan. Jika sakit berlanjut hubungi dokter.,"Bervariasi (Dexamethasone, Neomycin / Artificial Tears)",Radang mata (Xitrol) / Mata Kering; mata belekan; bintitan; radang mata; mata kering softlens; Gunakan sesuai petunjuk pada kemasan. Jika sakit berlanjut hubungi dokter.,Pandangan kabur sementara,2028-12-31,Produk,https://placehold.co/400x300/f8fafc/0ea5e9?text=Cendo+Fenicol+Salep+Mata,True,"[""otc"",""indonesia"",""chatbot-ready""]"
2719,Mycoral Tablet 200mg,Antijamur & Kulit,55000.0,46,Ketoconazole 2%,Jamur membandel; Gejala terkait: kurap parah; jamur kuku,Sesuai aturan pakai pada kemasan. Gunakan sesuai petunjuk pada kemasan. Jika sakit berlanjut hubungi dokter.,Ketoconazole 2%,Jamur membandel; kurap parah; jamur kuku; Gunakan sesuai petunjuk pada kemasan. Jika sakit berlanjut hubungi dokter.,Gatal ringan,2026-12-31,Tablet,https://placehold.co/400x300/f8fafc/14b8a6?text=Mycoral+Tablet+200mg,True,"[""otc"",""indonesia"",""chatbot-ready""]"
2720,Transpulmin Baby Balsam 10g,Perawatan Hidung & Pernapasan,65000.0,82,"Eucalyptus Oil, Chamomile (Baby) / + Menthol (Kids)","Menghangatkan dada, melegakan napas anak/bayi; Gejala terkait: balsem dada bayi; napas lega bayi",Sesuai aturan pakai pada kemasan. Gunakan sesuai petunjuk pada kemasan. Jika sakit berlanjut hubungi dokter.,"Eucalyptus Oil, Chamomile (Baby) / + Menthol (Kids)","Menghangatkan dada, melegakan napas anak/bayi; balsem dada bayi; napas lega bayi; Gunakan sesuai petunjuk pada kemasan. Jika sakit berlanjut hubungi dokter.",Kemerahan lokal (jarang),2028-03-15,Produk,https://placehold.co/400x300/f8fafc/06b6d4?text=Transpulmin+Baby+Balsam+10g,True,"[""otc"",""indonesia"",""chatbot-ready""]"
2721,Waisan Strip 10s,Lambung & Maag,2500.0,461,"Antasida, Sodium Bicarbonate","Sakit maag, mual; Gejala terkait: mual maag; perih",Sesuai aturan pakai pada kemasan. Gunakan sesuai petunjuk pada kemasan.,"Antasida, Sodium Bicarbonate","Sakit maag, mual; mual maag; perih; Gunakan sesuai petunjuk pada kemasan.",Sendawa,2028-12-31,Produk,https://placehold.co/400x300/f8fafc/10b981?text=Waisan+Strip+10s,False,"[""otc"",""indonesia"",""chatbot-ready""]"
2722,Fatigon Putih Tablet,Vitamin & Suplemen,7000.0,168,"Vitamin B Kompleks, Vitamin E","Mengatasi capek, pegal, kram; Gejala terkait: capek; pegal linu; energi",Sesuai aturan pakai pada kemasan. Gunakan sesuai petunjuk pada kemasan. Jika sakit berlanjut hubungi dokter.,"Vitamin B Kompleks, Vitamin E","Mengatasi capek, pegal, kram; capek; pegal linu; energi; Gunakan sesuai petunjuk pada kemasan. Jika sakit berlanjut hubungi dokter.",Jarang,2026-12-31,Tablet,https://placehold.co/400x300/f8fafc/eab308?text=Fatigon+Putih+Tablet,True,"[""otc"",""indonesia"",""chatbot-ready""]"
2723,Promag Cair Sachet,Lambung & Maag,3000.0,399,"Hydrotalcite, Magnesium Hydroxide, Simethicone","Maag, perut kembung, nyeri ulu hati; Gejala terkait: maag; asam lambung; begah; kembung",Sesuai aturan pakai pada kemasan. Gunakan sesuai petunjuk pada kemasan. Jika sakit berlanjut hubungi dokter.,"Hydrotalcite, Magnesium Hydroxide, Simethicone","Maag, perut kembung, nyeri ulu hati; maag; asam lambung; begah; kembung; Gunakan sesuai petunjuk pada kemasan. Jika sakit berlanjut hubungi dokter.",Diare/Sembelit ringan,2027-06-30,Sachet,https://placehold.co/400x300/f8fafc/10b981?text=Promag+Cair+Sachet,True,"[""otc"",""indonesia"",""chatbot-ready""]"
2724,Iliadin Anak Nasal Drops 10ml,Perawatan Hidung & Pernapasan,60000.0,67,Oxymetazoline HCl,Hidung tersumbat berat (Dekongestan); Gejala terkait: hidung buntu parah; semprot hidung mampet,Sesuai aturan pakai pada kemasan. Gunakan sesuai petunjuk pada kemasan. Jika sakit berlanjut hubungi dokter.,Oxymetazoline HCl,Hidung tersumbat berat (Dekongestan); hidung buntu parah; semprot hidung mampet; Gunakan sesuai petunjuk pada kemasan. Jika sakit berlanjut hubungi dokter.,Rebound congestion jika > 3 hari,2027-06-30,Produk,https://placehold.co/400x300/f8fafc/06b6d4?text=Iliadin+Anak+Nasal+Drops+10ml,True,"[""otc"",""indonesia"",""chatbot-ready""]"
2725,Enervon C Tube 50g,Vitamin & Suplemen,20000.0,470,"Vitamin C 500mg, Vitamin B Kompleks",Menjaga daya tahan tubuh; Gejala terkait: imun; vitamin c; capek,Sesuai aturan pakai pada kemasan. Gunakan sesuai petunjuk pada kemasan.,"Vitamin C 500mg, Vitamin B Kompleks",Menjaga daya tahan tubuh; imun; vitamin c; capek; Gunakan sesuai petunjuk pada kemasan.,Urin berwarna kuning cerah,2028-03-15,Produk,https://placehold.co/400x300/f8fafc/eab308?text=Enervon+C+Tube+50g,True,"[""otc"",""indonesia"",""chatbot-ready""]"
2726,Lansoprazole Strip 10s,Lambung & Maag,25000.0,175,Lansoprazole 30mg,"GERD, tukak lambung; Gejala terkait: gerd; maag berat",Sesuai aturan pakai pada kemasan. Gunakan sesuai petunjuk pada kemasan.,Lansoprazole 30mg,"GERD, tukak lambung; gerd; maag berat; Gunakan sesuai petunjuk pada kemasan.",Diare,2027-06-30,Produk,https://placehold.co/400x300/f8fafc/10b981?text=Lansoprazole+Strip+10s,True,"[""otc"",""indonesia"",""chatbot-ready""]"
2727,Laserin Botol 30ml,Obat Batuk,9500.0,388,"Jahe merah, Cengkeh, Daun Sirih","Batuk, masuk angin; Gejala terkait: batuk herbal; tenggorokan hangat",Sesuai aturan pakai pada kemasan. Gunakan sesuai petunjuk pada kemasan.,"Jahe merah, Cengkeh, Daun Sirih","Batuk, masuk angin; batuk herbal; tenggorokan hangat; Gunakan sesuai petunjuk pada kemasan.",Jarang,2026-12-31,Produk,https://placehold.co/400x300/f8fafc/3b82f6?text=Laserin+Botol+30ml,True,"[""otc"",""indonesia"",""chatbot-ready""]"
2728,Vicee Tube 30g,Vitamin & Suplemen,3000.0,121,Vitamin C 500mg,Suplemen Vitamin C hisap; Gejala terkait: vitamin hisap; imun,Sesuai aturan pakai pada kemasan. Gunakan sesuai petunjuk pada kemasan.,Vitamin C 500mg,Suplemen Vitamin C hisap; vitamin hisap; imun; Gunakan sesuai petunjuk pada kemasan.,Nyeri lambung,2028-12-31,Produk,https://placehold.co/400x300/f8fafc/eab308?text=Vicee+Tube+30g,False,"[""otc"",""indonesia"",""chatbot-ready""]"
2729,Mixagrip Pegel Linu,Flu & Pilek,6000.0,230,"Paracetamol, Phenylephrine, CTM",Meredakan gejala flu dan pilek; Gejala terkait: flu; pilek; meriang,Sesuai aturan pakai pada kemasan. Gunakan sesuai petunjuk pada kemasan. Jika sakit berlanjut hubungi dokter.,"Paracetamol, Phenylephrine, CTM",Meredakan gejala flu dan pilek; flu; pilek; meriang; Gunakan sesuai petunjuk pada kemasan. Jika sakit berlanjut hubungi dokter.,Mengantuk,2028-12-31,Topikal,https://placehold.co/400x300/f8fafc/06b6d4?text=Mixagrip+Pegel+Linu,True,"[""otc"",""indonesia"",""chatbot-ready""]"
2730,Cooling 5 Spray Mint 15ml,Mulut & Tenggorokan,38000.0,448,Phenol Crystal,"Sakit tenggorokan ringan, pembunuh kuman mulut; Gejala terkait: semprot tenggorokan; gatal tenggorokan",Sesuai aturan pakai pada kemasan. Gunakan sesuai petunjuk pada kemasan. Jika sakit berlanjut hubungi dokter.,Phenol Crystal,"Sakit tenggorokan ringan, pembunuh kuman mulut; semprot tenggorokan; gatal tenggorokan; Gunakan sesuai petunjuk pada kemasan. Jika sakit berlanjut hubungi dokter.",Rasa kebas,2028-03-15,Spray,https://placehold.co/400x300/f8fafc/d946ef?text=Cooling+5+Spray+Mint+15ml,True,"[""otc"",""indonesia"",""chatbot-ready""]"
2731,Geliga Krim 30g,Obat Oles Nyeri,18000.0,398,"Methyl Salicylate, Peppermint Oil","Nyeri punggung, pegal; Gejala terkait: balsem panas; sakit pinggang",Sesuai aturan pakai pada kemasan. Gunakan sesuai petunjuk pada kemasan. Jika sakit berlanjut hubungi dokter.,"Methyl Salicylate, Peppermint Oil","Nyeri punggung, pegal; balsem panas; sakit pinggang; Gunakan sesuai petunjuk pada kemasan. Jika sakit berlanjut hubungi dokter.",Panas lokal,2026-12-31,Topikal,https://placehold.co/400x300/f8fafc/f97316?text=Geliga+Krim+30g,True,"[""otc"",""indonesia"",""chatbot-ready""]"
2732,Laserin Sirup 110ml,Obat Batuk,35000.0,176,"Jahe merah, Cengkeh, Daun Sirih","Batuk, masuk angin; Gejala terkait: batuk herbal; tenggorokan hangat",Sesuai aturan pakai pada kemasan. Gunakan sesuai petunjuk pada kemasan. Jika sakit berlanjut hubungi dokter.,"Jahe merah, Cengkeh, Daun Sirih","Batuk, masuk angin; batuk herbal; tenggorokan hangat; Gunakan sesuai petunjuk pada kemasan. Jika sakit berlanjut hubungi dokter.",Jarang,2028-12-31,Sirup,https://placehold.co/400x300/f8fafc/3b82f6?text=Laserin+Sirup+110ml,True,"[""otc"",""indonesia"",""chatbot-ready""]"
2733,Laserin Sirup 60ml,Obat Batuk,20000.0,367,"Jahe merah, Cengkeh, Daun Sirih","Batuk, masuk angin; Gejala terkait: batuk herbal; tenggorokan hangat",Sesuai aturan pakai pada kemasan. Gunakan sesuai petunjuk pada kemasan. Jika sakit berlanjut hubungi dokter.,"Jahe merah, Cengkeh, Daun Sirih","Batuk, masuk angin; batuk herbal; tenggorokan hangat; Gunakan sesuai petunjuk pada kemasan. Jika sakit berlanjut hubungi dokter.",Jarang,2026-12-31,Sirup,https://placehold.co/400x300/f8fafc/3b82f6?text=Laserin+Sirup+60ml,False,"[""otc"",""indonesia"",""chatbot-ready""]"
2734,Betadine Mouthwash and Gargle 100ml,Mulut & Tenggorokan,25000.0,199,Povidone Iodine 1%,"Sakit tenggorokan, bau mulut, gusi bengkak; Gejala terkait: kumur sakit tenggorokan; gusi bengkak",Sesuai aturan pakai pada kemasan. Gunakan sesuai petunjuk pada kemasan. Jika sakit berlanjut hubungi dokter.,Povidone Iodine 1%,"Sakit tenggorokan, bau mulut, gusi bengkak; kumur sakit tenggorokan; gusi bengkak; Gunakan sesuai petunjuk pada kemasan. Jika sakit berlanjut hubungi dokter.",Ubah warna gigi (jarang),2027-06-30,Cairan,https://placehold.co/400x300/f8fafc/d946ef?text=Betadine+Gargle+100ml,True,"[""otc"",""indonesia"",""chatbot-ready""]"
2735,Visine Tube 15g,Mata & Telinga,18000.0,289,Tetrahydrozoline HCl,Mata merah; Gejala terkait: mata iritasi asap,Sesuai aturan pakai pada kemasan. Gunakan sesuai petunjuk pada kemasan.,Tetrahydrozoline HCl,Mata merah; mata iritasi asap; Gunakan sesuai petunjuk pada kemasan.,Mata kering bila dipakai lama,2028-12-31,Produk,https://placehold.co/400x300/f8fafc/0ea5e9?text=Visine+Tube+15g,False,"[""otc"",""indonesia"",""chatbot-ready""]"
2736,Salonpas Koyo Merah Hot 10s,Obat Oles Nyeri,11000.0,486,"Methyl Salicylate, Menthol",Koyo pereda nyeri otot; Gejala terkait: koyo tempel; salah bantal,Sesuai aturan pakai pada kemasan. Gunakan sesuai petunjuk pada kemasan. Jika sakit berlanjut hubungi dokter.,"Methyl Salicylate, Menthol",Koyo pereda nyeri otot; koyo tempel; salah bantal; Gunakan sesuai petunjuk pada kemasan. Jika sakit berlanjut hubungi dokter.,Kemerahan bentuk koyo,2026-12-31,Produk,https://placehold.co/400x300/f8fafc/f97316?text=Salonpas+Koyo+Merah+Hot+10s,True,"[""otc"",""indonesia"",""chatbot-ready""]"
2737,Tempra Sirup,Nyeri & Demam,42000.0,493,Paracetamol,Demam anak; Gejala terkait: demam bayi; panas anak,Sesuai aturan pakai pada kemasan. Gunakan sesuai petunjuk pada kemasan. Jika sakit berlanjut hubungi dokter.,Paracetamol,Demam anak; demam bayi; panas anak; Gunakan sesuai petunjuk pada kemasan. Jika sakit berlanjut hubungi dokter.,Jarang,2026-12-31,Sirup,https://placehold.co/400x300/f8fafc/ef4444?text=Tempra+Sirup,True,"[""otc"",""indonesia"",""chatbot-ready""]"
2738,Salonpas Sachet 5ml,Obat Oles Nyeri,2000.0,459,"Methyl Salicylate, Menthol",Koyo pereda nyeri otot; Gejala terkait: koyo tempel; salah bantal,Sesuai aturan pakai pada kemasan. Gunakan sesuai petunjuk pada kemasan.,"Methyl Salicylate, Menthol",Koyo pereda nyeri otot; koyo tempel; salah bantal; Gunakan sesuai petunjuk pada kemasan.,Kemerahan bentuk koyo,2028-03-15,Sachet,https://placehold.co/400x300/f8fafc/f97316?text=Salonpas+Sachet+5ml,False,"[""otc"",""indonesia"",""chatbot-ready""]"
2739,Diatabs Tube 30g,Pencernaan & Diare,11000.0,129,Attapulgite 600mg,Menyerap racun bakteri penyebab diare; Gejala terkait: diare keracunan; mencret air,Sesuai aturan pakai pada kemasan. Gunakan sesuai petunjuk pada kemasan.,Attapulgite 600mg,Menyerap racun bakteri penyebab diare; diare keracunan; mencret air; Gunakan sesuai petunjuk pada kemasan.,Sembelit,2028-12-31,Tablet,https://placehold.co/400x300/f8fafc/f59e0b?text=Diatabs+Tube+30g,False,"[""otc"",""indonesia"",""chatbot-ready""]"
2740,Entrostop Anak Sirup,Pencernaan & Diare,18000.0,453,"Attapulgite, Pectin",Diare non-spesifik; Gejala terkait: diare; mencret,Sesuai aturan pakai pada kemasan. Gunakan sesuai petunjuk pada kemasan. Jika sakit berlanjut hubungi dokter.,"Attapulgite, Pectin",Diare non-spesifik; diare; mencret; Gunakan sesuai petunjuk pada kemasan. Jika sakit berlanjut hubungi dokter.,"Sembelit, mual",2027-06-30,Sirup,https://placehold.co/400x300/f8fafc/f59e0b?text=Entrostop+Anak+Sirup,True,"[""otc"",""indonesia"",""chatbot-ready""]"
2741,Contrexyn Tablet Anak,Nyeri & Demam,6000.0,392,Aspirin,Demam anak; Gejala terkait: demam anak,Sesuai aturan pakai pada kemasan. Gunakan sesuai petunjuk pada kemasan. Jika sakit berlanjut hubungi dokter.,Aspirin,Demam anak; demam anak; Gunakan sesuai petunjuk pada kemasan. Jika sakit berlanjut hubungi dokter.,Iritasi lambung,2028-03-15,Tablet,https://placehold.co/400x300/f8fafc/ef4444?text=Contrexyn+Tablet+Anak,True,"[""otc"",""indonesia"",""chatbot-ready""]"
2742,Entrostop Tablet,Pencernaan & Diare,9000.0,157,"Attapulgite, Pectin",Diare non-spesifik; Gejala terkait: diare; mencret,Sesuai aturan pakai pada kemasan. Gunakan sesuai petunjuk pada kemasan. Jika sakit berlanjut hubungi dokter.,"Attapulgite, Pectin",Diare non-spesifik; diare; mencret; Gunakan sesuai petunjuk pada kemasan. Jika sakit berlanjut hubungi dokter.,"Sembelit, mual",2026-12-31,Tablet,https://placehold.co/400x300/f8fafc/f59e0b?text=Entrostop+Tablet,True,"[""otc"",""indonesia"",""chatbot-ready""]"
2743,Redoxon Zinc 10s,Vitamin & Suplemen,45000.0,316,"Vitamin C 1000mg, Zinc, Vitamin D",Daya tahan tubuh ekstra; Gejala terkait: vitamin c tinggi; cegah flu,Sesuai aturan pakai pada kemasan. Gunakan sesuai petunjuk pada kemasan. Jika sakit berlanjut hubungi dokter.,"Vitamin C 1000mg, Zinc, Vitamin D",Daya tahan tubuh ekstra; vitamin c tinggi; cegah flu; Gunakan sesuai petunjuk pada kemasan. Jika sakit berlanjut hubungi dokter.,Nyeri lambung,2028-12-31,Produk,https://placehold.co/400x300/f8fafc/eab308?text=Redoxon+Zinc+10s,True,"[""otc"",""indonesia"",""chatbot-ready""]"
2744,Inzana Box 30s,Nyeri & Demam,14000.0,487,Aspirin 80mg,Demam pada anak; Gejala terkait: demam anak,Sesuai aturan pakai pada kemasan. Gunakan sesuai petunjuk pada kemasan.,Aspirin 80mg,Demam pada anak; demam anak; Gunakan sesuai petunjuk pada kemasan.,Iritasi lambung,2028-12-31,Produk,https://placehold.co/400x300/f8fafc/ef4444?text=Inzana+Box+30s,True,"[""otc"",""indonesia"",""chatbot-ready""]"
2745,Contrexyn Strip 4s,Nyeri & Demam,3000.0,384,Aspirin,Demam anak; Gejala terkait: demam anak,Sesuai aturan pakai pada kemasan. Gunakan sesuai petunjuk pada kemasan.,Aspirin,Demam anak; demam anak; Gunakan sesuai petunjuk pada kemasan.,Iritasi lambung,2027-06-30,Produk,https://placehold.co/400x300/f8fafc/ef4444?text=Contrexyn+Strip+4s,True,"[""otc"",""indonesia"",""chatbot-ready""]"
2746,Sanmol Drops,Nyeri & Demam,35000.0,384,Paracetamol 500mg,Meredakan demam dan nyeri ringan; Gejala terkait: demam; panas; nyeri,Sesuai aturan pakai pada kemasan. Gunakan sesuai petunjuk pada kemasan. Jika sakit berlanjut hubungi dokter.,Paracetamol 500mg,Meredakan demam dan nyeri ringan; demam; panas; nyeri; Gunakan sesuai petunjuk pada kemasan. Jika sakit berlanjut hubungi dokter.,Jarang: ruam kulit,2026-12-31,Produk,https://placehold.co/400x300/f8fafc/ef4444?text=Sanmol+Drops,True,"[""otc"",""indonesia"",""chatbot-ready""]"
2747,Salonpas Liniment Cair 50ml,Obat Oles Nyeri,25000.0,423,"Methyl Salicylate, Menthol",Koyo pereda nyeri otot; Gejala terkait: koyo tempel; salah bantal,Sesuai aturan pakai pada kemasan. Gunakan sesuai petunjuk pada kemasan. Jika sakit berlanjut hubungi dokter.,"Methyl Salicylate, Menthol",Koyo pereda nyeri otot; koyo tempel; salah bantal; Gunakan sesuai petunjuk pada kemasan. Jika sakit berlanjut hubungi dokter.,Kemerahan bentuk koyo,2027-06-30,Produk,https://placehold.co/400x300/f8fafc/f97316?text=Salonpas+Liniment+Cair+50ml,True,"[""otc"",""indonesia"",""chatbot-ready""]"
2748,Sangobion Sirup,Vitamin & Suplemen,35000.0,210,"Ferrous Gluconate (Zat Besi), Vitamin",Anemia kurang zat besi; Gejala terkait: kurang darah; pusing anemia; pucat,Sesuai aturan pakai pada kemasan. Gunakan sesuai petunjuk pada kemasan. Jika sakit berlanjut hubungi dokter.,"Ferrous Gluconate (Zat Besi), Vitamin",Anemia kurang zat besi; kurang darah; pusing anemia; pucat; Gunakan sesuai petunjuk pada kemasan. Jika sakit berlanjut hubungi dokter.,"Feses hitam, sembelit",2026-12-31,Sirup,https://placehold.co/400x300/f8fafc/eab308?text=Sangobion+Sirup,True,"[""otc"",""indonesia"",""chatbot-ready""]"
2749,Diapet Kapsul Strip 10s,Herbal & Tradisional,8000.0,246,"Daun Jambu Biji, Kunyit","Mampetkan diare, mencret; Gejala terkait: mencret herbal; diare jamu",Sesuai aturan pakai pada kemasan. Gunakan sesuai petunjuk pada kemasan. Jika sakit berlanjut hubungi dokter.,"Daun Jambu Biji, Kunyit","Mampetkan diare, mencret; mencret herbal; diare jamu; Gunakan sesuai petunjuk pada kemasan. Jika sakit berlanjut hubungi dokter.",Jarang,2028-12-31,Produk,https://placehold.co/400x300/f8fafc/84cc16?text=Diapet+Kapsul+Strip+10s,True,"[""otc"",""indonesia"",""chatbot-ready""]"
2750,Panadol Regular,Nyeri & Demam,12000.0,100,Paracetamol 500mg,Meredakan demam dan nyeri ringan; Gejala terkait: demam; sakit kepala; nyeri,Sesuai aturan pakai pada kemasan. Gunakan sesuai petunjuk pada kemasan. Jika sakit berlanjut hubungi dokter.,Paracetamol 500mg,Meredakan demam dan nyeri ringan; demam; sakit kepala; nyeri; Gunakan sesuai petunjuk pada kemasan. Jika sakit berlanjut hubungi dokter.,Jarang: ruam kulit,2026-12-31,Produk,https://placehold.co/400x300/f8fafc/ef4444?text=Panadol+Regular,False,"[""otc"",""indonesia"",""chatbot-ready""]"
2751,Erlamycetin Tetes Telinga 10ml,Mata & Telinga,22000.0,474,Chloramphenicol 1%,Infeksi bakteri mata / telinga; Gejala terkait: belekan kuning; bintitan murah; telinga gatal infeksi,Sesuai aturan pakai pada kemasan. Gunakan sesuai petunjuk pada kemasan. Jika sakit berlanjut hubungi dokter.,Chloramphenicol 1%,Infeksi bakteri mata / telinga; belekan kuning; bintitan murah; telinga gatal infeksi; Gunakan sesuai petunjuk pada kemasan. Jika sakit berlanjut hubungi dokter.,Iritasi lokal,2027-06-30,Produk,https://placehold.co/400x300/f8fafc/0ea5e9?text=Erlamycetin+Tetes+Telinga+10ml,True,"[""otc"",""indonesia"",""chatbot-ready""]"
2752,Tantum Verde Oral Rinse 60ml,Mulut & Tenggorokan,30000.0,172,Benzydamine HCl,"Radang tenggorokan, sariawan (efek bius lokal); Gejala terkait: sariawan parah; sakit nelan",Sesuai aturan pakai pada kemasan. Gunakan sesuai petunjuk pada kemasan. Jika sakit berlanjut hubungi dokter.,Benzydamine HCl,"Radang tenggorokan, sariawan (efek bius lokal); sariawan parah; sakit nelan; Gunakan sesuai petunjuk pada kemasan. Jika sakit berlanjut hubungi dokter.",Mulut kebas,2028-12-31,Produk,https://placehold.co/400x300/f8fafc/d946ef?text=Tantum+Verde+Oral+Rinse+60ml,True,"[""otc"",""indonesia"",""chatbot-ready""]"
2753,Mixagrip Flu,Flu & Pilek,5000.0,301,"Paracetamol, Phenylephrine, CTM",Meredakan gejala flu dan pilek; Gejala terkait: flu; pilek; meriang,Sesuai aturan pakai pada kemasan. Gunakan sesuai petunjuk pada kemasan. Jika sakit berlanjut hubungi dokter.,"Paracetamol, Phenylephrine, CTM",Meredakan gejala flu dan pilek; flu; pilek; meriang; Gunakan sesuai petunjuk pada kemasan. Jika sakit berlanjut hubungi dokter.,Mengantuk,2027-06-30,Produk,https://placehold.co/400x300/f8fafc/06b6d4?text=Mixagrip+Flu,True,"[""otc"",""indonesia"",""chatbot-ready""]"
2754,Ryvel Tablet,Alergi & Gatal,40000.0,151,Cetirizine HCl,"Alergi, urtikaria (biduran); Gejala terkait: biduran anak; alergi kulit",Sesuai aturan pakai pada kemasan. Gunakan sesuai petunjuk pada kemasan. Jika sakit berlanjut hubungi dokter.,Cetirizine HCl,"Alergi, urtikaria (biduran); biduran anak; alergi kulit; Gunakan sesuai petunjuk pada kemasan. Jika sakit berlanjut hubungi dokter.",Mengantuk,2028-03-15,Tablet,https://placehold.co/400x300/f8fafc/8b5cf6?text=Ryvel+Tablet,True,"[""otc"",""indonesia"",""chatbot-ready""]"
2755,Nebacetin Botol 30ml,Obat Kulit & Luka,28000.0,436,"Neomycin Sulfate, Bacitracin","Infeksi bakteri pada kulit, luka bernanah; Gejala terkait: luka bernanah; koreng; bubuk luka",Sesuai aturan pakai pada kemasan. Gunakan sesuai petunjuk pada kemasan.,"Neomycin Sulfate, Bacitracin","Infeksi bakteri pada kulit, luka bernanah; luka bernanah; koreng; bubuk luka; Gunakan sesuai petunjuk pada kemasan.",Alergi lokal,2026-12-31,Produk,https://placehold.co/400x300/f8fafc/ec4899?text=Nebacetin+Botol+30ml,False,"[""otc"",""indonesia"",""chatbot-ready""]"
2756,Decolgen Box 50s,Flu & Pilek,20000.0,335,"Paracetamol, Phenylpropanolamine, CTM","Gejala flu, hidung tersumbat; Gejala terkait: pilek; hidung tersumbat",Sesuai aturan pakai pada kemasan. Gunakan sesuai petunjuk pada kemasan.,"Paracetamol, Phenylpropanolamine, CTM","Gejala flu, hidung tersumbat; pilek; hidung tersumbat; Gunakan sesuai petunjuk pada kemasan.","Mengantuk, berdebar",2028-03-15,Produk,https://placehold.co/400x300/f8fafc/06b6d4?text=Decolgen+Box+50s,False,"[""otc"",""indonesia"",""chatbot-ready""]"
2757,Burnazin Box 30s,Obat Kulit & Luka,238000.0,97,Silver Sulfadiazine,Luka bakar derajat dua; Gejala terkait: luka bakar parah; salep perak,Sesuai aturan pakai pada kemasan. Gunakan sesuai petunjuk pada kemasan.,Silver Sulfadiazine,Luka bakar derajat dua; luka bakar parah; salep perak; Gunakan sesuai petunjuk pada kemasan.,Iritasi kulit sementara,2027-06-30,Produk,https://placehold.co/400x300/f8fafc/ec4899?text=Burnazin+Box+30s,False,"[""otc"",""indonesia"",""chatbot-ready""]"
2758,Procold Box 50s,Flu & Pilek,27000.0,389,"Paracetamol, Pseudoephedrine","Flu, demam, sakit kepala; Gejala terkait: flu meriang; pusing flu",Sesuai aturan pakai pada kemasan. Gunakan sesuai petunjuk pada kemasan.,"Paracetamol, Pseudoephedrine","Flu, demam, sakit kepala; flu meriang; pusing flu; Gunakan sesuai petunjuk pada kemasan.",Berdebar,2028-12-31,Produk,https://placehold.co/400x300/f8fafc/06b6d4?text=Procold+Box+50s,False,"[""otc"",""indonesia"",""chatbot-ready""]"
2759,Stimuno Sirup Anggur,Vitamin & Suplemen,32000.0,276,Ekstrak Phyllanthus niruri,Fitofarmaka daya tahan tubuh; Gejala terkait: imunomodulator; gampang sakit,Sesuai aturan pakai pada kemasan. Gunakan sesuai petunjuk pada kemasan. Jika sakit berlanjut hubungi dokter.,Ekstrak Phyllanthus niruri,Fitofarmaka daya tahan tubuh; imunomodulator; gampang sakit; Gunakan sesuai petunjuk pada kemasan. Jika sakit berlanjut hubungi dokter.,Jarang,2027-06-30,Sirup,https://placehold.co/400x300/f8fafc/eab308?text=Stimuno+Sirup+Anggur,True,"[""otc"",""indonesia"",""chatbot-ready""]"
2760,Siladex Antitussive 60ml,Obat Batuk,22000.0,197,"Bromhexine, Guaifenesin / Dextromethorphan",Batuk berdahak / batuk kering (Bebas Gula); Gejala terkait: batuk berdahak; batuk bebas gula,Sesuai aturan pakai pada kemasan. Gunakan sesuai petunjuk pada kemasan. Jika sakit berlanjut hubungi dokter.,"Bromhexine, Guaifenesin / Dextromethorphan",Batuk berdahak / batuk kering (Bebas Gula); batuk berdahak; batuk bebas gula; Gunakan sesuai petunjuk pada kemasan. Jika sakit berlanjut hubungi dokter.,Mual,2028-03-15,Produk,https://placehold.co/400x300/f8fafc/3b82f6?text=Siladex+Antitussive+60ml,True,"[""otc"",""indonesia"",""chatbot-ready""]"
2761,Rohto Cool 7ml,Mata & Telinga,18000.0,479,"Naphazoline HCl, Menthol",Mata merah dengan sensasi dingin; Gejala terkait: tetes mata dingin; mata merah ngantuk,Sesuai aturan pakai pada kemasan. Gunakan sesuai petunjuk pada kemasan. Jika sakit berlanjut hubungi dokter.,"Naphazoline HCl, Menthol",Mata merah dengan sensasi dingin; tetes mata dingin; mata merah ngantuk; Gunakan sesuai petunjuk pada kemasan. Jika sakit berlanjut hubungi dokter.,Mata terasa sangat dingin/pedas,2027-06-30,Produk,https://placehold.co/400x300/f8fafc/0ea5e9?text=Rohto+Cool+7ml,True,"[""otc"",""indonesia"",""chatbot-ready""]"
2762,Sanaflu Tablet,Flu & Pilek,4500.0,390,"Paracetamol, Phenylephrine, CTM",Flu dan sakit kepala; Gejala terkait: flu sakit kepala,Sesuai aturan pakai pada kemasan. Gunakan sesuai petunjuk pada kemasan. Jika sakit berlanjut hubungi dokter.,"Paracetamol, Phenylephrine, CTM",Flu dan sakit kepala; flu sakit kepala; Gunakan sesuai petunjuk pada kemasan. Jika sakit berlanjut hubungi dokter.,Mengantuk,2026-12-31,Tablet,https://placehold.co/400x300/f8fafc/06b6d4?text=Sanaflu+Tablet,True,"[""otc"",""indonesia"",""chatbot-ready""]"
2763,Insto Regular 7.5ml,Mata & Telinga,16000.0,189,Tetrahydrozoline HCl (Regular) / HPMC (Dry Eyes),Mata merah iritasi / Mata kering; Gejala terkait: mata merah debu; mata perih kelilipan; obat tetes mata,Sesuai aturan pakai pada kemasan. Gunakan sesuai petunjuk pada kemasan. Jika sakit berlanjut hubungi dokter.,Tetrahydrozoline HCl (Regular) / HPMC (Dry Eyes),Mata merah iritasi / Mata kering; mata merah debu; mata perih kelilipan; obat tetes mata; Gunakan sesuai petunjuk pada kemasan. Jika sakit berlanjut hubungi dokter.,Perih di awal tetes,2027-06-30,Produk,https://placehold.co/400x300/f8fafc/0ea5e9?text=Insto+Regular+7.5ml,True,"[""otc"",""indonesia"",""chatbot-ready""]"
2764,Lansoprazole Botol 120ml,Lambung & Maag,45000.0,500,Lansoprazole 30mg,"GERD, tukak lambung; Gejala terkait: gerd; maag berat",Sesuai aturan pakai pada kemasan. Gunakan sesuai petunjuk pada kemasan.,Lansoprazole 30mg,"GERD, tukak lambung; gerd; maag berat; Gunakan sesuai petunjuk pada kemasan.",Diare,2028-12-31,Produk,https://placehold.co/400x300/f8fafc/10b981?text=Lansoprazole+Botol+120ml,False,"[""otc"",""indonesia"",""chatbot-ready""]"
2765,Panadol Biru,Nyeri & Demam,12000.0,401,Paracetamol 500mg,Meredakan demam dan nyeri ringan; Gejala terkait: demam; sakit kepala; nyeri,Sesuai aturan pakai pada kemasan. Gunakan sesuai petunjuk pada kemasan. Jika sakit berlanjut hubungi dokter.,Paracetamol 500mg,Meredakan demam dan nyeri ringan; demam; sakit kepala; nyeri; Gunakan sesuai petunjuk pada kemasan. Jika sakit berlanjut hubungi dokter.,Jarang: ruam kulit,2028-12-31,Produk,https://placehold.co/400x300/f8fafc/ef4444?text=Panadol+Biru,True,"[""otc"",""indonesia"",""chatbot-ready""]"
2766,Woods Botol 200ml,Obat Batuk,78500.0,73,"Bromhexine, Guaifenesin / Dextromethorphan",Batuk berdahak / batuk kering; Gejala terkait: batuk gatal; dahak kental; batuk kering,Sesuai aturan pakai pada kemasan. Gunakan sesuai petunjuk pada kemasan.,"Bromhexine, Guaifenesin / Dextromethorphan",Batuk berdahak / batuk kering; batuk gatal; dahak kental; batuk kering; Gunakan sesuai petunjuk pada kemasan.,Mual ringan,2028-03-15,Produk,https://placehold.co/400x300/f8fafc/3b82f6?text=Woods+Botol+200ml,False,"[""otc"",""indonesia"",""chatbot-ready""]"
2767,Mucos Sirup,Obat Batuk,28000.0,413,Ambroxol HCl,Batuk berdahak tebal; Gejala terkait: dahak pekat; bronkitis ringan,Sesuai aturan pakai pada kemasan. Gunakan sesuai petunjuk pada kemasan. Jika sakit berlanjut hubungi dokter.,Ambroxol HCl,Batuk berdahak tebal; dahak pekat; bronkitis ringan; Gunakan sesuai petunjuk pada kemasan. Jika sakit berlanjut hubungi dokter.,Mual ringan,2026-12-31,Sirup,https://placehold.co/400x300/f8fafc/3b82f6?text=Mucos+Sirup,False,"[""otc"",""indonesia"",""chatbot-ready""]"
2768,Fungiderm Cream 15g,Antijamur & Kulit,35000.0,369,Clotrimazole 1%,Infeksi jamur; Gejala terkait: jamur selangkangan; panu,Sesuai aturan pakai pada kemasan. Gunakan sesuai petunjuk pada kemasan. Jika sakit berlanjut hubungi dokter.,Clotrimazole 1%,Infeksi jamur; jamur selangkangan; panu; Gunakan sesuai petunjuk pada kemasan. Jika sakit berlanjut hubungi dokter.,Iritasi,2028-03-15,Topikal,https://placehold.co/400x300/f8fafc/14b8a6?text=Fungiderm+Cream+15g,True,"[""otc"",""indonesia"",""chatbot-ready""]"
2769,Iliadin Box 30s,Perawatan Hidung & Pernapasan,182000.0,78,Oxymetazoline HCl,Hidung tersumbat berat (Dekongestan); Gejala terkait: hidung buntu parah; semprot hidung mampet,Sesuai aturan pakai pada kemasan. Gunakan sesuai petunjuk pada kemasan.,Oxymetazoline HCl,Hidung tersumbat berat (Dekongestan); hidung buntu parah; semprot hidung mampet; Gunakan sesuai petunjuk pada kemasan.,Rebound congestion jika > 3 hari,2028-12-31,Produk,https://placehold.co/400x300/f8fafc/06b6d4?text=Iliadin+Box+30s,False,"[""otc"",""indonesia"",""chatbot-ready""]"
2770,Liprolac Botol 30ml,Pencernaan & Diare,7000.0,205,Probiotik multi-strain,Kesehatan pencernaan bayi dan anak; Gejala terkait: pencernaan bayi; probiotik,Sesuai aturan pakai pada kemasan. Gunakan sesuai petunjuk pada kemasan.,Probiotik multi-strain,Kesehatan pencernaan bayi dan anak; pencernaan bayi; probiotik; Gunakan sesuai petunjuk pada kemasan.,Jarang,2028-03-15,Produk,https://placehold.co/400x300/f8fafc/f59e0b?text=Liprolac+Botol+30ml,True,"[""otc"",""indonesia"",""chatbot-ready""]"
2771,Oskadon Botol 200ml,Nyeri & Demam,19500.0,190,"Paracetamol 500mg, Caffeine 35mg","Sakit kepala, pusing; Gejala terkait: sakit kepala; pegal",Sesuai aturan pakai pada kemasan. Gunakan sesuai petunjuk pada kemasan.,"Paracetamol 500mg, Caffeine 35mg","Sakit kepala, pusing; sakit kepala; pegal; Gunakan sesuai petunjuk pada kemasan.","Sulit tidur, berdebar",2026-12-31,Produk,https://placehold.co/400x300/f8fafc/ef4444?text=Oskadon+Botol+200ml,False,"[""otc"",""indonesia"",""chatbot-ready""]"
2772,Paramex Box 30s,Nyeri & Demam,24000.0,226,"Paracetamol 250mg, Propyphenazone 150mg, Caffeine",Sakit kepala berat; Gejala terkait: sakit kepala berat; pusing,Sesuai aturan pakai pada kemasan. Gunakan sesuai petunjuk pada kemasan.,"Paracetamol 250mg, Propyphenazone 150mg, Caffeine",Sakit kepala berat; sakit kepala berat; pusing; Gunakan sesuai petunjuk pada kemasan.,Berdebar,2028-03-15,Produk,https://placehold.co/400x300/f8fafc/ef4444?text=Paramex+Box+30s,False,"[""otc"",""indonesia"",""chatbot-ready""]"
2773,Kalpanax Box 30s,Antijamur & Kulit,42000.0,167,Miconazole Nitrate (K Cream) / Salicylic Acid (Cair),"Panu, kurap, kutu air; Gejala terkait: panu; kurap; jamur kulit keras",Sesuai aturan pakai pada kemasan. Gunakan sesuai petunjuk pada kemasan.,Miconazole Nitrate (K Cream) / Salicylic Acid (Cair),"Panu, kurap, kutu air; panu; kurap; jamur kulit keras; Gunakan sesuai petunjuk pada kemasan.",Rasa terbakar (pada bentuk cair),2027-06-30,Produk,https://placehold.co/400x300/f8fafc/14b8a6?text=Kalpanax+Box+30s,False,"[""otc"",""indonesia"",""chatbot-ready""]"
2774,Antangin JRG Cair isi 12 Sachet,Herbal & Tradisional,144000.0,83,"Jahe, Royal Jelly, Ginseng","Masuk angin, greges; Gejala terkait: greges; meriang; masuk angin",Sesuai aturan pakai pada kemasan. Gunakan sesuai petunjuk pada kemasan.,"Jahe, Royal Jelly, Ginseng","Masuk angin, greges; greges; meriang; masuk angin; Gunakan sesuai petunjuk pada kemasan.",Tubuh terasa hangat berlebih,2027-06-30,Produk,https://placehold.co/400x300/f8fafc/84cc16?text=Antangin+Box+100s,False,"[""otc"",""indonesia"",""chatbot-ready""]"
2775,Komix Peppermint Sachet,Obat Batuk,1500.0,390,"Dextromethorphan, Guaifenesin",Batuk ringan; Gejala terkait: batuk ringan; batuk gatal,Sesuai aturan pakai pada kemasan. Gunakan sesuai petunjuk pada kemasan. Jika sakit berlanjut hubungi dokter.,"Dextromethorphan, Guaifenesin",Batuk ringan; batuk ringan; batuk gatal; Gunakan sesuai petunjuk pada kemasan. Jika sakit berlanjut hubungi dokter.,Mengantuk,2028-12-31,Sachet,https://placehold.co/400x300/f8fafc/3b82f6?text=Komix+Peppermint+Sachet,True,"[""otc"",""indonesia"",""chatbot-ready""]"
2776,Panadol Anak Drops,Nyeri & Demam,45000.0,443,Paracetamol 500mg,Meredakan demam dan nyeri ringan; Gejala terkait: demam; sakit kepala; nyeri,Sesuai aturan pakai pada kemasan. Gunakan sesuai petunjuk pada kemasan. Jika sakit berlanjut hubungi dokter.,Paracetamol 500mg,Meredakan demam dan nyeri ringan; demam; sakit kepala; nyeri; Gunakan sesuai petunjuk pada kemasan. Jika sakit berlanjut hubungi dokter.,Jarang: ruam kulit,2028-03-15,Produk,https://placehold.co/400x300/f8fafc/ef4444?text=Panadol+Anak+Drops,False,"[""otc"",""indonesia"",""chatbot-ready""]"
2777,Aloclair Gel 8ml,Mulut & Tenggorokan,95000.0,52,"Aloe Vera, Sodium Hyaluronate","Sariawan, luka kawat gigi (membentuk selaput pelindung); Gejala terkait: sariawan kawat gigi; sariawan perih banget",Sesuai aturan pakai pada kemasan. Gunakan sesuai petunjuk pada kemasan. Jika sakit berlanjut hubungi dokter.,"Aloe Vera, Sodium Hyaluronate","Sariawan, luka kawat gigi (membentuk selaput pelindung); sariawan kawat gigi; sariawan perih banget; Gunakan sesuai petunjuk pada kemasan. Jika sakit berlanjut hubungi dokter.",Jarang,2028-12-31,Topikal,https://placehold.co/400x300/f8fafc/d946ef?text=Aloclair+Gel+8ml,True,"[""otc"",""indonesia"",""chatbot-ready""]"
2778,Norit Tube (40 Tablet),Pencernaan & Diare,25000.0,349,Activated Charcoal,"Keracunan makanan, perut kembung; Gejala terkait: keracunan makanan; salah makan",Sesuai aturan pakai pada kemasan. Gunakan sesuai petunjuk pada kemasan. Jika sakit berlanjut hubungi dokter.,Activated Charcoal,"Keracunan makanan, perut kembung; keracunan makanan; salah makan; Gunakan sesuai petunjuk pada kemasan. Jika sakit berlanjut hubungi dokter.",Feses hitam,2028-12-31,Tablet,https://placehold.co/400x300/f8fafc/f59e0b?text=Norit+Tube+(40+Tablet),True,"[""otc"",""indonesia"",""chatbot-ready""]"
2779,Erlamycetin Salep Mata 5g,Mata & Telinga,18000.0,165,Chloramphenicol 1%,Infeksi bakteri mata / telinga; Gejala terkait: belekan kuning; bintitan murah; telinga gatal infeksi,Sesuai aturan pakai pada kemasan. Gunakan sesuai petunjuk pada kemasan. Jika sakit berlanjut hubungi dokter.,Chloramphenicol 1%,Infeksi bakteri mata / telinga; belekan kuning; bintitan murah; telinga gatal infeksi; Gunakan sesuai petunjuk pada kemasan. Jika sakit berlanjut hubungi dokter.,Iritasi lokal,2026-12-31,Produk,https://placehold.co/400x300/f8fafc/0ea5e9?text=Erlamycetin+Salep+Mata+5g,True,"[""otc"",""indonesia"",""chatbot-ready""]"
2780,Hot In Cream Aromatherapy 120ml,Obat Oles Nyeri,38000.0,392,"Menthol, Methyl Salicylate, Pine Oil","Pegal linu, masuk angin; Gejala terkait: pegal parah; capek badan; krim panas",Sesuai aturan pakai pada kemasan. Gunakan sesuai petunjuk pada kemasan. Jika sakit berlanjut hubungi dokter.,"Menthol, Methyl Salicylate, Pine Oil","Pegal linu, masuk angin; pegal parah; capek badan; krim panas; Gunakan sesuai petunjuk pada kemasan. Jika sakit berlanjut hubungi dokter.",Sangat panas pada kulit sensitif,2028-12-31,Topikal,https://placehold.co/400x300/f8fafc/f97316?text=Hot+In+Cream+Aromatherapy+120ml,True,"[""otc"",""indonesia"",""chatbot-ready""]"
2781,Mixagrip Tube 50g,Flu & Pilek,12500.0,352,"Paracetamol, Phenylephrine, CTM",Meredakan gejala flu dan pilek; Gejala terkait: flu; pilek; meriang,Sesuai aturan pakai pada kemasan. Gunakan sesuai petunjuk pada kemasan.,"Paracetamol, Phenylephrine, CTM",Meredakan gejala flu dan pilek; flu; pilek; meriang; Gunakan sesuai petunjuk pada kemasan.,Mengantuk,2026-12-31,Produk,https://placehold.co/400x300/f8fafc/06b6d4?text=Mixagrip+Tube+50g,False,"[""otc"",""indonesia"",""chatbot-ready""]"
2782,Betadine Solution 30ml,Obat Kulit & Luka,32000.0,465,Povidone Iodine 10%,Antiseptik untuk luka lecet/potong; Gejala terkait: obat merah; luka lecet; antiseptik,Sesuai aturan pakai pada kemasan. Gunakan sesuai petunjuk pada kemasan. Jika sakit berlanjut hubungi dokter.,Povidone Iodine 10%,Antiseptik untuk luka lecet/potong; obat merah; luka lecet; antiseptik; Gunakan sesuai petunjuk pada kemasan. Jika sakit berlanjut hubungi dokter.,Iritasi ringan,2027-06-30,Cairan,https://placehold.co/400x300/f8fafc/ec4899?text=Betadine+Solution+30ml,True,"[""otc"",""indonesia"",""chatbot-ready""]"
2783,Betadine Ointment 10g,Obat Kulit & Luka,25000.0,293,Povidone Iodine 10%,Antiseptik untuk luka lecet/potong; Gejala terkait: obat merah; luka lecet; antiseptik,Sesuai aturan pakai pada kemasan. Gunakan sesuai petunjuk pada kemasan. Jika sakit berlanjut hubungi dokter.,Povidone Iodine 10%,Antiseptik untuk luka lecet/potong; obat merah; luka lecet; antiseptik; Gunakan sesuai petunjuk pada kemasan. Jika sakit berlanjut hubungi dokter.,Iritasi ringan,2026-12-31,Produk,https://placehold.co/400x300/f8fafc/ec4899?text=Betadine+Ointment+10g,True,"[""otc"",""indonesia"",""chatbot-ready""]"
2784,Dumin Sirup,Nyeri & Demam,22000.0,405,Paracetamol,Demam tinggi; Gejala terkait: demam tinggi; panas anak,Sesuai aturan pakai pada kemasan. Gunakan sesuai petunjuk pada kemasan. Jika sakit berlanjut hubungi dokter.,Paracetamol,Demam tinggi; demam tinggi; panas anak; Gunakan sesuai petunjuk pada kemasan. Jika sakit berlanjut hubungi dokter.,Jarang,2027-06-30,Sirup,https://placehold.co/400x300/f8fafc/ef4444?text=Dumin+Sirup,False,"[""otc"",""indonesia"",""chatbot-ready""]"
2785,Diapet Kapsul Strip 4s,Herbal & Tradisional,3500.0,115,"Daun Jambu Biji, Kunyit","Mampetkan diare, mencret; Gejala terkait: mencret herbal; diare jamu",Sesuai aturan pakai pada kemasan. Gunakan sesuai petunjuk pada kemasan. Jika sakit berlanjut hubungi dokter.,"Daun Jambu Biji, Kunyit","Mampetkan diare, mencret; mencret herbal; diare jamu; Gunakan sesuai petunjuk pada kemasan. Jika sakit berlanjut hubungi dokter.",Jarang,2026-12-31,Produk,https://placehold.co/400x300/f8fafc/84cc16?text=Diapet+Kapsul+Strip+4s,True,"[""otc"",""indonesia"",""chatbot-ready""]"
2786,Paramex Tube 30g,Nyeri & Demam,13000.0,465,"Paracetamol 250mg, Propyphenazone 150mg, Caffeine",Sakit kepala berat; Gejala terkait: sakit kepala berat; pusing,Sesuai aturan pakai pada kemasan. Gunakan sesuai petunjuk pada kemasan.,"Paracetamol 250mg, Propyphenazone 150mg, Caffeine",Sakit kepala berat; sakit kepala berat; pusing; Gunakan sesuai petunjuk pada kemasan.,Berdebar,2028-03-15,Produk,https://placehold.co/400x300/f8fafc/ef4444?text=Paramex+Tube+30g,True,"[""otc"",""indonesia"",""chatbot-ready""]"
2787,Contrexyn Box isi 100 tablet,Nyeri & Demam,48000.0,154,Aspirin,Demam anak; Gejala terkait: demam anak,Sesuai aturan pakai pada kemasan. Gunakan sesuai petunjuk pada kemasan.,Aspirin,Demam anak; demam anak; Gunakan sesuai petunjuk pada kemasan.,Iritasi lambung,2028-12-31,Produk,https://placehold.co/400x300/f8fafc/ef4444?text=Contrexyn+Box+100s,True,"[""otc"",""indonesia"",""chatbot-ready""]"
2788,SP Troches Botol 30ml,Mulut & Tenggorokan,12000.0,439,Dequalinium Chloride,Infeksi jamur/bakteri ringan di mulut; Gejala terkait: permen sariawan; permen sakit tenggorokan,Sesuai aturan pakai pada kemasan. Gunakan sesuai petunjuk pada kemasan.,Dequalinium Chloride,Infeksi jamur/bakteri ringan di mulut; permen sariawan; permen sakit tenggorokan; Gunakan sesuai petunjuk pada kemasan.,Lidah terasa kesat,2026-12-31,Produk,https://placehold.co/400x300/f8fafc/d946ef?text=SP+Troches+Botol+30ml,False,"[""otc"",""indonesia"",""chatbot-ready""]"
2789,Actifed Merah (Cough Suppressant),Obat Batuk,68000.0,43,"Triprolidine, Pseudoephedrine",Pilek alergi dan batuk; Gejala terkait: batuk pilek berat; alergi pernapasan,Sesuai aturan pakai pada kemasan. Gunakan sesuai petunjuk pada kemasan. Jika sakit berlanjut hubungi dokter.,"Triprolidine, Pseudoephedrine",Pilek alergi dan batuk; batuk pilek berat; alergi pernapasan; Gunakan sesuai petunjuk pada kemasan. Jika sakit berlanjut hubungi dokter.,"Mengantuk, jantung berdebar",2026-12-31,Produk,https://placehold.co/400x300/f8fafc/3b82f6?text=Actifed+Merah+(Cough+Suppressant),True,"[""otc"",""indonesia"",""chatbot-ready""]"
2790,Siladex Flu,Obat Batuk,23000.0,215,"Bromhexine, Guaifenesin / Dextromethorphan",Batuk berdahak / batuk kering (Bebas Gula); Gejala terkait: batuk berdahak; batuk bebas gula,Sesuai aturan pakai pada kemasan. Gunakan sesuai petunjuk pada kemasan. Jika sakit berlanjut hubungi dokter.,"Bromhexine, Guaifenesin / Dextromethorphan",Batuk berdahak / batuk kering (Bebas Gula); batuk berdahak; batuk bebas gula; Gunakan sesuai petunjuk pada kemasan. Jika sakit berlanjut hubungi dokter.,Mual,2027-06-30,Produk,https://placehold.co/400x300/f8fafc/3b82f6?text=Siladex+Flu,True,"[""otc"",""indonesia"",""chatbot-ready""]"
2791,Oskadon Tablet,Nyeri & Demam,7000.0,370,"Paracetamol 500mg, Caffeine 35mg","Sakit kepala, pusing; Gejala terkait: sakit kepala; pegal",Sesuai aturan pakai pada kemasan. Gunakan sesuai petunjuk pada kemasan. Jika sakit berlanjut hubungi dokter.,"Paracetamol 500mg, Caffeine 35mg","Sakit kepala, pusing; sakit kepala; pegal; Gunakan sesuai petunjuk pada kemasan. Jika sakit berlanjut hubungi dokter.","Sulit tidur, berdebar",2028-12-31,Tablet,https://placehold.co/400x300/f8fafc/ef4444?text=Oskadon+Tablet,True,"[""otc"",""indonesia"",""chatbot-ready""]"
2792,OBH Combi Batuk Berdahak Jahe,Obat Batuk,22000.0,370,"Succus liquiritiae, Paracetamol, Ephedrine",Batuk berdahak dan flu; Gejala terkait: batuk berdahak; flu batuk,Sesuai aturan pakai pada kemasan. Gunakan sesuai petunjuk pada kemasan. Jika sakit berlanjut hubungi dokter.,"Succus liquiritiae, Paracetamol, Ephedrine",Batuk berdahak dan flu; batuk berdahak; flu batuk; Gunakan sesuai petunjuk pada kemasan. Jika sakit berlanjut hubungi dokter.,Mengantuk,2028-12-31,Produk,https://placehold.co/400x300/f8fafc/3b82f6?text=OBH+Combi+Batuk+Berdahak+Jahe,True,"[""otc"",""indonesia"",""chatbot-ready""]"
2793,Freshcare Roll On Green Tea 10ml,Obat Oles Nyeri,15000.0,482,"Menthol, Camphor, Essential Oil","Pusing, perut kembung, mabuk perjalanan; Gejala terkait: mabuk darat; pusing kepala; roll on minyak angin",Sesuai aturan pakai pada kemasan. Gunakan sesuai petunjuk pada kemasan. Jika sakit berlanjut hubungi dokter.,"Menthol, Camphor, Essential Oil","Pusing, perut kembung, mabuk perjalanan; mabuk darat; pusing kepala; roll on minyak angin; Gunakan sesuai petunjuk pada kemasan. Jika sakit berlanjut hubungi dokter.",Iritasi mata jika terlalu dekat,2026-12-31,Produk,https://placehold.co/400x300/f8fafc/f97316?text=Freshcare+Roll+On+Green+Tea+10ml,True,"[""otc"",""indonesia"",""chatbot-ready""]"
2794,Rohto V-Extra 7ml,Mata & Telinga,25000.0,305,"Naphazoline HCl, Menthol",Mata merah dengan sensasi dingin; Gejala terkait: tetes mata dingin; mata merah ngantuk,Sesuai aturan pakai pada kemasan. Gunakan sesuai petunjuk pada kemasan. Jika sakit berlanjut hubungi dokter.,"Naphazoline HCl, Menthol",Mata merah dengan sensasi dingin; tetes mata dingin; mata merah ngantuk; Gunakan sesuai petunjuk pada kemasan. Jika sakit berlanjut hubungi dokter.,Mata terasa sangat dingin/pedas,2027-06-30,Produk,https://placehold.co/400x300/f8fafc/0ea5e9?text=Rohto+V-Extra+7ml,True,"[""otc"",""indonesia"",""chatbot-ready""]"
2795,Vicks Formula 44 Sirup 27ml,Obat Batuk,15000.0,474,"Dextromethorphan HBr, Doxylamine",Batuk kering & bersin; Gejala terkait: batuk kering malam hari; batuk gatal,Sesuai aturan pakai pada kemasan. Gunakan sesuai petunjuk pada kemasan. Jika sakit berlanjut hubungi dokter.,"Dextromethorphan HBr, Doxylamine",Batuk kering & bersin; batuk kering malam hari; batuk gatal; Gunakan sesuai petunjuk pada kemasan. Jika sakit berlanjut hubungi dokter.,Mengantuk,2026-12-31,Sirup,https://placehold.co/400x300/f8fafc/3b82f6?text=Vicks+Formula+44+Sirup+27ml,True,"[""otc"",""indonesia"",""chatbot-ready""]"
2796,Pamol Tube 15g,Nyeri & Demam,14000.0,247,Paracetamol,Demam dan nyeri; Gejala terkait: demam; nyeri,Sesuai aturan pakai pada kemasan. Gunakan sesuai petunjuk pada kemasan.,Paracetamol,Demam dan nyeri; demam; nyeri; Gunakan sesuai petunjuk pada kemasan.,Jarang,2028-12-31,Produk,https://placehold.co/400x300/f8fafc/ef4444?text=Pamol+Tube+15g,False,"[""otc"",""indonesia"",""chatbot-ready""]"
2797,Betadine Sachet 5ml,Mulut & Tenggorokan,5000.0,174,Povidone Iodine 1%,"Sakit tenggorokan, bau mulut, gusi bengkak; Gejala terkait: kumur sakit tenggorokan; gusi bengkak",Sesuai aturan pakai pada kemasan. Gunakan sesuai petunjuk pada kemasan.,Povidone Iodine 1%,"Sakit tenggorokan, bau mulut, gusi bengkak; kumur sakit tenggorokan; gusi bengkak; Gunakan sesuai petunjuk pada kemasan.",Ubah warna gigi (jarang),2028-12-31,Sachet,https://placehold.co/400x300/f8fafc/d946ef?text=Betadine+Sachet+5ml,False,"[""otc"",""indonesia"",""chatbot-ready""]"
2798,Bioplacenton Gel 15g,Obat Kulit & Luka,35000.0,237,"Placenta Extract, Neomycin Sulfate","Luka bakar, luka knalpot; Gejala terkait: luka bakar; luka knalpot; salep melepuh",Sesuai aturan pakai pada kemasan. Gunakan sesuai petunjuk pada kemasan. Jika sakit berlanjut hubungi dokter.,"Placenta Extract, Neomycin Sulfate","Luka bakar, luka knalpot; luka bakar; luka knalpot; salep melepuh; Gunakan sesuai petunjuk pada kemasan. Jika sakit berlanjut hubungi dokter.",Alergi antibiotik,2026-12-31,Topikal,https://placehold.co/400x300/f8fafc/ec4899?text=Bioplacenton+Gel+15g,True,"[""otc"",""indonesia"",""chatbot-ready""]"
2799,Kuldon Tablet Strip 4s,Herbal & Tradisional,3500.0,439,"Daun Saga, Bunga Krisan, Alang-alang","Panas dalam, sariawan, susah BAB; Gejala terkait: panas dalam; sariawan pil",Sesuai aturan pakai pada kemasan. Gunakan sesuai petunjuk pada kemasan. Jika sakit berlanjut hubungi dokter.,"Daun Saga, Bunga Krisan, Alang-alang","Panas dalam, sariawan, susah BAB; panas dalam; sariawan pil; Gunakan sesuai petunjuk pada kemasan. Jika sakit berlanjut hubungi dokter.",Jarang,2028-12-31,Tablet,https://placehold.co/400x300/f8fafc/84cc16?text=Kuldon+Tablet+Strip+4s,True,"[""otc"",""indonesia"",""chatbot-ready""]"
2800,Canesten Cream 5g,Antijamur & Kulit,28000.0,453,Clotrimazole 1%,"Panu, kadas, kurap; Gejala terkait: jamur kulit paten; kadas",Sesuai aturan pakai pada kemasan. Gunakan sesuai petunjuk pada kemasan. Jika sakit berlanjut hubungi dokter.,Clotrimazole 1%,"Panu, kadas, kurap; jamur kulit paten; kadas; Gunakan sesuai petunjuk pada kemasan. Jika sakit berlanjut hubungi dokter.",Kulit kemerahan,2027-06-30,Topikal,https://placehold.co/400x300/f8fafc/14b8a6?text=Canesten+Cream+5g,False,"[""otc"",""indonesia"",""chatbot-ready""]"
2801,Adem Sari Sachet 5s,Herbal & Tradisional,15000.0,408,"Ekstrak Citrus, Ekstrak Pulosari, Vitamin C","Panas dalam, tenggorokan kering; Gejala terkait: tenggorokan kering; panas dalam serbuk",Sesuai aturan pakai pada kemasan. Gunakan sesuai petunjuk pada kemasan. Jika sakit berlanjut hubungi dokter.,"Ekstrak Citrus, Ekstrak Pulosari, Vitamin C","Panas dalam, tenggorokan kering; tenggorokan kering; panas dalam serbuk; Gunakan sesuai petunjuk pada kemasan. Jika sakit berlanjut hubungi dokter.",Kembung karena gas,2026-12-31,Sachet,https://placehold.co/400x300/f8fafc/84cc16?text=Adem+Sari+Sachet+5s,True,"[""otc"",""indonesia"",""chatbot-ready""]"
2802,Lodia Tablet,Pencernaan & Diare,25000.0,396,Loperamide HCl,Diare akut; Gejala terkait: diare akut parah,Sesuai aturan pakai pada kemasan. Gunakan sesuai petunjuk pada kemasan. Jika sakit berlanjut hubungi dokter.,Loperamide HCl,Diare akut; diare akut parah; Gunakan sesuai petunjuk pada kemasan. Jika sakit berlanjut hubungi dokter.,"Sembelit, pusing",2028-03-15,Tablet,https://placehold.co/400x300/f8fafc/f59e0b?text=Lodia+Tablet,True,"[""otc"",""indonesia"",""chatbot-ready""]"
2803,Tantum Verde Gargle 120ml,Mulut & Tenggorokan,45000.0,296,Benzydamine HCl,"Radang tenggorokan, sariawan (efek bius lokal); Gejala terkait: sariawan parah; sakit nelan",Sesuai aturan pakai pada kemasan. Gunakan sesuai petunjuk pada kemasan. Jika sakit berlanjut hubungi dokter.,Benzydamine HCl,"Radang tenggorokan, sariawan (efek bius lokal); sariawan parah; sakit nelan; Gunakan sesuai petunjuk pada kemasan. Jika sakit berlanjut hubungi dokter.",Mulut kebas,2028-12-31,Cairan,https://placehold.co/400x300/f8fafc/d946ef?text=Tantum+Verde+Gargle+120ml,True,"[""otc"",""indonesia"",""chatbot-ready""]"
2804,Neozep Botol 60ml,Flu & Pilek,5500.0,305,"Paracetamol, Phenylephrine, CTM",Flu dan hidung meler; Gejala terkait: hidung meler; flu berat,Sesuai aturan pakai pada kemasan. Gunakan sesuai petunjuk pada kemasan.,"Paracetamol, Phenylephrine, CTM",Flu dan hidung meler; hidung meler; flu berat; Gunakan sesuai petunjuk pada kemasan.,Mengantuk,2028-12-31,Produk,https://placehold.co/400x300/f8fafc/06b6d4?text=Neozep+Botol+60ml,False,"[""otc"",""indonesia"",""chatbot-ready""]"
2805,Diapet Anak Sirup,Pencernaan & Diare,15000.0,141,"Ekstrak Daun Jambu Biji, Kunyit",Diare ringan (Herbal); Gejala terkait: diare herbal; mules,Sesuai aturan pakai pada kemasan. Gunakan sesuai petunjuk pada kemasan. Jika sakit berlanjut hubungi dokter.,"Ekstrak Daun Jambu Biji, Kunyit",Diare ringan (Herbal); diare herbal; mules; Gunakan sesuai petunjuk pada kemasan. Jika sakit berlanjut hubungi dokter.,Jarang,2026-12-31,Sirup,https://placehold.co/400x300/f8fafc/f59e0b?text=Diapet+Anak+Sirup,True,"[""otc"",""indonesia"",""chatbot-ready""]"
2806,Norit Box 50s,Pencernaan & Diare,112500.0,66,Activated Charcoal,"Keracunan makanan, perut kembung; Gejala terkait: keracunan makanan; salah makan",Sesuai aturan pakai pada kemasan. Gunakan sesuai petunjuk pada kemasan.,Activated Charcoal,"Keracunan makanan, perut kembung; keracunan makanan; salah makan; Gunakan sesuai petunjuk pada kemasan.",Feses hitam,2028-03-15,Produk,https://placehold.co/400x300/f8fafc/f59e0b?text=Norit+Box+50s,True,"[""otc"",""indonesia"",""chatbot-ready""]"
2807,Diapet Sachet 5ml,Herbal & Tradisional,1000.0,435,"Daun Jambu Biji, Kunyit","Mampetkan diare, mencret; Gejala terkait: mencret herbal; diare jamu",Sesuai aturan pakai pada kemasan. Gunakan sesuai petunjuk pada kemasan.,"Daun Jambu Biji, Kunyit","Mampetkan diare, mencret; mencret herbal; diare jamu; Gunakan sesuai petunjuk pada kemasan.",Jarang,2027-06-30,Sachet,https://placehold.co/400x300/f8fafc/84cc16?text=Diapet+Sachet+5ml,False,"[""otc"",""indonesia"",""chatbot-ready""]"
2808,Konidin Tablet,Obat Batuk,5000.0,357,"Guaifenesin, Dextromethorphan, CTM",Batuk alergi; Gejala terkait: batuk alergi; gatal tenggorokan,Sesuai aturan pakai pada kemasan. Gunakan sesuai petunjuk pada kemasan. Jika sakit berlanjut hubungi dokter.,"Guaifenesin, Dextromethorphan, CTM",Batuk alergi; batuk alergi; gatal tenggorokan; Gunakan sesuai petunjuk pada kemasan. Jika sakit berlanjut hubungi dokter.,Sangat mengantuk,2028-12-31,Tablet,https://placehold.co/400x300/f8fafc/3b82f6?text=Konidin+Tablet,True,"[""otc"",""indonesia"",""chatbot-ready""]"
2809,Voltaren Emulgel 10g,Obat Oles Nyeri,55000.0,32,Diclofenac Diethylamine,"Nyeri sendi, osteoartritis, memar; Gejala terkait: nyeri sendi lutut; bengkak keseleo",Sesuai aturan pakai pada kemasan. Gunakan sesuai petunjuk pada kemasan. Jika sakit berlanjut hubungi dokter.,Diclofenac Diethylamine,"Nyeri sendi, osteoartritis, memar; nyeri sendi lutut; bengkak keseleo; Gunakan sesuai petunjuk pada kemasan. Jika sakit berlanjut hubungi dokter.",Kulit kemerahan,2028-12-31,Topikal,https://placehold.co/400x300/f8fafc/f97316?text=Voltaren+Emulgel+10g,True,"[""otc"",""indonesia"",""chatbot-ready""]"
2810,Inzana Sachet 5ml,Nyeri & Demam,1000.0,314,Aspirin 80mg,Demam pada anak; Gejala terkait: demam anak,Sesuai aturan pakai pada kemasan. Gunakan sesuai petunjuk pada kemasan.,Aspirin 80mg,Demam pada anak; demam anak; Gunakan sesuai petunjuk pada kemasan.,Iritasi lambung,2028-12-31,Sachet,https://placehold.co/400x300/f8fafc/ef4444?text=Inzana+Sachet+5ml,True,"[""otc"",""indonesia"",""chatbot-ready""]"
2811,Hansaplast Koyo Panas,Obat Kulit & Luka,8000.0,191,Polyhexamethylene Biguanide (Spray),Pembersih luka tanpa perih; Gejala terkait: cuci luka gak perih; semprot luka,Sesuai aturan pakai pada kemasan. Gunakan sesuai petunjuk pada kemasan. Jika sakit berlanjut hubungi dokter.,Polyhexamethylene Biguanide (Spray),Pembersih luka tanpa perih; cuci luka gak perih; semprot luka; Gunakan sesuai petunjuk pada kemasan. Jika sakit berlanjut hubungi dokter.,Jarang,2028-12-31,Produk,https://placehold.co/400x300/f8fafc/ec4899?text=Hansaplast+Koyo+Panas,True,"[""otc"",""indonesia"",""chatbot-ready""]"
2812,Tolak Angin Care Roll On 10ml,Obat Oles Nyeri,16000.0,260,"Peppermint Oil, Ginger Oil","Mabuk perjalanan, masuk angin; Gejala terkait: minyak angin herbal",Sesuai aturan pakai pada kemasan. Gunakan sesuai petunjuk pada kemasan. Jika sakit berlanjut hubungi dokter.,"Peppermint Oil, Ginger Oil","Mabuk perjalanan, masuk angin; minyak angin herbal; Gunakan sesuai petunjuk pada kemasan. Jika sakit berlanjut hubungi dokter.",Jarang,2028-03-15,Produk,https://placehold.co/400x300/f8fafc/f97316?text=Tolak+Angin+Care+Roll+On+10ml,True,"[""otc"",""indonesia"",""chatbot-ready""]"
2813,OBH Combi Box 100s,Obat Batuk,176000.0,84,"Succus liquiritiae, Paracetamol, Ephedrine",Batuk berdahak dan flu; Gejala terkait: batuk berdahak; flu batuk,Sesuai aturan pakai pada kemasan. Gunakan sesuai petunjuk pada kemasan.,"Succus liquiritiae, Paracetamol, Ephedrine",Batuk berdahak dan flu; batuk berdahak; flu batuk; Gunakan sesuai petunjuk pada kemasan.,Mengantuk,2028-12-31,Produk,https://placehold.co/400x300/f8fafc/3b82f6?text=OBH+Combi+Box+100s,False,"[""otc"",""indonesia"",""chatbot-ready""]"
2814,Stimuno Tube 10g,Vitamin & Suplemen,24500.0,448,Ekstrak Phyllanthus niruri,Fitofarmaka daya tahan tubuh; Gejala terkait: imunomodulator; gampang sakit,Sesuai aturan pakai pada kemasan. Gunakan sesuai petunjuk pada kemasan.,Ekstrak Phyllanthus niruri,Fitofarmaka daya tahan tubuh; imunomodulator; gampang sakit; Gunakan sesuai petunjuk pada kemasan.,Jarang,2026-12-31,Produk,https://placehold.co/400x300/f8fafc/eab308?text=Stimuno+Tube+10g,False,"[""otc"",""indonesia"",""chatbot-ready""]"
2815,Renovit Sachet 5ml,Vitamin & Suplemen,3000.0,344,12 Vitamin & 13 Mineral,Kebutuhan vitamin harian menyeluruh; Gejala terkait: multivitamin lengkap,Sesuai aturan pakai pada kemasan. Gunakan sesuai petunjuk pada kemasan.,12 Vitamin & 13 Mineral,Kebutuhan vitamin harian menyeluruh; multivitamin lengkap; Gunakan sesuai petunjuk pada kemasan.,Jarang,2026-12-31,Sachet,https://placehold.co/400x300/f8fafc/eab308?text=Renovit+Sachet+5ml,True,"[""otc"",""indonesia"",""chatbot-ready""]"
2816,Norit Box 30s,Pencernaan & Diare,70000.0,82,Activated Charcoal,"Keracunan makanan, perut kembung; Gejala terkait: keracunan makanan; salah makan",Sesuai aturan pakai pada kemasan. Gunakan sesuai petunjuk pada kemasan.,Activated Charcoal,"Keracunan makanan, perut kembung; keracunan makanan; salah makan; Gunakan sesuai petunjuk pada kemasan.",Feses hitam,2028-12-31,Produk,https://placehold.co/400x300/f8fafc/f59e0b?text=Norit+Box+30s,False,"[""otc"",""indonesia"",""chatbot-ready""]"
2817,Tolak Angin Flu Box 5s,Herbal & Tradisional,22000.0,220,"Adas, Kayu Ules, Cengkeh, Jahe, Daun Mint, Madu","Masuk angin, perut kembung, mual; Gejala terkait: masuk angin; mual perjalanan; kembung",Sesuai aturan pakai pada kemasan. Gunakan sesuai petunjuk pada kemasan. Jika sakit berlanjut hubungi dokter.,"Adas, Kayu Ules, Cengkeh, Jahe, Daun Mint, Madu","Masuk angin, perut kembung, mual; masuk angin; mual perjalanan; kembung; Gunakan sesuai petunjuk pada kemasan. Jika sakit berlanjut hubungi dokter.",Alergi (jarang),2028-03-15,Produk,https://placehold.co/400x300/f8fafc/84cc16?text=Tolak+Angin+Flu+Box+5s,True,"[""otc"",""indonesia"",""chatbot-ready""]"
2818,Polysilane Tablet Kunyah,Lambung & Maag,11000.0,234,"Simethicone, Al(OH)3, Mg(OH)2",Mengatasi kembung dan maag; Gejala terkait: perut kembung parah; penuh ulu hati,Sesuai aturan pakai pada kemasan. Gunakan sesuai petunjuk pada kemasan. Jika sakit berlanjut hubungi dokter.,"Simethicone, Al(OH)3, Mg(OH)2",Mengatasi kembung dan maag; perut kembung parah; penuh ulu hati; Gunakan sesuai petunjuk pada kemasan. Jika sakit berlanjut hubungi dokter.,Sembelit ringan,2027-06-30,Tablet,https://placehold.co/400x300/f8fafc/10b981?text=Polysilane+Tablet+Kunyah,True,"[""otc"",""indonesia"",""chatbot-ready""]"
2819,Dumin Rectal Tube 125mg,Nyeri & Demam,35000.0,355,Paracetamol,Demam tinggi; Gejala terkait: demam tinggi; panas anak,Sesuai aturan pakai pada kemasan. Gunakan sesuai petunjuk pada kemasan. Jika sakit berlanjut hubungi dokter.,Paracetamol,Demam tinggi; demam tinggi; panas anak; Gunakan sesuai petunjuk pada kemasan. Jika sakit berlanjut hubungi dokter.,Jarang,2028-03-15,Produk,https://placehold.co/400x300/f8fafc/ef4444?text=Dumin+Rectal+Tube+125mg,True,"[""otc"",""indonesia"",""chatbot-ready""]"
2820,Liprolac Baby Drops,Pencernaan & Diare,150000.0,40,Probiotik multi-strain,Kesehatan pencernaan bayi dan anak; Gejala terkait: pencernaan bayi; probiotik,Sesuai aturan pakai pada kemasan. Gunakan sesuai petunjuk pada kemasan. Jika sakit berlanjut hubungi dokter.,Probiotik multi-strain,Kesehatan pencernaan bayi dan anak; pencernaan bayi; probiotik; Gunakan sesuai petunjuk pada kemasan. Jika sakit berlanjut hubungi dokter.,Jarang,2026-12-31,Produk,https://placehold.co/400x300/f8fafc/f59e0b?text=Liprolac+Baby+Drops,True,"[""otc"",""indonesia"",""chatbot-ready""]"
2821,Burnazin Cream 35g,Obat Kulit & Luka,85000.0,59,Silver Sulfadiazine,Luka bakar derajat dua; Gejala terkait: luka bakar parah; salep perak,Sesuai aturan pakai pada kemasan. Gunakan sesuai petunjuk pada kemasan. Jika sakit berlanjut hubungi dokter.,Silver Sulfadiazine,Luka bakar derajat dua; luka bakar parah; salep perak; Gunakan sesuai petunjuk pada kemasan. Jika sakit berlanjut hubungi dokter.,Iritasi kulit sementara,2027-06-30,Topikal,https://placehold.co/400x300/f8fafc/ec4899?text=Burnazin+Cream+35g,True,"[""otc"",""indonesia"",""chatbot-ready""]"
2822,Fatigon Promuno,Vitamin & Suplemen,15000.0,293,"Vitamin B Kompleks, Vitamin E","Mengatasi capek, pegal, kram; Gejala terkait: capek; pegal linu; energi",Sesuai aturan pakai pada kemasan. Gunakan sesuai petunjuk pada kemasan. Jika sakit berlanjut hubungi dokter.,"Vitamin B Kompleks, Vitamin E","Mengatasi capek, pegal, kram; capek; pegal linu; energi; Gunakan sesuai petunjuk pada kemasan. Jika sakit berlanjut hubungi dokter.",Jarang,2028-12-31,Produk,https://placehold.co/400x300/f8fafc/eab308?text=Fatigon+Promuno,True,"[""otc"",""indonesia"",""chatbot-ready""]"
2823,Promag Botol 30ml,Lambung & Maag,7000.0,366,"Hydrotalcite, Magnesium Hydroxide, Simethicone","Maag, perut kembung, nyeri ulu hati; Gejala terkait: maag; asam lambung; begah; kembung",Sesuai aturan pakai pada kemasan. Gunakan sesuai petunjuk pada kemasan.,"Hydrotalcite, Magnesium Hydroxide, Simethicone","Maag, perut kembung, nyeri ulu hati; maag; asam lambung; begah; kembung; Gunakan sesuai petunjuk pada kemasan.",Diare/Sembelit ringan,2027-06-30,Produk,https://placehold.co/400x300/f8fafc/10b981?text=Promag+Botol+30ml,True,"[""otc"",""indonesia"",""chatbot-ready""]"
2824,Plantacid Forte Sirup 100ml,Lambung & Maag,45000.0,105,"Aluminium Hydroxide, Magnesium Hydroxide, Simethicone",Tukak lambung dan maag; Gejala terkait: tukak lambung; maag kronis,Sesuai aturan pakai pada kemasan. Gunakan sesuai petunjuk pada kemasan. Jika sakit berlanjut hubungi dokter.,"Aluminium Hydroxide, Magnesium Hydroxide, Simethicone",Tukak lambung dan maag; tukak lambung; maag kronis; Gunakan sesuai petunjuk pada kemasan. Jika sakit berlanjut hubungi dokter.,Diare/sembelit,2028-12-31,Sirup,https://placehold.co/400x300/f8fafc/10b981?text=Plantacid+Forte+Sirup+100ml,True,"[""otc"",""indonesia"",""chatbot-ready""]"
2825,Inzana Tablet Kunyah,Nyeri & Demam,5000.0,307,Aspirin 80mg,Demam pada anak; Gejala terkait: demam anak,Sesuai aturan pakai pada kemasan. Gunakan sesuai petunjuk pada kemasan. Jika sakit berlanjut hubungi dokter.,Aspirin 80mg,Demam pada anak; demam anak; Gunakan sesuai petunjuk pada kemasan. Jika sakit berlanjut hubungi dokter.,Iritasi lambung,2027-06-30,Tablet,https://placehold.co/400x300/f8fafc/ef4444?text=Inzana+Tablet+Kunyah,True,"[""otc"",""indonesia"",""chatbot-ready""]"
2826,Sangobion Kids Sirup,Vitamin & Suplemen,32000.0,156,"Ferrous Gluconate (Zat Besi), Vitamin",Anemia kurang zat besi; Gejala terkait: kurang darah; pusing anemia; pucat,Sesuai aturan pakai pada kemasan. Gunakan sesuai petunjuk pada kemasan. Jika sakit berlanjut hubungi dokter.,"Ferrous Gluconate (Zat Besi), Vitamin",Anemia kurang zat besi; kurang darah; pusing anemia; pucat; Gunakan sesuai petunjuk pada kemasan. Jika sakit berlanjut hubungi dokter.,"Feses hitam, sembelit",2027-06-30,Sirup,https://placehold.co/400x300/f8fafc/eab308?text=Sangobion+Kids+Sirup,True,"[""otc"",""indonesia"",""chatbot-ready""]"
2827,Sanaflu Botol 120ml,Flu & Pilek,8000.0,347,"Paracetamol, Phenylephrine, CTM",Flu dan sakit kepala; Gejala terkait: flu sakit kepala,Sesuai aturan pakai pada kemasan. Gunakan sesuai petunjuk pada kemasan.,"Paracetamol, Phenylephrine, CTM",Flu dan sakit kepala; flu sakit kepala; Gunakan sesuai petunjuk pada kemasan.,Mengantuk,2028-12-31,Produk,https://placehold.co/400x300/f8fafc/06b6d4?text=Sanaflu+Botol+120ml,True,"[""otc"",""indonesia"",""chatbot-ready""]"
2828,Bisolvon Strip 10s,Obat Batuk,25000.0,482,Bromhexine HCl,Mengencerkan dahak; Gejala terkait: dahak kental; batuk parah,Sesuai aturan pakai pada kemasan. Gunakan sesuai petunjuk pada kemasan.,Bromhexine HCl,Mengencerkan dahak; dahak kental; batuk parah; Gunakan sesuai petunjuk pada kemasan.,Gangguan pencernaan ringan,2027-06-30,Produk,https://placehold.co/400x300/f8fafc/3b82f6?text=Bisolvon+Strip+10s,True,"[""otc"",""indonesia"",""chatbot-ready""]"
2829,Aloclair Plus Mouthwash 60ml,Mulut & Tenggorokan,105000.0,48,"Aloe Vera, Sodium Hyaluronate","Sariawan, luka kawat gigi (membentuk selaput pelindung); Gejala terkait: sariawan kawat gigi; sariawan perih banget",Sesuai aturan pakai pada kemasan. Gunakan sesuai petunjuk pada kemasan. Jika sakit berlanjut hubungi dokter.,"Aloe Vera, Sodium Hyaluronate","Sariawan, luka kawat gigi (membentuk selaput pelindung); sariawan kawat gigi; sariawan perih banget; Gunakan sesuai petunjuk pada kemasan. Jika sakit berlanjut hubungi dokter.",Jarang,2028-03-15,Cairan,https://placehold.co/400x300/f8fafc/d946ef?text=Aloclair+Plus+Gargle+60ml,True,"[""otc"",""indonesia"",""chatbot-ready""]"
2830,Rhinos Strip 10s,Flu & Pilek,65000.0,40,"Pseudoephedrine, Loratadine / CTM","Hidung tersumbat berat, rinitis alergi; Gejala terkait: hidung buntu; rinitis alergi; pilek parah",Sesuai aturan pakai pada kemasan. Gunakan sesuai petunjuk pada kemasan.,"Pseudoephedrine, Loratadine / CTM","Hidung tersumbat berat, rinitis alergi; hidung buntu; rinitis alergi; pilek parah; Gunakan sesuai petunjuk pada kemasan.","Mulut kering, insomnia",2026-12-31,Produk,https://placehold.co/400x300/f8fafc/06b6d4?text=Rhinos+Strip+10s,True,"[""otc"",""indonesia"",""chatbot-ready""]"
2831,Enervon C Strip 4s,Vitamin & Suplemen,4000.0,178,"Vitamin C 500mg, Vitamin B Kompleks",Menjaga daya tahan tubuh; Gejala terkait: imun; vitamin c; capek,Sesuai aturan pakai pada kemasan. Gunakan sesuai petunjuk pada kemasan.,"Vitamin C 500mg, Vitamin B Kompleks",Menjaga daya tahan tubuh; imun; vitamin c; capek; Gunakan sesuai petunjuk pada kemasan.,Urin berwarna kuning cerah,2028-12-31,Produk,https://placehold.co/400x300/f8fafc/eab308?text=Enervon+C+Strip+4s,True,"[""otc"",""indonesia"",""chatbot-ready""]"
2832,Enervon C Tablet,Vitamin & Suplemen,8000.0,381,"Vitamin C 500mg, Vitamin B Kompleks",Menjaga daya tahan tubuh; Gejala terkait: imun; vitamin c; capek,Sesuai aturan pakai pada kemasan. Gunakan sesuai petunjuk pada kemasan. Jika sakit berlanjut hubungi dokter.,"Vitamin C 500mg, Vitamin B Kompleks",Menjaga daya tahan tubuh; imun; vitamin c; capek; Gunakan sesuai petunjuk pada kemasan. Jika sakit berlanjut hubungi dokter.,Urin berwarna kuning cerah,2027-06-30,Tablet,https://placehold.co/400x300/f8fafc/eab308?text=Enervon+C+Tablet,False,"[""otc"",""indonesia"",""chatbot-ready""]"
2833,Hot In Cream Strip 10s,Obat Oles Nyeri,35000.0,449,"Menthol, Methyl Salicylate, Pine Oil","Pegal linu, masuk angin; Gejala terkait: pegal parah; capek badan; krim panas",Sesuai aturan pakai pada kemasan. Gunakan sesuai petunjuk pada kemasan.,"Menthol, Methyl Salicylate, Pine Oil","Pegal linu, masuk angin; pegal parah; capek badan; krim panas; Gunakan sesuai petunjuk pada kemasan.",Sangat panas pada kulit sensitif,2028-12-31,Topikal,https://placehold.co/400x300/f8fafc/f97316?text=Hot+In+Cream+Strip+10s,False,"[""otc"",""indonesia"",""chatbot-ready""]"
2834,Voltaren Emulgel 50g,Obat Oles Nyeri,155000.0,59,Diclofenac Diethylamine,"Nyeri sendi, osteoartritis, memar; Gejala terkait: nyeri sendi lutut; bengkak keseleo",Sesuai aturan pakai pada kemasan. Gunakan sesuai petunjuk pada kemasan. Jika sakit berlanjut hubungi dokter.,Diclofenac Diethylamine,"Nyeri sendi, osteoartritis, memar; nyeri sendi lutut; bengkak keseleo; Gunakan sesuai petunjuk pada kemasan. Jika sakit berlanjut hubungi dokter.",Kulit kemerahan,2026-12-31,Topikal,https://placehold.co/400x300/f8fafc/f97316?text=Voltaren+Emulgel+50g,False,"[""otc"",""indonesia"",""chatbot-ready""]"
2835,Scabimite Tube 15g,Antijamur & Kulit,65000.0,33,Permethrin 5%,"Kudis (Scabies), tungau; Gejala terkait: kudis; scabies; tungau kasur; gatal malam",Sesuai aturan pakai pada kemasan. Gunakan sesuai petunjuk pada kemasan.,Permethrin 5%,"Kudis (Scabies), tungau; kudis; scabies; tungau kasur; gatal malam; Gunakan sesuai petunjuk pada kemasan.",Rasa panas di kulit,2026-12-31,Produk,https://placehold.co/400x300/f8fafc/14b8a6?text=Scabimite+Tube+15g,False,"[""otc"",""indonesia"",""chatbot-ready""]"
2836,Microlax Tube 50g,Pencernaan & Diare,70000.0,95,"Na Lauryl Sulfoacetate, Sorbitol",Melancarkan BAB segera; Gejala terkait: bab keras; sembelit parah,Sesuai aturan pakai pada kemasan. Gunakan sesuai petunjuk pada kemasan.,"Na Lauryl Sulfoacetate, Sorbitol",Melancarkan BAB segera; bab keras; sembelit parah; Gunakan sesuai petunjuk pada kemasan.,Rasa tidak nyaman di anus,2027-06-30,Produk,https://placehold.co/400x300/f8fafc/f59e0b?text=Microlax+Tube+50g,False,"[""otc"",""indonesia"",""chatbot-ready""]"
2837,Kuldon Strip 10s,Herbal & Tradisional,3500.0,393,"Daun Saga, Bunga Krisan, Alang-alang","Panas dalam, sariawan, susah BAB; Gejala terkait: panas dalam; sariawan pil",Sesuai aturan pakai pada kemasan. Gunakan sesuai petunjuk pada kemasan.,"Daun Saga, Bunga Krisan, Alang-alang","Panas dalam, sariawan, susah BAB; panas dalam; sariawan pil; Gunakan sesuai petunjuk pada kemasan.",Jarang,2027-06-30,Produk,https://placehold.co/400x300/f8fafc/84cc16?text=Kuldon+Strip+10s,True,"[""otc"",""indonesia"",""chatbot-ready""]"
2838,Betadine Gargle 190ml,Mulut & Tenggorokan,42000.0,411,Povidone Iodine 1%,"Sakit tenggorokan, bau mulut, gusi bengkak; Gejala terkait: kumur sakit tenggorokan; gusi bengkak",Sesuai aturan pakai pada kemasan. Gunakan sesuai petunjuk pada kemasan. Jika sakit berlanjut hubungi dokter.,Povidone Iodine 1%,"Sakit tenggorokan, bau mulut, gusi bengkak; kumur sakit tenggorokan; gusi bengkak; Gunakan sesuai petunjuk pada kemasan. Jika sakit berlanjut hubungi dokter.",Ubah warna gigi (jarang),2028-03-15,Cairan,https://placehold.co/400x300/f8fafc/d946ef?text=Betadine+Gargle+190ml,True,"[""otc"",""indonesia"",""chatbot-ready""]"
2839,Neozep Forte Tablet,Flu & Pilek,5500.0,437,"Paracetamol, Phenylephrine, CTM",Flu dan hidung meler; Gejala terkait: hidung meler; flu berat,Sesuai aturan pakai pada kemasan. Gunakan sesuai petunjuk pada kemasan. Jika sakit berlanjut hubungi dokter.,"Paracetamol, Phenylephrine, CTM",Flu dan hidung meler; hidung meler; flu berat; Gunakan sesuai petunjuk pada kemasan. Jika sakit berlanjut hubungi dokter.,Mengantuk,2028-03-15,Tablet,https://placehold.co/400x300/f8fafc/06b6d4?text=Neozep+Forte+Tablet,True,"[""otc"",""indonesia"",""chatbot-ready""]"
2840,Larutan Cap Kaki Tiga Botol 60ml,Herbal & Tradisional,7000.0,111,"Gypsum Fibrosum, Calcitum","Panas dalam, bibir pecah-pecah; Gejala terkait: air panas dalam; bibir pecah",Sesuai aturan pakai pada kemasan. Gunakan sesuai petunjuk pada kemasan.,"Gypsum Fibrosum, Calcitum","Panas dalam, bibir pecah-pecah; air panas dalam; bibir pecah; Gunakan sesuai petunjuk pada kemasan.",Jarang,2027-06-30,Produk,https://placehold.co/400x300/f8fafc/84cc16?text=Larutan+Cap+Kaki+Tiga+Botol+60ml,False,"[""otc"",""indonesia"",""chatbot-ready""]"
2841,Iliadin Dewasa Nasal Spray 10ml,Perawatan Hidung & Pernapasan,65000.0,98,Oxymetazoline HCl,Hidung tersumbat berat (Dekongestan); Gejala terkait: hidung buntu parah; semprot hidung mampet,Sesuai aturan pakai pada kemasan. Gunakan sesuai petunjuk pada kemasan. Jika sakit berlanjut hubungi dokter.,Oxymetazoline HCl,Hidung tersumbat berat (Dekongestan); hidung buntu parah; semprot hidung mampet; Gunakan sesuai petunjuk pada kemasan. Jika sakit berlanjut hubungi dokter.,Rebound congestion jika > 3 hari,2027-06-30,Spray,https://placehold.co/400x300/f8fafc/06b6d4?text=Iliadin+Dewasa+Nasal+Spray+10ml,True,"[""otc"",""indonesia"",""chatbot-ready""]"
2842,Pamol Sirup,Nyeri & Demam,20000.0,469,Paracetamol,Demam dan nyeri; Gejala terkait: demam; nyeri,Sesuai aturan pakai pada kemasan. Gunakan sesuai petunjuk pada kemasan. Jika sakit berlanjut hubungi dokter.,Paracetamol,Demam dan nyeri; demam; nyeri; Gunakan sesuai petunjuk pada kemasan. Jika sakit berlanjut hubungi dokter.,Jarang,2026-12-31,Sirup,https://placehold.co/400x300/f8fafc/ef4444?text=Pamol+Sirup,False,"[""otc"",""indonesia"",""chatbot-ready""]"
2843,Dumin Botol 60ml,Nyeri & Demam,15000.0,426,Paracetamol,Demam tinggi; Gejala terkait: demam tinggi; panas anak,Sesuai aturan pakai pada kemasan. Gunakan sesuai petunjuk pada kemasan.,Paracetamol,Demam tinggi; demam tinggi; panas anak; Gunakan sesuai petunjuk pada kemasan.,Jarang,2027-06-30,Produk,https://placehold.co/400x300/f8fafc/ef4444?text=Dumin+Botol+60ml,True,"[""otc"",""indonesia"",""chatbot-ready""]"
2844,Inza Botol 60ml,Flu & Pilek,4000.0,148,"Paracetamol, Pseudoephedrine, CTM",Flu ringan; Gejala terkait: flu ringan; bersin,Sesuai aturan pakai pada kemasan. Gunakan sesuai petunjuk pada kemasan.,"Paracetamol, Pseudoephedrine, CTM",Flu ringan; flu ringan; bersin; Gunakan sesuai petunjuk pada kemasan.,Mengantuk,2027-06-30,Produk,https://placehold.co/400x300/f8fafc/06b6d4?text=Inza+Botol+60ml,True,"[""otc"",""indonesia"",""chatbot-ready""]"
2845,Actifed Tube 15g,Obat Batuk,65000.0,63,"Triprolidine, Pseudoephedrine",Pilek alergi dan batuk; Gejala terkait: batuk pilek berat; alergi pernapasan,Sesuai aturan pakai pada kemasan. Gunakan sesuai petunjuk pada kemasan.,"Triprolidine, Pseudoephedrine",Pilek alergi dan batuk; batuk pilek berat; alergi pernapasan; Gunakan sesuai petunjuk pada kemasan.,"Mengantuk, jantung berdebar",2027-06-30,Produk,https://placehold.co/400x300/f8fafc/3b82f6?text=Actifed+Tube+15g,True,"[""otc"",""indonesia"",""chatbot-ready""]"
2846,Liprolac Sachet,Pencernaan & Diare,9000.0,125,Probiotik multi-strain,Kesehatan pencernaan bayi dan anak; Gejala terkait: pencernaan bayi; probiotik,Sesuai aturan pakai pada kemasan. Gunakan sesuai petunjuk pada kemasan. Jika sakit berlanjut hubungi dokter.,Probiotik multi-strain,Kesehatan pencernaan bayi dan anak; pencernaan bayi; probiotik; Gunakan sesuai petunjuk pada kemasan. Jika sakit berlanjut hubungi dokter.,Jarang,2028-03-15,Sachet,https://placehold.co/400x300/f8fafc/f59e0b?text=Liprolac+Sachet,True,"[""otc"",""indonesia"",""chatbot-ready""]"
2847,Actifed Box 50s,Obat Batuk,292500.0,42,"Triprolidine, Pseudoephedrine",Pilek alergi dan batuk; Gejala terkait: batuk pilek berat; alergi pernapasan,Sesuai aturan pakai pada kemasan. Gunakan sesuai petunjuk pada kemasan.,"Triprolidine, Pseudoephedrine",Pilek alergi dan batuk; batuk pilek berat; alergi pernapasan; Gunakan sesuai petunjuk pada kemasan.,"Mengantuk, jantung berdebar",2027-06-30,Produk,https://placehold.co/400x300/f8fafc/3b82f6?text=Actifed+Box+50s,False,"[""otc"",""indonesia"",""chatbot-ready""]"
2848,Mylanta Cair 150ml,Lambung & Maag,45000.0,255,"Aluminium Hydroxide, Magnesium Hydroxide, Simethicone",Asam lambung tinggi; Gejala terkait: asam lambung naik; perih perut,Sesuai aturan pakai pada kemasan. Gunakan sesuai petunjuk pada kemasan. Jika sakit berlanjut hubungi dokter.,"Aluminium Hydroxide, Magnesium Hydroxide, Simethicone",Asam lambung tinggi; asam lambung naik; perih perut; Gunakan sesuai petunjuk pada kemasan. Jika sakit berlanjut hubungi dokter.,Sembelit,2028-12-31,Produk,https://placehold.co/400x300/f8fafc/10b981?text=Mylanta+Cair+150ml,True,"[""otc"",""indonesia"",""chatbot-ready""]"
2849,Caladine Lotion 60ml,Alergi & Gatal,18000.0,324,"Calamine, Zinc Oxide, Diphenhydramine","Gatal biang keringat, gigitan serangga; Gejala terkait: biang keringat; gatal oles; gatal serangga",Sesuai aturan pakai pada kemasan. Gunakan sesuai petunjuk pada kemasan. Jika sakit berlanjut hubungi dokter.,"Calamine, Zinc Oxide, Diphenhydramine","Gatal biang keringat, gigitan serangga; biang keringat; gatal oles; gatal serangga; Gunakan sesuai petunjuk pada kemasan. Jika sakit berlanjut hubungi dokter.",Kulit sedikit kering,2026-12-31,Topikal,https://placehold.co/400x300/f8fafc/8b5cf6?text=Caladine+Lotion+60ml,True,"[""otc"",""indonesia"",""chatbot-ready""]"
2850,Telfast Tablet 120mg,Alergi & Gatal,85000.0,77,Fexofenadine HCl,Alergi rinitis berat tanpa kantuk; Gejala terkait: alergi tanpa ngantuk; gatal rinitis,Sesuai aturan pakai pada kemasan. Gunakan sesuai petunjuk pada kemasan. Jika sakit berlanjut hubungi dokter.,Fexofenadine HCl,Alergi rinitis berat tanpa kantuk; alergi tanpa ngantuk; gatal rinitis; Gunakan sesuai petunjuk pada kemasan. Jika sakit berlanjut hubungi dokter.,Sakit kepala ringan,2028-12-31,Tablet,https://placehold.co/400x300/f8fafc/8b5cf6?text=Telfast+Tablet+120mg,True,"[""otc"",""indonesia"",""chatbot-ready""]"
2851,Mixagrip Flu & Batuk,Flu & Pilek,6000.0,104,"Paracetamol, Phenylephrine, CTM",Meredakan gejala flu dan pilek; Gejala terkait: flu; pilek; meriang,Sesuai aturan pakai pada kemasan. Gunakan sesuai petunjuk pada kemasan. Jika sakit berlanjut hubungi dokter.,"Paracetamol, Phenylephrine, CTM",Meredakan gejala flu dan pilek; flu; pilek; meriang; Gunakan sesuai petunjuk pada kemasan. Jika sakit berlanjut hubungi dokter.,Mengantuk,2027-06-30,Produk,https://placehold.co/400x300/f8fafc/06b6d4?text=Mixagrip+Flu+&+Batuk,True,"[""otc"",""indonesia"",""chatbot-ready""]"
2852,Herocyn Bedak 75g,Alergi & Gatal,15000.0,403,"Menthol, Sulfur, Salicylic Acid",Gatal-gatal di badan dan kaki; Gejala terkait: bedak gatal; biang keringat dewasa,Sesuai aturan pakai pada kemasan. Gunakan sesuai petunjuk pada kemasan. Jika sakit berlanjut hubungi dokter.,"Menthol, Sulfur, Salicylic Acid",Gatal-gatal di badan dan kaki; bedak gatal; biang keringat dewasa; Gunakan sesuai petunjuk pada kemasan. Jika sakit berlanjut hubungi dokter.,Dingin / perih di luka,2028-03-15,Produk,https://placehold.co/400x300/f8fafc/8b5cf6?text=Herocyn+Bedak+75g,True,"[""otc"",""indonesia"",""chatbot-ready""]"
2853,Farsifen Tube 10g,Nyeri & Demam,5500.0,469,Ibuprofen 200mg,"Sakit gigi, demam, nyeri haid; Gejala terkait: nyeri haid; sakit gigi",Sesuai aturan pakai pada kemasan. Gunakan sesuai petunjuk pada kemasan.,Ibuprofen 200mg,"Sakit gigi, demam, nyeri haid; nyeri haid; sakit gigi; Gunakan sesuai petunjuk pada kemasan.",Nyeri lambung,2027-06-30,Produk,https://placehold.co/400x300/f8fafc/ef4444?text=Farsifen+Tube+10g,False,"[""otc"",""indonesia"",""chatbot-ready""]"
2854,Counterpain Krim 60g,Obat Oles Nyeri,75000.0,100,"Methyl Salicylate, Menthol, Eugenol","Nyeri otot, keseleo, pegal linu; Gejala terkait: keseleo; salah urat; pegal linu",Sesuai aturan pakai pada kemasan. Gunakan sesuai petunjuk pada kemasan. Jika sakit berlanjut hubungi dokter.,"Methyl Salicylate, Menthol, Eugenol","Nyeri otot, keseleo, pegal linu; keseleo; salah urat; pegal linu; Gunakan sesuai petunjuk pada kemasan. Jika sakit berlanjut hubungi dokter.",Panas berlebih jika dikompres,2028-12-31,Produk,https://placehold.co/400x300/f8fafc/f97316?text=Counterpain+Krim+60g,False,"[""otc"",""indonesia"",""chatbot-ready""]"
2855,Plantacid Botol 200ml,Lambung & Maag,39000.0,380,"Aluminium Hydroxide, Magnesium Hydroxide, Simethicone",Tukak lambung dan maag; Gejala terkait: tukak lambung; maag kronis,Sesuai aturan pakai pada kemasan. Gunakan sesuai petunjuk pada kemasan.,"Aluminium Hydroxide, Magnesium Hydroxide, Simethicone",Tukak lambung dan maag; tukak lambung; maag kronis; Gunakan sesuai petunjuk pada kemasan.,Diare/sembelit,2026-12-31,Produk,https://placehold.co/400x300/f8fafc/10b981?text=Plantacid+Botol+200ml,False,"[""otc"",""indonesia"",""chatbot-ready""]"
2856,Balsem Lang Tube 50g,Perawatan Hidung & Pernapasan,20000.0,147,"Menthol, Camphor, Eucalyptus Oil","Melegakan napas, masuk angin dewasa; Gejala terkait: balsem putih; dada sesak flu",Sesuai aturan pakai pada kemasan. Gunakan sesuai petunjuk pada kemasan.,"Menthol, Camphor, Eucalyptus Oil","Melegakan napas, masuk angin dewasa; balsem putih; dada sesak flu; Gunakan sesuai petunjuk pada kemasan.",Kulit perih bila tebal,2028-03-15,Produk,https://placehold.co/400x300/f8fafc/06b6d4?text=Balsem+Lang+Tube+50g,True,"[""otc"",""indonesia"",""chatbot-ready""]"
2857,Woods Antitussive 60ml,Obat Batuk,29000.0,350,"Bromhexine, Guaifenesin / Dextromethorphan",Batuk berdahak / batuk kering; Gejala terkait: batuk gatal; dahak kental; batuk kering,Sesuai aturan pakai pada kemasan. Gunakan sesuai petunjuk pada kemasan. Jika sakit berlanjut hubungi dokter.,"Bromhexine, Guaifenesin / Dextromethorphan",Batuk berdahak / batuk kering; batuk gatal; dahak kental; batuk kering; Gunakan sesuai petunjuk pada kemasan. Jika sakit berlanjut hubungi dokter.,Mual ringan,2027-06-30,Produk,https://placehold.co/400x300/f8fafc/3b82f6?text=Woods+Antitussive+60ml,True,"[""otc"",""indonesia"",""chatbot-ready""]"
2858,Ultraflu Tube 15g,Flu & Pilek,4000.0,279,"Paracetamol, Phenylpropanolamine, CTM",Gejala flu dan pilek; Gejala terkait: flu; bersin,Sesuai aturan pakai pada kemasan. Gunakan sesuai petunjuk pada kemasan.,"Paracetamol, Phenylpropanolamine, CTM",Gejala flu dan pilek; flu; bersin; Gunakan sesuai petunjuk pada kemasan.,Mengantuk,2026-12-31,Produk,https://placehold.co/400x300/f8fafc/06b6d4?text=Ultraflu+Tube+15g,False,"[""otc"",""indonesia"",""chatbot-ready""]"
2859,Kenalog Tube 15g,Mulut & Tenggorokan,75000.0,49,Triamcinolone Acetonide,Sariawan berat (Kortikosteroid); Gejala terkait: salep sariawan; sariawan meradang,Sesuai aturan pakai pada kemasan. Gunakan sesuai petunjuk pada kemasan.,Triamcinolone Acetonide,Sariawan berat (Kortikosteroid); salep sariawan; sariawan meradang; Gunakan sesuai petunjuk pada kemasan.,Infeksi jamur sekunder bila pemakaian lama,2027-06-30,Produk,https://placehold.co/400x300/f8fafc/d946ef?text=Kenalog+Tube+15g,True,"[""otc"",""indonesia"",""chatbot-ready""]"
2860,Imboost Force Tablet,Vitamin & Suplemen,65000.0,68,"Echinacea, Zinc",Booster daya tahan tubuh saat sakit; Gejala terkait: sistem imun; pemulihan sakit,Sesuai aturan pakai pada kemasan. Gunakan sesuai petunjuk pada kemasan. Jika sakit berlanjut hubungi dokter.,"Echinacea, Zinc",Booster daya tahan tubuh saat sakit; sistem imun; pemulihan sakit; Gunakan sesuai petunjuk pada kemasan. Jika sakit berlanjut hubungi dokter.,Alergi (jarang),2027-06-30,Tablet,https://placehold.co/400x300/f8fafc/eab308?text=Imboost+Force+Tablet,True,"[""otc"",""indonesia"",""chatbot-ready""]"
2861,Telfast Botol 120ml,Alergi & Gatal,153000.0,88,Fexofenadine HCl,Alergi rinitis berat tanpa kantuk; Gejala terkait: alergi tanpa ngantuk; gatal rinitis,Sesuai aturan pakai pada kemasan. Gunakan sesuai petunjuk pada kemasan.,Fexofenadine HCl,Alergi rinitis berat tanpa kantuk; alergi tanpa ngantuk; gatal rinitis; Gunakan sesuai petunjuk pada kemasan.,Sakit kepala ringan,2028-12-31,Produk,https://placehold.co/400x300/f8fafc/8b5cf6?text=Telfast+Botol+120ml,True,"[""otc"",""indonesia"",""chatbot-ready""]"
2862,Plantacid Sirup 100ml,Lambung & Maag,35000.0,209,"Aluminium Hydroxide, Magnesium Hydroxide, Simethicone",Tukak lambung dan maag; Gejala terkait: tukak lambung; maag kronis,Sesuai aturan pakai pada kemasan. Gunakan sesuai petunjuk pada kemasan. Jika sakit berlanjut hubungi dokter.,"Aluminium Hydroxide, Magnesium Hydroxide, Simethicone",Tukak lambung dan maag; tukak lambung; maag kronis; Gunakan sesuai petunjuk pada kemasan. Jika sakit berlanjut hubungi dokter.,Diare/sembelit,2028-12-31,Sirup,https://placehold.co/400x300/f8fafc/10b981?text=Plantacid+Sirup+100ml,True,"[""otc"",""indonesia"",""chatbot-ready""]"
2863,Komix Botol 120ml,Obat Batuk,2500.0,223,"Dextromethorphan, Guaifenesin",Batuk ringan; Gejala terkait: batuk ringan; batuk gatal,Sesuai aturan pakai pada kemasan. Gunakan sesuai petunjuk pada kemasan.,"Dextromethorphan, Guaifenesin",Batuk ringan; batuk ringan; batuk gatal; Gunakan sesuai petunjuk pada kemasan.,Mengantuk,2026-12-31,Produk,https://placehold.co/400x300/f8fafc/3b82f6?text=Komix+Botol+120ml,True,"[""otc"",""indonesia"",""chatbot-ready""]"
2864,Bodrex Flu & Batuk,Nyeri & Demam,14000.0,467,"Paracetamol 600mg, Caffeine 50mg","Sakit kepala, demam; Gejala terkait: sakit kepala; migrain",Sesuai aturan pakai pada kemasan. Gunakan sesuai petunjuk pada kemasan. Jika sakit berlanjut hubungi dokter.,"Paracetamol 600mg, Caffeine 50mg","Sakit kepala, demam; sakit kepala; migrain; Gunakan sesuai petunjuk pada kemasan. Jika sakit berlanjut hubungi dokter.",Berdebar,2028-12-31,Produk,https://placehold.co/400x300/f8fafc/ef4444?text=Bodrex+Flu+&+Batuk,True,"[""otc"",""indonesia"",""chatbot-ready""]"
2865,Pamol Tablet,Nyeri & Demam,14000.0,357,Paracetamol,Demam dan nyeri; Gejala terkait: demam; nyeri,Sesuai aturan pakai pada kemasan. Gunakan sesuai petunjuk pada kemasan. Jika sakit berlanjut hubungi dokter.,Paracetamol,Demam dan nyeri; demam; nyeri; Gunakan sesuai petunjuk pada kemasan. Jika sakit berlanjut hubungi dokter.,Jarang,2028-12-31,Tablet,https://placehold.co/400x300/f8fafc/ef4444?text=Pamol+Tablet,True,"[""otc"",""indonesia"",""chatbot-ready""]"
2866,Plantacid Box 100s,Lambung & Maag,112000.0,44,"Aluminium Hydroxide, Magnesium Hydroxide, Simethicone",Tukak lambung dan maag; Gejala terkait: tukak lambung; maag kronis,Sesuai aturan pakai pada kemasan. Gunakan sesuai petunjuk pada kemasan.,"Aluminium Hydroxide, Magnesium Hydroxide, Simethicone",Tukak lambung dan maag; tukak lambung; maag kronis; Gunakan sesuai petunjuk pada kemasan.,Diare/sembelit,2027-06-30,Produk,https://placehold.co/400x300/f8fafc/10b981?text=Plantacid+Box+100s,False,"[""otc"",""indonesia"",""chatbot-ready""]"
2867,Tremenza Sirup,Flu & Pilek,42000.0,242,"Pseudoephedrine, Triprolidine",Flu alergi; Gejala terkait: flu alergi; pilek tak kunjung sembuh,Sesuai aturan pakai pada kemasan. Gunakan sesuai petunjuk pada kemasan. Jika sakit berlanjut hubungi dokter.,"Pseudoephedrine, Triprolidine",Flu alergi; flu alergi; pilek tak kunjung sembuh; Gunakan sesuai petunjuk pada kemasan. Jika sakit berlanjut hubungi dokter.,"Mengantuk sangat, mulut kering",2027-06-30,Sirup,https://placehold.co/400x300/f8fafc/06b6d4?text=Tremenza+Sirup,True,"[""otc"",""indonesia"",""chatbot-ready""]"
2868,Antangin Tablet 4s,Herbal & Tradisional,4000.0,120,"Jahe, Royal Jelly, Ginseng","Masuk angin, greges; Gejala terkait: greges; meriang; masuk angin",Sesuai aturan pakai pada kemasan. Gunakan sesuai petunjuk pada kemasan. Jika sakit berlanjut hubungi dokter.,"Jahe, Royal Jelly, Ginseng","Masuk angin, greges; greges; meriang; masuk angin; Gunakan sesuai petunjuk pada kemasan. Jika sakit berlanjut hubungi dokter.",Tubuh terasa hangat berlebih,2028-12-31,Tablet,https://placehold.co/400x300/f8fafc/84cc16?text=Antangin+Tablet+4s,True,"[""otc"",""indonesia"",""chatbot-ready""]"
2869,Caladine Cream 15g,Alergi & Gatal,22000.0,471,"Calamine, Zinc Oxide, Diphenhydramine","Gatal biang keringat, gigitan serangga; Gejala terkait: biang keringat; gatal oles; gatal serangga",Sesuai aturan pakai pada kemasan. Gunakan sesuai petunjuk pada kemasan. Jika sakit berlanjut hubungi dokter.,"Calamine, Zinc Oxide, Diphenhydramine","Gatal biang keringat, gigitan serangga; biang keringat; gatal oles; gatal serangga; Gunakan sesuai petunjuk pada kemasan. Jika sakit berlanjut hubungi dokter.",Kulit sedikit kering,2026-12-31,Topikal,https://placehold.co/400x300/f8fafc/8b5cf6?text=Caladine+Cream+15g,True,"[""otc"",""indonesia"",""chatbot-ready""]"
2870,Transpulmin Kids Balsam 20g,Perawatan Hidung & Pernapasan,85000.0,93,"Eucalyptus Oil, Chamomile (Baby) / + Menthol (Kids)","Menghangatkan dada, melegakan napas anak/bayi; Gejala terkait: balsem dada bayi; napas lega bayi",Sesuai aturan pakai pada kemasan. Gunakan sesuai petunjuk pada kemasan. Jika sakit berlanjut hubungi dokter.,"Eucalyptus Oil, Chamomile (Baby) / + Menthol (Kids)","Menghangatkan dada, melegakan napas anak/bayi; balsem dada bayi; napas lega bayi; Gunakan sesuai petunjuk pada kemasan. Jika sakit berlanjut hubungi dokter.",Kemerahan lokal (jarang),2026-12-31,Produk,https://placehold.co/400x300/f8fafc/06b6d4?text=Transpulmin+Kids+Balsam+20g,True,"[""otc"",""indonesia"",""chatbot-ready""]"
2871,Sanmol Strip 4s,Nyeri & Demam,9000.0,308,Paracetamol 500mg,Meredakan demam dan nyeri ringan; Gejala terkait: demam; panas; nyeri,Sesuai aturan pakai pada kemasan. Gunakan sesuai petunjuk pada kemasan.,Paracetamol 500mg,Meredakan demam dan nyeri ringan; demam; panas; nyeri; Gunakan sesuai petunjuk pada kemasan.,Jarang: ruam kulit,2026-12-31,Produk,https://placehold.co/400x300/f8fafc/ef4444?text=Sanmol+Strip+4s,True,"[""otc"",""indonesia"",""chatbot-ready""]"
2872,Cendo Botol 120ml,Mata & Telinga,63000.0,80,"Bervariasi (Dexamethasone, Neomycin / Artificial Tears)",Radang mata (Xitrol) / Mata Kering; Gejala terkait: mata belekan; bintitan; radang mata; mata kering softlens,Sesuai aturan pakai pada kemasan. Gunakan sesuai petunjuk pada kemasan.,"Bervariasi (Dexamethasone, Neomycin / Artificial Tears)",Radang mata (Xitrol) / Mata Kering; mata belekan; bintitan; radang mata; mata kering softlens; Gunakan sesuai petunjuk pada kemasan.,Pandangan kabur sementara,2026-12-31,Produk,https://placehold.co/400x300/f8fafc/0ea5e9?text=Cendo+Botol+120ml,False,"[""otc"",""indonesia"",""chatbot-ready""]"
2873,Imboost Extra Vitamin C,Vitamin & Suplemen,45000.0,199,"Echinacea, Zinc",Booster daya tahan tubuh saat sakit; Gejala terkait: sistem imun; pemulihan sakit,Sesuai aturan pakai pada kemasan. Gunakan sesuai petunjuk pada kemasan. Jika sakit berlanjut hubungi dokter.,"Echinacea, Zinc",Booster daya tahan tubuh saat sakit; sistem imun; pemulihan sakit; Gunakan sesuai petunjuk pada kemasan. Jika sakit berlanjut hubungi dokter.,Alergi (jarang),2027-06-30,Produk,https://placehold.co/400x300/f8fafc/eab308?text=Imboost+Extra+Vitamin+C,True,"[""otc"",""indonesia"",""chatbot-ready""]"
2874,Cooling 5 Plus Orange Spray,Mulut & Tenggorokan,42000.0,422,Phenol Crystal,"Sakit tenggorokan ringan, pembunuh kuman mulut; Gejala terkait: semprot tenggorokan; gatal tenggorokan",Sesuai aturan pakai pada kemasan. Gunakan sesuai petunjuk pada kemasan. Jika sakit berlanjut hubungi dokter.,Phenol Crystal,"Sakit tenggorokan ringan, pembunuh kuman mulut; semprot tenggorokan; gatal tenggorokan; Gunakan sesuai petunjuk pada kemasan. Jika sakit berlanjut hubungi dokter.",Rasa kebas,2028-03-15,Spray,https://placehold.co/400x300/f8fafc/d946ef?text=Cooling+5+Plus+Orange+Spray,True,"[""otc"",""indonesia"",""chatbot-ready""]"
2875,Fasidol Sirup,Nyeri & Demam,12000.0,136,Paracetamol,Demam; Gejala terkait: demam; pusing,Sesuai aturan pakai pada kemasan. Gunakan sesuai petunjuk pada kemasan. Jika sakit berlanjut hubungi dokter.,Paracetamol,Demam; demam; pusing; Gunakan sesuai petunjuk pada kemasan. Jika sakit berlanjut hubungi dokter.,Jarang,2028-12-31,Sirup,https://placehold.co/400x300/f8fafc/ef4444?text=Fasidol+Sirup,True,"[""otc"",""indonesia"",""chatbot-ready""]"
2876,Ryvel Drops,Alergi & Gatal,70000.0,88,Cetirizine HCl,"Alergi, urtikaria (biduran); Gejala terkait: biduran anak; alergi kulit",Sesuai aturan pakai pada kemasan. Gunakan sesuai petunjuk pada kemasan. Jika sakit berlanjut hubungi dokter.,Cetirizine HCl,"Alergi, urtikaria (biduran); biduran anak; alergi kulit; Gunakan sesuai petunjuk pada kemasan. Jika sakit berlanjut hubungi dokter.",Mengantuk,2026-12-31,Produk,https://placehold.co/400x300/f8fafc/8b5cf6?text=Ryvel+Drops,True,"[""otc"",""indonesia"",""chatbot-ready""]"
2877,Laserin Sirup 30ml,Obat Batuk,12000.0,331,"Jahe merah, Cengkeh, Daun Sirih","Batuk, masuk angin; Gejala terkait: batuk herbal; tenggorokan hangat",Sesuai aturan pakai pada kemasan. Gunakan sesuai petunjuk pada kemasan. Jika sakit berlanjut hubungi dokter.,"Jahe merah, Cengkeh, Daun Sirih","Batuk, masuk angin; batuk herbal; tenggorokan hangat; Gunakan sesuai petunjuk pada kemasan. Jika sakit berlanjut hubungi dokter.",Jarang,2027-06-30,Sirup,https://placehold.co/400x300/f8fafc/3b82f6?text=Laserin+Sirup+30ml,True,"[""otc"",""indonesia"",""chatbot-ready""]"
2878,Betadine Throat Spray 50ml,Mulut & Tenggorokan,120000.0,93,Povidone Iodine 1%,"Sakit tenggorokan, bau mulut, gusi bengkak; Gejala terkait: kumur sakit tenggorokan; gusi bengkak",Sesuai aturan pakai pada kemasan. Gunakan sesuai petunjuk pada kemasan. Jika sakit berlanjut hubungi dokter.,Povidone Iodine 1%,"Sakit tenggorokan, bau mulut, gusi bengkak; kumur sakit tenggorokan; gusi bengkak; Gunakan sesuai petunjuk pada kemasan. Jika sakit berlanjut hubungi dokter.",Ubah warna gigi (jarang),2028-03-15,Spray,https://placehold.co/400x300/f8fafc/d946ef?text=Betadine+Throat+Spray+50ml,True,"[""otc"",""indonesia"",""chatbot-ready""]"
2879,Voltaren Emulgel 20g,Obat Oles Nyeri,85000.0,53,Diclofenac Diethylamine,"Nyeri sendi, osteoartritis, memar; Gejala terkait: nyeri sendi lutut; bengkak keseleo",Sesuai aturan pakai pada kemasan. Gunakan sesuai petunjuk pada kemasan. Jika sakit berlanjut hubungi dokter.,Diclofenac Diethylamine,"Nyeri sendi, osteoartritis, memar; nyeri sendi lutut; bengkak keseleo; Gunakan sesuai petunjuk pada kemasan. Jika sakit berlanjut hubungi dokter.",Kulit kemerahan,2027-06-30,Topikal,https://placehold.co/400x300/f8fafc/f97316?text=Voltaren+Emulgel+20g,True,"[""otc"",""indonesia"",""chatbot-ready""]"
2880,Liprolac Botol 120ml,Pencernaan & Diare,16000.0,234,Probiotik multi-strain,Kesehatan pencernaan bayi dan anak; Gejala terkait: pencernaan bayi; probiotik,Sesuai aturan pakai pada kemasan. Gunakan sesuai petunjuk pada kemasan.,Probiotik multi-strain,Kesehatan pencernaan bayi dan anak; pencernaan bayi; probiotik; Gunakan sesuai petunjuk pada kemasan.,Jarang,2028-03-15,Produk,https://placehold.co/400x300/f8fafc/f59e0b?text=Liprolac+Botol+120ml,True,"[""otc"",""indonesia"",""chatbot-ready""]"
2881,Bodrex Migra,Nyeri & Demam,15000.0,171,"Paracetamol 600mg, Caffeine 50mg","Sakit kepala, demam; Gejala terkait: sakit kepala; migrain",Sesuai aturan pakai pada kemasan. Gunakan sesuai petunjuk pada kemasan. Jika sakit berlanjut hubungi dokter.,"Paracetamol 600mg, Caffeine 50mg","Sakit kepala, demam; sakit kepala; migrain; Gunakan sesuai petunjuk pada kemasan. Jika sakit berlanjut hubungi dokter.",Berdebar,2027-06-30,Produk,https://placehold.co/400x300/f8fafc/ef4444?text=Bodrex+Migra,True,"[""otc"",""indonesia"",""chatbot-ready""]"
2882,Ketoconazole Box 100s,Antijamur & Kulit,80000.0,78,Ketoconazole 2%,Infeksi jamur luas; Gejala terkait: jamur murah; kurap,Sesuai aturan pakai pada kemasan. Gunakan sesuai petunjuk pada kemasan.,Ketoconazole 2%,Infeksi jamur luas; jamur murah; kurap; Gunakan sesuai petunjuk pada kemasan.,Iritasi lokal,2027-06-30,Produk,https://placehold.co/400x300/f8fafc/14b8a6?text=Ketoconazole+Box+100s,True,"[""otc"",""indonesia"",""chatbot-ready""]"
2883,Lacto-B Sachet,Pencernaan & Diare,8000.0,491,Probiotik (Lactobacillus),Memperbaiki flora usus saat diare anak; Gejala terkait: probiotik diare; mencret anak,Sesuai aturan pakai pada kemasan. Gunakan sesuai petunjuk pada kemasan. Jika sakit berlanjut hubungi dokter.,Probiotik (Lactobacillus),Memperbaiki flora usus saat diare anak; probiotik diare; mencret anak; Gunakan sesuai petunjuk pada kemasan. Jika sakit berlanjut hubungi dokter.,Jarang,2028-12-31,Sachet,https://placehold.co/400x300/f8fafc/f59e0b?text=Lacto-B+Sachet,True,"[""otc"",""indonesia"",""chatbot-ready""]"
2884,Sterimar Blocked Nose 50ml,Perawatan Hidung & Pernapasan,145000.0,68,Isotonic/Hypertonic Sea Water,"Membersihkan hidung kotor, melegakan pernapasan; Gejala terkait: cuci hidung; hidung bayi mampet",Sesuai aturan pakai pada kemasan. Gunakan sesuai petunjuk pada kemasan. Jika sakit berlanjut hubungi dokter.,Isotonic/Hypertonic Sea Water,"Membersihkan hidung kotor, melegakan pernapasan; cuci hidung; hidung bayi mampet; Gunakan sesuai petunjuk pada kemasan. Jika sakit berlanjut hubungi dokter.",Rasa asin sesaat,2026-12-31,Produk,https://placehold.co/400x300/f8fafc/06b6d4?text=Sterimar+Blocked+Nose+50ml,True,"[""otc"",""indonesia"",""chatbot-ready""]"
2885,Loratadine Tablet 10mg,Alergi & Gatal,8000.0,167,Loratadine 10mg,Alergi tanpa mengantuk parah; Gejala terkait: alergi kerja; biduran pagi,Sesuai aturan pakai pada kemasan. Gunakan sesuai petunjuk pada kemasan. Jika sakit berlanjut hubungi dokter.,Loratadine 10mg,Alergi tanpa mengantuk parah; alergi kerja; biduran pagi; Gunakan sesuai petunjuk pada kemasan. Jika sakit berlanjut hubungi dokter.,Mulut kering,2028-12-31,Tablet,https://placehold.co/400x300/f8fafc/8b5cf6?text=Loratadine+Tablet+10mg,True,"[""otc"",""indonesia"",""chatbot-ready""]"
2886,Cooling 5 Box 50s,Mulut & Tenggorokan,171000.0,49,Phenol Crystal,"Sakit tenggorokan ringan, pembunuh kuman mulut; Gejala terkait: semprot tenggorokan; gatal tenggorokan",Sesuai aturan pakai pada kemasan. Gunakan sesuai petunjuk pada kemasan.,Phenol Crystal,"Sakit tenggorokan ringan, pembunuh kuman mulut; semprot tenggorokan; gatal tenggorokan; Gunakan sesuai petunjuk pada kemasan.",Rasa kebas,2028-03-15,Produk,https://placehold.co/400x300/f8fafc/d946ef?text=Cooling+5+Box+50s,True,"[""otc"",""indonesia"",""chatbot-ready""]"
2887,Caladine Powder 60g,Alergi & Gatal,12000.0,302,"Calamine, Zinc Oxide, Diphenhydramine","Gatal biang keringat, gigitan serangga; Gejala terkait: biang keringat; gatal oles; gatal serangga",Sesuai aturan pakai pada kemasan. Gunakan sesuai petunjuk pada kemasan. Jika sakit berlanjut hubungi dokter.,"Calamine, Zinc Oxide, Diphenhydramine","Gatal biang keringat, gigitan serangga; biang keringat; gatal oles; gatal serangga; Gunakan sesuai petunjuk pada kemasan. Jika sakit berlanjut hubungi dokter.",Kulit sedikit kering,2028-12-31,Produk,https://placehold.co/400x300/f8fafc/8b5cf6?text=Caladine+Powder+60g,True,"[""otc"",""indonesia"",""chatbot-ready""]"
2888,Woods Peppermint Expectorant 60ml,Obat Batuk,28000.0,482,"Bromhexine, Guaifenesin / Dextromethorphan",Batuk berdahak / batuk kering; Gejala terkait: batuk gatal; dahak kental; batuk kering,Sesuai aturan pakai pada kemasan. Gunakan sesuai petunjuk pada kemasan. Jika sakit berlanjut hubungi dokter.,"Bromhexine, Guaifenesin / Dextromethorphan",Batuk berdahak / batuk kering; batuk gatal; dahak kental; batuk kering; Gunakan sesuai petunjuk pada kemasan. Jika sakit berlanjut hubungi dokter.,Mual ringan,2027-06-30,Produk,https://placehold.co/400x300/f8fafc/3b82f6?text=Woods+Peppermint+Expectorant+60ml,True,"[""otc"",""indonesia"",""chatbot-ready""]"
2889,Betadine Solution 15ml,Obat Kulit & Luka,18000.0,371,Povidone Iodine 10%,Antiseptik untuk luka lecet/potong; Gejala terkait: obat merah; luka lecet; antiseptik,Sesuai aturan pakai pada kemasan. Gunakan sesuai petunjuk pada kemasan. Jika sakit berlanjut hubungi dokter.,Povidone Iodine 10%,Antiseptik untuk luka lecet/potong; obat merah; luka lecet; antiseptik; Gunakan sesuai petunjuk pada kemasan. Jika sakit berlanjut hubungi dokter.,Iritasi ringan,2028-12-31,Cairan,https://placehold.co/400x300/f8fafc/ec4899?text=Betadine+Solution+15ml,True,"[""otc"",""indonesia"",""chatbot-ready""]"
2890,Tremenza Botol 60ml,Flu & Pilek,35000.0,187,"Pseudoephedrine, Triprolidine",Flu alergi; Gejala terkait: flu alergi; pilek tak kunjung sembuh,Sesuai aturan pakai pada kemasan. Gunakan sesuai petunjuk pada kemasan.,"Pseudoephedrine, Triprolidine",Flu alergi; flu alergi; pilek tak kunjung sembuh; Gunakan sesuai petunjuk pada kemasan.,"Mengantuk sangat, mulut kering",2026-12-31,Produk,https://placehold.co/400x300/f8fafc/06b6d4?text=Tremenza+Botol+60ml,False,"[""otc"",""indonesia"",""chatbot-ready""]"
2891,Polycrol Box 50s,Lambung & Maag,99000.0,71,"Activated Methylpolysiloxane, Antasida",Maag dengan kembung berat; Gejala terkait: kembung keras; lambung penuh,Sesuai aturan pakai pada kemasan. Gunakan sesuai petunjuk pada kemasan.,"Activated Methylpolysiloxane, Antasida",Maag dengan kembung berat; kembung keras; lambung penuh; Gunakan sesuai petunjuk pada kemasan.,Konstipasi,2028-12-31,Produk,https://placehold.co/400x300/f8fafc/10b981?text=Polycrol+Box+50s,False,"[""otc"",""indonesia"",""chatbot-ready""]"
2892,Bear Brand Susu Steril Kaleng 189ml,Vitamin & Suplemen,12000.0,378,100% Susu Sapi Murni Steril,Pemulihan kesehatan; Gejala terkait: susu steril; tipes; pemulihan,Sesuai aturan pakai pada kemasan. Gunakan sesuai petunjuk pada kemasan. Jika sakit berlanjut hubungi dokter.,100% Susu Sapi Murni Steril,Pemulihan kesehatan; susu steril; tipes; pemulihan; Gunakan sesuai petunjuk pada kemasan. Jika sakit berlanjut hubungi dokter.,Alergi laktosa,2028-12-31,Produk,https://placehold.co/400x300/f8fafc/eab308?text=Bear+Brand+Susu+Steril+Kaleng+189ml,True,"[""otc"",""indonesia"",""chatbot-ready""]"
2893,Incidal-OD Strip 10s,Alergi & Gatal,35000.0,398,Cetirizine HCl,Obat anti alergi paten; Gejala terkait: alergi berat; gatal paten,Sesuai aturan pakai pada kemasan. Gunakan sesuai petunjuk pada kemasan.,Cetirizine HCl,Obat anti alergi paten; alergi berat; gatal paten; Gunakan sesuai petunjuk pada kemasan.,Mengantuk,2028-12-31,Produk,https://placehold.co/400x300/f8fafc/8b5cf6?text=Incidal-OD+Strip+10s,True,"[""otc"",""indonesia"",""chatbot-ready""]"
2894,Polysilane Max Peppermint,Lambung & Maag,15000.0,325,"Simethicone, Al(OH)3, Mg(OH)2",Mengatasi kembung dan maag; Gejala terkait: perut kembung parah; penuh ulu hati,Sesuai aturan pakai pada kemasan. Gunakan sesuai petunjuk pada kemasan. Jika sakit berlanjut hubungi dokter.,"Simethicone, Al(OH)3, Mg(OH)2",Mengatasi kembung dan maag; perut kembung parah; penuh ulu hati; Gunakan sesuai petunjuk pada kemasan. Jika sakit berlanjut hubungi dokter.,Sembelit ringan,2027-06-30,Produk,https://placehold.co/400x300/f8fafc/10b981?text=Polysilane+Max+Peppermint,True,"[""otc"",""indonesia"",""chatbot-ready""]"
2895,Mucos Tablet,Obat Batuk,18000.0,178,Ambroxol HCl,Batuk berdahak tebal; Gejala terkait: dahak pekat; bronkitis ringan,Sesuai aturan pakai pada kemasan. Gunakan sesuai petunjuk pada kemasan. Jika sakit berlanjut hubungi dokter.,Ambroxol HCl,Batuk berdahak tebal; dahak pekat; bronkitis ringan; Gunakan sesuai petunjuk pada kemasan. Jika sakit berlanjut hubungi dokter.,Mual ringan,2028-03-15,Tablet,https://placehold.co/400x300/f8fafc/3b82f6?text=Mucos+Tablet,True,"[""otc"",""indonesia"",""chatbot-ready""]"
2896,Siladex Botol 200ml,Obat Batuk,61500.0,80,"Bromhexine, Guaifenesin / Dextromethorphan",Batuk berdahak / batuk kering (Bebas Gula); Gejala terkait: batuk berdahak; batuk bebas gula,Sesuai aturan pakai pada kemasan. Gunakan sesuai petunjuk pada kemasan.,"Bromhexine, Guaifenesin / Dextromethorphan",Batuk berdahak / batuk kering (Bebas Gula); batuk berdahak; batuk bebas gula; Gunakan sesuai petunjuk pada kemasan.,Mual,2027-06-30,Produk,https://placehold.co/400x300/f8fafc/3b82f6?text=Siladex+Botol+200ml,False,"[""otc"",""indonesia"",""chatbot-ready""]"
2897,Cetirizine Tablet 10mg,Alergi & Gatal,6000.0,103,Cetirizine HCl 10mg,"Alergi gatal, biduran, bersin; Gejala terkait: alergi; biduran; bersin debu",Sesuai aturan pakai pada kemasan. Gunakan sesuai petunjuk pada kemasan. Jika sakit berlanjut hubungi dokter.,Cetirizine HCl 10mg,"Alergi gatal, biduran, bersin; alergi; biduran; bersin debu; Gunakan sesuai petunjuk pada kemasan. Jika sakit berlanjut hubungi dokter.",Mengantuk ringan,2026-12-31,Tablet,https://placehold.co/400x300/f8fafc/8b5cf6?text=Cetirizine+Tablet+10mg,True,"[""otc"",""indonesia"",""chatbot-ready""]"
2898,Mylanta Botol 60ml,Lambung & Maag,12000.0,455,"Aluminium Hydroxide, Magnesium Hydroxide, Simethicone",Asam lambung tinggi; Gejala terkait: asam lambung naik; perih perut,Sesuai aturan pakai pada kemasan. Gunakan sesuai petunjuk pada kemasan.,"Aluminium Hydroxide, Magnesium Hydroxide, Simethicone",Asam lambung tinggi; asam lambung naik; perih perut; Gunakan sesuai petunjuk pada kemasan.,Sembelit,2028-03-15,Produk,https://placehold.co/400x300/f8fafc/10b981?text=Mylanta+Botol+60ml,False,"[""otc"",""indonesia"",""chatbot-ready""]"
2899,Polysilane Box 30s,Lambung & Maag,31000.0,366,"Simethicone, Al(OH)3, Mg(OH)2",Mengatasi kembung dan maag; Gejala terkait: perut kembung parah; penuh ulu hati,Sesuai aturan pakai pada kemasan. Gunakan sesuai petunjuk pada kemasan.,"Simethicone, Al(OH)3, Mg(OH)2",Mengatasi kembung dan maag; perut kembung parah; penuh ulu hati; Gunakan sesuai petunjuk pada kemasan.,Sembelit ringan,2027-06-30,Produk,https://placehold.co/400x300/f8fafc/10b981?text=Polysilane+Box+30s,False,"[""otc"",""indonesia"",""chatbot-ready""]"
2900,Mucos Drops,Obat Batuk,35000.0,223,Ambroxol HCl,Batuk berdahak tebal; Gejala terkait: dahak pekat; bronkitis ringan,Sesuai aturan pakai pada kemasan. Gunakan sesuai petunjuk pada kemasan. Jika sakit berlanjut hubungi dokter.,Ambroxol HCl,Batuk berdahak tebal; dahak pekat; bronkitis ringan; Gunakan sesuai petunjuk pada kemasan. Jika sakit berlanjut hubungi dokter.,Mual ringan,2026-12-31,Produk,https://placehold.co/400x300/f8fafc/3b82f6?text=Mucos+Drops,False,"[""otc"",""indonesia"",""chatbot-ready""]"
2901,Salep 88 Box 30s,Antijamur & Kulit,33500.0,331,"Salicylic Acid, Benzoic Acid, Sulfur",Gatal jamur tradisional; Gejala terkait: panu keras; salep gatal panas,Sesuai aturan pakai pada kemasan. Gunakan sesuai petunjuk pada kemasan.,"Salicylic Acid, Benzoic Acid, Sulfur",Gatal jamur tradisional; panu keras; salep gatal panas; Gunakan sesuai petunjuk pada kemasan.,"Rasa panas menyengat, kulit terkelupas",2028-12-31,Produk,https://placehold.co/400x300/f8fafc/14b8a6?text=Salep+88+Box+30s,False,"[""otc"",""indonesia"",""chatbot-ready""]"
2902,Cetirizine Box 50s,Alergi & Gatal,27000.0,271,Cetirizine HCl 10mg,"Alergi gatal, biduran, bersin; Gejala terkait: alergi; biduran; bersin debu",Sesuai aturan pakai pada kemasan. Gunakan sesuai petunjuk pada kemasan.,Cetirizine HCl 10mg,"Alergi gatal, biduran, bersin; alergi; biduran; bersin debu; Gunakan sesuai petunjuk pada kemasan.",Mengantuk ringan,2026-12-31,Produk,https://placehold.co/400x300/f8fafc/8b5cf6?text=Cetirizine+Box+50s,True,"[""otc"",""indonesia"",""chatbot-ready""]"
2903,Panadol Cold & Flu,Nyeri & Demam,18500.0,407,Paracetamol 500mg,Meredakan demam dan nyeri ringan; Gejala terkait: demam; sakit kepala; nyeri,Sesuai aturan pakai pada kemasan. Gunakan sesuai petunjuk pada kemasan. Jika sakit berlanjut hubungi dokter.,Paracetamol 500mg,Meredakan demam dan nyeri ringan; demam; sakit kepala; nyeri; Gunakan sesuai petunjuk pada kemasan. Jika sakit berlanjut hubungi dokter.,Jarang: ruam kulit,2028-03-15,Produk,https://placehold.co/400x300/f8fafc/ef4444?text=Panadol+Cold+&+Flu,True,"[""otc"",""indonesia"",""chatbot-ready""]"
2904,Breathy Tube 50g,Perawatan Hidung & Pernapasan,112500.0,79,Sodium Chloride 0.65%,"Melembapkan hidung kering, cuci hidung ringan; Gejala terkait: tetes hidung bayi; hidung kering",Sesuai aturan pakai pada kemasan. Gunakan sesuai petunjuk pada kemasan.,Sodium Chloride 0.65%,"Melembapkan hidung kering, cuci hidung ringan; tetes hidung bayi; hidung kering; Gunakan sesuai petunjuk pada kemasan.",Jarang,2028-12-31,Produk,https://placehold.co/400x300/f8fafc/06b6d4?text=Breathy+Tube+50g,True,"[""otc"",""indonesia"",""chatbot-ready""]"
2905,Counterpain Botol 60ml,Obat Oles Nyeri,25000.0,291,"Methyl Salicylate, Menthol, Eugenol","Nyeri otot, keseleo, pegal linu; Gejala terkait: keseleo; salah urat; pegal linu",Sesuai aturan pakai pada kemasan. Gunakan sesuai petunjuk pada kemasan.,"Methyl Salicylate, Menthol, Eugenol","Nyeri otot, keseleo, pegal linu; keseleo; salah urat; pegal linu; Gunakan sesuai petunjuk pada kemasan.",Panas berlebih jika dikompres,2028-03-15,Produk,https://placehold.co/400x300/f8fafc/f97316?text=Counterpain+Botol+60ml,False,"[""otc"",""indonesia"",""chatbot-ready""]"
2906,Vitacimin Sweet Orange Strip,Vitamin & Suplemen,2500.0,478,Vitamin C 500mg,Suplemen Vitamin C hisap; Gejala terkait: vitamin hisap; sariawan,Sesuai aturan pakai pada kemasan. Gunakan sesuai petunjuk pada kemasan. Jika sakit berlanjut hubungi dokter.,Vitamin C 500mg,Suplemen Vitamin C hisap; vitamin hisap; sariawan; Gunakan sesuai petunjuk pada kemasan. Jika sakit berlanjut hubungi dokter.,Nyeri lambung (jika perut kosong),2027-06-30,Produk,https://placehold.co/400x300/f8fafc/eab308?text=Vitacimin+Sweet+Orange+Strip,True,"[""otc"",""indonesia"",""chatbot-ready""]"
2907,Adem Sari Ching Ku Kaleng,Herbal & Tradisional,9000.0,463,"Ekstrak Citrus, Ekstrak Pulosari, Vitamin C","Panas dalam, tenggorokan kering; Gejala terkait: tenggorokan kering; panas dalam serbuk",Sesuai aturan pakai pada kemasan. Gunakan sesuai petunjuk pada kemasan. Jika sakit berlanjut hubungi dokter.,"Ekstrak Citrus, Ekstrak Pulosari, Vitamin C","Panas dalam, tenggorokan kering; tenggorokan kering; panas dalam serbuk; Gunakan sesuai petunjuk pada kemasan. Jika sakit berlanjut hubungi dokter.",Kembung karena gas,2026-12-31,Produk,https://placehold.co/400x300/f8fafc/84cc16?text=Adem+Sari+Ching+Ku+Kaleng,True,"[""otc"",""indonesia"",""chatbot-ready""]"
2908,Ketoconazole Tablet,Antijamur & Kulit,15000.0,167,Ketoconazole 2%,Infeksi jamur luas; Gejala terkait: jamur murah; kurap,Sesuai aturan pakai pada kemasan. Gunakan sesuai petunjuk pada kemasan. Jika sakit berlanjut hubungi dokter.,Ketoconazole 2%,Infeksi jamur luas; jamur murah; kurap; Gunakan sesuai petunjuk pada kemasan. Jika sakit berlanjut hubungi dokter.,Iritasi lokal,2028-12-31,Tablet,https://placehold.co/400x300/f8fafc/14b8a6?text=Ketoconazole+Tablet,True,"[""otc"",""indonesia"",""chatbot-ready""]"
2909,Antasida Doen Tablet,Lambung & Maag,3000.0,387,"Aluminium Hydroxide, Magnesium Hydroxide",Maag generik; Gejala terkait: maag murah; antasida,Sesuai aturan pakai pada kemasan. Gunakan sesuai petunjuk pada kemasan. Jika sakit berlanjut hubungi dokter.,"Aluminium Hydroxide, Magnesium Hydroxide",Maag generik; maag murah; antasida; Gunakan sesuai petunjuk pada kemasan. Jika sakit berlanjut hubungi dokter.,Sembelit,2028-03-15,Tablet,https://placehold.co/400x300/f8fafc/10b981?text=Antasida+Doen+Tablet,True,"[""otc"",""indonesia"",""chatbot-ready""]"
2910,Kalpanax Cair 10ml,Antijamur & Kulit,12000.0,282,Miconazole Nitrate (K Cream) / Salicylic Acid (Cair),"Panu, kurap, kutu air; Gejala terkait: panu; kurap; jamur kulit keras",Sesuai aturan pakai pada kemasan. Gunakan sesuai petunjuk pada kemasan. Jika sakit berlanjut hubungi dokter.,Miconazole Nitrate (K Cream) / Salicylic Acid (Cair),"Panu, kurap, kutu air; panu; kurap; jamur kulit keras; Gunakan sesuai petunjuk pada kemasan. Jika sakit berlanjut hubungi dokter.",Rasa terbakar (pada bentuk cair),2027-06-30,Produk,https://placehold.co/400x300/f8fafc/14b8a6?text=Kalpanax+Cair+10ml,True,"[""otc"",""indonesia"",""chatbot-ready""]"
2911,Antasida Doen Botol 120ml,Lambung & Maag,5500.0,426,"Aluminium Hydroxide, Magnesium Hydroxide",Maag generik; Gejala terkait: maag murah; antasida,Sesuai aturan pakai pada kemasan. Gunakan sesuai petunjuk pada kemasan.,"Aluminium Hydroxide, Magnesium Hydroxide",Maag generik; maag murah; antasida; Gunakan sesuai petunjuk pada kemasan.,Sembelit,2028-12-31,Produk,https://placehold.co/400x300/f8fafc/10b981?text=Antasida+Doen+Botol+120ml,False,"[""otc"",""indonesia"",""chatbot-ready""]"
2912,Antasida Doen Botol 60ml,Lambung & Maag,5000.0,450,"Aluminium Hydroxide, Magnesium Hydroxide",Maag generik; Gejala terkait: maag murah; antasida,Sesuai aturan pakai pada kemasan. Gunakan sesuai petunjuk pada kemasan.,"Aluminium Hydroxide, Magnesium Hydroxide",Maag generik; maag murah; antasida; Gunakan sesuai petunjuk pada kemasan.,Sembelit,2028-12-31,Produk,https://placehold.co/400x300/f8fafc/10b981?text=Antasida+Doen+Botol+60ml,True,"[""otc"",""indonesia"",""chatbot-ready""]"
2913,Pamol Botol 120ml,Nyeri & Demam,25000.0,444,Paracetamol,Demam dan nyeri; Gejala terkait: demam; nyeri,Sesuai aturan pakai pada kemasan. Gunakan sesuai petunjuk pada kemasan.,Paracetamol,Demam dan nyeri; demam; nyeri; Gunakan sesuai petunjuk pada kemasan.,Jarang,2027-06-30,Produk,https://placehold.co/400x300/f8fafc/ef4444?text=Pamol+Botol+120ml,True,"[""otc"",""indonesia"",""chatbot-ready""]"
2914,Diapet Box isi 120 Tablet,Pencernaan & Diare,87000.0,270,"Ekstrak Daun Jambu Biji, Kunyit",Diare ringan (Herbal); Gejala terkait: diare herbal; mules,Sesuai aturan pakai pada kemasan. Gunakan sesuai petunjuk pada kemasan.,"Ekstrak Daun Jambu Biji, Kunyit",Diare ringan (Herbal); diare herbal; mules; Gunakan sesuai petunjuk pada kemasan.,Jarang,2027-06-30,Produk,https://placehold.co/400x300/f8fafc/f59e0b?text=Diapet+Box+30s,True,"[""otc"",""indonesia"",""chatbot-ready""]"
2915,Promag Forte Tablet,Lambung & Maag,12000.0,140,"Hydrotalcite, Magnesium Hydroxide, Simethicone","Maag, perut kembung, nyeri ulu hati; Gejala terkait: maag; asam lambung; begah; kembung",Sesuai aturan pakai pada kemasan. Gunakan sesuai petunjuk pada kemasan. Jika sakit berlanjut hubungi dokter.,"Hydrotalcite, Magnesium Hydroxide, Simethicone","Maag, perut kembung, nyeri ulu hati; maag; asam lambung; begah; kembung; Gunakan sesuai petunjuk pada kemasan. Jika sakit berlanjut hubungi dokter.",Diare/Sembelit ringan,2028-12-31,Tablet,https://placehold.co/400x300/f8fafc/10b981?text=Promag+Forte+Tablet,True,"[""otc"",""indonesia"",""chatbot-ready""]"
2916,Enkasari Mouthwash 120ml,Mulut & Tenggorokan,22000.0,181,"Ekstrak Saga, Daun Sirih, Akar Manis","Sariawan, bau mulut (Herbal); Gejala terkait: kumur sariawan herbal; daun saga",Sesuai aturan pakai pada kemasan. Gunakan sesuai petunjuk pada kemasan. Jika sakit berlanjut hubungi dokter.,"Ekstrak Saga, Daun Sirih, Akar Manis","Sariawan, bau mulut (Herbal); kumur sariawan herbal; daun saga; Gunakan sesuai petunjuk pada kemasan. Jika sakit berlanjut hubungi dokter.",Jarang,2026-12-31,Produk,https://placehold.co/400x300/f8fafc/d946ef?text=Enkasari+Mouthwash+120ml,True,"[""otc"",""indonesia"",""chatbot-ready""]"
2917,Proris Tablet,Nyeri & Demam,12000.0,156,Ibuprofen 200mg,"Nyeri sendi, sakit gigi, demam; Gejala terkait: nyeri radang; demam anak; sakit gigi",Sesuai aturan pakai pada kemasan. Gunakan sesuai petunjuk pada kemasan. Jika sakit berlanjut hubungi dokter.,Ibuprofen 200mg,"Nyeri sendi, sakit gigi, demam; nyeri radang; demam anak; sakit gigi; Gunakan sesuai petunjuk pada kemasan. Jika sakit berlanjut hubungi dokter.",Nyeri lambung,2027-06-30,Tablet,https://placehold.co/400x300/f8fafc/ef4444?text=Proris+Tablet,True,"[""otc"",""indonesia"",""chatbot-ready""]"
2918,Sterimar Baby Nasal Hygiene 50ml,Perawatan Hidung & Pernapasan,135000.0,89,Isotonic/Hypertonic Sea Water,"Membersihkan hidung kotor, melegakan pernapasan; Gejala terkait: cuci hidung; hidung bayi mampet",Sesuai aturan pakai pada kemasan. Gunakan sesuai petunjuk pada kemasan. Jika sakit berlanjut hubungi dokter.,Isotonic/Hypertonic Sea Water,"Membersihkan hidung kotor, melegakan pernapasan; cuci hidung; hidung bayi mampet; Gunakan sesuai petunjuk pada kemasan. Jika sakit berlanjut hubungi dokter.",Rasa asin sesaat,2026-12-31,Produk,https://placehold.co/400x300/f8fafc/06b6d4?text=Sterimar+Baby+Nasal+Hygiene+50ml,True,"[""otc"",""indonesia"",""chatbot-ready""]"
2919,Insto Cool 7.5ml,Mata & Telinga,18000.0,270,Tetrahydrozoline HCl (Regular) / HPMC (Dry Eyes),Mata merah iritasi / Mata kering; Gejala terkait: mata merah debu; mata perih kelilipan; obat tetes mata,Sesuai aturan pakai pada kemasan. Gunakan sesuai petunjuk pada kemasan. Jika sakit berlanjut hubungi dokter.,Tetrahydrozoline HCl (Regular) / HPMC (Dry Eyes),Mata merah iritasi / Mata kering; mata merah debu; mata perih kelilipan; obat tetes mata; Gunakan sesuai petunjuk pada kemasan. Jika sakit berlanjut hubungi dokter.,Perih di awal tetes,2028-03-15,Produk,https://placehold.co/400x300/f8fafc/0ea5e9?text=Insto+Cool+7.5ml,True,"[""otc"",""indonesia"",""chatbot-ready""]"
2920,Lansoprazole Kapsul 30mg,Lambung & Maag,25000.0,490,Lansoprazole 30mg,"GERD, tukak lambung; Gejala terkait: gerd; maag berat",Sesuai aturan pakai pada kemasan. Gunakan sesuai petunjuk pada kemasan. Jika sakit berlanjut hubungi dokter.,Lansoprazole 30mg,"GERD, tukak lambung; gerd; maag berat; Gunakan sesuai petunjuk pada kemasan. Jika sakit berlanjut hubungi dokter.",Diare,2028-03-15,Produk,https://placehold.co/400x300/f8fafc/10b981?text=Lansoprazole+Kapsul+30mg,True,"[""otc"",""indonesia"",""chatbot-ready""]"
2921,Waisan Sachet,Lambung & Maag,2500.0,439,"Antasida, Sodium Bicarbonate","Sakit maag, mual; Gejala terkait: mual maag; perih",Sesuai aturan pakai pada kemasan. Gunakan sesuai petunjuk pada kemasan. Jika sakit berlanjut hubungi dokter.,"Antasida, Sodium Bicarbonate","Sakit maag, mual; mual maag; perih; Gunakan sesuai petunjuk pada kemasan. Jika sakit berlanjut hubungi dokter.",Sendawa,2028-03-15,Sachet,https://placehold.co/400x300/f8fafc/10b981?text=Waisan+Sachet,True,"[""otc"",""indonesia"",""chatbot-ready""]"
2922,OBH Combi Batuk Flu Anak,Obat Batuk,18000.0,253,"Succus liquiritiae, Paracetamol, Ephedrine",Batuk berdahak dan flu; Gejala terkait: batuk berdahak; flu batuk,Sesuai aturan pakai pada kemasan. Gunakan sesuai petunjuk pada kemasan. Jika sakit berlanjut hubungi dokter.,"Succus liquiritiae, Paracetamol, Ephedrine",Batuk berdahak dan flu; batuk berdahak; flu batuk; Gunakan sesuai petunjuk pada kemasan. Jika sakit berlanjut hubungi dokter.,Mengantuk,2026-12-31,Produk,https://placehold.co/400x300/f8fafc/3b82f6?text=OBH+Combi+Batuk+Flu+Anak,True,"[""otc"",""indonesia"",""chatbot-ready""]"
2923,Proris Sirup,Nyeri & Demam,25000.0,229,Ibuprofen 200mg,"Nyeri sendi, sakit gigi, demam; Gejala terkait: nyeri radang; demam anak; sakit gigi",Sesuai aturan pakai pada kemasan. Gunakan sesuai petunjuk pada kemasan. Jika sakit berlanjut hubungi dokter.,Ibuprofen 200mg,"Nyeri sendi, sakit gigi, demam; nyeri radang; demam anak; sakit gigi; Gunakan sesuai petunjuk pada kemasan. Jika sakit berlanjut hubungi dokter.",Nyeri lambung,2028-12-31,Sirup,https://placehold.co/400x300/f8fafc/ef4444?text=Proris+Sirup,False,"[""otc"",""indonesia"",""chatbot-ready""]"
2924,Proris Suppositoria,Nyeri & Demam,40000.0,412,Ibuprofen 200mg,"Nyeri sendi, sakit gigi, demam; Gejala terkait: nyeri radang; demam anak; sakit gigi",Sesuai aturan pakai pada kemasan. Gunakan sesuai petunjuk pada kemasan. Jika sakit berlanjut hubungi dokter.,Ibuprofen 200mg,"Nyeri sendi, sakit gigi, demam; nyeri radang; demam anak; sakit gigi; Gunakan sesuai petunjuk pada kemasan. Jika sakit berlanjut hubungi dokter.",Nyeri lambung,2028-03-15,Produk,https://placehold.co/400x300/f8fafc/ef4444?text=Proris+Suppositoria,True,"[""otc"",""indonesia"",""chatbot-ready""]"
2925,Daktarin Cream 15g,Antijamur & Kulit,55000.0,69,Miconazole Nitrate 2%,Infeksi jamur kulit dan lipatan; Gejala terkait: jamur selangkangan; kutu air; bedak jamur,Sesuai aturan pakai pada kemasan. Gunakan sesuai petunjuk pada kemasan. Jika sakit berlanjut hubungi dokter.,Miconazole Nitrate 2%,Infeksi jamur kulit dan lipatan; jamur selangkangan; kutu air; bedak jamur; Gunakan sesuai petunjuk pada kemasan. Jika sakit berlanjut hubungi dokter.,Iritasi ringan,2026-12-31,Topikal,https://placehold.co/400x300/f8fafc/14b8a6?text=Daktarin+Cream+15g,True,"[""otc"",""indonesia"",""chatbot-ready""]"
2926,Larutan Cap Kaki Tiga Botol 320ml,Herbal & Tradisional,7000.0,444,"Gypsum Fibrosum, Calcitum","Panas dalam, bibir pecah-pecah; Gejala terkait: air panas dalam; bibir pecah",Sesuai aturan pakai pada kemasan. Gunakan sesuai petunjuk pada kemasan. Jika sakit berlanjut hubungi dokter.,"Gypsum Fibrosum, Calcitum","Panas dalam, bibir pecah-pecah; air panas dalam; bibir pecah; Gunakan sesuai petunjuk pada kemasan. Jika sakit berlanjut hubungi dokter.",Jarang,2028-03-15,Produk,https://placehold.co/400x300/f8fafc/84cc16?text=Larutan+Cap+Kaki+Tiga+Botol+320ml,True,"[""otc"",""indonesia"",""chatbot-ready""]"
2927,Tempra Forte Sirup,Nyeri & Demam,48000.0,401,Paracetamol,Demam anak; Gejala terkait: demam bayi; panas anak,Sesuai aturan pakai pada kemasan. Gunakan sesuai petunjuk pada kemasan. Jika sakit berlanjut hubungi dokter.,Paracetamol,Demam anak; demam bayi; panas anak; Gunakan sesuai petunjuk pada kemasan. Jika sakit berlanjut hubungi dokter.,Jarang,2027-06-30,Sirup,https://placehold.co/400x300/f8fafc/ef4444?text=Tempra+Forte+Sirup,True,"[""otc"",""indonesia"",""chatbot-ready""]"
2928,FG Troches Strip 10s,Mulut & Tenggorokan,18000.0,208,"Fradiomycin, Gramicidin",Radang tenggorokan karena bakteri; Gejala terkait: radang tenggorokan; amandel,Sesuai aturan pakai pada kemasan. Gunakan sesuai petunjuk pada kemasan. Jika sakit berlanjut hubungi dokter.,"Fradiomycin, Gramicidin",Radang tenggorokan karena bakteri; radang tenggorokan; amandel; Gunakan sesuai petunjuk pada kemasan. Jika sakit berlanjut hubungi dokter.,Gangguan flora mulut bila berlebih,2026-12-31,Produk,https://placehold.co/400x300/f8fafc/d946ef?text=FG+Troches+Strip+10s,True,"[""otc"",""indonesia"",""chatbot-ready""]"
2929,Bodrex Strip 4s,Nyeri & Demam,4500.0,436,"Paracetamol 600mg, Caffeine 50mg","Sakit kepala, demam; Gejala terkait: sakit kepala; migrain",Sesuai aturan pakai pada kemasan. Gunakan sesuai petunjuk pada kemasan.,"Paracetamol 600mg, Caffeine 50mg","Sakit kepala, demam; sakit kepala; migrain; Gunakan sesuai petunjuk pada kemasan.",Berdebar,2028-03-15,Produk,https://placehold.co/400x300/f8fafc/ef4444?text=Bodrex+Strip+4s,False,"[""otc"",""indonesia"",""chatbot-ready""]"
2930,Lodia Botol 30ml,Pencernaan & Diare,20000.0,304,Loperamide HCl,Diare akut; Gejala terkait: diare akut parah,Sesuai aturan pakai pada kemasan. Gunakan sesuai petunjuk pada kemasan.,Loperamide HCl,Diare akut; diare akut parah; Gunakan sesuai petunjuk pada kemasan.,"Sembelit, pusing",2026-12-31,Produk,https://placehold.co/400x300/f8fafc/f59e0b?text=Lodia+Botol+30ml,False,"[""otc"",""indonesia"",""chatbot-ready""]"
2931,Decolgen Tube 10g,Flu & Pilek,3000.0,348,"Paracetamol, Phenylpropanolamine, CTM","Gejala flu, hidung tersumbat; Gejala terkait: pilek; hidung tersumbat",Sesuai aturan pakai pada kemasan. Gunakan sesuai petunjuk pada kemasan.,"Paracetamol, Phenylpropanolamine, CTM","Gejala flu, hidung tersumbat; pilek; hidung tersumbat; Gunakan sesuai petunjuk pada kemasan.","Mengantuk, berdebar",2027-06-30,Produk,https://placehold.co/400x300/f8fafc/06b6d4?text=Decolgen+Tube+10g,False,"[""otc"",""indonesia"",""chatbot-ready""]"
2932,Woods Antitussive 100ml,Obat Batuk,42000.0,388,"Bromhexine, Guaifenesin / Dextromethorphan",Batuk berdahak / batuk kering; Gejala terkait: batuk gatal; dahak kental; batuk kering,Sesuai aturan pakai pada kemasan. Gunakan sesuai petunjuk pada kemasan. Jika sakit berlanjut hubungi dokter.,"Bromhexine, Guaifenesin / Dextromethorphan",Batuk berdahak / batuk kering; batuk gatal; dahak kental; batuk kering; Gunakan sesuai petunjuk pada kemasan. Jika sakit berlanjut hubungi dokter.,Mual ringan,2028-12-31,Produk,https://placehold.co/400x300/f8fafc/3b82f6?text=Woods+Antitussive+100ml,True,"[""otc"",""indonesia"",""chatbot-ready""]"
2933,Imboost Strip 4s,Vitamin & Suplemen,19000.0,365,"Echinacea, Zinc",Booster daya tahan tubuh saat sakit; Gejala terkait: sistem imun; pemulihan sakit,Sesuai aturan pakai pada kemasan. Gunakan sesuai petunjuk pada kemasan.,"Echinacea, Zinc",Booster daya tahan tubuh saat sakit; sistem imun; pemulihan sakit; Gunakan sesuai petunjuk pada kemasan.,Alergi (jarang),2027-06-30,Produk,https://placehold.co/400x300/f8fafc/eab308?text=Imboost+Strip+4s,True,"[""otc"",""indonesia"",""chatbot-ready""]"
2934,Vicks Formula 44 Sirup 54ml,Obat Batuk,25000.0,197,"Dextromethorphan HBr, Doxylamine",Batuk kering & bersin; Gejala terkait: batuk kering malam hari; batuk gatal,Sesuai aturan pakai pada kemasan. Gunakan sesuai petunjuk pada kemasan. Jika sakit berlanjut hubungi dokter.,"Dextromethorphan HBr, Doxylamine",Batuk kering & bersin; batuk kering malam hari; batuk gatal; Gunakan sesuai petunjuk pada kemasan. Jika sakit berlanjut hubungi dokter.,Mengantuk,2027-06-30,Sirup,https://placehold.co/400x300/f8fafc/3b82f6?text=Vicks+Formula+44+Sirup+54ml,True,"[""otc"",""indonesia"",""chatbot-ready""]"
2935,Plantacid Tablet,Lambung & Maag,14000.0,276,"Aluminium Hydroxide, Magnesium Hydroxide, Simethicone",Tukak lambung dan maag; Gejala terkait: tukak lambung; maag kronis,Sesuai aturan pakai pada kemasan. Gunakan sesuai petunjuk pada kemasan. Jika sakit berlanjut hubungi dokter.,"Aluminium Hydroxide, Magnesium Hydroxide, Simethicone",Tukak lambung dan maag; tukak lambung; maag kronis; Gunakan sesuai petunjuk pada kemasan. Jika sakit berlanjut hubungi dokter.,Diare/sembelit,2027-06-30,Tablet,https://placehold.co/400x300/f8fafc/10b981?text=Plantacid+Tablet,False,"[""otc"",""indonesia"",""chatbot-ready""]"
2936,Diapet Kapsul,Pencernaan & Diare,8000.0,176,"Ekstrak Daun Jambu Biji, Kunyit",Diare ringan (Herbal); Gejala terkait: diare herbal; mules,Sesuai aturan pakai pada kemasan. Gunakan sesuai petunjuk pada kemasan. Jika sakit berlanjut hubungi dokter.,"Ekstrak Daun Jambu Biji, Kunyit",Diare ringan (Herbal); diare herbal; mules; Gunakan sesuai petunjuk pada kemasan. Jika sakit berlanjut hubungi dokter.,Jarang,2028-03-15,Produk,https://placehold.co/400x300/f8fafc/f59e0b?text=Diapet+Kapsul,False,"[""otc"",""indonesia"",""chatbot-ready""]"
2937,Enervon C Plus Sirup,Vitamin & Suplemen,25000.0,367,"Vitamin C 500mg, Vitamin B Kompleks",Menjaga daya tahan tubuh; Gejala terkait: imun; vitamin c; capek,Sesuai aturan pakai pada kemasan. Gunakan sesuai petunjuk pada kemasan. Jika sakit berlanjut hubungi dokter.,"Vitamin C 500mg, Vitamin B Kompleks",Menjaga daya tahan tubuh; imun; vitamin c; capek; Gunakan sesuai petunjuk pada kemasan. Jika sakit berlanjut hubungi dokter.,Urin berwarna kuning cerah,2027-06-30,Sirup,https://placehold.co/400x300/f8fafc/eab308?text=Enervon+C+Plus+Sirup,True,"[""otc"",""indonesia"",""chatbot-ready""]"
2938,CDR Strip 4s,Vitamin & Suplemen,24000.0,400,"Kalsium, Vitamin C, D, B6","Kesehatan tulang, gigi, dan imun; Gejala terkait: kalsium; tulang kuat; ibu hamil",Sesuai aturan pakai pada kemasan. Gunakan sesuai petunjuk pada kemasan.,"Kalsium, Vitamin C, D, B6","Kesehatan tulang, gigi, dan imun; kalsium; tulang kuat; ibu hamil; Gunakan sesuai petunjuk pada kemasan.",Kembung (karena gas effervescent),2028-03-15,Produk,https://placehold.co/400x300/f8fafc/eab308?text=CDR+Strip+4s,True,"[""otc"",""indonesia"",""chatbot-ready""]"
2939,Sumagesic Tablet 600mg,Nyeri & Demam,15000.0,191,Paracetamol 600mg,"Sakit kepala, sakit gigi, demam; Gejala terkait: demam tinggi; sakit kepala berat",Sesuai aturan pakai pada kemasan. Gunakan sesuai petunjuk pada kemasan. Jika sakit berlanjut hubungi dokter.,Paracetamol 600mg,"Sakit kepala, sakit gigi, demam; demam tinggi; sakit kepala berat; Gunakan sesuai petunjuk pada kemasan. Jika sakit berlanjut hubungi dokter.",Gangguan hati (dosis tinggi),2028-03-15,Tablet,https://placehold.co/400x300/f8fafc/ef4444?text=Sumagesic+Tablet+600mg,True,"[""otc"",""indonesia"",""chatbot-ready""]"
2940,Komix OBH Sachet,Obat Batuk,1500.0,337,"Dextromethorphan, Guaifenesin",Batuk ringan; Gejala terkait: batuk ringan; batuk gatal,Sesuai aturan pakai pada kemasan. Gunakan sesuai petunjuk pada kemasan. Jika sakit berlanjut hubungi dokter.,"Dextromethorphan, Guaifenesin",Batuk ringan; batuk ringan; batuk gatal; Gunakan sesuai petunjuk pada kemasan. Jika sakit berlanjut hubungi dokter.,Mengantuk,2028-03-15,Sachet,https://placehold.co/400x300/f8fafc/3b82f6?text=Komix+OBH+Sachet,True,"[""otc"",""indonesia"",""chatbot-ready""]"
2941,Oskadon Tube 15g,Nyeri & Demam,7000.0,326,"Paracetamol 500mg, Caffeine 35mg","Sakit kepala, pusing; Gejala terkait: sakit kepala; pegal",Sesuai aturan pakai pada kemasan. Gunakan sesuai petunjuk pada kemasan.,"Paracetamol 500mg, Caffeine 35mg","Sakit kepala, pusing; sakit kepala; pegal; Gunakan sesuai petunjuk pada kemasan.","Sulit tidur, berdebar",2026-12-31,Produk,https://placehold.co/400x300/f8fafc/ef4444?text=Oskadon+Tube+15g,False,"[""otc"",""indonesia"",""chatbot-ready""]"
