id,name,category,price,stock,description,indication,dosage,ingredients,benefits,side_effects,expiry,type,photo,is_active,tags
6461,Panadol Regular,Nyeri & Demam,22848.0,75,Paracetamol 500mg,"Demam, sakit kepala, nyeri ringan",Dosis sesuai anjuran dokter. Haleon,Paracetamol 500mg,"Demam, sakit kepala, nyeri ringan",Jarang: ruam kulit,2028-03-15,Tablet,/static/medicines/Panadol Regular.jpg,True,[]
6462,Panadol Extra,Nyeri & Demam,8373.0,120,"Paracetamol 500mg, Caffeine 65mg","Sakit kepala, migrain, demam",Dosis sesuai anjuran dokter. Haleon,"Paracetamol 500mg, Caffeine 65mg","Sakit kepala, migrain, demam",Berdebar (dosis tinggi),2027-11-20,Tablet,/static/medicines/Panadol Extra.jpg,True,[]
6463,Panadol Biru,Nyeri & Demam,9975.0,107,Paracetamol 500mg,Demam dan nyeri ringan,Dosis sesuai anjuran dokter. Haleon,Paracetamol 500mg,Demam dan nyeri ringan,Jarang,2027-06-30,Tablet,/static/medicines/Panadol Biru.jpg,True,[]
6464,Panadol Cold & Flu,Nyeri & Demam,33571.0,173,"Paracetamol 500mg, Phenylephrine 5mg","Flu, demam, hidung tersumbat",Dosis sesuai anjuran dokter. Haleon,"Paracetamol 500mg, Phenylephrine 5mg","Flu, demam, hidung tersumbat",Mengantuk ringan,2027-11-20,Tablet,/static/medicines/Panadol Cold & Flu.jpg,True,[]
6465,Panadol Anak Sirup,Nyeri & Demam,23996.0,271,Paracetamol 120mg/5ml,Demam dan nyeri pada anak,Dosis sesuai anjuran dokter. Haleon,Paracetamol 120mg/5ml,Demam dan nyeri pada anak,Jarang,2027-11-20,Tablet,/static/medicines/Panadol Anak Sirup.jpg,True,[]
6466,Panadol Box 100s,Nyeri & Demam,18856.0,283,Paracetamol 500mg,"Demam, sakit kepala, nyeri ringan",Dosis sesuai anjuran dokter. Haleon,Paracetamol 500mg,"Demam, sakit kepala, nyeri ringan",Jarang,2026-12-31,Tablet,/static/medicines/Panadol Box 100s.jpg,True,[]
6467,Sanmol Strip 4s,Nyeri & Demam,13882.0,151,Paracetamol 500mg,Demam dan nyeri ringan,Dosis sesuai anjuran dokter. Sanbe Farma,Paracetamol 500mg,Demam dan nyeri ringan,Jarang: ruam kulit,2027-11-20,Tablet,/static/medicines/Sanmol Strip 4s.jpg,True,[]
6468,Sanmol Sirup,Nyeri & Demam,8052.0,137,Paracetamol 120mg/5ml,Demam anak,Dosis sesuai anjuran dokter. Sanbe Farma,Paracetamol 120mg/5ml,Demam anak,Jarang,2027-06-30,Tablet,/static/medicines/Sanmol Sirup.jpg,True,[]
6469,Sanmol Forte Sirup,Nyeri & Demam,26892.0,274,Paracetamol 250mg/5ml,Demam tinggi anak,Dosis sesuai anjuran dokter. Sanbe Farma,Paracetamol 250mg/5ml,Demam tinggi anak,Jarang,2027-06-30,Tablet,/static/medicines/Sanmol Forte Sirup.jpg,True,[]
6470,Sanmol Drops,Nyeri & Demam,15186.0,222,Paracetamol 100mg/ml,Demam bayi,Dosis sesuai anjuran dokter. Sanbe Farma,Paracetamol 100mg/ml,Demam bayi,Jarang,2028-03-15,Tablet,/static/medicines/Sanmol Drops.jpg,True,[]
6471,Biogesic Paracetamol Isi 4 Tablet,Nyeri & Demam,23662.0,203,Paracetamol 500mg,Demam dan nyeri ringan,Dosis sesuai anjuran dokter. Darya-Varia,Paracetamol 500mg,Demam dan nyeri ringan,Jarang,2026-12-31,Tablet,/static/medicines/Biogesic Paracetamol Isi 4 Tablet.jpg,True,[]
6472,Biogesic Sirup Rasa jeruk 60ml,Nyeri & Demam,17109.0,283,Paracetamol 120mg/5ml,Demam anak rasa jeruk,Dosis sesuai anjuran dokter. Darya-Varia,Paracetamol 120mg/5ml,Demam anak rasa jeruk,Jarang,2027-11-20,Tablet,/static/medicines/Biogesic Sirup Rasa jeruk 60ml.jpg,True,[]
6473,Sumagesic Tablet 600mg,Nyeri & Demam,29875.0,136,Paracetamol 600mg,"Sakit kepala, sakit gigi, demam berat",Dosis sesuai anjuran dokter. Darya-Varia,Paracetamol 600mg,"Sakit kepala, sakit gigi, demam berat",Gangguan hati dosis tinggi,2028-03-15,Tablet,/static/medicines/Sumagesic Tablet 600mg.jpg,True,[]
6474,Proris Tablet,Nyeri & Demam,5625.0,249,Ibuprofen 200mg,"Nyeri sendi, sakit gigi, demam",Dosis sesuai anjuran dokter. Pharos,Ibuprofen 200mg,"Nyeri sendi, sakit gigi, demam",Nyeri lambung,2028-03-15,Tablet,/static/medicines/Proris Tablet.jpg,True,[]
6475,Proris Forte Sirup 50ml,Nyeri & Demam,16165.0,295,Ibuprofen 100mg/5ml,"Demam anak, sakit gigi anak",Dosis sesuai anjuran dokter. Pharos,Ibuprofen 100mg/5ml,"Demam anak, sakit gigi anak",Nyeri lambung,2027-11-20,Tablet,/static/medicines/Proris Forte Sirup 50ml.jpg,True,[]
6476,Proris Botol 60ml,Nyeri & Demam,6871.0,212,Ibuprofen 100mg/5ml,Demam dan nyeri anak,Dosis sesuai anjuran dokter. Pharos,Ibuprofen 100mg/5ml,Demam dan nyeri anak,Nyeri lambung,2028-03-15,Tablet,/static/medicines/Proris Botol 60ml.jpg,True,[]
6477,Proris Suppositoria,Nyeri & Demam,25119.0,129,Ibuprofen 125mg,Demam tinggi anak yang tidak bisa minum,Dosis sesuai anjuran dokter. Pharos,Ibuprofen 125mg,Demam tinggi anak yang tidak bisa minum,Nyeri lambung,2028-03-15,Tablet,/static/medicines/Proris Suppositoria.jpg,True,[]
6478,Farsifen Tablet,Nyeri & Demam,32618.0,287,Ibuprofen 200mg,"Sakit gigi, demam, nyeri haid",Dosis sesuai anjuran dokter. Ifars,Ibuprofen 200mg,"Sakit gigi, demam, nyeri haid",Nyeri lambung,2026-12-31,Tablet,/static/medicines/Farsifen Tablet.jpg,True,[]
6479,Farsifen Sirup 60 ml,Nyeri & Demam,24510.0,216,Ibuprofen 100mg/5ml,Nyeri dan demam anak,Dosis sesuai anjuran dokter. Ifars,Ibuprofen 100mg/5ml,Nyeri dan demam anak,Nyeri lambung,2027-06-30,Tablet,/static/medicines/Farsifen Sirup 60 ml.jpg,True,[]
6480,Bodrex Tablet,Nyeri & Demam,22252.0,70,"Paracetamol 600mg, Caffeine 50mg","Sakit kepala, pusing",Dosis sesuai anjuran dokter. Tempo Scan,"Paracetamol 600mg, Caffeine 50mg","Sakit kepala, pusing",Berdebar,2026-12-31,Tablet,/static/medicines/Bodrex Tablet.jpg,True,[]
6481,Bodrex Extra,Nyeri & Demam,34256.0,102,"Paracetamol 600mg, Caffeine 65mg","Sakit kepala berat, migrain",Dosis sesuai anjuran dokter. Tempo Scan,"Paracetamol 600mg, Caffeine 65mg","Sakit kepala berat, migrain","Berdebar, insomnia",2028-03-15,Tablet,/static/medicines/Bodrex Extra.jpg,True,[]
6482,Bodrex Migra,Nyeri & Demam,28146.0,232,"Paracetamol, Caffeine, Ergotamine",Migrain akut,Dosis sesuai anjuran dokter. Tempo Scan,"Paracetamol, Caffeine, Ergotamine",Migrain akut,"Berdebar, mual",2026-12-31,Tablet,/static/medicines/Bodrex Migra.jpg,True,[]
6483,Bodrex Flu & Batuk,Nyeri & Demam,34944.0,233,"Paracetamol, Phenylephrine, CTM, Dextromethorphan","Flu, batuk, demam",Dosis sesuai anjuran dokter. Tempo Scan,"Paracetamol, Phenylephrine, CTM, Dextromethorphan","Flu, batuk, demam",Mengantuk,2027-11-20,Tablet,/static/medicines/Bodrex Flu & Batuk.jpg,True,[]
6484,Oskadon Tablet,Nyeri & Demam,26061.0,198,"Paracetamol 500mg, Caffeine 35mg","Sakit kepala, pusing",Dosis sesuai anjuran dokter. Supra Ferbindo,"Paracetamol 500mg, Caffeine 35mg","Sakit kepala, pusing",Sulit tidur,2028-03-15,Tablet,/static/medicines/Oskadon Tablet.jpg,True,[]
6485,Oskadon Sp,Nyeri & Demam,11747.0,98,"Paracetamol 500mg, Caffeine 50mg, Propyphenazone",Sakit kepala berat,Dosis sesuai anjuran dokter. Supra Ferbindo,"Paracetamol 500mg, Caffeine 50mg, Propyphenazone",Sakit kepala berat,"Berdebar, insomnia",2028-03-15,Tablet,/static/medicines/Oskadon Sp.jpg,True,[]
6486,Paramex Nyeri Otot,Nyeri & Demam,5614.0,211,"Paracetamol 250mg, Propyphenazone, Caffeine, Methocarbamol","Nyeri otot, pegal",Dosis sesuai anjuran dokter. Konimex,"Paracetamol 250mg, Propyphenazone, Caffeine, Methocarbamol","Nyeri otot, pegal","Berdebar, mengantuk",2026-12-31,Tablet,/static/medicines/Paramex Nyeri Otot.jpg,True,[]
6487,Paramex Tube 30g,Nyeri & Demam,22927.0,136,"Paracetamol 250mg, Propyphenazone, Caffeine",Sakit kepala,Dosis sesuai anjuran dokter. Konimex,"Paracetamol 250mg, Propyphenazone, Caffeine",Sakit kepala,Berdebar,2026-12-31,Tablet,/static/medicines/Paramex Tube 30g.jpg,True,[]
6488,Inzana Tablet Kunyah,Nyeri & Demam,19583.0,122,Aspirin 80mg,Demam anak ringan,Dosis sesuai anjuran dokter. Konimex,Aspirin 80mg,Demam anak ringan,Iritasi lambung,2027-06-30,Tablet,/static/medicines/Inzana Tablet Kunyah.jpg,True,[]
6489,Inzana Box 30s,Nyeri & Demam,19845.0,221,Aspirin 80mg,Demam anak,Dosis sesuai anjuran dokter. Konimex,Aspirin 80mg,Demam anak,Iritasi lambung,2027-06-30,Tablet,/static/medicines/Inzana Box 30s.jpg,True,[]
6490,Inzana Sachet 5ml,Nyeri & Demam,11026.0,210,Paracetamol sirup,Demam anak sachet praktis,Dosis sesuai anjuran dokter. Konimex,Paracetamol sirup,Demam anak sachet praktis,Jarang,2026-12-31,Tablet,/static/medicines/Inzana Sachet 5ml.jpg,True,[]
6491,Contrexyn Tablet Anak,Nyeri & Demam,34802.0,116,"Aspirin 80mg, Vitamin C",Demam anak,Dosis sesuai anjuran dokter. Tempo Scan,"Aspirin 80mg, Vitamin C",Demam anak,Iritasi lambung,2027-06-30,Tablet,/static/medicines/Contrexyn Tablet Anak.jpg,True,[]
6492,Contrexyn Sirup,Nyeri & Demam,13414.0,99,Paracetamol 120mg/5ml,Demam anak,Dosis sesuai anjuran dokter. Tempo Scan,Paracetamol 120mg/5ml,Demam anak,Jarang,2026-12-31,Tablet,/static/medicines/Contrexyn Sirup.jpg,True,[]
6493,Contrexyn Strip 4s,Nyeri & Demam,20092.0,181,Paracetamol 500mg,Demam dan nyeri,Dosis sesuai anjuran dokter. Tempo Scan,Paracetamol 500mg,Demam dan nyeri,Jarang,2026-12-31,Tablet,/static/medicines/Contrexyn Strip 4s.jpg,True,[]
6494,Contrexyn Box isi 100 tablet,Nyeri & Demam,34504.0,136,Paracetamol 500mg,Demam dan nyeri stok keluarga,Dosis sesuai anjuran dokter. Tempo Scan,Paracetamol 500mg,Demam dan nyeri stok keluarga,Jarang,2027-06-30,Tablet,/static/medicines/Contrexyn Box isi 100 tablet.jpg,True,[]
6495,Dumin Tablet,Nyeri & Demam,11941.0,149,Paracetamol 500mg,Demam dan nyeri,Dosis sesuai anjuran dokter. Actavis,Paracetamol 500mg,Demam dan nyeri,Jarang,2028-03-15,Tablet,/static/medicines/Dumin Tablet.jpg,True,[]
6496,Dumin Botol 60ml,Nyeri & Demam,9561.0,253,Paracetamol 120mg/5ml,Demam anak,Dosis sesuai anjuran dokter. Actavis,Paracetamol 120mg/5ml,Demam anak,Jarang,2028-03-15,Tablet,/static/medicines/Dumin Botol 60ml.jpg,True,[]
6497,Dumin Rectal Tube 125mg,Nyeri & Demam,8017.0,150,Paracetamol 125mg,Demam anak yang tidak bisa minum obat,Dosis sesuai anjuran dokter. Actavis,Paracetamol 125mg,Demam anak yang tidak bisa minum obat,Jarang,2028-03-15,Tablet,/static/medicines/Dumin Rectal Tube 125mg.jpg,True,[]
6498,Dumin Rectal Tube 250mg,Nyeri & Demam,6004.0,92,Paracetamol 250mg,Demam anak besar/remaja yang tidak bisa minum,Dosis sesuai anjuran dokter. Actavis,Paracetamol 250mg,Demam anak besar/remaja yang tidak bisa minum,Jarang,2028-03-15,Tablet,/static/medicines/Dumin Rectal Tube 250mg.jpg,True,[]
6499,Pamol Tablet,Nyeri & Demam,32493.0,142,Paracetamol 500mg,Demam dan nyeri,Dosis sesuai anjuran dokter. Interbat,Paracetamol 500mg,Demam dan nyeri,Jarang,2026-12-31,Tablet,/static/medicines/Pamol Tablet.jpg,True,[]
6500,Pamol Botol 120ml,Nyeri & Demam,5466.0,181,Paracetamol 120mg/5ml,Demam anak,Dosis sesuai anjuran dokter. Interbat,Paracetamol 120mg/5ml,Demam anak,Jarang,2026-12-31,Tablet,/static/medicines/Pamol Botol 120ml.jpg,True,[]
6501,Pamol Suppositoria,Nyeri & Demam,20248.0,237,Paracetamol 150mg,Demam anak yang sulit minum obat,Dosis sesuai anjuran dokter. Interbat,Paracetamol 150mg,Demam anak yang sulit minum obat,Jarang,2026-12-31,Tablet,/static/medicines/Pamol Suppositoria.jpg,True,[]
6502,Fasidol Strip 10s,Nyeri & Demam,27303.0,113,Paracetamol 500mg,Demam dan nyeri,Dosis sesuai anjuran dokter. Ifars,Paracetamol 500mg,Demam dan nyeri,Jarang,2027-11-20,Tablet,/static/medicines/Fasidol Strip 10s.jpg,True,[]
6503,Fasidol Forte,Nyeri & Demam,29302.0,79,Paracetamol 650mg,"Demam tinggi, sakit kepala berat",Dosis sesuai anjuran dokter. Ifars,Paracetamol 650mg,"Demam tinggi, sakit kepala berat",Jarang,2028-03-15,Tablet,/static/medicines/Fasidol Forte.jpg,True,[]
6504,Fasidol Sirup,Nyeri & Demam,25320.0,233,Paracetamol 120mg/5ml,Demam anak,Dosis sesuai anjuran dokter. Ifars,Paracetamol 120mg/5ml,Demam anak,Jarang,2028-03-15,Tablet,/static/medicines/Fasidol Sirup.jpg,True,[]
6505,Fasidol Drops,Nyeri & Demam,28864.0,73,Paracetamol 100mg/ml,Demam bayi,Dosis sesuai anjuran dokter. Ifars,Paracetamol 100mg/ml,Demam bayi,Jarang,2028-03-15,Tablet,/static/medicines/Fasidol Drops.jpg,True,[]
6506,Tempra Sirup,Nyeri & Demam,34952.0,141,Paracetamol 160mg/5ml,Demam anak,Dosis sesuai anjuran dokter. Taisho,Paracetamol 160mg/5ml,Demam anak,Jarang,2027-06-30,Tablet,/static/medicines/Tempra Sirup.jpg,True,[]
6507,Tempra Forte Sirup,Nyeri & Demam,26557.0,288,Paracetamol 250mg/5ml,Demam tinggi anak,Dosis sesuai anjuran dokter. Taisho,Paracetamol 250mg/5ml,Demam tinggi anak,Jarang,2028-03-15,Tablet,/static/medicines/Tempra Forte Sirup.jpg,True,[]
6508,Tempra Drops,Nyeri & Demam,17274.0,195,Paracetamol 80mg/ml,Demam bayi,Dosis sesuai anjuran dokter. Taisho,Paracetamol 80mg/ml,Demam bayi,Jarang,2026-12-31,Tablet,/static/medicines/Tempra Drops.jpg,True,[]
6509,Ponstan Kaplet,Nyeri & Demam,17303.0,134,Asam Mefenamat 500mg,"Nyeri haid, sakit gigi, nyeri sendi akut",Dosis sesuai anjuran dokter. Pfizer,Asam Mefenamat 500mg,"Nyeri haid, sakit gigi, nyeri sendi akut","Nyeri lambung, mual",2028-03-15,Tablet,https://placehold.co/400x300/f8fafc/ef4444?text=Ponstan+Kaplet,True,[]
6510,Mefinal Tablet,Nyeri & Demam,33533.0,177,Asam Mefenamat 500mg,Nyeri dan radang,Dosis sesuai anjuran dokter. Sanbe Farma,Asam Mefenamat 500mg,Nyeri dan radang,Iritasi lambung,2027-11-20,Tablet,https://placehold.co/400x300/f8fafc/ef4444?text=Mefinal+Tablet,True,[]
6511,Antalgin Tablet,Nyeri & Demam,12116.0,300,Metampiron 500mg,"Nyeri hebat, sakit gigi parah",Dosis sesuai anjuran dokter. Generic,Metampiron 500mg,"Nyeri hebat, sakit gigi parah",Agranulositosis (jarang),2027-06-30,Tablet,https://placehold.co/400x300/f8fafc/ef4444?text=Antalgin+Tablet,True,[]
6512,Fimestan Strip 4s,Nyeri & Demam,18208.0,113,Ibuprofen 400mg,"Nyeri haid berat, nyeri sendi",Dosis sesuai anjuran dokter. Bernofarm,Ibuprofen 400mg,"Nyeri haid berat, nyeri sendi",Nyeri lambung,2027-11-20,Tablet,https://placehold.co/400x300/f8fafc/ef4444?text=Fimestan+Strip+4s,True,[]
6513,Feminax Strip 4s,Nyeri & Demam,15563.0,151,"Paracetamol 500mg, Hyoscine Butylbromide 10mg",Nyeri haid dengan kram,Dosis sesuai anjuran dokter. Bayer,"Paracetamol 500mg, Hyoscine Butylbromide 10mg",Nyeri haid dengan kram,"Mulut kering, mengantuk",2026-12-31,Tablet,https://placehold.co/400x300/f8fafc/ef4444?text=Feminax+Strip+4s,True,[]
6514,Dolgesic Tablet,Nyeri & Demam,10677.0,220,Piroxicam 10mg,"Nyeri sendi, rematik ringan (OTC di banyak apotek)",Dosis sesuai anjuran dokter. Dexa Medica,Piroxicam 10mg,"Nyeri sendi, rematik ringan (OTC di banyak apotek)",Nyeri lambung,2027-11-20,Tablet,https://placehold.co/400x300/f8fafc/ef4444?text=Dolgesic+Tablet,True,[]
6515,Neuralgin Tablet,Nyeri & Demam,30797.0,134,"Vitamin B1, B6, B12","Nyeri saraf, kesemutan, pegal linu",Dosis sesuai anjuran dokter. Kalbe,"Vitamin B1, B6, B12","Nyeri saraf, kesemutan, pegal linu",Jarang,2028-03-15,Tablet,https://placehold.co/400x300/f8fafc/ef4444?text=Neuralgin+Tablet,True,[]
6516,OBH Combi Batuk Berdahak Menthol,Obat Batuk,44882.0,140,"Succus liquiritiae, Paracetamol, Ephedrine",Batuk berdahak,Dosis sesuai anjuran dokter. Combiphar,"Succus liquiritiae, Paracetamol, Ephedrine",Batuk berdahak,Mengantuk,2027-06-30,Tablet,/static/medicines/OBH Combi Batuk Berdahak Menthol.jpg,True,[]
6517,OBH Combi Batuk Berdahak Jahe,Obat Batuk,12189.0,102,"Succus liquiritiae, Jahe, Paracetamol",Batuk berdahak hangat,Dosis sesuai anjuran dokter. Combiphar,"Succus liquiritiae, Jahe, Paracetamol",Batuk berdahak hangat,Mengantuk,2027-11-20,Tablet,/static/medicines/OBH Combi Batuk Berdahak Jahe.jpg,True,[]
6518,OBH Combi Batuk Flu Anak,Obat Batuk,39270.0,135,"Succus liquiritiae, CTM, Paracetamol, Glycerine",Batuk flu anak,Dosis sesuai anjuran dokter. Combiphar,"Succus liquiritiae, CTM, Paracetamol, Glycerine",Batuk flu anak,Mengantuk,2027-11-20,Tablet,/static/medicines/OBH Combi Batuk Flu Anak.jpg,True,[]
6519,OBH Combi Batuk Flu Dewasa,Obat Batuk,42809.0,137,"Succus liquiritiae, Paracetamol, Ephedrine, CTM",Batuk flu dewasa,Dosis sesuai anjuran dokter. Combiphar,"Succus liquiritiae, Paracetamol, Ephedrine, CTM",Batuk flu dewasa,Mengantuk,2027-11-20,Tablet,/static/medicines/OBH Combi Batuk Flu Dewasa.jpg,True,[]
6520,Woods Peppermint Expectorant 60ml,Obat Batuk,10572.0,223,"Guaifenesin, Bromhexine",Batuk berdahak,Dosis sesuai anjuran dokter. Kalbe,"Guaifenesin, Bromhexine",Batuk berdahak,Mual ringan,2027-11-20,Tablet,/static/medicines/Woods Peppermint Expectorant 60ml.jpg,True,[]
6521,Woods Peppermint Expectorant 100ml,Obat Batuk,13534.0,282,"Guaifenesin, Bromhexine",Batuk berdahak,Dosis sesuai anjuran dokter. Kalbe,"Guaifenesin, Bromhexine",Batuk berdahak,Mual ringan,2027-06-30,Tablet,/static/medicines/Woods Peppermint Expectorant 100ml.jpg,True,[]
6522,Woods Antitussive 60ml,Obat Batuk,19205.0,152,"Dextromethorphan, Guaifenesin",Batuk kering,Dosis sesuai anjuran dokter. Kalbe,"Dextromethorphan, Guaifenesin",Batuk kering,Mengantuk,2027-11-20,Tablet,/static/medicines/Woods Antitussive 60ml.jpg,True,[]
6523,Woods Antitussive 100ml,Obat Batuk,25942.0,74,"Dextromethorphan, Guaifenesin",Batuk kering kemasan besar,Dosis sesuai anjuran dokter. Kalbe,"Dextromethorphan, Guaifenesin",Batuk kering kemasan besar,Mengantuk,2027-11-20,Tablet,/static/medicines/Woods Antitussive 100ml.jpg,True,[]
6524,Siladex Mucolytic & Expectorant 60ml,Obat Batuk,40054.0,221,"Bromhexine, Guaifenesin",Batuk berdahak bebas gula,Dosis sesuai anjuran dokter. Konimex,"Bromhexine, Guaifenesin",Batuk berdahak bebas gula,Mual,2027-11-20,Tablet,/static/medicines/Siladex Mucolytic & Expectorant 60ml.jpg,True,[]
6525,Siladex Antitussive 60ml,Obat Batuk,33029.0,284,Dextromethorphan,Batuk kering bebas gula,Dosis sesuai anjuran dokter. Konimex,Dextromethorphan,Batuk kering bebas gula,Mengantuk,2028-03-15,Tablet,/static/medicines/Siladex Antitussive 60ml.jpg,True,[]
6526,Siladex Cough & Cold,Obat Batuk,9715.0,64,"Bromhexine, Paracetamol, Phenylephrine",Batuk dan flu,Dosis sesuai anjuran dokter. Konimex,"Bromhexine, Paracetamol, Phenylephrine",Batuk dan flu,Mengantuk,2028-03-15,Tablet,/static/medicines/Siladex Cough & Cold.jpg,True,[]
6527,Siladex Flu,Obat Batuk,30533.0,105,"Paracetamol, Phenylephrine, CTM",Flu dan batuk ringan,Dosis sesuai anjuran dokter. Konimex,"Paracetamol, Phenylephrine, CTM",Flu dan batuk ringan,Mengantuk,2027-11-20,Tablet,/static/medicines/Siladex Flu.jpg,True,[]
6528,Komix OBH Sachet,Obat Batuk,22534.0,199,"Dextromethorphan, Glycyrrhiza",Batuk ringan praktis,Dosis sesuai anjuran dokter. Bintang Toedjoe,"Dextromethorphan, Glycyrrhiza",Batuk ringan praktis,Mengantuk,2028-03-15,Tablet,/static/medicines/Komix OBH Sachet.jpg,True,[]
6529,Komix Peppermint Sachet,Obat Batuk,34859.0,157,"Dextromethorphan, Menthol",Batuk dengan sensasi dingin,Dosis sesuai anjuran dokter. Bintang Toedjoe,"Dextromethorphan, Menthol",Batuk dengan sensasi dingin,Mengantuk,2027-06-30,Tablet,/static/medicines/Komix Peppermint Sachet.jpg,True,[]
6530,Komix Jeruk Nipis Sachet,Obat Batuk,10340.0,237,"Dextromethorphan, Citrus Limon Extract",Batuk rasa jeruk nipis,Dosis sesuai anjuran dokter. Bintang Toedjoe,"Dextromethorphan, Citrus Limon Extract",Batuk rasa jeruk nipis,Mengantuk,2027-06-30,Tablet,/static/medicines/Komix Jeruk Nipis Sachet.jpg,True,[]
6531,Komix Jahe Sachet,Obat Batuk,19842.0,165,"Dextromethorphan, Jahe Extract",Batuk rasa jahe hangat,Dosis sesuai anjuran dokter. Bintang Toedjoe,"Dextromethorphan, Jahe Extract",Batuk rasa jahe hangat,Mengantuk,2028-03-15,Tablet,/static/medicines/Komix Jahe Sachet.jpg,True,[]
6532,Komix Herbal Sachet,Obat Batuk,41976.0,262,"Dextromethorphan, Madu, Propolis",Batuk herbal madu,Dosis sesuai anjuran dokter. Bintang Toedjoe,"Dextromethorphan, Madu, Propolis",Batuk herbal madu,Jarang,2026-12-31,Tablet,/static/medicines/Komix Herbal Sachet.jpg,True,[]
6533,Komix Botol 120ml,Obat Batuk,40599.0,55,"Dextromethorphan, Guaifenesin",Batuk kemasan botol,Dosis sesuai anjuran dokter. Bintang Toedjoe,"Dextromethorphan, Guaifenesin",Batuk kemasan botol,Mengantuk,2026-12-31,Tablet,/static/medicines/Komix Botol 120ml.jpg,True,[]
6534,Komix Box 50s,Obat Batuk,34474.0,125,"Dextromethorphan, Guaifenesin",Batuk isi banyak,Dosis sesuai anjuran dokter. Bintang Toedjoe,"Dextromethorphan, Guaifenesin",Batuk isi banyak,Mengantuk,2026-12-31,Tablet,/static/medicines/Komix Box 50s.jpg,True,[]
6535,Laserin Sirup 30ml,Obat Batuk,38955.0,129,"Jahe Merah, Cengkeh, Daun Sirih",Batuk herbal,Dosis sesuai anjuran dokter. Mecosin,"Jahe Merah, Cengkeh, Daun Sirih",Batuk herbal,Jarang,2026-12-31,Tablet,/static/medicines/Laserin Sirup 30ml.jpg,True,[]
6536,Laserin Botol 30ml,Obat Batuk,11230.0,100,"Jahe Merah, Cengkeh",Batuk ringan herbal,Dosis sesuai anjuran dokter. Mecosin,"Jahe Merah, Cengkeh",Batuk ringan herbal,Jarang,2027-11-20,Tablet,/static/medicines/Laserin Botol 30ml.jpg,True,[]
6537,Laserin Sirup 110ml,Obat Batuk,44787.0,241,"Jahe Merah, Cengkeh, Daun Sirih",Batuk herbal kemasan besar,Dosis sesuai anjuran dokter. Mecosin,"Jahe Merah, Cengkeh, Daun Sirih",Batuk herbal kemasan besar,Jarang,2027-11-20,Tablet,/static/medicines/Laserin Sirup 110ml.jpg,True,[]
6538,Bisolvon Tablet,Obat Batuk,43487.0,76,Bromhexine HCl 8mg,Mengencerkan dahak kental,Dosis sesuai anjuran dokter. Sanofi,Bromhexine HCl 8mg,Mengencerkan dahak kental,Mual ringan,2027-11-20,Tablet,/static/medicines/Bisolvon Tablet.jpg,True,[]
6539,Bisolvon Strip 10s,Obat Batuk,37270.0,54,Bromhexine HCl 8mg,Mengencerkan dahak,Dosis sesuai anjuran dokter. Sanofi,Bromhexine HCl 8mg,Mengencerkan dahak,Mual ringan,2028-03-15,Tablet,/static/medicines/Bisolvon Strip 10s.jpg,True,[]
6540,Bisolvon Extra Sirup 60ml,Obat Batuk,21298.0,74,Bromhexine HCl,Mengencerkan dahak anak,Dosis sesuai anjuran dokter. Sanofi,Bromhexine HCl,Mengencerkan dahak anak,Mual,2028-03-15,Tablet,/static/medicines/Bisolvon Extra Sirup 60ml.jpg,True,[]
6541,Bisolvon Solution 50 ml,Obat Batuk,14753.0,176,Bromhexine HCl (tetes/solution),Dahak sangat kental bayi/dewasa,Dosis sesuai anjuran dokter. Sanofi,Bromhexine HCl (tetes/solution),Dahak sangat kental bayi/dewasa,Mual,2026-12-31,Tablet,/static/medicines/Bisolvon Solution 50 ml.jpg,True,[]
6542,Vicks Formula 44 Sirup 54ml,Obat Batuk,38247.0,280,"Dextromethorphan, Doxylamine",Batuk kering malam,Dosis sesuai anjuran dokter. P&G,"Dextromethorphan, Doxylamine",Batuk kering malam,Mengantuk,2026-12-31,Tablet,/static/medicines/Vicks Formula 44 Sirup 54ml.jpg,True,[]
6543,Vicks Formula 44 Anak Sirup 27ml,Obat Batuk,23974.0,119,Dextromethorphan,Batuk kering anak,Dosis sesuai anjuran dokter. P&G,Dextromethorphan,Batuk kering anak,Mengantuk,2028-03-15,Tablet,/static/medicines/Vicks Formula 44 Anak Sirup 27ml.jpg,True,[]
6544,Konidin Tablet,Obat Batuk,26499.0,72,"Guaifenesin, Dextromethorphan, CTM",Batuk alergi,Dosis sesuai anjuran dokter. Konimex,"Guaifenesin, Dextromethorphan, CTM",Batuk alergi,Sangat mengantuk,2027-06-30,Tablet,/static/medicines/Konidin Tablet.jpg,True,[]
6545,Konidin Sirup,Obat Batuk,27718.0,99,"Guaifenesin, Dextromethorphan, CTM",Batuk alergi sirup,Dosis sesuai anjuran dokter. Konimex,"Guaifenesin, Dextromethorphan, CTM",Batuk alergi sirup,Sangat mengantuk,2027-06-30,Tablet,/static/medicines/Konidin Sirup.jpg,True,[]
6546,Konidin OBH Sirup,Obat Batuk,43170.0,62,"Succus liquiritiae, Ephedrine, CTM",Batuk berdahak dengan alergi,Dosis sesuai anjuran dokter. Konimex,"Succus liquiritiae, Ephedrine, CTM",Batuk berdahak dengan alergi,Mengantuk,2027-06-30,Tablet,/static/medicines/Konidin OBH Sirup.jpg,True,[]
6547,Actifed Kuning (Sirup),Obat Batuk,17413.0,183,"Triprolidine, Pseudoephedrine","Pilek alergi, hidung meler",Dosis sesuai anjuran dokter. GSK,"Triprolidine, Pseudoephedrine","Pilek alergi, hidung meler","Mengantuk, berdebar",2026-12-31,Tablet,/static/medicines/Actifed Kuning (Sirup).jpg,True,[]
6548,Actifed Hijau (Expectorant),Obat Batuk,36664.0,62,"Triprolidine, Pseudoephedrine, Guaifenesin",Batuk berdahak dengan pilek,Dosis sesuai anjuran dokter. GSK,"Triprolidine, Pseudoephedrine, Guaifenesin",Batuk berdahak dengan pilek,"Mengantuk, berdebar",2027-06-30,Tablet,/static/medicines/Actifed Hijau (Expectorant).webp,True,[]
6549,Actifed Merah (Cough Suppressant),Obat Batuk,42342.0,165,"Triprolidine, Pseudoephedrine, Dextromethorphan",Batuk kering dengan pilek,Dosis sesuai anjuran dokter. GSK,"Triprolidine, Pseudoephedrine, Dextromethorphan",Batuk kering dengan pilek,"Mengantuk, berdebar",2028-03-15,Tablet,/static/medicines/Actifed Merah (Cough Suppressant).jpg,True,[]
6550,Mucos Tablet,Obat Batuk,15153.0,51,Ambroxol HCl 30mg,Batuk berdahak tebal,Dosis sesuai anjuran dokter. Meprofarm,Ambroxol HCl 30mg,Batuk berdahak tebal,Mual ringan,2027-06-30,Tablet,/static/medicines/Mucos Tablet.jpg,True,[]
6551,Mucos Botol 60ml,Obat Batuk,12052.0,205,Ambroxol HCl,Batuk berdahak sirup,Dosis sesuai anjuran dokter. Meprofarm,Ambroxol HCl,Batuk berdahak sirup,Mual,2027-11-20,Tablet,/static/medicines/Mucos Botol 60ml.jpg,True,[]
6552,Ambroxol Tablet,Obat Batuk,11139.0,298,Ambroxol HCl 30mg,Pengencer dahak generik,Dosis sesuai anjuran dokter. Generic,Ambroxol HCl 30mg,Pengencer dahak generik,Mual ringan,2027-06-30,Tablet,https://placehold.co/400x300/f8fafc/3b82f6?text=Ambroxol+Tablet,True,[]
6553,Dextromethorphan Tablet,Obat Batuk,37517.0,88,Dextromethorphan 15mg,Batuk kering generik,Dosis sesuai anjuran dokter. Generic,Dextromethorphan 15mg,Batuk kering generik,Mengantuk,2027-06-30,Tablet,https://placehold.co/400x300/f8fafc/3b82f6?text=Dextromethorphan+Tablet,True,[]
6554,Guaifenesin Sirup,Obat Batuk,42032.0,76,Guaifenesin 100mg/5ml,Ekspektoran generik,Dosis sesuai anjuran dokter. Generic,Guaifenesin 100mg/5ml,Ekspektoran generik,Mual,2027-06-30,Tablet,https://placehold.co/400x300/f8fafc/3b82f6?text=Guaifenesin+Sirup,True,[]
6555,Erdosteine Kapsul,Obat Batuk,27483.0,183,Erdosteine 300mg,"Batuk dengan dahak sangat kental, bronkitis kronis",Dosis sesuai anjuran dokter. Sanbe Farma,Erdosteine 300mg,"Batuk dengan dahak sangat kental, bronkitis kronis",Mual,2027-06-30,Kapsul,https://placehold.co/400x300/f8fafc/3b82f6?text=Erdosteine+Kapsul,True,[]
6556,Benadryl Sirup 60ml,Obat Batuk,36216.0,179,Diphenhydramine HCl,"Batuk alergi, rhinitis",Dosis sesuai anjuran dokter. J&J,Diphenhydramine HCl,"Batuk alergi, rhinitis",Sangat mengantuk,2026-12-31,Tablet,https://placehold.co/400x300/f8fafc/3b82f6?text=Benadryl+Sirup+60ml,True,[]
6557,Gliseril Guaiakolat Tablet,Obat Batuk,9674.0,108,Guaifenesin 100mg,Batuk berdahak murah,Dosis sesuai anjuran dokter. Generic,Guaifenesin 100mg,Batuk berdahak murah,Mual,2027-11-20,Tablet,https://placehold.co/400x300/f8fafc/3b82f6?text=Gliseril+Guaiakolat+Tablet,True,[]
6558,Respinova Sirup,Obat Batuk,29090.0,188,"Ambrosol, Guaifenesin",Batuk berdahak anak kombinasi,Dosis sesuai anjuran dokter. Kimia Farma,"Ambrosol, Guaifenesin",Batuk berdahak anak kombinasi,Mual,2027-06-30,Tablet,https://placehold.co/400x300/f8fafc/3b82f6?text=Respinova+Sirup,True,[]
6559,Mixagrip Flu,Flu & Pilek,47040.0,159,"Paracetamol 500mg, Phenylephrine 5mg, CTM 2mg",Flu dan pilek,Dosis sesuai anjuran dokter. Tempo Scan,"Paracetamol 500mg, Phenylephrine 5mg, CTM 2mg",Flu dan pilek,Mengantuk,2026-12-31,Tablet,/static/medicines/Mixagrip Flu.jpg,True,[]
6560,Mixagrip Flu & Batuk,Flu & Pilek,32953.0,239,"Paracetamol, Phenylephrine, CTM, Dextromethorphan","Flu, pilek, batuk",Dosis sesuai anjuran dokter. Tempo Scan,"Paracetamol, Phenylephrine, CTM, Dextromethorphan","Flu, pilek, batuk",Mengantuk,2027-11-20,Tablet,/static/medicines/Mixagrip Flu & Batuk.jpg,True,[]
6561,Mixagrip Pegel Linu,Flu & Pilek,10028.0,150,"Paracetamol, Ibuprofen, Phenylephrine",Flu dengan pegal linu,Dosis sesuai anjuran dokter. Tempo Scan,"Paracetamol, Ibuprofen, Phenylephrine",Flu dengan pegal linu,"Mengantuk, nyeri lambung",2028-03-15,Tablet,/static/medicines/Mixagrip Pegel Linu.jpg,True,[]
6562,Decolgen Tablet,Flu & Pilek,13806.0,242,"Paracetamol 500mg, PPA 12.5mg, CTM 2mg",Flu dan hidung tersumbat,Dosis sesuai anjuran dokter. Medifarma,"Paracetamol 500mg, PPA 12.5mg, CTM 2mg",Flu dan hidung tersumbat,"Mengantuk, berdebar",2026-12-31,Tablet,/static/medicines/Decolgen Tablet.jpg,True,[]
6563,Decolgen Sirup,Flu & Pilek,46662.0,201,"Paracetamol, PPA, CTM",Flu anak,Dosis sesuai anjuran dokter. Medifarma,"Paracetamol, PPA, CTM",Flu anak,Mengantuk,2027-06-30,Tablet,/static/medicines/Decolgen Sirup.jpg,True,[]
6564,Neozep Forte Tablet,Flu & Pilek,36070.0,134,"Paracetamol 500mg, Phenylephrine 10mg, CTM 2mg",Flu berat dan hidung meler,Dosis sesuai anjuran dokter. Konimex,"Paracetamol 500mg, Phenylephrine 10mg, CTM 2mg",Flu berat dan hidung meler,Mengantuk,2027-06-30,Tablet,/static/medicines/Neozep Forte Tablet.jpg,True,[]
6565,Procold Flu Tablet,Flu & Pilek,41360.0,150,"Paracetamol 500mg, Pseudoephedrine 30mg",Flu dan demam,Dosis sesuai anjuran dokter. Kalbe,"Paracetamol 500mg, Pseudoephedrine 30mg",Flu dan demam,Berdebar,2026-12-31,Tablet,/static/medicines/Procold Flu Tablet.jpg,True,[]
6566,Procold Flu & Batuk,Flu & Pilek,11087.0,93,"Paracetamol, Pseudoephedrine, Dextromethorphan",Flu dan batuk,Dosis sesuai anjuran dokter. Kalbe,"Paracetamol, Pseudoephedrine, Dextromethorphan",Flu dan batuk,"Berdebar, mengantuk",2027-06-30,Tablet,/static/medicines/Procold Flu & Batuk.jpg,True,[]
6567,Inza Tablet,Flu & Pilek,43659.0,272,"Paracetamol 500mg, Pseudoephedrine, CTM",Flu ringan dan bersin,Dosis sesuai anjuran dokter. Konimex,"Paracetamol 500mg, Pseudoephedrine, CTM",Flu ringan dan bersin,Mengantuk,2026-12-31,Tablet,/static/medicines/Inza Tablet.jpg,True,[]
6568,Inza Botol 60ml,Flu & Pilek,35072.0,220,"Paracetamol, Pseudoephedrine, CTM sirup",Flu anak,Dosis sesuai anjuran dokter. Konimex,"Paracetamol, Pseudoephedrine, CTM sirup",Flu anak,Mengantuk,2026-12-31,Tablet,/static/medicines/Inza Botol 60ml.jpg,True,[]
6569,Inza Strip 10s,Flu & Pilek,43556.0,273,"Paracetamol, Pseudoephedrine, CTM",Flu ringan strip,Dosis sesuai anjuran dokter. Konimex,"Paracetamol, Pseudoephedrine, CTM",Flu ringan strip,Mengantuk,2027-06-30,Tablet,/static/medicines/Inza Strip 10s.jpg,True,[]
6570,Sanaflu Tablet,Flu & Pilek,45278.0,250,"Paracetamol 500mg, Phenylephrine, CTM",Flu dan sakit kepala,Dosis sesuai anjuran dokter. Sanbe Farma,"Paracetamol 500mg, Phenylephrine, CTM",Flu dan sakit kepala,Mengantuk,2028-03-15,Tablet,/static/medicines/Sanaflu Tablet.jpg,True,[]
6571,Sanaflu Botol 120ml,Flu & Pilek,14100.0,62,"Paracetamol, Phenylephrine, CTM sirup",Flu anak sirup,Dosis sesuai anjuran dokter. Sanbe Farma,"Paracetamol, Phenylephrine, CTM sirup",Flu anak sirup,Mengantuk,2028-03-15,Tablet,/static/medicines/Sanaflu Botol 120ml.jpg,True,[]
6572,Ultraflu Tablet,Flu & Pilek,40129.0,297,"Paracetamol 500mg, PPA, CTM",Flu dan pilek,Dosis sesuai anjuran dokter. Henson Farma,"Paracetamol 500mg, PPA, CTM",Flu dan pilek,Mengantuk,2028-03-15,Tablet,/static/medicines/Ultraflu Tablet.jpg,True,[]
6573,Ultraflu Extra,Flu & Pilek,13595.0,202,"Paracetamol 650mg, Phenylephrine, CTM",Flu berat,Dosis sesuai anjuran dokter. Henson Farma,"Paracetamol 650mg, Phenylephrine, CTM",Flu berat,Mengantuk,2028-03-15,Tablet,/static/medicines/Ultraflu Extra.jpg,True,[]
6574,Ultraflu Box 50s,Flu & Pilek,49048.0,92,"Paracetamol, PPA, CTM",Flu stok keluarga,Dosis sesuai anjuran dokter. Henson Farma,"Paracetamol, PPA, CTM",Flu stok keluarga,Mengantuk,2027-11-20,Tablet,/static/medicines/Ultraflu Box 50s.jpg,True,[]
6575,Rhinos SR Kapsul,Flu & Pilek,32647.0,242,"Loratadine 5mg, Pseudoephedrine 120mg","Rinitis alergi, hidung buntu berat",Dosis sesuai anjuran dokter. Dexa Medica,"Loratadine 5mg, Pseudoephedrine 120mg","Rinitis alergi, hidung buntu berat","Mulut kering, insomnia",2027-11-20,Kapsul,/static/medicines/Rhinos SR Kapsul.png,True,[]
6576,Rhinos Junior Sirup,Flu & Pilek,35421.0,108,"Loratadine 2.5mg, Pseudoephedrine 30mg / 5ml",Rinitis alergi anak,Dosis sesuai anjuran dokter. Dexa Medica,"Loratadine 2.5mg, Pseudoephedrine 30mg / 5ml",Rinitis alergi anak,Mulut kering,2027-11-20,Tablet,/static/medicines/Rhinos Junior Sirup.jpg,True,[]
6577,Rhinos Neo Drops,Flu & Pilek,26896.0,221,"Loratadine, Pseudoephedrine drops",Rinitis alergi bayi dan balita,Dosis sesuai anjuran dokter. Dexa Medica,"Loratadine, Pseudoephedrine drops",Rinitis alergi bayi dan balita,Mulut kering,2027-11-20,Tablet,/static/medicines/Rhinos Neo Drops.jpg,True,[]
6578,Rhinos Strip 10s,Flu & Pilek,12694.0,201,"Loratadine 5mg, Pseudoephedrine 60mg",Rinitis alergi,Dosis sesuai anjuran dokter. Dexa Medica,"Loratadine 5mg, Pseudoephedrine 60mg",Rinitis alergi,Mulut kering,2027-06-30,Tablet,/static/medicines/Rhinos Strip 10s.jpg,True,[]
6579,Tremenza Tablet,Flu & Pilek,22606.0,79,"Triprolidine 2.5mg, Pseudoephedrine 60mg","Flu alergi, hidung meler berat",Dosis sesuai anjuran dokter. Sanbe Farma,"Triprolidine 2.5mg, Pseudoephedrine 60mg","Flu alergi, hidung meler berat","Sangat mengantuk, mulut kering",2026-12-31,Tablet,/static/medicines/Tremenza Tablet.jpg,True,[]
6580,Tremenza Sirup,Flu & Pilek,14724.0,254,"Triprolidine, Pseudoephedrine sirup",Flu alergi anak,Dosis sesuai anjuran dokter. Sanbe Farma,"Triprolidine, Pseudoephedrine sirup",Flu alergi anak,"Mengantuk, mulut kering",2027-06-30,Tablet,/static/medicines/Tremenza Sirup.jpg,True,[]
6581,Ternolol Strip 10s,Flu & Pilek,38080.0,265,"Paracetamol, Pseudoephedrine",Flu anak,Dosis sesuai anjuran dokter. Kalbe,"Paracetamol, Pseudoephedrine",Flu anak,Berdebar,2026-12-31,Tablet,/static/medicines/Ternolol Strip 10s.jpg,True,[]
6582,Ternolol Box 100s,Flu & Pilek,11957.0,269,"Paracetamol, Pseudoephedrine",Flu anak stok banyak,Dosis sesuai anjuran dokter. Kalbe,"Paracetamol, Pseudoephedrine",Flu anak stok banyak,Berdebar,2027-06-30,Tablet,/static/medicines/Ternolol Box 100s.jpg,True,[]
6583,Triaminic Sirup 60ml,Flu & Pilek,34559.0,233,"Pheniramine, Phenylephrine",Batuk pilek anak,Dosis sesuai anjuran dokter. Novartis,"Pheniramine, Phenylephrine",Batuk pilek anak,Mengantuk,2027-06-30,Tablet,https://placehold.co/400x300/f8fafc/06b6d4?text=Triaminic+Sirup+60ml,True,[]
6584,Paediatric Tempral Sirup,Flu & Pilek,43649.0,95,"Paracetamol, Phenylephrine, CTM",Flu demam anak,Dosis sesuai anjuran dokter. Kalbe,"Paracetamol, Phenylephrine, CTM",Flu demam anak,Mengantuk,2027-06-30,Tablet,https://placehold.co/400x300/f8fafc/06b6d4?text=Paediatric+Tempral+Sirup,True,[]
6585,Stopcold Tablet,Flu & Pilek,49751.0,204,"Paracetamol, Pseudoephedrine, Cetirizine",Flu alergi kombinasi lengkap,Dosis sesuai anjuran dokter. Tempo Scan,"Paracetamol, Pseudoephedrine, Cetirizine",Flu alergi kombinasi lengkap,Mengantuk ringan,2027-11-20,Tablet,https://placehold.co/400x300/f8fafc/06b6d4?text=Stopcold+Tablet,True,[]
6586,Promag Tablet Kunyah,Lambung & Maag,16076.0,75,"Hydrotalcite 200mg, Mg(OH)2 150mg, Simethicone 50mg","Maag, perut kembung, ulu hati perih",Dosis sesuai anjuran dokter. Kalbe,"Hydrotalcite 200mg, Mg(OH)2 150mg, Simethicone 50mg","Maag, perut kembung, ulu hati perih",Diare/sembelit ringan,2026-12-31,Tablet,/static/medicines/Promag Tablet Kunyah.jpg,True,[]
6587,Promag Forte Tablet,Lambung & Maag,36145.0,162,"Hydrotalcite 500mg, Mg(OH)2, Simethicone",Maag berat dan kembung parah,Dosis sesuai anjuran dokter. Kalbe,"Hydrotalcite 500mg, Mg(OH)2, Simethicone",Maag berat dan kembung parah,Sembelit,2027-06-30,Tablet,/static/medicines/Promag Forte Tablet.jpg,True,[]
6588,Promag Cair Sachet,Lambung & Maag,24822.0,145,"Hydrotalcite, Mg(OH)2, Simethicone cair",Maag akut cepat saji,Dosis sesuai anjuran dokter. Kalbe,"Hydrotalcite, Mg(OH)2, Simethicone cair",Maag akut cepat saji,Diare,2027-11-20,Tablet,/static/medicines/Promag Cair Sachet.jpg,True,[]
6589,Promag Double Action,Lambung & Maag,39544.0,171,"Omeprazole 10mg, Hydrotalcite 200mg",Maag dengan asam lambung tinggi kombinasi,Dosis sesuai anjuran dokter. Kalbe,"Omeprazole 10mg, Hydrotalcite 200mg",Maag dengan asam lambung tinggi kombinasi,"Sakit kepala, diare",2026-12-31,Tablet,/static/medicines/Promag Double Action.jpg,True,[]
6590,Promag Herbal,Lambung & Maag,48930.0,142,"Temulawak, Kunyit, Menthol",Maag herbal,Dosis sesuai anjuran dokter. Kalbe,"Temulawak, Kunyit, Menthol",Maag herbal,Jarang,2027-06-30,Tablet,/static/medicines/Promag Herbal.jpg,True,[]
6591,Promag Botol 30ml,Lambung & Maag,25968.0,284,"Hydrotalcite, Mg(OH)2, Simethicone suspensi",Maag suspensi cair,Dosis sesuai anjuran dokter. Kalbe,"Hydrotalcite, Mg(OH)2, Simethicone suspensi",Maag suspensi cair,Diare/sembelit,2028-03-15,Tablet,/static/medicines/Promag Botol 30ml.jpg,True,[]
6592,Mylanta Tablet,Lambung & Maag,29150.0,146,"Al(OH)3 200mg, Mg(OH)2 200mg, Simethicone 20mg",Asam lambung tinggi,Dosis sesuai anjuran dokter. J&J,"Al(OH)3 200mg, Mg(OH)2 200mg, Simethicone 20mg",Asam lambung tinggi,Sembelit,2026-12-31,Tablet,/static/medicines/Mylanta Tablet.jpg,True,[]
6593,Mylanta Cair 50 ml,Lambung & Maag,31108.0,84,"Al(OH)3, Mg(OH)2, Simethicone suspensi",Asam lambung tinggi suspensi,Dosis sesuai anjuran dokter. J&J,"Al(OH)3, Mg(OH)2, Simethicone suspensi",Asam lambung tinggi suspensi,Sembelit,2027-11-20,Tablet,/static/medicines/Mylanta Cair 50 ml.jpg,True,[]
6594,Mylanta Cair 150 ml,Lambung & Maag,27029.0,51,"Al(OH)3, Mg(OH)2, Simethicone suspensi besar",Asam lambung tinggi kemasan besar,Dosis sesuai anjuran dokter. J&J,"Al(OH)3, Mg(OH)2, Simethicone suspensi besar",Asam lambung tinggi kemasan besar,Sembelit,2026-12-31,Tablet,/static/medicines/Mylanta Cair 150 ml.jpg,True,[]
6595,Mylanta Strip 4s,Lambung & Maag,39663.0,73,"Al(OH)3, Mg(OH)2, Simethicone",Asam lambung strip praktis,Dosis sesuai anjuran dokter. J&J,"Al(OH)3, Mg(OH)2, Simethicone",Asam lambung strip praktis,Sembelit,2028-03-15,Tablet,/static/medicines/Mylanta Strip 4s.jpg,True,[]
6596,Polysilane Tablet Kunyah,Lambung & Maag,19973.0,269,"Simethicone, Al(OH)3, Mg(OH)2",Kembung dan maag,Dosis sesuai anjuran dokter. Pharos,"Simethicone, Al(OH)3, Mg(OH)2",Kembung dan maag,Sembelit,2028-03-15,Tablet,/static/medicines/Polysilane Tablet Kunyah.jpg,True,[]
6597,Polysilane Suspensi 100ml,Lambung & Maag,38266.0,153,"Simethicone, Al(OH)3, Mg(OH)2 suspensi",Kembung dan maag suspensi,Dosis sesuai anjuran dokter. Pharos,"Simethicone, Al(OH)3, Mg(OH)2 suspensi",Kembung dan maag suspensi,Sembelit,2026-12-31,Tablet,/static/medicines/Polysilane Suspensi 100ml.jpg,True,[]
6598,Polysilane Max Peppermint,Lambung & Maag,46933.0,199,"Simethicone, Antasida, Menthol",Kembung dan maag rasa mint,Dosis sesuai anjuran dokter. Pharos,"Simethicone, Antasida, Menthol",Kembung dan maag rasa mint,Sembelit,2026-12-31,Tablet,/static/medicines/Polysilane Max Peppermint.jpg,True,[]
6599,Waisan Sachet,Lambung & Maag,40207.0,207,"Antasida, Sodium Bicarbonate",Sakit maag sachet praktis,Dosis sesuai anjuran dokter. Bintang Toedjoe,"Antasida, Sodium Bicarbonate",Sakit maag sachet praktis,"Sendawa, kembung karena gas",2027-06-30,Tablet,/static/medicines/Waisan Sachet.jpg,True,[]
6600,Antasida Doen Tablet,Lambung & Maag,54015.0,138,"Al(OH)3 200mg, Mg(OH)2 200mg",Maag generik murah,Dosis sesuai anjuran dokter. Generic,"Al(OH)3 200mg, Mg(OH)2 200mg",Maag generik murah,Sembelit,2027-06-30,Tablet,/static/medicines/Antasida Doen Tablet.jpg,True,[]
6601,Antasida Doen Sirup 60ml,Lambung & Maag,37076.0,236,"Al(OH)3, Mg(OH)2 suspensi generik",Maag suspensi generik,Dosis sesuai anjuran dokter. Generic,"Al(OH)3, Mg(OH)2 suspensi generik",Maag suspensi generik,Sembelit,2027-11-20,Tablet,/static/medicines/Antasida Doen Sirup 60ml.jpg,True,[]
6602,Antasida Doen Botol 60ml,Lambung & Maag,30872.0,282,"Al(OH)3, Mg(OH)2",Maag generik botol,Dosis sesuai anjuran dokter. Generic,"Al(OH)3, Mg(OH)2",Maag generik botol,Sembelit,2026-12-31,Tablet,/static/medicines/Antasida Doen Botol 60ml.jpg,True,[]
6603,Plantacid Forte Tablet,Lambung & Maag,37254.0,136,"Al(OH)3, Mg(OH)2, Simethicone dosis tinggi",Maag dan tukak lambung,Dosis sesuai anjuran dokter. Kalbe,"Al(OH)3, Mg(OH)2, Simethicone dosis tinggi",Maag dan tukak lambung,Sembelit,2028-03-15,Tablet,/static/medicines/Plantacid Forte Tablet.jpg,True,[]
6604,Plantacid Sirup 100ml,Lambung & Maag,19187.0,212,"Al(OH)3, Mg(OH)2, Simethicone sirup",Tukak lambung sirup,Dosis sesuai anjuran dokter. Kalbe,"Al(OH)3, Mg(OH)2, Simethicone sirup",Tukak lambung sirup,Sembelit,2028-03-15,Tablet,/static/medicines/Plantacid Sirup 100ml.jpg,True,[]
6605,Plantacid Forte Sirup 100ml,Lambung & Maag,17704.0,212,"Al(OH)3, Mg(OH)2, Simethicone forte sirup",Tukak lambung berat,Dosis sesuai anjuran dokter. Kalbe,"Al(OH)3, Mg(OH)2, Simethicone forte sirup",Tukak lambung berat,Sembelit,2027-06-30,Tablet,/static/medicines/Plantacid Forte Sirup 100ml.jpg,True,[]
6606,Omeprazole Kapsul 20mg,Lambung & Maag,52905.0,169,Omeprazole 20mg,"GERD, maag kronis, tukak lambung",Dosis sesuai anjuran dokter. Generic,Omeprazole 20mg,"GERD, maag kronis, tukak lambung","Sakit kepala, diare",2027-11-20,Kapsul,/static/medicines/Omeprazole Kapsul 20mg.jpg,True,[]
6607,Omeprazole Strip 10s,Lambung & Maag,22991.0,272,Omeprazole 20mg,GERD strip praktis,Dosis sesuai anjuran dokter. Generic,Omeprazole 20mg,GERD strip praktis,Sakit kepala,2026-12-31,Tablet,/static/medicines/Omeprazole Strip 10s.jpg,True,[]
6608,Lansoprazole Kapsul 30mg,Lambung & Maag,17802.0,289,Lansoprazole 30mg,"GERD berat, tukak lambung",Dosis sesuai anjuran dokter. Generic,Lansoprazole 30mg,"GERD berat, tukak lambung","Diare, sakit kepala",2027-11-20,Kapsul,/static/medicines/Lansoprazole Kapsul 30mg.jpg,True,[]
6609,Polycrol Forte Tablet,Lambung & Maag,20981.0,158,"Simethicone, Antasida",Kembung keras dan maag,Dosis sesuai anjuran dokter. Nicholas,"Simethicone, Antasida",Kembung keras dan maag,Konstipasi,2026-12-31,Tablet,/static/medicines/Polycrol Forte Tablet.jpg,True,[]
6610,Polycrol Forte Gel 100ml,Lambung & Maag,28233.0,258,"Simethicone, Antasida gel",Maag dengan kembung berat gel,Dosis sesuai anjuran dokter. Nicholas,"Simethicone, Antasida gel",Maag dengan kembung berat gel,Konstipasi,2026-12-31,Tablet,/static/medicines/Polycrol Forte Gel 100ml.jpg,True,[]
6611,Ranitidine Tablet 150mg,Lambung & Maag,48285.0,252,Ranitidine HCl 150mg,Maag dan GERD (H2 blocker),Dosis sesuai anjuran dokter. Generic,Ranitidine HCl 150mg,Maag dan GERD (H2 blocker),"Sakit kepala, pusing",2028-03-15,Tablet,https://placehold.co/400x300/f8fafc/10b981?text=Ranitidine+Tablet+150mg,True,[]
6612,Sucralfate Suspensi,Lambung & Maag,30504.0,266,Sucralfate 500mg/5ml,Tukak lambung dan GERD pelindung mukosa,Dosis sesuai anjuran dokter. Kimia Farma,Sucralfate 500mg/5ml,Tukak lambung dan GERD pelindung mukosa,Sembelit,2027-06-30,Tablet,https://placehold.co/400x300/f8fafc/10b981?text=Sucralfate+Suspensi,True,[]
6613,Gasmotin Tablet,Lambung & Maag,42251.0,144,Mosapride Citrate 5mg,"Dispepsia, lambung lambat, mual",Dosis sesuai anjuran dokter. Eisai,Mosapride Citrate 5mg,"Dispepsia, lambung lambat, mual","Diare, nyeri kepala",2026-12-31,Tablet,https://placehold.co/400x300/f8fafc/10b981?text=Gasmotin+Tablet,True,[]
6614,Nairet Tablet,Lambung & Maag,47612.0,290,Bismuth Subcitrate,Tukak lambung H. pylori,Dosis sesuai anjuran dokter. Kalbe,Bismuth Subcitrate,Tukak lambung H. pylori,"Feses hitam, mual",2027-06-30,Tablet,https://placehold.co/400x300/f8fafc/10b981?text=Nairet+Tablet,True,[]
6615,Entrostop Tablet,Pencernaan & Diare,11991.0,110,"Attapulgite 300mg, Pectin 100mg",Diare non-spesifik,Dosis sesuai anjuran dokter. Kalbe,"Attapulgite 300mg, Pectin 100mg",Diare non-spesifik,"Sembelit, mual",2028-03-15,Tablet,/static/medicines/Entrostop Tablet.jpg,True,[]
6616,Entrostop Anak Sirup,Pencernaan & Diare,15785.0,96,"Attapulgite, Pectin sirup anak",Diare anak,Dosis sesuai anjuran dokter. Kalbe,"Attapulgite, Pectin sirup anak",Diare anak,Sembelit,2026-12-31,Tablet,/static/medicines/Entrostop Anak Sirup.jpg,True,[]
6617,Diatabs Tablet,Pencernaan & Diare,36041.0,266,Attapulgite 600mg,Diare menyerap racun,Dosis sesuai anjuran dokter. Medifarma,Attapulgite 600mg,Diare menyerap racun,Sembelit,2027-06-30,Tablet,/static/medicines/Diatabs Tablet.jpg,True,[]
6618,Diapet Kapsul Strip 4s,Pencernaan & Diare,10822.0,149,"Daun Jambu Biji, Kunyit",Diare herbal,Dosis sesuai anjuran dokter. Soho,"Daun Jambu Biji, Kunyit",Diare herbal,Jarang,2027-06-30,Kapsul,/static/medicines/Diapet Kapsul Strip 4s.jpg,True,[]
6619,Diapet Kapsul Strip 10s,Pencernaan & Diare,33517.0,145,"Daun Jambu Biji, Kunyit",Diare herbal kemasan besar,Dosis sesuai anjuran dokter. Soho,"Daun Jambu Biji, Kunyit",Diare herbal kemasan besar,Jarang,2027-06-30,Kapsul,/static/medicines/Diapet Kapsul Strip 10s.jpg,True,[]
6620,Diapet Anak Sirup,Pencernaan & Diare,32141.0,162,"Daun Jambu Biji, Kunyit sirup",Diare anak herbal,Dosis sesuai anjuran dokter. Soho,"Daun Jambu Biji, Kunyit sirup",Diare anak herbal,Jarang,2027-11-20,Tablet,/static/medicines/Diapet Anak Sirup.jpg,True,[]
6621,Diapet Box isi 120 Tablet,Pencernaan & Diare,19120.0,248,"Daun Jambu Biji, Kunyit tablet",Diare herbal stok besar,Dosis sesuai anjuran dokter. Soho,"Daun Jambu Biji, Kunyit tablet",Diare herbal stok besar,Jarang,2028-03-15,Tablet,/static/medicines/Diapet Box isi 120 Tablet.jpg,True,[]
6622,Norit Tube (40 Tablet),Pencernaan & Diare,26371.0,54,Activated Charcoal 260mg,"Keracunan makanan, kembung berlebih",Dosis sesuai anjuran dokter. Erela,Activated Charcoal 260mg,"Keracunan makanan, kembung berlebih",Feses hitam,2027-06-30,Tablet,/static/medicines/Norit Tube (40 Tablet).jpg,True,[]
6623,Norit Box 50s,Pencernaan & Diare,39105.0,219,Activated Charcoal 260mg,Keracunan makanan stok,Dosis sesuai anjuran dokter. Erela,Activated Charcoal 260mg,Keracunan makanan stok,Feses hitam,2028-03-15,Tablet,/static/medicines/Norit Box 50s.jpg,True,[]
6624,Dulcolax Tablet 5 mg,Pencernaan & Diare,16633.0,216,Bisacodyl 5mg,Sembelit,Dosis sesuai anjuran dokter. Sanofi,Bisacodyl 5mg,Sembelit,"Kram perut, diare",2026-12-31,Tablet,/static/medicines/Dulcolax Tablet 5 mg.jpg,True,[]
6625,Dulcolax Suppositoria 10mg,Pencernaan & Diare,31589.0,130,Bisacodyl 10mg,Sembelit dengan suppositoria dewasa,Dosis sesuai anjuran dokter. Sanofi,Bisacodyl 10mg,Sembelit dengan suppositoria dewasa,Kram perut,2026-12-31,Tablet,/static/medicines/Dulcolax Suppositoria 10mg.jpg,True,[]
6626,Dulcolax Anak Suppositoria 5mg,Pencernaan & Diare,21005.0,127,Bisacodyl 5mg,Sembelit anak dengan suppositoria,Dosis sesuai anjuran dokter. Sanofi,Bisacodyl 5mg,Sembelit anak dengan suppositoria,Kram perut,2027-11-20,Tablet,/static/medicines/Dulcolax Anak Suppositoria 5mg.jpg,True,[]
6627,Dulcolax Botol 120ml,Pencernaan & Diare,15141.0,283,Bisacodyl 5mg/5ml sirup,Sembelit sirup,Dosis sesuai anjuran dokter. Sanofi,Bisacodyl 5mg/5ml sirup,Sembelit sirup,"Kram perut, mual",2026-12-31,Tablet,/static/medicines/Dulcolax Botol 120ml.jpg,True,[]
6628,Microlax Tube 5ml,Pencernaan & Diare,26070.0,250,"Na Lauryl Sulfoacetate, Sorbitol",Sembelit segera cair,Dosis sesuai anjuran dokter. Pharos,"Na Lauryl Sulfoacetate, Sorbitol",Sembelit segera cair,Ketidaknyamanan anus,2028-03-15,Tablet,/static/medicines/Microlax Tube 5ml.jpg,True,[]
6629,Oralit Sachet,Pencernaan & Diare,36104.0,142,"Glukosa 20g, NaCl 3.5g, KCl 1.5g, NaHCO3 2.5g",Rehidrasi saat diare,Dosis sesuai anjuran dokter. Generic,"Glukosa 20g, NaCl 3.5g, KCl 1.5g, NaHCO3 2.5g",Rehidrasi saat diare,Mual bila terlalu cepat,2028-03-15,Tablet,/static/medicines/Oralit Sachet.jpg,True,[]
6630,Lodia Tablet,Pencernaan & Diare,38252.0,69,Loperamide HCl 2mg,Diare akut menghentikan segera,Dosis sesuai anjuran dokter. Sanbe Farma,Loperamide HCl 2mg,Diare akut menghentikan segera,"Sembelit, pusing",2027-11-20,Tablet,/static/medicines/Lodia Tablet.jpg,True,[]
6631,Lodia Box 100s,Pencernaan & Diare,29038.0,291,Loperamide HCl 2mg,Diare akut stok besar,Dosis sesuai anjuran dokter. Sanbe Farma,Loperamide HCl 2mg,Diare akut stok besar,Sembelit,2027-11-20,Tablet,/static/medicines/Lodia Box 100s.jpg,True,[]
6632,Lacto-B Sachet,Pencernaan & Diare,31877.0,280,"Lactobacillus acidophilus, L. bulgaricus, Streptococcus thermophilus",Diare anak + probiotik,Dosis sesuai anjuran dokter. Novell,"Lactobacillus acidophilus, L. bulgaricus, Streptococcus thermophilus",Diare anak + probiotik,Jarang,2027-06-30,Tablet,/static/medicines/Lacto-B Sachet.jpg,True,[]
6633,Liprolac Sachet,Pencernaan & Diare,34101.0,284,Multi-strain probiotik,Kesehatan pencernaan,Dosis sesuai anjuran dokter. Kalbe,Multi-strain probiotik,Kesehatan pencernaan,Jarang,2026-12-31,Tablet,/static/medicines/Liprolac Sachet.jpg,True,[]
6634,Liprolac Baby Drops,Pencernaan & Diare,22624.0,144,Multi-strain probiotik drops,Pencernaan bayi sehat,Dosis sesuai anjuran dokter. Kalbe,Multi-strain probiotik drops,Pencernaan bayi sehat,Jarang,2027-11-20,Tablet,/static/medicines/Liprolac Baby Drops.jpg,True,[]
6635,Liprolac Botol 30ml,Pencernaan & Diare,16132.0,175,Multi-strain probiotik sirup,Pencernaan anak,Dosis sesuai anjuran dokter. Kalbe,Multi-strain probiotik sirup,Pencernaan anak,Jarang,2028-03-15,Tablet,/static/medicines/Liprolac Botol 30ml.jpg,True,[]
6636,Liprolac Botol 120ml,Pencernaan & Diare,11819.0,203,Multi-strain probiotik sirup besar,Pencernaan keluarga,Dosis sesuai anjuran dokter. Kalbe,Multi-strain probiotik sirup besar,Pencernaan keluarga,Jarang,2027-06-30,Tablet,/static/medicines/Liprolac Botol 120ml.jpg,True,[]
6637,Plantago Ovata Granul,Pencernaan & Diare,34457.0,194,Psyllium Husk,Sembelit kronis dan melancarkan BAB,Dosis sesuai anjuran dokter. Bayer,Psyllium Husk,Sembelit kronis dan melancarkan BAB,Kembung sementara,2027-06-30,Tablet,https://placehold.co/400x300/f8fafc/f59e0b?text=Plantago+Ovata+Granul,True,[]
6638,Biolysin Sirup,Pencernaan & Diare,23221.0,242,"Lysine, Vitamin B Kompleks, Zinc",Nafsu makan anak,Dosis sesuai anjuran dokter. Sanbe Farma,"Lysine, Vitamin B Kompleks, Zinc",Nafsu makan anak,Jarang,2026-12-31,Tablet,https://placehold.co/400x300/f8fafc/f59e0b?text=Biolysin+Sirup,True,[]
6639,Curcuma Plus Sirup,Pencernaan & Diare,36306.0,246,"Curcuma Xanthorrhiza, Vitamin, Zinc","Nafsu makan kurang, pencernaan",Dosis sesuai anjuran dokter. Combiphar,"Curcuma Xanthorrhiza, Vitamin, Zinc","Nafsu makan kurang, pencernaan",Jarang,2027-06-30,Tablet,https://placehold.co/400x300/f8fafc/f59e0b?text=Curcuma+Plus+Sirup,True,[]
6640,Scott's Emulsion,Pencernaan & Diare,16629.0,131,"Cod Liver Oil, Calcium, Vitamin A & D","Nafsu makan, daya tahan, pertumbuhan",Dosis sesuai anjuran dokter. GSK,"Cod Liver Oil, Calcium, Vitamin A & D","Nafsu makan, daya tahan, pertumbuhan",Mual bila berlebih,2027-06-30,Tablet,https://placehold.co/400x300/f8fafc/f59e0b?text=Scott's+Emulsion,True,[]
6641,Noprovit Sirup,Pencernaan & Diare,28181.0,88,"Zinc, Vitamin B1, B6, B12",Nafsu makan anak,Dosis sesuai anjuran dokter. Pharos,"Zinc, Vitamin B1, B6, B12",Nafsu makan anak,Jarang,2026-12-31,Tablet,https://placehold.co/400x300/f8fafc/f59e0b?text=Noprovit+Sirup,True,[]
6642,Enervon C Strip 4s,Suplemen,100572.0,128,"Vitamin C 500mg, Vitamin B Kompleks",Daya tahan tubuh,Dosis sesuai anjuran dokter. Darya-Varia,"Vitamin C 500mg, Vitamin B Kompleks",Daya tahan tubuh,Urin kuning cerah,2027-06-30,Tablet,/static/medicines/Enervon C Strip 4s.jpg,True,[]
6643,Enervon C Effervescent,Suplemen,82973.0,287,"Vitamin C 1000mg, Vitamin B Kompleks effervescent",Daya tahan dan energi,Dosis sesuai anjuran dokter. Darya-Varia,"Vitamin C 1000mg, Vitamin B Kompleks effervescent",Daya tahan dan energi,Kembung,2026-12-31,Tablet,/static/medicines/Enervon C Effervescent.jpg,True,[]
6644,Enervon C Plus Sirup,Suplemen,61220.0,63,"Vitamin C 100mg, Vitamin B Kompleks sirup",Daya tahan anak,Dosis sesuai anjuran dokter. Darya-Varia,"Vitamin C 100mg, Vitamin B Kompleks sirup",Daya tahan anak,Urin kuning,2026-12-31,Tablet,/static/medicines/Enervon C Plus Sirup.jpg,True,[]
6645,Vitacimin Lemon Strip,Suplemen,117284.0,230,Vitamin C 500mg hisap rasa lemon,Suplemen Vitamin C hisap,Dosis sesuai anjuran dokter. Takeda,Vitamin C 500mg hisap rasa lemon,Suplemen Vitamin C hisap,Nyeri lambung,2027-11-20,Tablet,/static/medicines/Vitacimin Lemon Strip.jpg,True,[]
6646,Vitacimin Sweet Orange Strip,Suplemen,62309.0,250,Vitamin C 500mg hisap rasa jeruk,Suplemen Vitamin C hisap,Dosis sesuai anjuran dokter. Takeda,Vitamin C 500mg hisap rasa jeruk,Suplemen Vitamin C hisap,Nyeri lambung,2027-11-20,Tablet,/static/medicines/Vitacimin Sweet Orange Strip.jpg,True,[]
6647,Vitacimin Blueberry Strip,Suplemen,88172.0,112,Vitamin C 500mg hisap rasa blueberry,Suplemen Vitamin C hisap,Dosis sesuai anjuran dokter. Takeda,Vitamin C 500mg hisap rasa blueberry,Suplemen Vitamin C hisap,Nyeri lambung,2028-03-15,Tablet,/static/medicines/Vitacimin Blueberry Strip.jpg,True,[]
6648,Vitacimin Box 100s,Suplemen,49204.0,243,Vitamin C 500mg hisap,Vitamin C stok besar,Dosis sesuai anjuran dokter. Takeda,Vitamin C 500mg hisap,Vitamin C stok besar,Nyeri lambung,2027-06-30,Tablet,/static/medicines/Vitacimin Box 100s.jpg,True,[]
6649,Vicee Strawberry Strip,Suplemen,94220.0,100,Vitamin C 500mg rasa stroberi,Suplemen Vitamin C,Dosis sesuai anjuran dokter. Kalbe,Vitamin C 500mg rasa stroberi,Suplemen Vitamin C,Nyeri lambung,2028-03-15,Tablet,/static/medicines/Vicee Strawberry Strip.jpg,True,[]
6650,Vicee Orange Strip,Suplemen,65314.0,213,Vitamin C 500mg rasa jeruk,Suplemen Vitamin C,Dosis sesuai anjuran dokter. Kalbe,Vitamin C 500mg rasa jeruk,Suplemen Vitamin C,Nyeri lambung,2028-03-15,Tablet,/static/medicines/Vicee Orange Strip.jpg,True,[]
6651,Imboost Strip 4s,Suplemen,88275.0,205,"Echinacea purpurea 250mg, Zinc 10mg, Vitamin C",Meningkatkan imun tubuh,Dosis sesuai anjuran dokter. Soho,"Echinacea purpurea 250mg, Zinc 10mg, Vitamin C",Meningkatkan imun tubuh,Alergi (jarang),2028-03-15,Tablet,/static/medicines/Imboost Strip 4s.jpg,True,[]
6652,Imboost Force Tablet,Suplemen,32947.0,157,"Echinacea, Zinc, Vitamin C, Elderberry",Imun booster tingkat lanjut,Dosis sesuai anjuran dokter. Soho,"Echinacea, Zinc, Vitamin C, Elderberry",Imun booster tingkat lanjut,Alergi jarang,2027-11-20,Tablet,/static/medicines/Imboost Force Tablet.jpg,True,[]
6653,Imboost Kids Sirup,Suplemen,67190.0,153,"Echinacea, Zinc, Vitamin C sirup anak",Imun anak sering sakit,Dosis sesuai anjuran dokter. Soho,"Echinacea, Zinc, Vitamin C sirup anak",Imun anak sering sakit,Jarang,2027-11-20,Tablet,/static/medicines/Imboost Kids Sirup.jpg,True,[]
6654,Imboost Extra Vitamin C,Suplemen,97451.0,283,"Echinacea, Zinc, Vitamin C 1000mg",Imun dan vitamin C ekstra,Dosis sesuai anjuran dokter. Soho,"Echinacea, Zinc, Vitamin C 1000mg",Imun dan vitamin C ekstra,Nyeri lambung,2027-11-20,Tablet,/static/medicines/Imboost Extra Vitamin C.jpg,True,[]
6655,Stimuno Forte Kapsul,Suplemen,59021.0,87,Phyllanthus niruri 50mg,Imunomodulator fitofarmaka,Dosis sesuai anjuran dokter. Dexa Medica,Phyllanthus niruri 50mg,Imunomodulator fitofarmaka,Jarang,2027-11-20,Kapsul,/static/medicines/Stimuno Forte Kapsul.jpg,True,[]
6656,Stimuno Sirup Anggur,Suplemen,66731.0,291,Phyllanthus niruri sirup rasa anggur,Daya tahan anak,Dosis sesuai anjuran dokter. Dexa Medica,Phyllanthus niruri sirup rasa anggur,Daya tahan anak,Jarang,2028-03-15,Tablet,/static/medicines/Stimuno Sirup Anggur.jpg,True,[]
6657,Stimuno Sirup Jeruk,Suplemen,34571.0,85,Phyllanthus niruri sirup rasa jeruk,Daya tahan anak,Dosis sesuai anjuran dokter. Dexa Medica,Phyllanthus niruri sirup rasa jeruk,Daya tahan anak,Jarang,2027-11-20,Tablet,/static/medicines/Stimuno Sirup Jeruk.jpg,True,[]
6658,CDR Tube 10 Tablet,Suplemen,42332.0,118,"Calcium 500mg, Vitamin C, D3, B6 effervescent",Kesehatan tulang dan imun,Dosis sesuai anjuran dokter. Bayer,"Calcium 500mg, Vitamin C, D3, B6 effervescent",Kesehatan tulang dan imun,Kembung,2028-03-15,Tablet,/static/medicines/CDR Tube 10 Tablet.jpg,True,[]
6659,CDR Tube 15 Tablet,Suplemen,109311.0,188,"Calcium 500mg, Vitamin C, D3, B6 effervescent isi 15",Kesehatan tulang besar,Dosis sesuai anjuran dokter. Bayer,"Calcium 500mg, Vitamin C, D3, B6 effervescent isi 15",Kesehatan tulang besar,Kembung,2027-06-30,Tablet,/static/medicines/CDR Tube 15 Tablet.jpg,True,[]
6660,CDR Strip 4s,Suplemen,51319.0,122,"Calcium, Vitamin C, D3 effervescent mini",Kalsium praktis,Dosis sesuai anjuran dokter. Bayer,"Calcium, Vitamin C, D3 effervescent mini",Kalsium praktis,Kembung,2027-11-20,Tablet,/static/medicines/CDR Strip 4s.jpg,True,[]
6661,Redoxon Triple Action 10s,Suplemen,107122.0,176,"Vitamin C 1000mg, Zinc 10mg, Vitamin D3 400IU",Daya tahan tubuh tiga arah,Dosis sesuai anjuran dokter. Bayer,"Vitamin C 1000mg, Zinc 10mg, Vitamin D3 400IU",Daya tahan tubuh tiga arah,Nyeri lambung,2027-06-30,Tablet,/static/medicines/Redoxon Triple Action 10s.jpg,True,[]
6662,Redoxon Zinc 10s,Suplemen,87715.0,227,"Zinc 10mg, Vitamin C 1000mg effervescent",Imun dan penyembuhan luka,Dosis sesuai anjuran dokter. Bayer,"Zinc 10mg, Vitamin C 1000mg effervescent",Imun dan penyembuhan luka,Nyeri lambung,2027-06-30,Tablet,/static/medicines/Redoxon Zinc 10s.jpg,True,[]
6663,Redoxon Kids Gummy,Suplemen,50583.0,105,"Vitamin C, D, Zinc gummy anak",Suplemen imun anak yang menyenangkan,Dosis sesuai anjuran dokter. Bayer,"Vitamin C, D, Zinc gummy anak",Suplemen imun anak yang menyenangkan,Jarang,2026-12-31,Tablet,/static/medicines/Redoxon Kids Gummy.jpg,True,[]
6664,Fatigon Putih Tablet,Suplemen,31520.0,267,"Vitamin B1, B6, B12, E",Mengatasi kelelahan dan capek,Dosis sesuai anjuran dokter. Kalbe,"Vitamin B1, B6, B12, E",Mengatasi kelelahan dan capek,Jarang,2027-06-30,Tablet,/static/medicines/Fatigon Putih Tablet.jpg,True,[]
6665,Fatigon Spirit Tablet,Suplemen,72711.0,173,"Vitamin B Kompleks, Ginseng",Capek dan kurang tenaga,Dosis sesuai anjuran dokter. Kalbe,"Vitamin B Kompleks, Ginseng",Capek dan kurang tenaga,Insomnia ringan,2027-11-20,Tablet,/static/medicines/Fatigon Spirit Tablet.jpg,True,[]
6666,Fatigon Promuno,Suplemen,111245.0,251,"Echinacea, Vitamin C, Zinc",Imun dan pemulihan dari sakit,Dosis sesuai anjuran dokter. Kalbe,"Echinacea, Vitamin C, Zinc",Imun dan pemulihan dari sakit,Jarang,2028-03-15,Tablet,/static/medicines/Fatigon Promuno.jpg,True,[]
6667,Fatigon Strip 4s,Suplemen,56808.0,95,"Vitamin B Kompleks, Vitamin E",Capek strip praktis,Dosis sesuai anjuran dokter. Kalbe,"Vitamin B Kompleks, Vitamin E",Capek strip praktis,Jarang,2026-12-31,Tablet,/static/medicines/Fatigon Strip 4s.jpg,True,[]
6668,Renovit Multivitamin Strip,Suplemen,64332.0,128,"12 Vitamin, 13 Mineral",Kebutuhan vitamin harian lengkap,Dosis sesuai anjuran dokter. Dexa Medica,"12 Vitamin, 13 Mineral",Kebutuhan vitamin harian lengkap,Jarang,2026-12-31,Tablet,/static/medicines/Renovit Multivitamin Strip.jpg,True,[]
6669,Renovit Gold Strip,Suplemen,26290.0,292,"12 Vitamin, 13 Mineral + Ginseng",Multivitamin premium,Dosis sesuai anjuran dokter. Dexa Medica,"12 Vitamin, 13 Mineral + Ginseng",Multivitamin premium,Insomnia ringan,2027-06-30,Tablet,/static/medicines/Renovit Gold Strip.jpg,True,[]
6670,Renovit Sachet 5ml,Suplemen,53646.0,258,Multivitamin cair sachet,Vitamin harian praktis,Dosis sesuai anjuran dokter. Dexa Medica,Multivitamin cair sachet,Vitamin harian praktis,Jarang,2028-03-15,Tablet,/static/medicines/Renovit Sachet 5ml.jpg,True,[]
6671,Sangobion Kapsul Strip,Suplemen,63157.0,261,"Ferrous Gluconate 250mg, Folic Acid, Vit B12, Vit C",Anemia kurang zat besi,Dosis sesuai anjuran dokter. Merck,"Ferrous Gluconate 250mg, Folic Acid, Vit B12, Vit C",Anemia kurang zat besi,"Feses hitam, sembelit",2027-06-30,Kapsul,/static/medicines/Sangobion Kapsul Strip.jpg,True,[]
6672,Sangobion Sirup,Suplemen,67025.0,229,"Ferrous Gluconate, Folic Acid, Vitamin B12 sirup",Anemia dan kurang darah,Dosis sesuai anjuran dokter. Merck,"Ferrous Gluconate, Folic Acid, Vitamin B12 sirup",Anemia dan kurang darah,Feses hitam,2027-06-30,Tablet,/static/medicines/Sangobion Sirup.jpg,True,[]
6673,Sangobion Kids Sirup,Suplemen,118292.0,90,"Ferrous Gluconate, Vit B12 sirup anak",Anemia anak,Dosis sesuai anjuran dokter. Merck,"Ferrous Gluconate, Vit B12 sirup anak",Anemia anak,Feses hitam,2026-12-31,Tablet,/static/medicines/Sangobion Kids Sirup.jpg,True,[]
6674,Sangobion Baby Drops,Suplemen,77876.0,173,Ferrous Gluconate drops bayi,Anemia bayi,Dosis sesuai anjuran dokter. Merck,Ferrous Gluconate drops bayi,Anemia bayi,Feses hitam,2028-03-15,Tablet,/static/medicines/Sangobion Baby Drops.jpg,True,[]
6675,Hemabion Kapsul Strip,Suplemen,115863.0,75,"Ferrous Fumarate, Asam Folat, Vit B12",Anemia ibu hamil,Dosis sesuai anjuran dokter. Pharos,"Ferrous Fumarate, Asam Folat, Vit B12",Anemia ibu hamil,"Mual, konstipasi",2026-12-31,Kapsul,/static/medicines/Hemabion Kapsul Strip.jpg,True,[]
6676,Hemabion Strip 10s,Suplemen,49230.0,130,"Ferrous Fumarate, Asam Folat, Vit B12 strip 10s",Anemia dan kehamilan,Dosis sesuai anjuran dokter. Pharos,"Ferrous Fumarate, Asam Folat, Vit B12 strip 10s",Anemia dan kehamilan,Mual,2027-11-20,Tablet,/static/medicines/Hemabion Strip 10s.jpg,True,[]
6677,You C1000 Vitamin Orange Botol,Suplemen,46211.0,239,Vitamin C 1000mg minuman,Minuman vitamin C segar harian,Dosis sesuai anjuran dokter. Djojonegoro,Vitamin C 1000mg minuman,Minuman vitamin C segar harian,Nyeri lambung,2027-06-30,Tablet,/static/medicines/You C1000 Vitamin Orange Botol.jpg,True,[]
6678,You C1000 Vitamin Lemon Botol,Suplemen,87847.0,215,Vitamin C 1000mg minuman rasa lemon,Vitamin C minum segar lemon,Dosis sesuai anjuran dokter. Djojonegoro,Vitamin C 1000mg minuman rasa lemon,Vitamin C minum segar lemon,Nyeri lambung,2027-11-20,Tablet,/static/medicines/You C1000 Vitamin Lemon Botol.jpg,True,[]
6679,You C1000 Vitamin Lemon,Suplemen,24905.0,259,Vitamin C 1000mg tablet isap lemon,Vitamin C isap lemon,Dosis sesuai anjuran dokter. Djojonegoro,Vitamin C 1000mg tablet isap lemon,Vitamin C isap lemon,Nyeri lambung,2028-03-15,Tablet,/static/medicines/You C1000 Vitamin Lemon.jpg,True,[]
6680,Bear Brand Susu Steril Kaleng 189ml,Suplemen,112423.0,248,100% Susu Sapi Murni Steril,"Pemulihan pasca sakit, tipes",Dosis sesuai anjuran dokter. Nestle,100% Susu Sapi Murni Steril,"Pemulihan pasca sakit, tipes",Alergi laktosa,2026-12-31,Tablet,/static/medicines/Bear Brand Susu Steril Kaleng 189ml.jpg,True,[]
6681,Tje Fuk Kapsul Gingseng,Suplemen,52612.0,143,Ginseng Extract 100mg,Stamina dan vitalitas,Dosis sesuai anjuran dokter. Tje Fuk,Ginseng Extract 100mg,Stamina dan vitalitas,"Insomnia ringan, berdebar",2026-12-31,Kapsul,/static/medicines/Tje Fuk Kapsul Gingseng.jpg,True,[]
6682,Blackmores Vitamin C 500mg,Suplemen,89187.0,96,Ascorbic Acid 500mg,Suplemen vitamin C paten premium,Dosis sesuai anjuran dokter. Blackmores,Ascorbic Acid 500mg,Suplemen vitamin C paten premium,Nyeri lambung,2027-06-30,Tablet,https://placehold.co/400x300/f8fafc/eab308?text=Blackmores+Vitamin+C+500mg,True,[]
6683,Nature-E Kapsul,Suplemen,48192.0,149,Vitamin E 100 IU,Antioksidan dan kesehatan kulit,Dosis sesuai anjuran dokter. Darya-Varia,Vitamin E 100 IU,Antioksidan dan kesehatan kulit,Jarang,2027-11-20,Kapsul,https://placehold.co/400x300/f8fafc/eab308?text=Nature-E+Kapsul,True,[]
6684,Neurobion Forte Tablet,Suplemen,104761.0,136,"Vitamin B1 100mg, B6 200mg, B12 200mcg","Nyeri saraf, kesemutan, kekurangan vitamin B",Dosis sesuai anjuran dokter. Merck,"Vitamin B1 100mg, B6 200mg, B12 200mcg","Nyeri saraf, kesemutan, kekurangan vitamin B",Jarang,2027-11-20,Tablet,https://placehold.co/400x300/f8fafc/eab308?text=Neurobion+Forte+Tablet,True,[]
6685,Heptasan Sirup,Suplemen,111048.0,272,"Cyproheptadine, Vitamin B Kompleks",Penambah nafsu makan,Dosis sesuai anjuran dokter. Sanbe Farma,"Cyproheptadine, Vitamin B Kompleks",Penambah nafsu makan,Sangat mengantuk,2027-11-20,Tablet,https://placehold.co/400x300/f8fafc/eab308?text=Heptasan+Sirup,True,[]
6686,Theragran-M Tablet,Suplemen,64370.0,128,Multivitamin + Mineral Lengkap,Kebutuhan vitamin mineral harian,Dosis sesuai anjuran dokter. BMS,Multivitamin + Mineral Lengkap,Kebutuhan vitamin mineral harian,Jarang,2027-06-30,Tablet,https://placehold.co/400x300/f8fafc/eab308?text=Theragran-M+Tablet,True,[]
6687,Elkana Sirup,Suplemen,77442.0,81,"Lysine, Vitamin B Kompleks, Zinc sirup",Nafsu makan dan pertumbuhan anak,Dosis sesuai anjuran dokter. Kalbe,"Lysine, Vitamin B Kompleks, Zinc sirup",Nafsu makan dan pertumbuhan anak,Jarang,2027-06-30,Tablet,https://placehold.co/400x300/f8fafc/eab308?text=Elkana+Sirup,True,[]
6688,Cetirizine Tablet 10mg,Alergi & Gatal,10511.0,140,Cetirizine HCl 10mg,"Alergi gatal, biduran, bersin alergi",Dosis sesuai anjuran dokter. Generic,Cetirizine HCl 10mg,"Alergi gatal, biduran, bersin alergi",Mengantuk ringan,2027-11-20,Tablet,/static/medicines/Cetirizine Tablet 10mg.jpg,True,[]
6689,Cetirizine Sirup 60ml,Alergi & Gatal,41746.0,186,Cetirizine HCl 2.5mg/5ml,Alergi anak,Dosis sesuai anjuran dokter. Generic,Cetirizine HCl 2.5mg/5ml,Alergi anak,Mengantuk ringan,2027-06-30,Tablet,/static/medicines/Cetirizine Sirup 60ml.jpg,True,[]
6690,Cetirizine Box 50s,Alergi & Gatal,43873.0,245,Cetirizine HCl 10mg,Alergi stok keluarga,Dosis sesuai anjuran dokter. Generic,Cetirizine HCl 10mg,Alergi stok keluarga,Mengantuk ringan,2026-12-31,Tablet,/static/medicines/Cetirizine Box 50s.jpg,True,[]
6691,Loratadine Tablet 10mg,Alergi & Gatal,23914.0,290,Loratadine 10mg,Alergi tanpa mengantuk berat,Dosis sesuai anjuran dokter. Generic,Loratadine 10mg,Alergi tanpa mengantuk berat,Mulut kering,2027-06-30,Tablet,/static/medicines/Loratadine Tablet 10mg.jpg,True,[]
6692,Incidal-OD Kapsul,Alergi & Gatal,17337.0,238,Cetirizine HCl 10mg,Alergi paten sehari sekali,Dosis sesuai anjuran dokter. Bayer,Cetirizine HCl 10mg,Alergi paten sehari sekali,Mengantuk,2027-06-30,Kapsul,/static/medicines/Incidal-OD Kapsul.jpg,True,[]
6693,Incidal-OD Sirup,Alergi & Gatal,12555.0,150,Cetirizine HCl sirup,Alergi anak paten,Dosis sesuai anjuran dokter. Bayer,Cetirizine HCl sirup,Alergi anak paten,Mengantuk,2027-11-20,Tablet,/static/medicines/Incidal-OD Sirup.jpg,True,[]
6694,Incidal-OD Strip 10s,Alergi & Gatal,51420.0,202,Cetirizine HCl 10mg,Alergi paten strip,Dosis sesuai anjuran dokter. Bayer,Cetirizine HCl 10mg,Alergi paten strip,Mengantuk,2026-12-31,Tablet,/static/medicines/Incidal-OD Strip 10s.jpg,True,[]
6695,Alleron Tablet,Alergi & Gatal,35898.0,217,CTM (Chlorpheniramine Maleate) 4mg,Alergi gatal dan rhinitis murah,Dosis sesuai anjuran dokter. Mecosin,CTM (Chlorpheniramine Maleate) 4mg,Alergi gatal dan rhinitis murah,Sangat mengantuk,2026-12-31,Tablet,/static/medicines/Alleron Tablet.jpg,True,[]
6696,Alleron Botol 60ml,Alergi & Gatal,18935.0,157,CTM 2mg/5ml sirup,Alergi anak murah,Dosis sesuai anjuran dokter. Mecosin,CTM 2mg/5ml sirup,Alergi anak murah,Sangat mengantuk,2027-06-30,Tablet,/static/medicines/Alleron Botol 60ml.jpg,True,[]
6697,CTM Tablet 4mg,Alergi & Gatal,44866.0,279,Chlorpheniramine Maleate 4mg,Antihistamin generasi pertama murah,Dosis sesuai anjuran dokter. Generic,Chlorpheniramine Maleate 4mg,Antihistamin generasi pertama murah,Sangat mengantuk,2027-06-30,Tablet,/static/medicines/CTM Tablet 4mg.jpg,True,[]
6698,Caladine Lotion 60ml,Alergi & Gatal,52513.0,149,"Calamine 8%, Zinc Oxide 5%, Diphenhydramine 1%","Gatal biang keringat, gigitan serangga",Dosis sesuai anjuran dokter. Galenium,"Calamine 8%, Zinc Oxide 5%, Diphenhydramine 1%","Gatal biang keringat, gigitan serangga",Kulit sedikit kering,2028-03-15,Tablet,/static/medicines/Caladine Lotion 60ml.jpg,True,[]
6699,Caladine Lotion 95ml,Alergi & Gatal,42650.0,162,"Calamine, Zinc Oxide, Diphenhydramine",Gatal biang keringat kemasan besar,Dosis sesuai anjuran dokter. Galenium,"Calamine, Zinc Oxide, Diphenhydramine",Gatal biang keringat kemasan besar,Kulit sedikit kering,2028-03-15,Tablet,/static/medicines/Caladine Lotion 95ml.jpg,True,[]
6700,Caladine Powder 60g,Alergi & Gatal,15595.0,270,"Calamine, Zinc Oxide, Menthol bedak",Gatal biang keringat bedak,Dosis sesuai anjuran dokter. Galenium,"Calamine, Zinc Oxide, Menthol bedak",Gatal biang keringat bedak,Kulit sedikit kering,2028-03-15,Tablet,/static/medicines/Caladine Powder 60g.jpg,True,[]
6701,Caladine Powder 100g,Alergi & Gatal,35447.0,143,"Calamine, Zinc Oxide, Menthol bedak besar",Gatal biang keringat bedak besar,Dosis sesuai anjuran dokter. Galenium,"Calamine, Zinc Oxide, Menthol bedak besar",Gatal biang keringat bedak besar,Kulit kering,2027-11-20,Tablet,/static/medicines/Caladine Powder 100g.jpg,True,[]
6702,Caladine Baby Balm 30 g,Alergi & Gatal,12086.0,60,"Calamine, Zinc Oxide, Beeswax",Ruam popok dan gatal bayi,Dosis sesuai anjuran dokter. Galenium,"Calamine, Zinc Oxide, Beeswax",Ruam popok dan gatal bayi,Kulit kering,2028-03-15,Tablet,/static/medicines/Caladine Baby Balm 30 g.jpg,True,[]
6703,Herocyn Bedak 75g,Alergi & Gatal,22299.0,128,"Menthol 0.5%, Sulfur, Salicylic Acid bedak",Gatal badan dan kaki bedak,Dosis sesuai anjuran dokter. Coronet Crown,"Menthol 0.5%, Sulfur, Salicylic Acid bedak",Gatal badan dan kaki bedak,Pedih di luka terbuka,2027-11-20,Tablet,/static/medicines/Herocyn Bedak 75g.jpg,True,[]
6704,Herocyn Bedak 150g,Alergi & Gatal,18641.0,240,"Menthol, Sulfur, Salicylic Acid bedak besar",Gatal badan kemasan besar,Dosis sesuai anjuran dokter. Coronet Crown,"Menthol, Sulfur, Salicylic Acid bedak besar",Gatal badan kemasan besar,Pedih di luka,2027-06-30,Tablet,/static/medicines/Herocyn Bedak 150g.jpg,True,[]
6705,Herocyn Baby Powder,Alergi & Gatal,39548.0,235,"Menthol, Zinc Oxide bedak bayi",Biang keringat dan ruam bayi,Dosis sesuai anjuran dokter. Coronet Crown,"Menthol, Zinc Oxide bedak bayi",Biang keringat dan ruam bayi,Pedih di luka,2028-03-15,Tablet,/static/medicines/Herocyn Baby Powder.jpg,True,[]
6706,Telfast Tablet 120mg,Alergi & Gatal,12455.0,95,Fexofenadine HCl 120mg,Alergi rinitis berat tanpa kantuk,Dosis sesuai anjuran dokter. Aventis,Fexofenadine HCl 120mg,Alergi rinitis berat tanpa kantuk,Sakit kepala ringan,2027-11-20,Tablet,/static/medicines/Telfast Tablet 120mg.jpg,True,[]
6707,Telfast Tablet 180mg,Alergi & Gatal,51167.0,201,Fexofenadine HCl 180mg,Alergi berat tanpa kantuk,Dosis sesuai anjuran dokter. Aventis,Fexofenadine HCl 180mg,Alergi berat tanpa kantuk,Sakit kepala,2028-03-15,Tablet,/static/medicines/Telfast Tablet 180mg.jpg,True,[]
6708,Telfast botol 120ml,Alergi & Gatal,22349.0,249,Fexofenadine HCl 30mg/5ml sirup,Alergi anak tanpa kantuk,Dosis sesuai anjuran dokter. Aventis,Fexofenadine HCl 30mg/5ml sirup,Alergi anak tanpa kantuk,Sakit kepala ringan,2028-03-15,Tablet,/static/medicines/Telfast botol 120ml.jpg,True,[]
6709,Ryvel Tablet,Alergi & Gatal,34613.0,222,Cetirizine HCl 10mg,Alergi paten lainnya,Dosis sesuai anjuran dokter. Novell,Cetirizine HCl 10mg,Alergi paten lainnya,Mengantuk,2026-12-31,Tablet,/static/medicines/Ryvel Tablet.jpg,True,[]
6710,Ryvel Sirup,Alergi & Gatal,31072.0,99,Cetirizine HCl sirup,Alergi anak paten,Dosis sesuai anjuran dokter. Novell,Cetirizine HCl sirup,Alergi anak paten,Mengantuk,2027-06-30,Tablet,/static/medicines/Ryvel Sirup.jpg,True,[]
6711,Ryvel Drops,Alergi & Gatal,48653.0,271,Cetirizine HCl drops bayi,Alergi bayi,Dosis sesuai anjuran dokter. Novell,Cetirizine HCl drops bayi,Alergi bayi,Mengantuk ringan,2027-11-20,Tablet,/static/medicines/Ryvel Drops.jpg,True,[]
6712,Ryvel Botol 120ml,Alergi & Gatal,34473.0,133,Cetirizine HCl sirup besar,Alergi kemasan besar,Dosis sesuai anjuran dokter. Novell,Cetirizine HCl sirup besar,Alergi kemasan besar,Mengantuk,2027-06-30,Tablet,/static/medicines/Ryvel Botol 120ml.jpg,True,[]
6713,Desloratadine Tablet,Alergi & Gatal,11387.0,221,Desloratadine 5mg,Alergi generasi ketiga tanpa kantuk,Dosis sesuai anjuran dokter. Generic,Desloratadine 5mg,Alergi generasi ketiga tanpa kantuk,Jarang,2028-03-15,Tablet,https://placehold.co/400x300/f8fafc/8b5cf6?text=Desloratadine+Tablet,True,[]
6714,Avil Tablet,Alergi & Gatal,25707.0,70,Pheniramine Maleate 25mg,"Alergi berat, reaksi alergi akut",Dosis sesuai anjuran dokter. Aventis,Pheniramine Maleate 25mg,"Alergi berat, reaksi alergi akut",Sangat mengantuk,2026-12-31,Tablet,https://placehold.co/400x300/f8fafc/8b5cf6?text=Avil+Tablet,True,[]
6715,Hydrocortisone Cream 2.5%,Alergi & Gatal,10041.0,213,Hydrocortisone 2.5%,"Gatal radang kulit, eksim ringan",Dosis sesuai anjuran dokter. Generic,Hydrocortisone 2.5%,"Gatal radang kulit, eksim ringan",Penipisan kulit (pemakaian lama),2028-03-15,Tablet,https://placehold.co/400x300/f8fafc/8b5cf6?text=Hydrocortisone+Cream+2.5%,True,[]
6716,Elocon Cream 5g,Alergi & Gatal,56757.0,197,Mometasone Furoate 0.1%,"Eksim, psoriasis, dermatitis atopik",Dosis sesuai anjuran dokter. Schering,Mometasone Furoate 0.1%,"Eksim, psoriasis, dermatitis atopik",Penipisan kulit,2028-03-15,Tablet,https://placehold.co/400x300/f8fafc/8b5cf6?text=Elocon+Cream+5g,True,[]
6717,Caladryl Lotion,Alergi & Gatal,53961.0,244,"Calamine, Diphenhydramine","Gatal akibat poison ivy, biang keringat",Dosis sesuai anjuran dokter. J&J,"Calamine, Diphenhydramine","Gatal akibat poison ivy, biang keringat",Kulit kering,2028-03-15,Tablet,https://placehold.co/400x300/f8fafc/8b5cf6?text=Caladryl+Lotion,True,[]
6718,Betadine Solution 15ml,Obat Kulit & Luka,68495.0,182,Povidone Iodine 10%,Antiseptik luka kecil,Dosis sesuai anjuran dokter. Mundipharma,Povidone Iodine 10%,Antiseptik luka kecil,Iritasi ringan,2026-12-31,Tablet,/static/medicines/Betadine Solution 15ml.jpg,True,[]
6719,Betadine Solution 30ml,Obat Kulit & Luka,66119.0,180,Povidone Iodine 10%,Antiseptik luka medium,Dosis sesuai anjuran dokter. Mundipharma,Povidone Iodine 10%,Antiseptik luka medium,Iritasi ringan,2026-12-31,Tablet,/static/medicines/Betadine Solution 30ml.webp,True,[]
6720,Betadine Solution 60ml,Obat Kulit & Luka,66483.0,82,Povidone Iodine 10%,Antiseptik luka kemasan besar,Dosis sesuai anjuran dokter. Mundipharma,Povidone Iodine 10%,Antiseptik luka kemasan besar,Iritasi ringan,2028-03-15,Tablet,/static/medicines/Betadine Solution 60ml.jpg,True,[]
6721,Betadine Ointment 10g,Obat Kulit & Luka,20810.0,254,Povidone Iodine 10% salep,"Luka berinfeksi, borok",Dosis sesuai anjuran dokter. Mundipharma,Povidone Iodine 10% salep,"Luka berinfeksi, borok",Iritasi lokal,2028-03-15,Tablet,/static/medicines/Betadine Ointment 10g.jpg,True,[]
6722,Betadine Plaster,Obat Kulit & Luka,36276.0,239,Povidone Iodine 10% plaster,Luka lecet kecil plaster antiseptik,Dosis sesuai anjuran dokter. Mundipharma,Povidone Iodine 10% plaster,Luka lecet kecil plaster antiseptik,Iritasi lokal,2028-03-15,Tablet,/static/medicines/Betadine Plaster.avif,True,[]
6723,Rivanol 100 ml,Obat Kulit & Luka,64309.0,121,Ethacridine Lactate 0.1%,"Membersihkan luka basah, kompres luka",Dosis sesuai anjuran dokter. Generic,Ethacridine Lactate 0.1%,"Membersihkan luka basah, kompres luka",Kulit menguning sementara,2028-03-15,Tablet,/static/medicines/Rivanol 100 ml.jpg,True,[]
6724,Rivanol 300 ml,Obat Kulit & Luka,12864.0,155,Ethacridine Lactate 0.1% besar,Membersihkan luka besar,Dosis sesuai anjuran dokter. Generic,Ethacridine Lactate 0.1% besar,Membersihkan luka besar,Kulit menguning,2026-12-31,Tablet,/static/medicines/Rivanol 300 ml.jpg,True,[]
6725,Hansaplast Spray Antiseptik 50ml,Obat Kulit & Luka,61149.0,56,Octenidine Dihydrochloride,Cuci luka tanpa perih modern,Dosis sesuai anjuran dokter. Beiersdorf,Octenidine Dihydrochloride,Cuci luka tanpa perih modern,Jarang,2027-11-20,Tablet,/static/medicines/Hansaplast Spray Antiseptik 50ml.jpg,True,[]
6726,Hansaplast Koyo Panas,Obat Kulit & Luka,43836.0,79,"Methyl Salicylate, Menthol koyo",Nyeri otot dan pegal lewat koyo,Dosis sesuai anjuran dokter. Beiersdorf,"Methyl Salicylate, Menthol koyo",Nyeri otot dan pegal lewat koyo,Kemerahan kulit,2028-03-15,Tablet,/static/medicines/Hansaplast Koyo Panas.jpg,True,[]
6727,Hansaplast Koyo Hangat,Obat Kulit & Luka,26367.0,94,"Capsaicin, Menthol koyo hangat",Pegal hangat,Dosis sesuai anjuran dokter. Beiersdorf,"Capsaicin, Menthol koyo hangat",Pegal hangat,Kemerahan kulit,2027-11-20,Tablet,/static/medicines/Hansaplast Koyo Hangat.jpg,True,[]
6728,Hansaplast Tube 15g,Obat Kulit & Luka,61429.0,270,"Dexpanthenol, Chlorhexidine cream",Perawatan luka dan kulit sensitif,Dosis sesuai anjuran dokter. Beiersdorf,"Dexpanthenol, Chlorhexidine cream",Perawatan luka dan kulit sensitif,Jarang,2028-03-15,Tablet,/static/medicines/Hansaplast Tube 15g.jpg,True,[]
6729,Bioplacenton Gel 15g,Obat Kulit & Luka,49943.0,227,"Placenta Extract 10%, Neomycin Sulfate 0.5%","Luka bakar knalpot, luka bakar ringan",Dosis sesuai anjuran dokter. Kalbe,"Placenta Extract 10%, Neomycin Sulfate 0.5%","Luka bakar knalpot, luka bakar ringan",Alergi neomycin (jarang),2026-12-31,Tablet,/static/medicines/Bioplacenton Gel 15g.jpg,True,[]
6730,Burnazin Cream 35g,Obat Kulit & Luka,50346.0,276,Silver Sulfadiazine 1%,Luka bakar derajat 2,Dosis sesuai anjuran dokter. Darya-Varia,Silver Sulfadiazine 1%,Luka bakar derajat 2,Iritasi kulit sementara,2028-03-15,Tablet,/static/medicines/Burnazin Cream 35g.jpg,True,[]
6731,Dermatix Ultra Gel 5g,Obat Kulit & Luka,44798.0,297,"Cyclopentasiloxane, Vitamin C Ester gel","Bekas luka menonjol, keloid, stretchmark",Dosis sesuai anjuran dokter. Menarini,"Cyclopentasiloxane, Vitamin C Ester gel","Bekas luka menonjol, keloid, stretchmark",Jarang,2027-06-30,Tablet,/static/medicines/Dermatix Ultra Gel 5g.jpg,True,[]
6732,Mebo Ointment 20g,Obat Kulit & Luka,46363.0,221,"Radix Scutellariae, Cortex Phellodendri, Minyak Wijen","Luka bakar, ulkus herbal",Dosis sesuai anjuran dokter. Mebo,"Radix Scutellariae, Cortex Phellodendri, Minyak Wijen","Luka bakar, ulkus herbal",Bau wijen kuat,2027-11-20,Tablet,/static/medicines/Mebo Ointment 20g.jpg,True,[]
6733,Mebo Tube 50g,Obat Kulit & Luka,52991.0,60,"Radix Scutellariae, minyak wijen tube besar",Luka bakar besar herbal,Dosis sesuai anjuran dokter. Mebo,"Radix Scutellariae, minyak wijen tube besar",Luka bakar besar herbal,Bau wijen,2027-06-30,Tablet,/static/medicines/Mebo Tube 50g.jpg,True,[]
6734,Nebacetin Ointment 5g,Obat Kulit & Luka,38793.0,226,"Neomycin Sulfate 3500IU, Bacitracin 250IU","Luka bernanah, infeksi bakteri kulit",Dosis sesuai anjuran dokter. Pharos,"Neomycin Sulfate 3500IU, Bacitracin 250IU","Luka bernanah, infeksi bakteri kulit",Alergi lokal,2027-11-20,Tablet,/static/medicines/Nebacetin Ointment 5g.jpg,True,[]
6735,Nebacetin Powder 5g,Obat Kulit & Luka,39567.0,240,"Neomycin Sulfate, Bacitracin bubuk",Luka basah bernanah bubuk,Dosis sesuai anjuran dokter. Pharos,"Neomycin Sulfate, Bacitracin bubuk",Luka basah bernanah bubuk,Alergi lokal,2026-12-31,Tablet,/static/medicines/Nebacetin Powder 5g.jpg,True,[]
6736,Garamycin Cream 5g,Obat Kulit & Luka,18483.0,182,Gentamicin Sulfate 0.1% cream,"Impetigo, infeksi kulit bakteri",Dosis sesuai anjuran dokter. Schering,Gentamicin Sulfate 0.1% cream,"Impetigo, infeksi kulit bakteri",Gatal ringan,2027-11-20,Tablet,/static/medicines/Garamycin Cream 5g.jpg,True,[]
6737,Garamycin Ointment 15g,Obat Kulit & Luka,40221.0,214,Gentamicin Sulfate 0.1% salep,Infeksi kulit kronis,Dosis sesuai anjuran dokter. Schering,Gentamicin Sulfate 0.1% salep,Infeksi kulit kronis,Gatal,2027-11-20,Tablet,/static/medicines/Garamycin Ointment 15g.jpg,True,[]
6738,Fusycom Gel,Obat Kulit & Luka,37913.0,233,Fusidic Acid 2%,"Impetigo, infeksi bakteri kulit",Dosis sesuai anjuran dokter. Kalbe,Fusidic Acid 2%,"Impetigo, infeksi bakteri kulit",Iritasi lokal,2028-03-15,Tablet,https://placehold.co/400x300/f8fafc/ec4899?text=Fusycom+Gel,True,[]
6739,Mupirocin Salep,Obat Kulit & Luka,45213.0,55,Mupirocin 2%,Infeksi kulit stafilokokus,Dosis sesuai anjuran dokter. GSK,Mupirocin 2%,Infeksi kulit stafilokokus,Iritasi lokal,2027-11-20,Tablet,https://placehold.co/400x300/f8fafc/ec4899?text=Mupirocin+Salep,True,[]
6740,Acne-Aid Bar Sabun,Obat Kulit & Luka,54112.0,254,"Triclosan, Zinc",Sabun jerawat anti bakteri,Dosis sesuai anjuran dokter. Stiefel,"Triclosan, Zinc",Sabun jerawat anti bakteri,Kulit kering,2026-12-31,Tablet,https://placehold.co/400x300/f8fafc/ec4899?text=Acne-Aid+Bar+Sabun,True,[]
6741,Benzolac Gel 2.5%,Obat Kulit & Luka,64248.0,179,Benzoyl Peroxide 2.5%,Jerawat ringan sedang,Dosis sesuai anjuran dokter. Pharos,Benzoyl Peroxide 2.5%,Jerawat ringan sedang,"Kulit kering, mengelupas",2027-06-30,Tablet,https://placehold.co/400x300/f8fafc/ec4899?text=Benzolac+Gel+2.5%,True,[]
6742,Acnes Sealing Jell,Obat Kulit & Luka,12092.0,242,"Triclosan, Zinc, Vitamin E",Gel jerawat anti bakteri,Dosis sesuai anjuran dokter. Lion,"Triclosan, Zinc, Vitamin E",Gel jerawat anti bakteri,Kulit kering,2028-03-15,Tablet,https://placehold.co/400x300/f8fafc/ec4899?text=Acnes+Sealing+Jell,True,[]
6743,Kalpanax K Cream 5g,Antijamur & Kulit,74095.0,154,Miconazole Nitrate 2%,"Panu, kurap, kutu air cream",Dosis sesuai anjuran dokter. Kalbe,Miconazole Nitrate 2%,"Panu, kurap, kutu air cream",Rasa terbakar,2027-06-30,Tablet,/static/medicines/Kalpanax K Cream 5g.jpg,True,[]
6744,Kalpanax Cair 10ml,Antijamur & Kulit,56420.0,149,"Salicylic Acid, Benzoic Acid cair",Panu keras dan kutu air cair,Dosis sesuai anjuran dokter. Kalbe,"Salicylic Acid, Benzoic Acid cair",Panu keras dan kutu air cair,Rasa terbakar kuat,2028-03-15,Tablet,/static/medicines/Kalpanax Cair 10ml.jpg,True,[]
6745,Kalpanax Box 30s,Antijamur & Kulit,73879.0,73,Miconazole Nitrate tablet kunyah/kapsul,Jamur sistemik atau luas,Dosis sesuai anjuran dokter. Kalbe,Miconazole Nitrate tablet kunyah/kapsul,Jamur sistemik atau luas,Gangguan lambung,2026-12-31,Tablet,/static/medicines/Kalpanax Box 30s.jpg,True,[]
6746,Daktarin Cream 15g,Antijamur & Kulit,73009.0,132,Miconazole Nitrate 2% cream,Infeksi jamur kulit dan lipatan tubuh,Dosis sesuai anjuran dokter. J&J,Miconazole Nitrate 2% cream,Infeksi jamur kulit dan lipatan tubuh,Iritasi ringan,2027-11-20,Tablet,/static/medicines/Daktarin Cream 15g.jpg,True,[]
6747,Daktarin Powder 20g,Antijamur & Kulit,77103.0,227,Miconazole Nitrate 2% bedak,Jamur kaki dan sela jari bedak,Dosis sesuai anjuran dokter. J&J,Miconazole Nitrate 2% bedak,Jamur kaki dan sela jari bedak,Iritasi,2026-12-31,Tablet,/static/medicines/Daktarin Powder 20g.jpg,True,[]
6748,Daktarin Diaper Cream,Antijamur & Kulit,22243.0,134,"Miconazole Nitrate, Zinc Oxide krim popok",Ruam popok karena jamur,Dosis sesuai anjuran dokter. J&J,"Miconazole Nitrate, Zinc Oxide krim popok",Ruam popok karena jamur,Iritasi,2026-12-31,Tablet,/static/medicines/Daktarin Diaper Cream.jpg,True,[]
6749,Canesten Cream 10g,Antijamur & Kulit,20559.0,163,Clotrimazole 1% cream,"Panu, kadas, kurap",Dosis sesuai anjuran dokter. Bayer,Clotrimazole 1% cream,"Panu, kadas, kurap",Kemerahan lokal,2027-06-30,Tablet,/static/medicines/Canesten Cream 10g.jpg,True,[]
6750,Fungiderm Cream 5g,Antijamur & Kulit,26175.0,252,Clotrimazole 1% cream kecil,Infeksi jamur ringan,Dosis sesuai anjuran dokter. Konimex,Clotrimazole 1% cream kecil,Infeksi jamur ringan,Iritasi,2027-11-20,Tablet,/static/medicines/Fungiderm Cream 5g.jpg,True,[]
6751,Fungiderm Cream 15g,Antijamur & Kulit,75374.0,286,Clotrimazole 1% cream besar,Infeksi jamur sedang,Dosis sesuai anjuran dokter. Konimex,Clotrimazole 1% cream besar,Infeksi jamur sedang,Iritasi,2027-11-20,Tablet,/static/medicines/Fungiderm Cream 15g.jpg,True,[]
6752,Mycoral Cream 5g,Antijamur & Kulit,75799.0,75,Ketoconazole 2% cream,Jamur membandel pada kulit,Dosis sesuai anjuran dokter. Kalbe,Ketoconazole 2% cream,Jamur membandel pada kulit,Gatal ringan,2027-11-20,Tablet,/static/medicines/Mycoral Cream 5g.jpg,True,[]
6753,Mycoral Tablet 200mg,Antijamur & Kulit,52800.0,81,Ketoconazole 200mg tablet,Jamur sistemik dan kulit luas,Dosis sesuai anjuran dokter. Kalbe,Ketoconazole 200mg tablet,Jamur sistemik dan kulit luas,"Mual, gangguan hati",2026-12-31,Tablet,/static/medicines/Mycoral Tablet 200mg.jpg,True,[]
6754,Mycoral Tube 50g,Antijamur & Kulit,34396.0,98,Ketoconazole 2% tube besar,Jamur kulit luas,Dosis sesuai anjuran dokter. Kalbe,Ketoconazole 2% tube besar,Jamur kulit luas,Gatal ringan,2027-11-20,Tablet,/static/medicines/Mycoral Tube 50g.jpg,True,[]
6755,Scabimite Cream 10g,Antijamur & Kulit,67670.0,278,Permethrin 5%,"Kudis (Scabies), tungau kulit",Dosis sesuai anjuran dokter. Galderma,Permethrin 5%,"Kudis (Scabies), tungau kulit",Rasa panas,2026-12-31,Tablet,/static/medicines/Scabimite Cream 10g.jpg,True,[]
6756,Scabimite Cream 30g,Antijamur & Kulit,64147.0,260,Permethrin 5% kemasan besar,Kudis seluruh badan,Dosis sesuai anjuran dokter. Galderma,Permethrin 5% kemasan besar,Kudis seluruh badan,Rasa panas,2028-03-15,Tablet,/static/medicines/Scabimite Cream 30g.jpg,True,[]
6757,Salep 88 Pot 6g,Antijamur & Kulit,22997.0,109,"Salicylic Acid 6%, Benzoic Acid 12%, Sulfur 4%",Panu keras tradisional,Dosis sesuai anjuran dokter. Meccaya,"Salicylic Acid 6%, Benzoic Acid 12%, Sulfur 4%",Panu keras tradisional,"Panas menyengat, kulit terkelupas",2027-11-20,Tablet,/static/medicines/Salep 88 Pot 6g.jpg,True,[]
6758,Ketoconazole Cream 10g,Antijamur & Kulit,61985.0,219,Ketoconazole 2% generik,Jamur kulit generik murah,Dosis sesuai anjuran dokter. Generic,Ketoconazole 2% generik,Jamur kulit generik murah,Iritasi,2027-06-30,Tablet,/static/medicines/Ketoconazole Cream 10g.jpg,True,[]
6759,Ketoconazole Tablet,Antijamur & Kulit,24746.0,142,Ketoconazole 200mg generik,Jamur sistemik generik,Dosis sesuai anjuran dokter. Generic,Ketoconazole 200mg generik,Jamur sistemik generik,Mual,2026-12-31,Tablet,/static/medicines/Ketoconazole Tablet.jpg,True,[]
6760,Ketoconazole Box 100s,Antijamur & Kulit,21062.0,286,Ketoconazole 200mg generik isi banyak,Jamur stok banyak,Dosis sesuai anjuran dokter. Generic,Ketoconazole 200mg generik isi banyak,Jamur stok banyak,"Mual, hati",2028-03-15,Tablet,/static/medicines/Ketoconazole Box 100s.webp,True,[]
6761,Terbinafine Cream,Antijamur & Kulit,78501.0,116,Terbinafine HCl 1%,"Kutu air berat, tinea pedis",Dosis sesuai anjuran dokter. Novartis,Terbinafine HCl 1%,"Kutu air berat, tinea pedis",Iritasi ringan,2026-12-31,Tablet,https://placehold.co/400x300/f8fafc/14b8a6?text=Terbinafine+Cream,True,[]
6762,Fluconazole Kapsul 150mg,Antijamur & Kulit,50991.0,182,Fluconazole 150mg,"Jamur vaginal, kandidiasis oral",Dosis sesuai anjuran dokter. Pfizer,Fluconazole 150mg,"Jamur vaginal, kandidiasis oral","Mual, sakit kepala",2028-03-15,Kapsul,https://placehold.co/400x300/f8fafc/14b8a6?text=Fluconazole+Kapsul+150mg,True,[]
6763,Ciclopirox Olamine Cream,Antijamur & Kulit,28454.0,258,Ciclopirox Olamine 1%,"Tinea versicolor, dermatofitosis",Dosis sesuai anjuran dokter. Stiefel,Ciclopirox Olamine 1%,"Tinea versicolor, dermatofitosis",Iritasi,2027-06-30,Tablet,https://placehold.co/400x300/f8fafc/14b8a6?text=Ciclopirox+Olamine+Cream,True,[]
6764,Counterpain Krim 15g,Obat Oles Nyeri,53373.0,160,"Methyl Salicylate 32.2%, Menthol 10%, Eugenol 1.25%","Nyeri otot, keseleo, pegal linu",Dosis sesuai anjuran dokter. Taisho,"Methyl Salicylate 32.2%, Menthol 10%, Eugenol 1.25%","Nyeri otot, keseleo, pegal linu",Panas berlebih jika dikompres,2026-12-31,Tablet,/static/medicines/Counterpain Krim 15g.jpg,True,[]
6765,Counterpain Krim 30g,Obat Oles Nyeri,37039.0,204,"Methyl Salicylate, Menthol, Eugenol cream medium",Nyeri otot medium,Dosis sesuai anjuran dokter. Taisho,"Methyl Salicylate, Menthol, Eugenol cream medium",Nyeri otot medium,Panas berlebih,2027-06-30,Tablet,/static/medicines/Counterpain Krim 30g.jpg,True,[]
6766,Counterpain Cool Gel 30g,Obat Oles Nyeri,33161.0,129,"Methyl Salicylate, Menthol gel dingin","Cedera baru, bengkak akut, peradangan",Dosis sesuai anjuran dokter. Taisho,"Methyl Salicylate, Menthol gel dingin","Cedera baru, bengkak akut, peradangan",Jarang,2026-12-31,Tablet,/static/medicines/Counterpain Cool Gel 30g.jpg,True,[]
6767,Voltaren Emulgel 10g,Obat Oles Nyeri,40480.0,89,Diclofenac Diethylamine 1.16%,"Nyeri sendi, tendinitis, memar",Dosis sesuai anjuran dokter. GSK,Diclofenac Diethylamine 1.16%,"Nyeri sendi, tendinitis, memar",Kemerahan kulit,2027-06-30,Tablet,/static/medicines/Voltaren Emulgel 10g.jpg,True,[]
6768,Voltaren Emulgel 20g,Obat Oles Nyeri,18789.0,72,Diclofenac Diethylamine 1.16% medium,Nyeri sendi dan otot medium,Dosis sesuai anjuran dokter. GSK,Diclofenac Diethylamine 1.16% medium,Nyeri sendi dan otot medium,Kemerahan,2028-03-15,Tablet,/static/medicines/Voltaren Emulgel 20g.jpg,True,[]
6769,Voltaren Botol 30ml,Obat Oles Nyeri,25666.0,211,Diclofenac Diethylamine cair,Nyeri otot cair,Dosis sesuai anjuran dokter. GSK,Diclofenac Diethylamine cair,Nyeri otot cair,Kemerahan,2027-06-30,Tablet,/static/medicines/Voltaren Botol 30ml.jpg,True,[]
6770,Hot In Cream Botol 120ml,Obat Oles Nyeri,52040.0,232,"Methyl Salicylate, Menthol, Pine Oil",Pegal linu dan masuk angin botol besar,Dosis sesuai anjuran dokter. Bintang Toedjoe,"Methyl Salicylate, Menthol, Pine Oil",Pegal linu dan masuk angin botol besar,Panas kulit sensitif,2026-12-31,Tablet,/static/medicines/Hot In Cream Botol 120ml.jpg,True,[]
6771,Hot In Cream Tube 60g,Obat Oles Nyeri,36351.0,50,"Methyl Salicylate, Menthol, Pine Oil tube",Pegal linu tube,Dosis sesuai anjuran dokter. Bintang Toedjoe,"Methyl Salicylate, Menthol, Pine Oil tube",Pegal linu tube,Panas,2027-06-30,Tablet,/static/medicines/Hot In Cream Tube 60g.jpg,True,[]
6772,Hot In Cream Aromatherapy 120ml,Obat Oles Nyeri,23367.0,119,"Methyl Salicylate, Eucalyptus, Lavender",Pegal linu aromaterapi,Dosis sesuai anjuran dokter. Bintang Toedjoe,"Methyl Salicylate, Eucalyptus, Lavender",Pegal linu aromaterapi,Panas,2028-03-15,Tablet,/static/medicines/Hot In Cream Aromatherapy 120ml.jpg,True,[]
6773,Hot In Cream Strong 120ml,Obat Oles Nyeri,17342.0,211,"Methyl Salicylate ekstra kuat, Capsaicin",Pegal linu berat dan rematik,Dosis sesuai anjuran dokter. Bintang Toedjoe,"Methyl Salicylate ekstra kuat, Capsaicin",Pegal linu berat dan rematik,Sangat panas,2026-12-31,Tablet,/static/medicines/Hot In Cream Strong 120ml.jpg,True,[]
6774,Geliga Balsem Otot 10g,Obat Oles Nyeri,54955.0,268,"Methyl Salicylate, Peppermint Oil",Nyeri punggung dan pegal,Dosis sesuai anjuran dokter. Eagle Indo Pharma,"Methyl Salicylate, Peppermint Oil",Nyeri punggung dan pegal,Panas lokal,2027-06-30,Tablet,/static/medicines/Geliga Balsem Otot 10g.jpg,True,[]
6775,Geliga Balsem Otot 20g,Obat Oles Nyeri,50725.0,169,"Methyl Salicylate, Peppermint Oil medium",Nyeri punggung dan pegal,Dosis sesuai anjuran dokter. Eagle Indo Pharma,"Methyl Salicylate, Peppermint Oil medium",Nyeri punggung dan pegal,Panas lokal,2028-03-15,Tablet,/static/medicines/Geliga Balsem Otot 20g.jpg,True,[]
6776,Geliga Krim 30g,Obat Oles Nyeri,30112.0,56,"Methyl Salicylate, Peppermint Oil cream",Pegal dan nyeri otot cream,Dosis sesuai anjuran dokter. Eagle Indo Pharma,"Methyl Salicylate, Peppermint Oil cream",Pegal dan nyeri otot cream,Panas,2028-03-15,Tablet,/static/medicines/Geliga Krim 30g.jpg,True,[]
6777,GPU Minyak Gosok Botol 30ml,Obat Oles Nyeri,54863.0,79,"Nutmeg Oil, Eucalyptus Oil, Citronella","Urut, keseleo, pegal minyak gosok",Dosis sesuai anjuran dokter. Cap Lang,"Nutmeg Oil, Eucalyptus Oil, Citronella","Urut, keseleo, pegal minyak gosok",Iritasi lokal,2028-03-15,Tablet,/static/medicines/GPU Minyak Gosok Botol 30ml.jpg,True,[]
6778,GPU Minyak Gosok Botol 60ml,Obat Oles Nyeri,40936.0,298,"Nutmeg Oil, Eucalyptus Oil, Citronella medium",Urut dan pegal medium,Dosis sesuai anjuran dokter. Cap Lang,"Nutmeg Oil, Eucalyptus Oil, Citronella medium",Urut dan pegal medium,Iritasi,2028-03-15,Tablet,/static/medicines/GPU Minyak Gosok Botol 60ml.jpg,True,[]
6779,GPU Minyak Gosok Botol 100ml,Obat Oles Nyeri,28112.0,87,"Nutmeg Oil, Eucalyptus Oil, Citronella besar",Minyak gosok kemasan besar,Dosis sesuai anjuran dokter. Cap Lang,"Nutmeg Oil, Eucalyptus Oil, Citronella besar",Minyak gosok kemasan besar,Iritasi,2028-03-15,Tablet,/static/medicines/GPU Minyak Gosok Botol 100ml.avif,True,[]
6780,Salonpas Koyo Hijau 10s,Obat Oles Nyeri,14522.0,143,"Methyl Salicylate, Menthol koyo",Koyo pereda nyeri otot standar,Dosis sesuai anjuran dokter. Hisamitsu,"Methyl Salicylate, Menthol koyo",Koyo pereda nyeri otot standar,Kemerahan kulit,2027-06-30,Tablet,/static/medicines/Salonpas Koyo Hijau 10s.jpg,True,[]
6781,Salonpas Koyo Merah Hot 10s,Obat Oles Nyeri,19439.0,231,"Methyl Salicylate, Menthol, Capsicin koyo panas",Koyo pereda nyeri panas,Dosis sesuai anjuran dokter. Hisamitsu,"Methyl Salicylate, Menthol, Capsicin koyo panas",Koyo pereda nyeri panas,"Kemerahan, panas",2026-12-31,Tablet,/static/medicines/Salonpas Koyo Merah Hot 10s.jpg,True,[]
6782,Salonpas Gel 15g,Obat Oles Nyeri,29877.0,124,"Methyl Salicylate, Menthol gel oles",Nyeri otot gel,Dosis sesuai anjuran dokter. Hisamitsu,"Methyl Salicylate, Menthol gel oles",Nyeri otot gel,Jarang,2028-03-15,Tablet,/static/medicines/Salonpas Gel 15g.jpg,True,[]
6783,Salonpas Liniment Cair 50ml,Obat Oles Nyeri,53415.0,128,"Methyl Salicylate, Menthol, Camphor cair",Nyeri otot cair,Dosis sesuai anjuran dokter. Hisamitsu,"Methyl Salicylate, Menthol, Camphor cair",Nyeri otot cair,Iritasi,2026-12-31,Tablet,/static/medicines/Salonpas Liniment Cair 50ml.jpg,True,[]
6784,Freshcare Roll On Citrus 10ml,Obat Oles Nyeri,46693.0,254,"Menthol, Camphor, Citrus Essential Oil","Pusing, mabuk, kembung perut roll on",Dosis sesuai anjuran dokter. Ultra Sakti,"Menthol, Camphor, Citrus Essential Oil","Pusing, mabuk, kembung perut roll on",Iritasi mata,2027-06-30,Tablet,/static/medicines/Freshcare Roll On Citrus 10ml.jpg,True,[]
6785,Freshcare Roll On Green Tea 10ml,Obat Oles Nyeri,23787.0,209,"Menthol, Camphor, Green Tea",Pusing dan mabuk roll on hijau,Dosis sesuai anjuran dokter. Ultra Sakti,"Menthol, Camphor, Green Tea",Pusing dan mabuk roll on hijau,Iritasi mata,2027-11-20,Tablet,/static/medicines/Freshcare Roll On Green Tea 10ml.jpg,True,[]
6786,Freshcare Roll On Strong 10ml,Obat Oles Nyeri,47742.0,208,"Menthol ekstra kuat, Camphor, Eucalyptus",Pusing berat roll on kuat,Dosis sesuai anjuran dokter. Ultra Sakti,"Menthol ekstra kuat, Camphor, Eucalyptus",Pusing berat roll on kuat,Iritasi,2027-11-20,Tablet,/static/medicines/Freshcare Roll On Strong 10ml.jpg,True,[]
6787,Freshcare Smash Double Inhaler,Obat Oles Nyeri,25418.0,286,"Menthol, Camphor, Double Chamber","Hidung tersumbat, mabuk, pusing inhaler",Dosis sesuai anjuran dokter. Ultra Sakti,"Menthol, Camphor, Double Chamber","Hidung tersumbat, mabuk, pusing inhaler",Iritasi,2027-11-20,Tablet,/static/medicines/Freshcare Smash Double Inhaler.jpg,True,[]
6788,Tolak Angin Care Roll On 10ml,Obat Oles Nyeri,26121.0,221,"Peppermint Oil, Ginger Oil, Menthol",Mabuk perjalanan dan masuk angin roll on,Dosis sesuai anjuran dokter. Sido Muncul,"Peppermint Oil, Ginger Oil, Menthol",Mabuk perjalanan dan masuk angin roll on,Jarang,2027-11-20,Tablet,/static/medicines/Tolak Angin Care Roll On 10ml.jpg,True,[]
6789,Rheumason Gel,Obat Oles Nyeri,11361.0,160,"Diclofenac, Menthol gel",Nyeri sendi dan otot gel,Dosis sesuai anjuran dokter. Sanbe Farma,"Diclofenac, Menthol gel",Nyeri sendi dan otot gel,Kemerahan,2028-03-15,Tablet,https://placehold.co/400x300/f8fafc/f97316?text=Rheumason+Gel,True,[]
6790,Piroxicam Gel 0.5%,Obat Oles Nyeri,12310.0,96,Piroxicam 0.5%,Nyeri sendi ringan topikal,Dosis sesuai anjuran dokter. Generic,Piroxicam 0.5%,Nyeri sendi ringan topikal,Kemerahan lokal,2028-03-15,Tablet,https://placehold.co/400x300/f8fafc/f97316?text=Piroxicam+Gel+0.5%,True,[]
6791,Minyak Tawon,Obat Oles Nyeri,52347.0,98,"Eucalyptus Oil, Clove Oil, Camphor","Pegal linu, masuk angin herbal",Dosis sesuai anjuran dokter. Eagle Indo Pharma,"Eucalyptus Oil, Clove Oil, Camphor","Pegal linu, masuk angin herbal",Panas ringan,2027-06-30,Tablet,https://placehold.co/400x300/f8fafc/f97316?text=Minyak+Tawon,True,[]
6792,Kwan Loong Oil,Obat Oles Nyeri,18299.0,156,"Eucalyptus Oil, Menthol, Camphor","Pegal linu, pusing, mabuk minyak gosok",Dosis sesuai anjuran dokter. Kwan Loong,"Eucalyptus Oil, Menthol, Camphor","Pegal linu, pusing, mabuk minyak gosok","Panas, iritasi",2027-06-30,Tablet,https://placehold.co/400x300/f8fafc/f97316?text=Kwan+Loong+Oil,True,[]
6793,Insto Regular 7.5ml,Mata & Telinga,52133.0,131,Tetrahydrozoline HCl 0.05%,Mata merah karena iritasi debu,Dosis sesuai anjuran dokter. Sterling,Tetrahydrozoline HCl 0.05%,Mata merah karena iritasi debu,Mata kering bila lama,2027-11-20,Tablet,/static/medicines/Insto Regular 7.5ml.jpg,True,[]
6794,Insto Dry Eyes 7.5ml,Mata & Telinga,67748.0,275,HPMC 0.3% (Artificial Tears),"Mata kering sindrom, softlens",Dosis sesuai anjuran dokter. Sterling,HPMC 0.3% (Artificial Tears),"Mata kering sindrom, softlens",Pandangan kabur sementara,2027-06-30,Tablet,/static/medicines/Insto Dry Eyes 7.5ml.jpg,True,[]
6795,Insto Cool 7.5ml,Mata & Telinga,52818.0,256,"Tetrahydrozoline, Menthol",Mata merah dengan sensasi sejuk,Dosis sesuai anjuran dokter. Sterling,"Tetrahydrozoline, Menthol",Mata merah dengan sensasi sejuk,Mata sangat dingin,2026-12-31,Tablet,/static/medicines/Insto Cool 7.5ml.jpg,True,[]
6796,Rohto Cool 7ml,Mata & Telinga,61133.0,145,"Naphazoline HCl, Menthol 0.08%",Mata merah dengan rasa dingin khas,Dosis sesuai anjuran dokter. Rohto,"Naphazoline HCl, Menthol 0.08%",Mata merah dengan rasa dingin khas,Rasa pedas/dingin kuat,2027-06-30,Tablet,/static/medicines/Rohto Cool 7ml.jpg,True,[]
6797,Rohto V-Extra 7ml,Mata & Telinga,62765.0,223,"Naphazoline, Menthol, Vitamin B6, E",Mata merah lelah dengan vitamin,Dosis sesuai anjuran dokter. Rohto,"Naphazoline, Menthol, Vitamin B6, E",Mata merah lelah dengan vitamin,Rasa dingin kuat,2028-03-15,Tablet,/static/medicines/Rohto V-Extra 7ml.jpg,True,[]
6798,Rohto C-Cube 7ml,Mata & Telinga,20616.0,199,"Vitamin C, B6, E + Menthol",Mata merah dan nutrisi mata,Dosis sesuai anjuran dokter. Rohto,"Vitamin C, B6, E + Menthol",Mata merah dan nutrisi mata,Rasa dingin,2026-12-31,Tablet,/static/medicines/Rohto C-Cube 7ml.jpg,True,[]
6799,Cendo Xitrol Minidose 5x0.6ml,Mata & Telinga,33612.0,197,"Dexamethasone, Neomycin, Polymyxin B",Radang mata bakteri (Perlu pengawasan),Dosis sesuai anjuran dokter. Cendo,"Dexamethasone, Neomycin, Polymyxin B",Radang mata bakteri (Perlu pengawasan),"Pandangan kabur, tekanan bola mata",2026-12-31,Tablet,/static/medicines/Cendo Xitrol Minidose 5x0.6ml.jpg,True,[]
6800,Cendo Lyteers Minidose 5x0.6ml,Mata & Telinga,67827.0,69,"NaCl, KCl, CaCl2 (Artificial Tears)",Mata kering minidose steril,Dosis sesuai anjuran dokter. Cendo,"NaCl, KCl, CaCl2 (Artificial Tears)",Mata kering minidose steril,Pandangan kabur sementara,2027-11-20,Tablet,/static/medicines/Cendo Lyteers Minidose 5x0.6ml.jpg,True,[]
6801,Cendo Fenicol Salep Mata,Mata & Telinga,53457.0,290,Chloramphenicol 1% salep mata,"Belekan bakteri, bintitan",Dosis sesuai anjuran dokter. Cendo,Chloramphenicol 1% salep mata,"Belekan bakteri, bintitan",Pandangan kabur,2027-06-30,Tablet,/static/medicines/Cendo Fenicol Salep Mata.jpg,True,[]
6802,Cendo Cenfresh Minidose,Mata & Telinga,38869.0,138,"HPMC, Sodium Hyaluronate artificial tears",Mata kering premium minidose,Dosis sesuai anjuran dokter. Cendo,"HPMC, Sodium Hyaluronate artificial tears",Mata kering premium minidose,Pandangan kabur,2027-11-20,Tablet,/static/medicines/Cendo Cenfresh Minidose.jpg,True,[]
6803,Visine Original 6ml,Mata & Telinga,69426.0,249,Tetrahydrozoline HCl 0.05%,"Mata merah iritasi asap, polusi",Dosis sesuai anjuran dokter. J&J,Tetrahydrozoline HCl 0.05%,"Mata merah iritasi asap, polusi",Mata kering,2026-12-31,Tablet,/static/medicines/Visine Original 6ml.jpg,True,[]
6804,Visine Tears 6ml,Mata & Telinga,41287.0,89,"PEG 400 1%, PG 0.6% artificial tears",Mata kering dan lelah,Dosis sesuai anjuran dokter. J&J,"PEG 400 1%, PG 0.6% artificial tears",Mata kering dan lelah,Pandangan kabur,2028-03-15,Tablet,/static/medicines/Visine Tears 6ml.jpg,True,[]
6805,Otopain Tetes Telinga 8ml,Mata & Telinga,70634.0,263,"Polymyxin B, Neomycin, Fludrocortisone, Lidocaine",Infeksi dan nyeri telinga (Perlu pengawasan),Dosis sesuai anjuran dokter. Interbat,"Polymyxin B, Neomycin, Fludrocortisone, Lidocaine",Infeksi dan nyeri telinga (Perlu pengawasan),Terbakar sementara,2027-11-20,Tablet,/static/medicines/Otopain Tetes Telinga 8ml.jpg,True,[]
6806,Forumen Tetes Telinga 10ml,Mata & Telinga,37885.0,84,Docusate Sodium 5%,Kotoran telinga keras (serumen),Dosis sesuai anjuran dokter. Sanbe Farma,Docusate Sodium 5%,Kotoran telinga keras (serumen),Telinga terasa penuh sementara,2028-03-15,Tablet,/static/medicines/Forumen Tetes Telinga 10ml.jpg,True,[]
6807,Erlamycetin Salep Mata 5g,Mata & Telinga,56118.0,78,Chloramphenicol 1% salep,Belekan bakteri dan bintitan,Dosis sesuai anjuran dokter. Erela,Chloramphenicol 1% salep,Belekan bakteri dan bintitan,Pandangan kabur,2026-12-31,Tablet,/static/medicines/Erlamycetin Salep Mata 5g.jpg,True,[]
6808,Erlamycetin Tetes Telinga 10ml,Mata & Telinga,43633.0,263,Chloramphenicol 1% tetes telinga,Infeksi bakteri telinga,Dosis sesuai anjuran dokter. Erela,Chloramphenicol 1% tetes telinga,Infeksi bakteri telinga,Rasa terbakar,2028-03-15,Tablet,/static/medicines/Erlamycetin Tetes Telinga 10ml.jpg,True,[]
6809,Cendo Tobroson Minidose,Mata & Telinga,41144.0,255,"Tobramycin, Dexamethasone",Konjungtivitis bakteri akut (Perlu resep),Dosis sesuai anjuran dokter. Cendo,"Tobramycin, Dexamethasone",Konjungtivitis bakteri akut (Perlu resep),Tekanan bola mata,2027-06-30,Tablet,https://placehold.co/400x300/f8fafc/0ea5e9?text=Cendo+Tobroson+Minidose,True,[]
6810,Refresh Tears 10ml,Mata & Telinga,62888.0,184,Carboxymethylcellulose Sodium 0.5%,Mata kering ringan sehari-hari,Dosis sesuai anjuran dokter. Allergan,Carboxymethylcellulose Sodium 0.5%,Mata kering ringan sehari-hari,Pandangan kabur,2027-06-30,Tablet,https://placehold.co/400x300/f8fafc/0ea5e9?text=Refresh+Tears+10ml,True,[]
6811,Systane Ultra 10ml,Mata & Telinga,70123.0,247,"Propylene Glycol, PEG 400","Mata kering berat, sindrom mata kering",Dosis sesuai anjuran dokter. Alcon,"Propylene Glycol, PEG 400","Mata kering berat, sindrom mata kering",Pandangan kabur sementara,2027-06-30,Tablet,https://placehold.co/400x300/f8fafc/0ea5e9?text=Systane+Ultra+10ml,True,[]
6812,Cendo Deflucon Drop,Mata & Telinga,58171.0,73,Fluorometholone 0.1%,Radang mata non infeksi (Perlu resep),Dosis sesuai anjuran dokter. Cendo,Fluorometholone 0.1%,Radang mata non infeksi (Perlu resep),"Glaukoma, katarak (pemakaian lama)",2027-06-30,Tablet,https://placehold.co/400x300/f8fafc/0ea5e9?text=Cendo+Deflucon+Drop,True,[]
6813,Betadine Mouthwash and Gargle 100ml,Mulut & Tenggorokan,28757.0,73,Povidone Iodine 1%,"Sakit tenggorokan, kumur antiseptik",Dosis sesuai anjuran dokter. Mundipharma,Povidone Iodine 1%,"Sakit tenggorokan, kumur antiseptik",Perubahan warna gigi (jarang),2027-11-20,Tablet,/static/medicines/Betadine Mouthwash and Gargle 100ml.jpg,True,[]
6814,Betadine Gargle 190ml,Mulut & Tenggorokan,16794.0,99,Povidone Iodine 1% besar,"Sakit tenggorokan, kumur besar",Dosis sesuai anjuran dokter. Mundipharma,Povidone Iodine 1% besar,"Sakit tenggorokan, kumur besar",Perubahan warna gigi,2027-06-30,Tablet,/static/medicines/Betadine Gargle 190ml.jpg,True,[]
6815,Betadine Throat Spray 50ml,Mulut & Tenggorokan,41295.0,269,Povidone Iodine 0.45% spray,Sakit tenggorokan spray praktis,Dosis sesuai anjuran dokter. Mundipharma,Povidone Iodine 0.45% spray,Sakit tenggorokan spray praktis,Rasa tidak enak,2027-11-20,Tablet,/static/medicines/Betadine Throat Spray 50ml.jpg,True,[]
6816,Tantum Verde Gargle 120ml,Mulut & Tenggorokan,13609.0,267,Benzydamine HCl 0.15%,"Radang tenggorokan dengan efek bius, sariawan",Dosis sesuai anjuran dokter. Angelini,Benzydamine HCl 0.15%,"Radang tenggorokan dengan efek bius, sariawan",Mulut kebas,2026-12-31,Tablet,/static/medicines/Tantum Verde Gargle 120ml.jpg,True,[]
6817,Tantum Verde Oral Rinse 60ml,Mulut & Tenggorokan,21574.0,205,Benzydamine HCl 0.15% kecil,Sariawan dan radang ringan,Dosis sesuai anjuran dokter. Angelini,Benzydamine HCl 0.15% kecil,Sariawan dan radang ringan,Mulut kebas,2027-06-30,Tablet,/static/medicines/Tantum Verde Oral Rinse 60ml.jpg,True,[]
6818,SP Troches Strawberry Strip 12s,Mulut & Tenggorokan,16766.0,149,Dequalinium Chloride 0.25mg permen,Infeksi mulut bakteri/jamur permen,Dosis sesuai anjuran dokter. Meiji,Dequalinium Chloride 0.25mg permen,Infeksi mulut bakteri/jamur permen,Kesat mulut,2027-06-30,Tablet,/static/medicines/SP Troches Strawberry Strip 12s.jpg,True,[]
6819,SP Troches Melon Strip 12s,Mulut & Tenggorokan,32995.0,257,Dequalinium Chloride 0.25mg permen melon,Infeksi mulut permen melon,Dosis sesuai anjuran dokter. Meiji,Dequalinium Chloride 0.25mg permen melon,Infeksi mulut permen melon,Kesat mulut,2028-03-15,Tablet,/static/medicines/SP Troches Melon Strip 12s.jpg,True,[]
6820,FG Troches Strip 10s,Mulut & Tenggorokan,34883.0,233,"Fradiomycin Sulfate, Gramicidin permen","Radang tenggorokan bakteri, amandel",Dosis sesuai anjuran dokter. Meiji,"Fradiomycin Sulfate, Gramicidin permen","Radang tenggorokan bakteri, amandel",Gangguan flora mulut,2027-11-20,Tablet,/static/medicines/FG Troches Strip 10s.jpg,True,[]
6821,Cooling 5 Spray Cherry 15ml,Mulut & Tenggorokan,22771.0,180,Phenol Crystal 0.5% spray,Sakit tenggorokan dan gatal spray,Dosis sesuai anjuran dokter. Darya-Varia,Phenol Crystal 0.5% spray,Sakit tenggorokan dan gatal spray,Rasa kebas sesaat,2028-03-15,Tablet,/static/medicines/Cooling 5 Spray Cherry 15ml.jpg,True,[]
6822,Cooling 5 Spray Mint 15ml,Mulut & Tenggorokan,24366.0,77,Phenol Crystal 0.5% spray mint,Sakit tenggorokan spray mint,Dosis sesuai anjuran dokter. Darya-Varia,Phenol Crystal 0.5% spray mint,Sakit tenggorokan spray mint,Rasa kebas,2027-06-30,Tablet,/static/medicines/Cooling 5 Spray Mint 15ml.jpg,True,[]
6823,Cooling 5 Plus Orange Spray,Mulut & Tenggorokan,33308.0,103,"Phenol Crystal, Vitamin C spray",Tenggorokan + vitamin C,Dosis sesuai anjuran dokter. Darya-Varia,"Phenol Crystal, Vitamin C spray",Tenggorokan + vitamin C,Rasa kebas,2027-06-30,Tablet,/static/medicines/Cooling 5 Plus Orange Spray.jpg,True,[]
6824,Cooling 5 Box 50s,Mulut & Tenggorokan,38513.0,211,Phenol Crystal lozenges box,Sariawan dan tenggorokan stok banyak,Dosis sesuai anjuran dokter. Darya-Varia,Phenol Crystal lozenges box,Sariawan dan tenggorokan stok banyak,Rasa kebas,2027-11-20,Tablet,/static/medicines/Cooling 5 Box 50s.jpg,True,[]
6825,Aloclair Gel 8ml,Mulut & Tenggorokan,36704.0,263,"Aloe Vera, Sodium Hyaluronate gel","Sariawan parah, luka kawat gigi (membentuk lapisan)",Dosis sesuai anjuran dokter. Kalbe,"Aloe Vera, Sodium Hyaluronate gel","Sariawan parah, luka kawat gigi (membentuk lapisan)",Jarang,2028-03-15,Tablet,/static/medicines/Aloclair Gel 8ml.jpg,True,[]
6826,Aloclair Plus Spray 15ml,Mulut & Tenggorokan,16948.0,69,"Aloe Vera, Sodium Hyaluronate spray",Sariawan spray praktis,Dosis sesuai anjuran dokter. Kalbe,"Aloe Vera, Sodium Hyaluronate spray",Sariawan spray praktis,Jarang,2026-12-31,Tablet,/static/medicines/Aloclair Plus Spray 15ml.jpg,True,[]
6827,Aloclair Botol 200ml,Mulut & Tenggorokan,39787.0,267,"Aloe Vera, Sodium Hyaluronate kumur",Sariawan kumur,Dosis sesuai anjuran dokter. Kalbe,"Aloe Vera, Sodium Hyaluronate kumur",Sariawan kumur,Jarang,2026-12-31,Tablet,/static/medicines/Aloclair Botol 200ml.jpg,True,[]
6828,Kenalog In Orabase 5g,Mulut & Tenggorokan,37192.0,201,Triamcinolone Acetonide 0.1% pasta,Sariawan berat kortikosteroid,Dosis sesuai anjuran dokter. Taisho,Triamcinolone Acetonide 0.1% pasta,Sariawan berat kortikosteroid,Infeksi jamur sekunder,2028-03-15,Tablet,/static/medicines/Kenalog In Orabase 5g.jpg,True,[]
6829,Kenalog Tube 15g,Mulut & Tenggorokan,17899.0,75,Triamcinolone Acetonide 0.1% tube besar,Sariawan berat tube besar,Dosis sesuai anjuran dokter. Taisho,Triamcinolone Acetonide 0.1% tube besar,Sariawan berat tube besar,Infeksi jamur sekunder,2028-03-15,Tablet,/static/medicines/Kenalog Tube 15g.jpg,True,[]
6830,Enkasari Mouthwash 120ml,Mulut & Tenggorokan,29817.0,298,"Ekstrak Saga, Sirih, Akar Manis",Sariawan dan bau mulut herbal,Dosis sesuai anjuran dokter. Kimia Farma,"Ekstrak Saga, Sirih, Akar Manis",Sariawan dan bau mulut herbal,Jarang,2027-06-30,Tablet,/static/medicines/Enkasari Mouthwash 120ml.jpg,True,[]
6831,Strepsils Madu Lemon,Mulut & Tenggorokan,19569.0,124,"Amylmetacresol, 2,4-Dichlorobenzyl alcohol permen",Sakit tenggorokan dan batuk ringan permen,Dosis sesuai anjuran dokter. Reckitt,"Amylmetacresol, 2,4-Dichlorobenzyl alcohol permen",Sakit tenggorokan dan batuk ringan permen,Rasa manis berlebihan,2027-06-30,Tablet,https://placehold.co/400x300/f8fafc/d946ef?text=Strepsils+Madu+Lemon,True,[]
6832,Strepsils Intensive,Mulut & Tenggorokan,43889.0,108,Flurbiprofen 8.75mg lozenges,Sakit tenggorokan berat dengan NSAID,Dosis sesuai anjuran dokter. Reckitt,Flurbiprofen 8.75mg lozenges,Sakit tenggorokan berat dengan NSAID,"Mual, nyeri lambung",2026-12-31,Tablet,https://placehold.co/400x300/f8fafc/d946ef?text=Strepsils+Intensive,True,[]
6833,Hexadol Gargle,Mulut & Tenggorokan,8398.0,223,Hexetidine 0.1%,Infeksi mulut dan gingivitis antiseptik kumur,Dosis sesuai anjuran dokter. Sanofi,Hexetidine 0.1%,Infeksi mulut dan gingivitis antiseptik kumur,Rasa tidak enak,2028-03-15,Tablet,https://placehold.co/400x300/f8fafc/d946ef?text=Hexadol+Gargle,True,[]
6834,Listerine Cool Mint 80ml,Mulut & Tenggorokan,32878.0,241,"Essential Oils (Thymol, Eucalyptol, Menthol)",Membunuh kuman mulut dan napas segar,Dosis sesuai anjuran dokter. J&J,"Essential Oils (Thymol, Eucalyptol, Menthol)",Membunuh kuman mulut dan napas segar,Sensasi terbakar,2026-12-31,Tablet,https://placehold.co/400x300/f8fafc/d946ef?text=Listerine+Cool+Mint+80ml,True,[]
6835,Nystatin Drop,Mulut & Tenggorokan,13156.0,192,Nystatin 100.000 unit/ml drops,Kandidiasis oral bayi (sariawan jamur),Dosis sesuai anjuran dokter. Generic,Nystatin 100.000 unit/ml drops,Kandidiasis oral bayi (sariawan jamur),Mual (jarang),2026-12-31,Tablet,https://placehold.co/400x300/f8fafc/d946ef?text=Nystatin+Drop,True,[]
6836,Tolak Angin Cair Box 5s,Herbal & Tradisional,16875.0,251,"Adas, Kayu Ules, Cengkeh, Jahe, Madu","Masuk angin, perut kembung, mual",Dosis sesuai anjuran dokter. Sido Muncul,"Adas, Kayu Ules, Cengkeh, Jahe, Madu","Masuk angin, perut kembung, mual",Alergi (jarang),2026-12-31,Tablet,/static/medicines/Tolak Angin Cair Box 5s.jpg,True,[]
6837,Tolak Angin Anax Box 5s,Herbal & Tradisional,20595.0,111,"Adas, Cengkeh, Jahe, Madu formula anak",Masuk angin anak,Dosis sesuai anjuran dokter. Sido Muncul,"Adas, Cengkeh, Jahe, Madu formula anak",Masuk angin anak,Jarang,2027-11-20,Tablet,/static/medicines/Tolak Angin Anax Box 5s.jpg,True,[]
6838,Tolak Angin FluBox 5s,Herbal & Tradisional,10747.0,167,"Adas, Cengkeh, Jahe, Echinacea",Masuk angin dengan flu,Dosis sesuai anjuran dokter. Sido Muncul,"Adas, Cengkeh, Jahe, Echinacea",Masuk angin dengan flu,Jarang,2027-06-30,Tablet,/static/medicines/Tolak Angin FluBox 5s.jpg,True,[]
6839,Tolak Angin Permen Sachet,Herbal & Tradisional,29489.0,225,"Ekstrak Adas, Cengkeh permen",Masuk angin ringan permen,Dosis sesuai anjuran dokter. Sido Muncul,"Ekstrak Adas, Cengkeh permen",Masuk angin ringan permen,Jarang,2027-11-20,Tablet,/static/medicines/Tolak Angin Permen Sachet.jpg,True,[]
6840,Tolak Angin Botol 60ml,Herbal & Tradisional,18452.0,148,"Adas, Cengkeh, Jahe botol besar",Masuk angin kemasan besar,Dosis sesuai anjuran dokter. Sido Muncul,"Adas, Cengkeh, Jahe botol besar",Masuk angin kemasan besar,Jarang,2027-11-20,Tablet,/static/medicines/Tolak Angin Botol 60ml.jpg,True,[]
6841,Antangin JRG Cair isi 12 Sachet,Herbal & Tradisional,30516.0,171,"Jahe, Royal Jelly, Ginseng cair","Masuk angin, greges, badan lemah",Dosis sesuai anjuran dokter. Deltomed,"Jahe, Royal Jelly, Ginseng cair","Masuk angin, greges, badan lemah",Rasa hangat berlebih,2027-11-20,Tablet,/static/medicines/Antangin JRG Cair isi 12 Sachet.webp,True,[]
6842,Antangin Habbatussauda Box 5s,Herbal & Tradisional,48300.0,252,"Jahe, Habbatussauda, Madu",Masuk angin dengan habatussauda,Dosis sesuai anjuran dokter. Deltomed,"Jahe, Habbatussauda, Madu",Masuk angin dengan habatussauda,Jarang,2028-03-15,Tablet,/static/medicines/Antangin Habbatussauda Box 5s.webp,True,[]
6843,Antangin Mint Box 5s,Herbal & Tradisional,13424.0,220,"Jahe, Royal Jelly, Ginseng, Mint",Masuk angin rasa mint segar,Dosis sesuai anjuran dokter. Deltomed,"Jahe, Royal Jelly, Ginseng, Mint",Masuk angin rasa mint segar,Jarang,2027-11-20,Tablet,/static/medicines/Antangin Mint Box 5s.png,True,[]
6844,Antangin Tablet 4s,Herbal & Tradisional,29562.0,250,"Jahe, Royal Jelly tablet",Masuk angin tablet praktis,Dosis sesuai anjuran dokter. Deltomed,"Jahe, Royal Jelly tablet",Masuk angin tablet praktis,Jarang,2027-06-30,Tablet,/static/medicines/Antangin Tablet 4s.jpg,True,[]
6845,Bejo Anak Jahe Merah Box 5s,Herbal & Tradisional,19769.0,241,"Jahe Merah, Adas, Madu anak",Masuk angin anak,Dosis sesuai anjuran dokter. Bintang Toedjoe,"Jahe Merah, Adas, Madu anak",Masuk angin anak,Perut hangat,2028-03-15,Tablet,/static/medicines/Bejo Anak Jahe Merah Box 5s.webp,True,[]
6846,Bejo Wedang Susu Jahe Merah Box 5s,Herbal & Tradisional,20011.0,99,"Jahe Merah, Susu, Madu wedang",Masuk angin hangat,Dosis sesuai anjuran dokter. Bintang Toedjoe,"Jahe Merah, Susu, Madu wedang",Masuk angin hangat,Perut hangat,2027-06-30,Tablet,/static/medicines/Bejo Wedang Susu Jahe Merah Box 5s.webp,True,[]
6847,Kuldon Tablet Strip 4s,Herbal & Tradisional,13453.0,88,"Daun Saga, Bunga Krisan, Alang-alang","Panas dalam, sariawan, sembelit herbal",Dosis sesuai anjuran dokter. Deltomed,"Daun Saga, Bunga Krisan, Alang-alang","Panas dalam, sariawan, sembelit herbal",Jarang,2026-12-31,Tablet,/static/medicines/Kuldon Tablet Strip 4s.jpg,True,[]
6848,Kuldon Strip 10s,Herbal & Tradisional,34529.0,183,"Daun Saga, Bunga Krisan herbal lebih banyak",Panas dalam strip 10s,Dosis sesuai anjuran dokter. Deltomed,"Daun Saga, Bunga Krisan herbal lebih banyak",Panas dalam strip 10s,Jarang,2027-11-20,Tablet,/static/medicines/Kuldon Strip 10s.jpg,True,[]
6849,Adem Sari Sachet 5s,Herbal & Tradisional,13439.0,241,"Ekstrak Citrus, Pulosari, Vitamin C sachet",Panas dalam sachet,Dosis sesuai anjuran dokter. Sari Enesis,"Ekstrak Citrus, Pulosari, Vitamin C sachet",Panas dalam sachet,Kembung (gas),2027-11-20,Tablet,/static/medicines/Adem Sari Sachet 5s.jpg,True,[]
6850,Adem Sari Ching Ku Botol 320ml,Herbal & Tradisional,31305.0,233,"Gypsum Fibrosum, Calcitum, Citrus minuman",Panas dalam minuman,Dosis sesuai anjuran dokter. Sari Enesis,"Gypsum Fibrosum, Calcitum, Citrus minuman",Panas dalam minuman,Jarang,2027-06-30,Tablet,/static/medicines/Adem Sari Ching Ku Botol 320ml.jpg,True,[]
6851,Adem Sari Botol 200ml,Herbal & Tradisional,22717.0,279,"Gypsum Fibrosum, Citrus Extract botol kecil",Panas dalam botol kecil,Dosis sesuai anjuran dokter. Sari Enesis,"Gypsum Fibrosum, Citrus Extract botol kecil",Panas dalam botol kecil,Jarang,2026-12-31,Tablet,/static/medicines/Adem Sari Botol 200ml.jpg,True,[]
6852,Larutan Cap Kaki Tiga Botol 320ml,Herbal & Tradisional,9580.0,202,"Gypsum Fibrosum, Calcitum (obat panas dalam)",Panas dalam tradisional,Dosis sesuai anjuran dokter. Kinocare,"Gypsum Fibrosum, Calcitum (obat panas dalam)",Panas dalam tradisional,Jarang,2026-12-31,Tablet,/static/medicines/Larutan Cap Kaki Tiga Botol 320ml.jpg,True,[]
6853,Larutan Cap Kaki Tiga Botol 500ml,Herbal & Tradisional,10975.0,287,"Gypsum Fibrosum, Calcitum besar",Panas dalam stok besar,Dosis sesuai anjuran dokter. Kinocare,"Gypsum Fibrosum, Calcitum besar",Panas dalam stok besar,Jarang,2028-03-15,Tablet,/static/medicines/Larutan Cap Kaki Tiga Botol 500ml.jpg,True,[]
6854,Larutan Cap Kaki Tiga Kaleng Berperisa 320ml,Herbal & Tradisional,31123.0,101,"Gypsum Fibrosum, Calcitum berperisa",Panas dalam berperisa,Dosis sesuai anjuran dokter. Kinocare,"Gypsum Fibrosum, Calcitum berperisa",Panas dalam berperisa,Jarang,2028-03-15,Tablet,/static/medicines/Larutan Cap Kaki Tiga Kaleng Berperisa 320ml.jpg,True,[]
6855,Jamu Beras Kencur Sachet,Herbal & Tradisional,19411.0,160,"Beras, Kencur, Jahe, Asam Jawa","Pegal linu, badan pegal herbal tradisional",Dosis sesuai anjuran dokter. Jamu Jago,"Beras, Kencur, Jahe, Asam Jawa","Pegal linu, badan pegal herbal tradisional",Jarang,2027-06-30,Tablet,https://placehold.co/400x300/f8fafc/84cc16?text=Jamu+Beras+Kencur+Sachet,True,[]
6856,Jamu Kudu Laos Sachet,Herbal & Tradisional,47950.0,166,"Mengkudu, Laos, Kunyit","Lambung sehat, masuk angin herbal",Dosis sesuai anjuran dokter. Jamu Jago,"Mengkudu, Laos, Kunyit","Lambung sehat, masuk angin herbal",Jarang,2027-11-20,Tablet,https://placehold.co/400x300/f8fafc/84cc16?text=Jamu+Kudu+Laos+Sachet,True,[]
6857,Habatussauda Oil Capsule,Herbal & Tradisional,33581.0,271,Black Seed Oil (Nigella Sativa),"Imun, asma ringan, stamina herbal Islam",Dosis sesuai anjuran dokter. Al-Afiat,Black Seed Oil (Nigella Sativa),"Imun, asma ringan, stamina herbal Islam",Mulas (jarang),2027-06-30,Tablet,https://placehold.co/400x300/f8fafc/84cc16?text=Habatussauda+Oil+Capsule,True,[]
6858,Minyak Kayu Putih Cap Lang 60ml,Herbal & Tradisional,8860.0,218,Cajuput Oil 100%,"Kembung bayi, masuk angin, gigitan serangga",Dosis sesuai anjuran dokter. Eagle Indo Pharma,Cajuput Oil 100%,"Kembung bayi, masuk angin, gigitan serangga",Panas lokal,2027-11-20,Tablet,https://placehold.co/400x300/f8fafc/84cc16?text=Minyak+Kayu+Putih+Cap+Lang+60m,True,[]
6859,Sido Muncul Herbal Jahe Merah,Herbal & Tradisional,8952.0,66,Jahe Merah Extract sachet,Stamina dan kehangatan tubuh herbal,Dosis sesuai anjuran dokter. Sido Muncul,Jahe Merah Extract sachet,Stamina dan kehangatan tubuh herbal,Perut hangat,2026-12-31,Tablet,https://placehold.co/400x300/f8fafc/84cc16?text=Sido+Muncul+Herbal+Jahe+Merah,True,[]
6860,Curcuma Force Kapsul,Herbal & Tradisional,29787.0,224,Curcuma longa 500mg,"Radang, antioksidan, kesehatan hati herbal",Dosis sesuai anjuran dokter. Kalbe,Curcuma longa 500mg,"Radang, antioksidan, kesehatan hati herbal",Jarang,2027-06-30,Kapsul,https://placehold.co/400x300/f8fafc/84cc16?text=Curcuma+Force+Kapsul,True,[]
6861,Sterimar Nasal Hygiene 50ml,Perawatan Hidung & Pernapasan,42442.0,257,Isotonic Sea Water 0.9% NaCl,"Membersihkan hidung dari kotoran, polusi",Dosis sesuai anjuran dokter. Church & Dwight,Isotonic Sea Water 0.9% NaCl,"Membersihkan hidung dari kotoran, polusi",Rasa asin,2026-12-31,Tablet,/static/medicines/Sterimar Nasal Hygiene 50ml.jpg,True,[]
6862,Sterimar Baby Nasal Hygiene 50ml,Perawatan Hidung & Pernapasan,47894.0,287,Isotonic Sea Water 0.9% NaCl baby,Membersihkan hidung bayi tersumbat,Dosis sesuai anjuran dokter. Church & Dwight,Isotonic Sea Water 0.9% NaCl baby,Membersihkan hidung bayi tersumbat,Rasa asin,2028-03-15,Tablet,/static/medicines/Sterimar Baby Nasal Hygiene 50ml.jpg,True,[]
6863,Sterimar Blocked Nose 50ml,Perawatan Hidung & Pernapasan,43263.0,152,Hypertonic Sea Water 2.2% NaCl,Hidung buntu parah hypertonic,Dosis sesuai anjuran dokter. Church & Dwight,Hypertonic Sea Water 2.2% NaCl,Hidung buntu parah hypertonic,Rasa sangat asin,2027-11-20,Tablet,/static/medicines/Sterimar Blocked Nose 50ml.jpg,True,[]
6864,Breathy Nasal Drops 30ml,Perawatan Hidung & Pernapasan,43702.0,289,Sodium Chloride 0.65% drops,"Hidung kering bayi, cuci hidung lembut",Dosis sesuai anjuran dokter. Pharos,Sodium Chloride 0.65% drops,"Hidung kering bayi, cuci hidung lembut",Jarang,2027-06-30,Tablet,/static/medicines/Breathy Nasal Drops 30ml.jpg,True,[]
6865,Breathy Tube 50g,Perawatan Hidung & Pernapasan,52014.0,215,NaCl 0.9% gel nasal,Hidung kering gel,Dosis sesuai anjuran dokter. Pharos,NaCl 0.9% gel nasal,Hidung kering gel,Jarang,2027-11-20,Tablet,/static/medicines/Breathy Tube 50g.jpg,True,[]
6866,Iliadin Dewasa Nasal Spray 10ml,Perawatan Hidung & Pernapasan,30197.0,91,Oxymetazoline HCl 0.05% spray dewasa,Hidung buntu berat (maks 3 hari),Dosis sesuai anjuran dokter. Merck,Oxymetazoline HCl 0.05% spray dewasa,Hidung buntu berat (maks 3 hari),Rebound congestion >3 hari,2027-11-20,Tablet,/static/medicines/Iliadin Dewasa Nasal Spray 10ml.jpg,True,[]
6867,Iliadin Anak Nasal Drops 10ml,Perawatan Hidung & Pernapasan,24391.0,227,Oxymetazoline HCl 0.025% drops anak,Hidung buntu anak (maks 3 hari),Dosis sesuai anjuran dokter. Merck,Oxymetazoline HCl 0.025% drops anak,Hidung buntu anak (maks 3 hari),Rebound congestion,2027-11-20,Tablet,/static/medicines/Iliadin Anak Nasal Drops 10ml.jpg,True,[]
6868,Vicks Inhaler,Perawatan Hidung & Pernapasan,41687.0,137,"Menthol 51.6%, Camphor 33.1%, Pine Needle Oil",Hidung tersumbat instan inhaler,Dosis sesuai anjuran dokter. P&G,"Menthol 51.6%, Camphor 33.1%, Pine Needle Oil",Hidung tersumbat instan inhaler,Iritasi ringan,2027-06-30,Tablet,/static/medicines/Vicks Inhaler.jpg,True,[]
6869,Transpulmin Baby Balsam 10g,Perawatan Hidung & Pernapasan,57820.0,210,"Eucalyptus Oil, Chamomile, Almond Oil","Dada bayi, napas lega baby balsam",Dosis sesuai anjuran dokter. Menarini,"Eucalyptus Oil, Chamomile, Almond Oil","Dada bayi, napas lega baby balsam",Kemerahan (jarang),2028-03-15,Tablet,/static/medicines/Transpulmin Baby Balsam 10g.jpg,True,[]
6870,Balsem Lang Pot 10g,Perawatan Hidung & Pernapasan,13426.0,69,"Menthol, Camphor, Eucalyptus Oil",Masuk angin dan dada sesak balsem,Dosis sesuai anjuran dokter. Eagle Indo Pharma,"Menthol, Camphor, Eucalyptus Oil",Masuk angin dan dada sesak balsem,Perih kulit berlebih,2027-11-20,Tablet,/static/medicines/Balsem Lang Pot 10g.jpg,True,[]
6871,Balsem Lang Pot 20g,Perawatan Hidung & Pernapasan,23006.0,281,"Menthol, Camphor, Eucalyptus Oil medium",Masuk angin medium balsem,Dosis sesuai anjuran dokter. Eagle Indo Pharma,"Menthol, Camphor, Eucalyptus Oil medium",Masuk angin medium balsem,Perih,2027-06-30,Tablet,/static/medicines/Balsem Lang Pot 20g.jpg,True,[]
6872,Balsem Lang Pot 40g,Perawatan Hidung & Pernapasan,53672.0,286,"Menthol, Camphor, Eucalyptus Oil besar",Balsem keluarga kemasan besar,Dosis sesuai anjuran dokter. Eagle Indo Pharma,"Menthol, Camphor, Eucalyptus Oil besar",Balsem keluarga kemasan besar,Perih,2026-12-31,Tablet,/static/medicines/Balsem Lang Pot 40g.jpg,True,[]
6873,Balsem Lang Tube 50g,Perawatan Hidung & Pernapasan,43090.0,124,"Menthol, Camphor, Eucalyptus Oil tube",Balsem masuk angin tube,Dosis sesuai anjuran dokter. Eagle Indo Pharma,"Menthol, Camphor, Eucalyptus Oil tube",Balsem masuk angin tube,Perih,2027-11-20,Tablet,/static/medicines/Balsem Lang Tube 50g.jpg,True,[]
6874,Flixonase Nasal Spray,Perawatan Hidung & Pernapasan,20509.0,239,Fluticasone Propionate 50mcg/dose,Rinitis alergi kronis (Perlu pengawasan),Dosis sesuai anjuran dokter. GSK,Fluticasone Propionate 50mcg/dose,Rinitis alergi kronis (Perlu pengawasan),Mimisan sesekali,2026-12-31,Tablet,https://placehold.co/400x300/f8fafc/64748b?text=Flixonase+Nasal+Spray,True,[]
6875,Rhinocort Nasal Spray,Perawatan Hidung & Pernapasan,13552.0,141,Budesonide 64mcg/dose,Rinitis alergi dan polip hidung (Perlu pengawasan),Dosis sesuai anjuran dokter. AstraZeneca,Budesonide 64mcg/dose,Rinitis alergi dan polip hidung (Perlu pengawasan),Mimisan,2026-12-31,Tablet,https://placehold.co/400x300/f8fafc/64748b?text=Rhinocort+Nasal+Spray,True,[]
6876,Afrin Nasal Spray,Perawatan Hidung & Pernapasan,16802.0,292,Oxymetazoline 0.05%,Hidung tersumbat berat (maks 3 hari),Dosis sesuai anjuran dokter. Schering,Oxymetazoline 0.05%,Hidung tersumbat berat (maks 3 hari),Rebound congestion,2026-12-31,Tablet,https://placehold.co/400x300/f8fafc/64748b?text=Afrin+Nasal+Spray,True,[]
6877,Minyak Kayu Putih Konicare 60ml,Perawatan Hidung & Pernapasan,48245.0,105,"Cajuput Oil, Eucalyptus Oil, Camphor","Kembung, masuk angin, hidung tersumbat oles dada",Dosis sesuai anjuran dokter. Konimex,"Cajuput Oil, Eucalyptus Oil, Camphor","Kembung, masuk angin, hidung tersumbat oles dada",Panas lokal,2026-12-31,Tablet,https://placehold.co/400x300/f8fafc/64748b?text=Minyak+Kayu+Putih+Konicare+60m,True,[]
6878,Migran Tablet,Nyeri & Demam,27428.0,169,"Paracetamol 500mg, Caffeine 50mg, Ergotamine 1mg",Migrain dan sakit kepala berat,Dosis sesuai anjuran dokter. Dexa Medica,"Paracetamol 500mg, Caffeine 50mg, Ergotamine 1mg",Migrain dan sakit kepala berat,"Mual, berdebar",2028-03-15,Tablet,https://placehold.co/400x300/f8fafc/ef4444?text=Migran+Tablet,True,[]
6879,Renadinac Tablet,Nyeri & Demam,30128.0,232,Natrium Diklofenak 50mg,"Nyeri akut, sendi, haid",Dosis sesuai anjuran dokter. Fahrenheit,Natrium Diklofenak 50mg,"Nyeri akut, sendi, haid",Nyeri lambung,2027-11-20,Tablet,https://placehold.co/400x300/f8fafc/ef4444?text=Renadinac+Tablet,True,[]
6880,Novalgin Tablet,Nyeri & Demam,7603.0,194,Metampiron 500mg,"Nyeri berat, kolik",Dosis sesuai anjuran dokter. Sanofi,Metampiron 500mg,"Nyeri berat, kolik",Agranulositosis (jarang),2027-06-30,Tablet,https://placehold.co/400x300/f8fafc/ef4444?text=Novalgin+Tablet,True,[]
6881,Actalipid Tablet,Suplemen,21651.0,64,Simvastatin 10mg,Kolesterol tinggi (Perlu pantau dokter),Dosis sesuai anjuran dokter. Kalbe,Simvastatin 10mg,Kolesterol tinggi (Perlu pantau dokter),"Nyeri otot, hepatotoksisitas",2026-12-31,Tablet,https://placehold.co/400x300/f8fafc/eab308?text=Actalipid+Tablet,True,[]
6882,Glucosamine Tablet,Nyeri & Demam,12223.0,178,Glucosamine Sulfate 500mg,"Nyeri sendi lutut, osteoarthritis",Dosis sesuai anjuran dokter. Blackmores,Glucosamine Sulfate 500mg,"Nyeri sendi lutut, osteoarthritis","Mual ringan, gatal",2027-11-20,Tablet,https://placehold.co/400x300/f8fafc/ef4444?text=Glucosamine+Tablet,True,[]
6883,MSM Tablet,Nyeri & Demam,11197.0,287,Methylsulfonylmethane 500mg,Nyeri sendi dan peradangan,Dosis sesuai anjuran dokter. Blackmores,Methylsulfonylmethane 500mg,Nyeri sendi dan peradangan,Jarang,2028-03-15,Tablet,https://placehold.co/400x300/f8fafc/ef4444?text=MSM+Tablet,True,[]
6884,Natrium Diklofenak 50mg,Nyeri & Demam,7748.0,217,Natrium Diklofenak 50mg,Nyeri dan radang sendi,Dosis sesuai anjuran dokter. Generic,Natrium Diklofenak 50mg,Nyeri dan radang sendi,Nyeri lambung,2028-03-15,Tablet,https://placehold.co/400x300/f8fafc/ef4444?text=Natrium+Diklofenak+50mg,True,[]
6885,Meloxicam Tablet,Nyeri & Demam,26969.0,176,Meloxicam 7.5mg,"Osteoarthritis, rematik",Dosis sesuai anjuran dokter. Generic,Meloxicam 7.5mg,"Osteoarthritis, rematik",Nyeri lambung,2027-11-20,Tablet,https://placehold.co/400x300/f8fafc/ef4444?text=Meloxicam+Tablet,True,[]
6886,Ketorolac Tablet,Nyeri & Demam,23245.0,213,Ketorolac Tromethamine 10mg,Nyeri sedang-berat,Dosis sesuai anjuran dokter. Generic,Ketorolac Tromethamine 10mg,Nyeri sedang-berat,Perdarahan GI,2028-03-15,Tablet,https://placehold.co/400x300/f8fafc/ef4444?text=Ketorolac+Tablet,True,[]
6887,Omega-3 Fish Oil,Suplemen,118317.0,192,"EPA 360mg, DHA 240mg per kapsul","Kesehatan jantung, kolesterol, otak",Dosis sesuai anjuran dokter. Blackmores,"EPA 360mg, DHA 240mg per kapsul","Kesehatan jantung, kolesterol, otak","Bau ikan, mual",2027-06-30,Tablet,https://placehold.co/400x300/f8fafc/eab308?text=Omega-3+Fish+Oil,True,[]
6888,Vitamin D3 1000IU,Suplemen,56779.0,176,Cholecalciferol 1000 IU,"Tulang, imun, mood",Dosis sesuai anjuran dokter. Blackmores,Cholecalciferol 1000 IU,"Tulang, imun, mood",Toksisitas dosis sangat tinggi,2027-06-30,Tablet,https://placehold.co/400x300/f8fafc/eab308?text=Vitamin+D3+1000IU,True,[]
6889,Vitamin B12 500mcg,Suplemen,62811.0,185,Cyanocobalamin 500mcg,"Anemia, kesemutan, energi",Dosis sesuai anjuran dokter. Generic,Cyanocobalamin 500mcg,"Anemia, kesemutan, energi",Jarang,2027-11-20,Tablet,https://placehold.co/400x300/f8fafc/eab308?text=Vitamin+B12+500mcg,True,[]
6890,Zinc Tablet 20mg,Suplemen,116487.0,135,Zinc Gluconate 20mg,"Imun, penyembuhan luka, tumbuh kembang",Dosis sesuai anjuran dokter. Generic,Zinc Gluconate 20mg,"Imun, penyembuhan luka, tumbuh kembang",Mual dosis tinggi,2028-03-15,Tablet,https://placehold.co/400x300/f8fafc/eab308?text=Zinc+Tablet+20mg,True,[]
6891,Folic Acid Tablet 400mcg,Suplemen,49505.0,58,Asam Folat 400mcg,"Pencegahan cacat lahir, ibu hamil",Dosis sesuai anjuran dokter. Generic,Asam Folat 400mcg,"Pencegahan cacat lahir, ibu hamil",Jarang,2028-03-15,Tablet,https://placehold.co/400x300/f8fafc/eab308?text=Folic+Acid+Tablet+400mcg,True,[]
6892,Biotin Tablet 2.5mg,Suplemen,60236.0,199,D-Biotin 2.5mg,"Kesehatan rambut, kuku, kulit",Dosis sesuai anjuran dokter. Blackmores,D-Biotin 2.5mg,"Kesehatan rambut, kuku, kulit",Jarang,2027-06-30,Tablet,https://placehold.co/400x300/f8fafc/eab308?text=Biotin+Tablet+2.5mg,True,[]
6893,Kolagen Tripeptide,Suplemen,62475.0,186,Marine Collagen Peptide 1000mg,"Kesehatan kulit, sendi, tulang rawan",Dosis sesuai anjuran dokter. Nuvara,Marine Collagen Peptide 1000mg,"Kesehatan kulit, sendi, tulang rawan",Jarang,2027-06-30,Tablet,https://placehold.co/400x300/f8fafc/eab308?text=Kolagen+Tripeptide,True,[]
6894,Magnesium Tablet 250mg,Suplemen,80313.0,287,Magnesium Oxide 250mg,"Kram otot, insomnia, kelelahan",Dosis sesuai anjuran dokter. Generic,Magnesium Oxide 250mg,"Kram otot, insomnia, kelelahan",Diare dosis tinggi,2026-12-31,Tablet,https://placehold.co/400x300/f8fafc/eab308?text=Magnesium+Tablet+250mg,True,[]
6895,Berocca Effervescent,Suplemen,56227.0,226,B Vitamins + Vitamin C + Zinc effervescent,Energi dan fokus mental,Dosis sesuai anjuran dokter. Bayer,B Vitamins + Vitamin C + Zinc effervescent,Energi dan fokus mental,"Kembung, urin kuning",2028-03-15,Tablet,https://placehold.co/400x300/f8fafc/eab308?text=Berocca+Effervescent,True,[]
6896,Suplemen Koenzim Q10,Suplemen,90663.0,189,Coenzyme Q10 100mg,"Energi sel, jantung, antioksidan",Dosis sesuai anjuran dokter. Blackmores,Coenzyme Q10 100mg,"Energi sel, jantung, antioksidan","Jarang, insomnia ringan",2027-11-20,Tablet,https://placehold.co/400x300/f8fafc/eab308?text=Suplemen+Koenzim+Q10,True,[]
6897,Curcumin Kapsul,Suplemen,90149.0,80,"Curcumin 500mg, Piperine 5mg","Anti radang, antioksidan premium",Dosis sesuai anjuran dokter. Kalbe,"Curcumin 500mg, Piperine 5mg","Anti radang, antioksidan premium","Jarang, mual ringan",2028-03-15,Kapsul,https://placehold.co/400x300/f8fafc/eab308?text=Curcumin+Kapsul,True,[]
6898,Prenavit Tablet,Suplemen,119783.0,281,Multivitamin Mineral Ibu Hamil,Nutrisi lengkap kehamilan,Dosis sesuai anjuran dokter. Sanbe Farma,Multivitamin Mineral Ibu Hamil,Nutrisi lengkap kehamilan,Mual,2027-06-30,Tablet,https://placehold.co/400x300/f8fafc/eab308?text=Prenavit+Tablet,True,[]
6899,Noni Gold Kapsul,Suplemen,70359.0,150,Morinda citrifolia 500mg,Stamina dan imun herbal mengkudu,Dosis sesuai anjuran dokter. Sido Muncul,Morinda citrifolia 500mg,Stamina dan imun herbal mengkudu,Jarang,2027-06-30,Kapsul,https://placehold.co/400x300/f8fafc/eab308?text=Noni+Gold+Kapsul,True,[]
6900,Spirulina Tablet 500mg,Suplemen,65179.0,283,Arthrospira platensis 500mg,"Protein nabati, antioksidan, energi",Dosis sesuai anjuran dokter. Vitarich,Arthrospira platensis 500mg,"Protein nabati, antioksidan, energi",Jarang (reaksi alergi),2027-11-20,Tablet,https://placehold.co/400x300/f8fafc/eab308?text=Spirulina+Tablet+500mg,True,[]
6901,Mefenacid Tablet,Nyeri & Demam,29169.0,51,Asam Mefenamat 250mg,"Nyeri haid ringan, gigi",Dosis sesuai anjuran dokter. Kimia Farma,Asam Mefenamat 250mg,"Nyeri haid ringan, gigi",Iritasi lambung,2027-11-20,Tablet,https://placehold.co/400x300/f8fafc/ef4444?text=Mefenacid+Tablet,True,[]
6902,Acnevil Gel,Obat Kulit & Luka,31339.0,246,Clindamycin 1%,Jerawat meradang,Dosis sesuai anjuran dokter. Pharos,Clindamycin 1%,Jerawat meradang,Kulit kering,2026-12-31,Tablet,https://placehold.co/400x300/f8fafc/ec4899?text=Acnevil+Gel,True,[]
6903,Skinoren Gel 15g,Obat Kulit & Luka,13319.0,53,Azelaic Acid 20%,"Jerawat, hiperpigmentasi",Dosis sesuai anjuran dokter. Bayer,Azelaic Acid 20%,"Jerawat, hiperpigmentasi","Kulit kering, perih",2026-12-31,Tablet,https://placehold.co/400x300/f8fafc/ec4899?text=Skinoren+Gel+15g,True,[]
6904,Clobetasol Cream 0.05%,Obat Kulit & Luka,40659.0,202,Clobetasol Propionate 0.05%,"Psoriasis, lichen planus",Dosis sesuai anjuran dokter. Generic,Clobetasol Propionate 0.05%,"Psoriasis, lichen planus",Penipisan kulit,2028-03-15,Tablet,https://placehold.co/400x300/f8fafc/ec4899?text=Clobetasol+Cream+0.05%,True,[]
6905,Chloramphenicol Cream,Obat Kulit & Luka,28976.0,174,Chloramphenicol 2%,Infeksi kulit bakteri gram positif,Dosis sesuai anjuran dokter. Generic,Chloramphenicol 2%,Infeksi kulit bakteri gram positif,Alergi lokal,2027-06-30,Tablet,https://placehold.co/400x300/f8fafc/ec4899?text=Chloramphenicol+Cream,True,[]
6906,Gentamicin Cream 0.1%,Obat Kulit & Luka,59247.0,260,Gentamicin Sulfate 0.1%,"Impetigo, folikulitis",Dosis sesuai anjuran dokter. Generic,Gentamicin Sulfate 0.1%,"Impetigo, folikulitis",Gatal lokal,2028-03-15,Tablet,https://placehold.co/400x300/f8fafc/ec4899?text=Gentamicin+Cream+0.1%,True,[]
6907,Tretinoin Cream 0.025%,Obat Kulit & Luka,51659.0,120,Tretinoin 0.025%,Jerawat dan anti penuaan,Dosis sesuai anjuran dokter. Generic,Tretinoin 0.025%,Jerawat dan anti penuaan,"Kulit merah, mengelupas",2028-03-15,Tablet,https://placehold.co/400x300/f8fafc/ec4899?text=Tretinoin+Cream+0.025%,True,[]
6908,Calcipotriol Cream,Obat Kulit & Luka,24835.0,97,Calcipotriol 50mcg/g,Psoriasis plak ringan-sedang,Dosis sesuai anjuran dokter. Leo Pharma,Calcipotriol 50mcg/g,Psoriasis plak ringan-sedang,Iritasi lokal,2026-12-31,Tablet,https://placehold.co/400x300/f8fafc/ec4899?text=Calcipotriol+Cream,True,[]
6909,Alphosyl HC Krim,Obat Kulit & Luka,39970.0,294,"Hydrocortisone, Coal Tar",Psoriasis dan seborrheic dermatitis,Dosis sesuai anjuran dokter. GSK,"Hydrocortisone, Coal Tar",Psoriasis dan seborrheic dermatitis,Kulit sensitif,2027-11-20,Tablet,https://placehold.co/400x300/f8fafc/ec4899?text=Alphosyl+HC+Krim,True,[]
6910,Duoderm CGF Plester,Obat Kulit & Luka,61189.0,78,"Gelatin, Pectin, CMC hidrokoloid","Luka kronik, dekubitus, luka operasi",Dosis sesuai anjuran dokter. ConvaTec,"Gelatin, Pectin, CMC hidrokoloid","Luka kronik, dekubitus, luka operasi",Maserasi kulit,2027-11-20,Tablet,https://placehold.co/400x300/f8fafc/ec4899?text=Duoderm+CGF+Plester,True,[]
6911,Mebo Scar Gel 15g,Obat Kulit & Luka,57590.0,232,"Allium Cepa Extract, Heparin, Allantoin",Bekas luka dan keloid,Dosis sesuai anjuran dokter. Mebo,"Allium Cepa Extract, Heparin, Allantoin",Bekas luka dan keloid,Jarang,2026-12-31,Tablet,https://placehold.co/400x300/f8fafc/ec4899?text=Mebo+Scar+Gel+15g,True,[]
6912,Kloderma Cream,Obat Kulit & Luka,67068.0,50,Clobetasone Butyrate 0.05%,"Eksim ringan, dermatitis kontak",Dosis sesuai anjuran dokter. Schering,Clobetasone Butyrate 0.05%,"Eksim ringan, dermatitis kontak",Penipisan kulit bila lama,2027-06-30,Tablet,https://placehold.co/400x300/f8fafc/ec4899?text=Kloderma+Cream,True,[]
6913,Hydrocortisone 1% Cream,Obat Kulit & Luka,13857.0,77,Hydrocortisone 1%,"Gatal radang ringan, diapers rash",Dosis sesuai anjuran dokter. Generic,Hydrocortisone 1%,"Gatal radang ringan, diapers rash",Penipisan kulit,2027-06-30,Tablet,https://placehold.co/400x300/f8fafc/ec4899?text=Hydrocortisone+1%+Cream,True,[]
6914,Iodine Povidone 10% 60ml,Obat Kulit & Luka,44958.0,144,Povidone Iodine 10%,Antiseptik kulit luka terbuka,Dosis sesuai anjuran dokter. Generic,Povidone Iodine 10%,Antiseptik kulit luka terbuka,"Iritasi, kulit coklat",2027-06-30,Tablet,https://placehold.co/400x300/f8fafc/ec4899?text=Iodine+Povidone+10%+60ml,True,[]
6915,Metronidazole Gel,Obat Kulit & Luka,23098.0,163,Metronidazole 0.75%,"Rosacea, jerawat infeksi anaerob",Dosis sesuai anjuran dokter. Generic,Metronidazole 0.75%,"Rosacea, jerawat infeksi anaerob","Iritasi lokal, mulut metalik",2028-03-15,Tablet,https://placehold.co/400x300/f8fafc/ec4899?text=Metronidazole+Gel,True,[]
6916,Pityriasis Shampoo,Antijamur & Kulit,22104.0,272,Selenium Sulfide 1%,"Ketombe berat, tinea capitis",Dosis sesuai anjuran dokter. Generic,Selenium Sulfide 1%,"Ketombe berat, tinea capitis",Kulit kepala kering,2028-03-15,Tablet,https://placehold.co/400x300/f8fafc/14b8a6?text=Pityriasis+Shampoo,True,[]
6917,Nizoral Shampoo 60ml,Antijamur & Kulit,22402.0,260,Ketoconazole 2% shampoo,"Ketombe jamur, seborrheic dermatitis kepala",Dosis sesuai anjuran dokter. J&J,Ketoconazole 2% shampoo,"Ketombe jamur, seborrheic dermatitis kepala",Iritasi kulit kepala,2027-11-20,Tablet,https://placehold.co/400x300/f8fafc/14b8a6?text=Nizoral+Shampoo+60ml,True,[]
6918,Selsun Shampoo 60ml,Antijamur & Kulit,26780.0,148,Selenium Sulfide 1.8%,Ketombe berat dan jamur kepala,Dosis sesuai anjuran dokter. Sanofi,Selenium Sulfide 1.8%,Ketombe berat dan jamur kepala,Rambut kering,2028-03-15,Tablet,https://placehold.co/400x300/f8fafc/14b8a6?text=Selsun+Shampoo+60ml,True,[]
6919,Amoxicillin Kapsul 500mg,Obat Kulit & Luka,27518.0,296,Amoxicillin Trihydrate 500mg,Infeksi bakteri ringan-sedang (perlu resep dokter),Dosis sesuai anjuran dokter. Generic,Amoxicillin Trihydrate 500mg,Infeksi bakteri ringan-sedang (perlu resep dokter),"Alergi, diare",2026-12-31,Kapsul,https://placehold.co/400x300/f8fafc/ec4899?text=Amoxicillin+Kapsul+500mg,True,[]
6920,Amoxicillin Sirup 60ml,Obat Kulit & Luka,54252.0,153,Amoxicillin 125mg/5ml sirup,Infeksi bakteri anak (perlu resep),Dosis sesuai anjuran dokter. Generic,Amoxicillin 125mg/5ml sirup,Infeksi bakteri anak (perlu resep),"Alergi, diare",2028-03-15,Tablet,https://placehold.co/400x300/f8fafc/ec4899?text=Amoxicillin+Sirup+60ml,True,[]
6921,Ampicillin Kapsul 500mg,Obat Kulit & Luka,32908.0,277,Ampicillin Trihydrate 500mg,"Infeksi saluran napas, kemih",Dosis sesuai anjuran dokter. Generic,Ampicillin Trihydrate 500mg,"Infeksi saluran napas, kemih","Alergi, diare",2026-12-31,Kapsul,https://placehold.co/400x300/f8fafc/ec4899?text=Ampicillin+Kapsul+500mg,True,[]
6922,Cotrimoxazole Tablet,Obat Kulit & Luka,57323.0,51,"Sulfamethoxazole 400mg, Trimethoprim 80mg","Infeksi saluran kemih, diare bakteri",Dosis sesuai anjuran dokter. Generic,"Sulfamethoxazole 400mg, Trimethoprim 80mg","Infeksi saluran kemih, diare bakteri","Alergi sulfa, mual",2027-06-30,Tablet,https://placehold.co/400x300/f8fafc/ec4899?text=Cotrimoxazole+Tablet,True,[]
6923,Erythromycin Tablet 500mg,Obat Kulit & Luka,54968.0,172,Erythromycin Ethylsuccinate 500mg,"Infeksi kulit, napas, alergi penisilin",Dosis sesuai anjuran dokter. Generic,Erythromycin Ethylsuccinate 500mg,"Infeksi kulit, napas, alergi penisilin","Mual, nyeri perut",2026-12-31,Tablet,https://placehold.co/400x300/f8fafc/ec4899?text=Erythromycin+Tablet+500mg,True,[]
6924,Chloramphenicol Kapsul 250mg,Obat Kulit & Luka,45197.0,71,Chloramphenicol 250mg,"Tifoid, infeksi berat",Dosis sesuai anjuran dokter. Generic,Chloramphenicol 250mg,"Tifoid, infeksi berat",Aplasia sumsum tulang (jarang),2027-11-20,Kapsul,https://placehold.co/400x300/f8fafc/ec4899?text=Chloramphenicol+Kapsul+250mg,True,[]
6925,Tetracycline Kapsul 250mg,Obat Kulit & Luka,27657.0,184,Tetracycline HCl 250mg,"Jerawat parah, klamidia, leptospirosis",Dosis sesuai anjuran dokter. Generic,Tetracycline HCl 250mg,"Jerawat parah, klamidia, leptospirosis","Fotosensitisasi, gigi kuning anak",2026-12-31,Kapsul,https://placehold.co/400x300/f8fafc/ec4899?text=Tetracycline+Kapsul+250mg,True,[]
6926,Metronidazole Tablet 500mg,Pencernaan & Diare,11485.0,83,Metronidazole 500mg,"Amebiasis, trikomoniasis, infeksi anaerob",Dosis sesuai anjuran dokter. Generic,Metronidazole 500mg,"Amebiasis, trikomoniasis, infeksi anaerob","Mual, metalik mulut, tidak boleh alkohol",2027-06-30,Tablet,https://placehold.co/400x300/f8fafc/f59e0b?text=Metronidazole+Tablet+500mg,True,[]
6927,Thiamphenicol Kapsul 500mg,Obat Kulit & Luka,36782.0,144,Thiamphenicol 500mg,"Infeksi saluran napas, ISK",Dosis sesuai anjuran dokter. Generic,Thiamphenicol 500mg,"Infeksi saluran napas, ISK","Mual, agranulositosis",2028-03-15,Kapsul,https://placehold.co/400x300/f8fafc/ec4899?text=Thiamphenicol+Kapsul+500mg,True,[]
6928,Spiramycin Tablet,Mulut & Tenggorokan,31533.0,156,Spiramycin 500mg,Infeksi mulut dan tenggorokan,Dosis sesuai anjuran dokter. Darya-Varia,Spiramycin 500mg,Infeksi mulut dan tenggorokan,"Mual, diare",2028-03-15,Tablet,https://placehold.co/400x300/f8fafc/d946ef?text=Spiramycin+Tablet,True,[]
6929,Urinozinc Tablet,Suplemen,113044.0,187,"Zinc Oxide, Saw Palmetto, Lycopene",Kesehatan prostat dan saluran kemih pria,Dosis sesuai anjuran dokter. Kalbe,"Zinc Oxide, Saw Palmetto, Lycopene",Kesehatan prostat dan saluran kemih pria,Jarang,2027-11-20,Tablet,https://placehold.co/400x300/f8fafc/eab308?text=Urinozinc+Tablet,True,[]
6930,Cranberry Extract Kapsul,Suplemen,44534.0,298,Vaccinium Macrocarpon 400mg,Pencegahan ISK wanita,Dosis sesuai anjuran dokter. Blackmores,Vaccinium Macrocarpon 400mg,Pencegahan ISK wanita,Mual ringan,2027-11-20,Kapsul,https://placehold.co/400x300/f8fafc/eab308?text=Cranberry+Extract+Kapsul,True,[]
6931,Kejibeling Kapsul,Herbal & Tradisional,13656.0,286,Strobilanthes crispus,"Batu ginjal, melancarkan kemih herbal",Dosis sesuai anjuran dokter. Sido Muncul,Strobilanthes crispus,"Batu ginjal, melancarkan kemih herbal",Jarang,2028-03-15,Kapsul,https://placehold.co/400x300/f8fafc/84cc16?text=Kejibeling+Kapsul,True,[]
6932,Tempuyung Kapsul,Herbal & Tradisional,9697.0,244,Sonchus arvensis Extract,Batu ginjal dan melancarkan urin,Dosis sesuai anjuran dokter. Kimia Farma,Sonchus arvensis Extract,Batu ginjal dan melancarkan urin,Jarang,2027-11-20,Kapsul,https://placehold.co/400x300/f8fafc/84cc16?text=Tempuyung+Kapsul,True,[]
6933,Potasium Sitrat Tablet,Suplemen,95510.0,139,Kalium Sitrat 1080mg,"Batu ginjal kalsium, asidosis",Dosis sesuai anjuran dokter. Kalbe,Kalium Sitrat 1080mg,"Batu ginjal kalsium, asidosis",Mual,2027-06-30,Tablet,https://placehold.co/400x300/f8fafc/eab308?text=Potasium+Sitrat+Tablet,True,[]
6934,Insulin Plant Kapsul,Herbal & Tradisional,12987.0,144,Costus Igneus Ekstrak,Membantu metabolisme gula darah herbal,Dosis sesuai anjuran dokter. Sido Muncul,Costus Igneus Ekstrak,Membantu metabolisme gula darah herbal,Jarang,2027-11-20,Kapsul,https://placehold.co/400x300/f8fafc/84cc16?text=Insulin+Plant+Kapsul,True,[]
6935,Bitter Melon Kapsul,Herbal & Tradisional,20312.0,211,Momordica charantia 500mg,Membantu kontrol gula darah,Dosis sesuai anjuran dokter. Vitarich,Momordica charantia 500mg,Membantu kontrol gula darah,"Hipoglikemia, mual",2026-12-31,Kapsul,https://placehold.co/400x300/f8fafc/84cc16?text=Bitter+Melon+Kapsul,True,[]
6936,Chromium Picolinate,Suplemen,47816.0,211,Chromium 200mcg,Membantu metabolisme glukosa,Dosis sesuai anjuran dokter. Blackmores,Chromium 200mcg,Membantu metabolisme glukosa,Jarang,2026-12-31,Tablet,https://placehold.co/400x300/f8fafc/eab308?text=Chromium+Picolinate,True,[]
6937,Alpha Lipoic Acid Kapsul,Suplemen,45889.0,100,Alpha Lipoic Acid 600mg,"Neuropati diabetik, antioksidan",Dosis sesuai anjuran dokter. Generic,Alpha Lipoic Acid 600mg,"Neuropati diabetik, antioksidan","Mual, ruam kulit",2027-11-20,Kapsul,https://placehold.co/400x300/f8fafc/eab308?text=Alpha+Lipoic+Acid+Kapsul,True,[]
6938,Gymnema Sylvestre Kapsul,Herbal & Tradisional,40780.0,278,Gymnema Sylvestre 400mg,Membantu mengurangi absorpsi gula,Dosis sesuai anjuran dokter. Vitarich,Gymnema Sylvestre 400mg,Membantu mengurangi absorpsi gula,Jarang,2027-06-30,Kapsul,https://placehold.co/400x300/f8fafc/84cc16?text=Gymnema+Sylvestre+Kapsul,True,[]
6939,CoQ10 Kapsul 100mg,Suplemen,33476.0,226,Ubiquinone 100mg,"Fungsi jantung, energi, tekanan darah",Dosis sesuai anjuran dokter. Blackmores,Ubiquinone 100mg,"Fungsi jantung, energi, tekanan darah","Insomnia ringan, mual",2028-03-15,Kapsul,https://placehold.co/400x300/f8fafc/eab308?text=CoQ10+Kapsul+100mg,True,[]
6940,Resveratrol Kapsul,Suplemen,48837.0,274,Trans-Resveratrol 100mg,"Antioksidan jantung, kolesterol",Dosis sesuai anjuran dokter. Vitarich,Trans-Resveratrol 100mg,"Antioksidan jantung, kolesterol",Jarang,2028-03-15,Kapsul,https://placehold.co/400x300/f8fafc/eab308?text=Resveratrol+Kapsul,True,[]
6941,Celery Seed Extract,Herbal & Tradisional,35879.0,100,Apium graveolens Seed 450mg,Tekanan darah tinggi herbal,Dosis sesuai anjuran dokter. Blackmores,Apium graveolens Seed 450mg,Tekanan darah tinggi herbal,Jarang,2027-06-30,Tablet,https://placehold.co/400x300/f8fafc/84cc16?text=Celery+Seed+Extract,True,[]
6942,Garlic Extract Tablet,Herbal & Tradisional,14078.0,113,Allium sativum 1000mg,"Kolesterol, tekanan darah, imun",Dosis sesuai anjuran dokter. Blackmores,Allium sativum 1000mg,"Kolesterol, tekanan darah, imun","Bau bawang, mual",2028-03-15,Tablet,https://placehold.co/400x300/f8fafc/84cc16?text=Garlic+Extract+Tablet,True,[]
6943,Hawthorn Berry Kapsul,Herbal & Tradisional,48649.0,203,Crataegus monogyna 600mg,Kesehatan jantung herbal barat,Dosis sesuai anjuran dokter. Vitarich,Crataegus monogyna 600mg,Kesehatan jantung herbal barat,Jarang,2027-11-20,Kapsul,https://placehold.co/400x300/f8fafc/84cc16?text=Hawthorn+Berry+Kapsul,True,[]
6944,Propolis Kapsul,Herbal & Tradisional,21438.0,155,Brazilian Green Propolis 500mg,"Imun, antibakteri alami, antioksidan",Dosis sesuai anjuran dokter. Sido Muncul,Brazilian Green Propolis 500mg,"Imun, antibakteri alami, antioksidan",Alergi lebah (jarang),2027-11-20,Kapsul,https://placehold.co/400x300/f8fafc/84cc16?text=Propolis+Kapsul,True,[]
6945,Soyisoflavon Kapsul,Suplemen,22426.0,287,Soya Isoflavones 40mg,"Menopause, hot flash, kesehatan wanita",Dosis sesuai anjuran dokter. Blackmores,Soya Isoflavones 40mg,"Menopause, hot flash, kesehatan wanita",Jarang,2027-06-30,Kapsul,https://placehold.co/400x300/f8fafc/eab308?text=Soyisoflavon+Kapsul,True,[]
6946,Eve Primrose Oil Kapsul,Suplemen,67674.0,234,Gamma Linolenic Acid 45mg,"PMS, nyeri haid, hormonal balance",Dosis sesuai anjuran dokter. Blackmores,Gamma Linolenic Acid 45mg,"PMS, nyeri haid, hormonal balance","Jarang, sakit kepala ringan",2027-06-30,Kapsul,https://placehold.co/400x300/f8fafc/eab308?text=Eve+Primrose+Oil+Kapsul,True,[]
6947,Vitex Agnus Castus,Herbal & Tradisional,13472.0,275,Vitex Agnus Castus Extract 400mg,"Ketidakseimbangan hormon wanita, PMS",Dosis sesuai anjuran dokter. Vitarich,Vitex Agnus Castus Extract 400mg,"Ketidakseimbangan hormon wanita, PMS",Jarang,2027-06-30,Tablet,https://placehold.co/400x300/f8fafc/84cc16?text=Vitex+Agnus+Castus,True,[]
6948,Calcium Pantothenate,Suplemen,56670.0,124,Calcium Pantothenate 500mg (Vit B5),"Metabolisme, kesehatan kulit dan rambut",Dosis sesuai anjuran dokter. Generic,Calcium Pantothenate 500mg (Vit B5),"Metabolisme, kesehatan kulit dan rambut",Jarang,2028-03-15,Tablet,https://placehold.co/400x300/f8fafc/eab308?text=Calcium+Pantothenate,True,[]
6949,Iron Chelate Kapsul,Suplemen,91463.0,111,Ferrous Bisglycinate 25mg,Anemia tanpa efek sembelit,Dosis sesuai anjuran dokter. Jarrow,Ferrous Bisglycinate 25mg,Anemia tanpa efek sembelit,"Lebih mahal, jarang",2028-03-15,Kapsul,https://placehold.co/400x300/f8fafc/eab308?text=Iron+Chelate+Kapsul,True,[]
6950,Melatonin 3mg Tablet,Suplemen,110175.0,161,Melatonin 3mg,"Insomnia, jet lag, gangguan tidur",Dosis sesuai anjuran dokter. Blackmores,Melatonin 3mg,"Insomnia, jet lag, gangguan tidur","Mengantuk, mimpi vivid",2027-11-20,Tablet,https://placehold.co/400x300/f8fafc/eab308?text=Melatonin+3mg+Tablet,True,[]
6951,Passiflora Kapsul,Herbal & Tradisional,10793.0,154,Passiflora incarnata 400mg,Cemas ringan dan gangguan tidur herbal,Dosis sesuai anjuran dokter. Vitarich,Passiflora incarnata 400mg,Cemas ringan dan gangguan tidur herbal,Mengantuk,2026-12-31,Kapsul,https://placehold.co/400x300/f8fafc/84cc16?text=Passiflora+Kapsul,True,[]
6952,Valerian Root Kapsul,Herbal & Tradisional,39174.0,274,Valeriana officinalis 300mg,"Insomnia herbal, cemas",Dosis sesuai anjuran dokter. Blackmores,Valeriana officinalis 300mg,"Insomnia herbal, cemas",Mengantuk siang,2026-12-31,Kapsul,https://placehold.co/400x300/f8fafc/84cc16?text=Valerian+Root+Kapsul,True,[]
6953,Diphenhydramine Tablet 25mg,Alergi & Gatal,51164.0,260,Diphenhydramine HCl 25mg,"Gangguan tidur, antihistamin",Dosis sesuai anjuran dokter. Generic,Diphenhydramine HCl 25mg,"Gangguan tidur, antihistamin","Sangat mengantuk, mulut kering",2027-11-20,Tablet,https://placehold.co/400x300/f8fafc/8b5cf6?text=Diphenhydramine+Tablet+25mg,True,[]
6954,Enterogermina Oral Suspension,Pencernaan & Diare,36194.0,99,Bacillus clausii 2 billion/5ml,"Diare akut, pemulihan antibiotik",Dosis sesuai anjuran dokter. Sanofi,Bacillus clausii 2 billion/5ml,"Diare akut, pemulihan antibiotik",Jarang,2027-06-30,Tablet,https://placehold.co/400x300/f8fafc/f59e0b?text=Enterogermina+Oral+Suspension,True,[]
6955,Bio Lacto B Drops,Pencernaan & Diare,23981.0,205,Lactobacillus acidophilus drops bayi,"Kolik, diare bayi, imun saluran cerna bayi",Dosis sesuai anjuran dokter. Novell,Lactobacillus acidophilus drops bayi,"Kolik, diare bayi, imun saluran cerna bayi",Jarang,2027-06-30,Tablet,https://placehold.co/400x300/f8fafc/f59e0b?text=Bio+Lacto+B+Drops,True,[]
6956,Simethicone Tablet 40mg,Pencernaan & Diare,18247.0,95,Simethicone 40mg,Kembung dan gas berlebih generik murah,Dosis sesuai anjuran dokter. Generic,Simethicone 40mg,Kembung dan gas berlebih generik murah,Jarang,2027-11-20,Tablet,https://placehold.co/400x300/f8fafc/f59e0b?text=Simethicone+Tablet+40mg,True,[]
6957,Domperidone Tablet 10mg,Lambung & Maag,28898.0,287,Domperidone 10mg,"Mual, muntah, lambung lambat",Dosis sesuai anjuran dokter. Generic,Domperidone 10mg,"Mual, muntah, lambung lambat","Sakit kepala, galaktore (jarang)",2026-12-31,Tablet,https://placehold.co/400x300/f8fafc/10b981?text=Domperidone+Tablet+10mg,True,[]
6958,Ondansetron Tablet 4mg,Pencernaan & Diare,29149.0,152,Ondansetron HCl 4mg,"Mual muntah kehamilan, pasca kemo",Dosis sesuai anjuran dokter. Generic,Ondansetron HCl 4mg,"Mual muntah kehamilan, pasca kemo","Sakit kepala, konstipasi",2027-06-30,Tablet,https://placehold.co/400x300/f8fafc/f59e0b?text=Ondansetron+Tablet+4mg,True,[]
6959,Hyoscine Tablet 10mg,Pencernaan & Diare,34585.0,225,Hyoscine Butylbromide 10mg,"Kram perut, kolik, nyeri spasmodik",Dosis sesuai anjuran dokter. Generic,Hyoscine Butylbromide 10mg,"Kram perut, kolik, nyeri spasmodik","Mulut kering, sembelit",2027-06-30,Tablet,https://placehold.co/400x300/f8fafc/f59e0b?text=Hyoscine+Tablet+10mg,True,[]
6960,Cisapride Tablet,Lambung & Maag,32722.0,299,Cisapride 5mg,"Lambung kosong lambat, GERD ringan",Dosis sesuai anjuran dokter. Janssen,Cisapride 5mg,"Lambung kosong lambat, GERD ringan",Palpitasi (jangan dg aritmia),2028-03-15,Tablet,https://placehold.co/400x300/f8fafc/10b981?text=Cisapride+Tablet,True,[]
6961,Activated Charcoal Kapsul,Pencernaan & Diare,31151.0,252,Karbon aktif 250mg kapsul,"Keracunan, kembung berlebih kapsul",Dosis sesuai anjuran dokter. Generic,Karbon aktif 250mg kapsul,"Keracunan, kembung berlebih kapsul",Feses hitam,2027-11-20,Kapsul,https://placehold.co/400x300/f8fafc/f59e0b?text=Activated+Charcoal+Kapsul,True,[]
6962,Bifodan Kapsul,Pencernaan & Diare,15755.0,295,"Bifidobacterium, Lactobacillus probiotik","Keseimbangan flora usus, IBS",Dosis sesuai anjuran dokter. Soho,"Bifidobacterium, Lactobacillus probiotik","Keseimbangan flora usus, IBS",Jarang,2027-06-30,Kapsul,https://placehold.co/400x300/f8fafc/f59e0b?text=Bifodan+Kapsul,True,[]
6963,Lactulose Sirup,Pencernaan & Diare,16752.0,274,Lactulose 3.35g/5ml,Sembelit kronis dan ensefalopati hepatik,Dosis sesuai anjuran dokter. Abbott,Lactulose 3.35g/5ml,Sembelit kronis dan ensefalopati hepatik,"Kembung, kram",2027-06-30,Tablet,https://placehold.co/400x300/f8fafc/f59e0b?text=Lactulose+Sirup,True,[]
6964,Bisacodyl Suppositoria Anak,Pencernaan & Diare,19592.0,272,Bisacodyl 5mg suppositoria,Sembelit anak segera,Dosis sesuai anjuran dokter. Generic,Bisacodyl 5mg suppositoria,Sembelit anak segera,"Kram perut, iritasi lokal",2026-12-31,Tablet,https://placehold.co/400x300/f8fafc/f59e0b?text=Bisacodyl+Suppositoria+Anak,True,[]
6965,Clindamycin Gel 1%,Obat Kulit & Luka,20244.0,235,Clindamycin Phosphate 1%,Jerawat meradang topikal,Dosis sesuai anjuran dokter. Generic,Clindamycin Phosphate 1%,Jerawat meradang topikal,Kulit kering,2027-11-20,Tablet,https://placehold.co/400x300/f8fafc/ec4899?text=Clindamycin+Gel+1%,True,[]
6966,Nicotinamide Gel,Obat Kulit & Luka,18456.0,240,Niacinamide 4%,"Pori besar, produksi sebum berlebih",Dosis sesuai anjuran dokter. Galderma,Niacinamide 4%,"Pori besar, produksi sebum berlebih",Jarang,2027-11-20,Tablet,https://placehold.co/400x300/f8fafc/ec4899?text=Nicotinamide+Gel,True,[]
6967,Salicylic Acid 2% Gel,Obat Kulit & Luka,36826.0,206,Salicylic Acid 2% gel,"Komedo, jerawat ringan, kulit berminyak",Dosis sesuai anjuran dokter. Generic,Salicylic Acid 2% gel,"Komedo, jerawat ringan, kulit berminyak","Kulit kering, perih",2026-12-31,Tablet,https://placehold.co/400x300/f8fafc/ec4899?text=Salicylic+Acid+2%+Gel,True,[]
6968,Benzoyl Peroxide 5% Gel,Obat Kulit & Luka,60452.0,78,Benzoyl Peroxide 5%,Jerawat sedang membandel,Dosis sesuai anjuran dokter. Stiefel,Benzoyl Peroxide 5%,Jerawat sedang membandel,"Kulit kering parah, mengelupas",2027-06-30,Tablet,https://placehold.co/400x300/f8fafc/ec4899?text=Benzoyl+Peroxide+5%+Gel,True,[]
6969,Fluocinolone Cream 0.025%,Obat Kulit & Luka,69466.0,153,Fluocinolone Acetonide 0.025%,"Eksim, psoriasis, lichen",Dosis sesuai anjuran dokter. Generic,Fluocinolone Acetonide 0.025%,"Eksim, psoriasis, lichen",Penipisan kulit,2027-11-20,Tablet,https://placehold.co/400x300/f8fafc/ec4899?text=Fluocinolone+Cream+0.025%,True,[]
6970,Gentamicin Eye Drops,Mata & Telinga,59708.0,249,Gentamicin Sulfate 0.3% tetes mata,Konjungtivitis bakteri,Dosis sesuai anjuran dokter. Generic,Gentamicin Sulfate 0.3% tetes mata,Konjungtivitis bakteri,Iritasi mata,2027-06-30,Tablet,https://placehold.co/400x300/f8fafc/0ea5e9?text=Gentamicin+Eye+Drops,True,[]
6971,Kloramfenikol Tetes Mata,Mata & Telinga,32393.0,247,Chloramphenicol 0.5%,Belekan bakteri mata generik,Dosis sesuai anjuran dokter. Generic,Chloramphenicol 0.5%,Belekan bakteri mata generik,Pandangan kabur sementara,2028-03-15,Tablet,https://placehold.co/400x300/f8fafc/0ea5e9?text=Kloramfenikol+Tetes+Mata,True,[]
6972,Silver Sulfadiazine Cream 1%,Obat Kulit & Luka,18146.0,111,Silver Sulfadiazine 1%,"Luka bakar, luka infeksi kronis",Dosis sesuai anjuran dokter. Generic,Silver Sulfadiazine 1%,"Luka bakar, luka infeksi kronis","Iritasi lokal, bercak hitam",2027-11-20,Tablet,https://placehold.co/400x300/f8fafc/ec4899?text=Silver+Sulfadiazine+Cream+1%,True,[]
6973,Antimo Tablet,Obat Batuk,20358.0,84,"Diphenhydramine HCl 25mg, Caffeine 20mg",Mabuk perjalanan,Dosis sesuai anjuran dokter. Phapros,"Diphenhydramine HCl 25mg, Caffeine 20mg",Mabuk perjalanan,Mengantuk atau justru antri tidur,2027-11-20,Tablet,https://placehold.co/400x300/f8fafc/3b82f6?text=Antimo+Tablet,True,[]
6974,Antimo Anak Sirup,Obat Batuk,11571.0,146,Diphenhydramine HCl sirup anak,Mabuk perjalanan anak,Dosis sesuai anjuran dokter. Phapros,Diphenhydramine HCl sirup anak,Mabuk perjalanan anak,Mengantuk,2028-03-15,Tablet,https://placehold.co/400x300/f8fafc/3b82f6?text=Antimo+Anak+Sirup,True,[]
6975,Scopola Tablet,Obat Batuk,12089.0,183,Dimenhydrinate 50mg,Mabuk perjalanan dewasa,Dosis sesuai anjuran dokter. Kimia Farma,Dimenhydrinate 50mg,Mabuk perjalanan dewasa,"Sangat mengantuk, mulut kering",2027-11-20,Tablet,https://placehold.co/400x300/f8fafc/3b82f6?text=Scopola+Tablet,True,[]
6976,Prochlorperazine Tablet,Pencernaan & Diare,20343.0,130,Prochlorperazine 5mg,"Mual muntah, vertigo",Dosis sesuai anjuran dokter. Generic,Prochlorperazine 5mg,"Mual muntah, vertigo","Mengantuk, extrapyramidal",2026-12-31,Tablet,https://placehold.co/400x300/f8fafc/f59e0b?text=Prochlorperazine+Tablet,True,[]
6977,Betahistine Tablet,Pencernaan & Diare,16150.0,126,Betahistine HCl 8mg,"Vertigo (Meniere's), tinnitus",Dosis sesuai anjuran dokter. Generic,Betahistine HCl 8mg,"Vertigo (Meniere's), tinnitus","Sakit kepala, mual ringan",2027-11-20,Tablet,https://placehold.co/400x300/f8fafc/f59e0b?text=Betahistine+Tablet,True,[]
6978,Cinnarizine Tablet 25mg,Obat Batuk,32262.0,221,Cinnarizine 25mg,"Vertigo, mabuk perjalanan, pusing berputar",Dosis sesuai anjuran dokter. Generic,Cinnarizine 25mg,"Vertigo, mabuk perjalanan, pusing berputar","Mengantuk, mulut kering",2026-12-31,Tablet,https://placehold.co/400x300/f8fafc/3b82f6?text=Cinnarizine+Tablet+25mg,True,[]
6979,Flunarizine Kapsul 5mg,Nyeri & Demam,14704.0,300,Flunarizine 5mg,"Migrain profilaktik, vertigo",Dosis sesuai anjuran dokter. Generic,Flunarizine 5mg,"Migrain profilaktik, vertigo","Mengantuk, depresi",2026-12-31,Kapsul,https://placehold.co/400x300/f8fafc/ef4444?text=Flunarizine+Kapsul+5mg,True,[]
6980,ORS Sachets Oralit WHO,Pencernaan & Diare,28554.0,117,"NaCl 3.5g, KCl 1.5g, Glukosa 20g, NaHCO3",Rehidrasi standar WHO,Dosis sesuai anjuran dokter. Generic,"NaCl 3.5g, KCl 1.5g, Glukosa 20g, NaHCO3",Rehidrasi standar WHO,Mual bila cepat,2027-11-20,Tablet,https://placehold.co/400x300/f8fafc/f59e0b?text=ORS+Sachets+Oralit+WHO,True,[]
6981,Bioron Tablet,Suplemen,66571.0,67,"Boron 3mg, Calcium, Vitamin D3",Kesehatan tulang dan sendi,Dosis sesuai anjuran dokter. Vitarich,"Boron 3mg, Calcium, Vitamin D3",Kesehatan tulang dan sendi,Jarang,2026-12-31,Tablet,https://placehold.co/400x300/f8fafc/eab308?text=Bioron+Tablet,True,[]
6982,Chondroitin Kapsul,Nyeri & Demam,19189.0,236,Chondroitin Sulfate 400mg,Kesehatan sendi dan tulang rawan,Dosis sesuai anjuran dokter. Generic,Chondroitin Sulfate 400mg,Kesehatan sendi dan tulang rawan,Mual ringan,2027-11-20,Kapsul,https://placehold.co/400x300/f8fafc/ef4444?text=Chondroitin+Kapsul,True,[]
6983,Atorvastatin 10mg,Suplemen,35477.0,67,Atorvastatin Calcium 10mg,Kolesterol tinggi (Perlu resep dokter),Dosis sesuai anjuran dokter. Generic,Atorvastatin Calcium 10mg,Kolesterol tinggi (Perlu resep dokter),"Nyeri otot, hati",2027-06-30,Tablet,https://placehold.co/400x300/f8fafc/eab308?text=Atorvastatin+10mg,True,[]
6984,Acarbose Tablet,Herbal & Tradisional,45442.0,290,Acarbose 50mg,Diabetes tipe 2 (Perlu resep),Dosis sesuai anjuran dokter. Generic,Acarbose 50mg,Diabetes tipe 2 (Perlu resep),"Kembung, diare",2027-06-30,Tablet,https://placehold.co/400x300/f8fafc/84cc16?text=Acarbose+Tablet,True,[]
6985,Glibenclamide Tablet,Herbal & Tradisional,19785.0,184,Glibenclamide 5mg,Diabetes tipe 2 (Perlu resep),Dosis sesuai anjuran dokter. Generic,Glibenclamide 5mg,Diabetes tipe 2 (Perlu resep),Hipoglikemia,2026-12-31,Tablet,https://placehold.co/400x300/f8fafc/84cc16?text=Glibenclamide+Tablet,True,[]
6986,Metformin Tablet 500mg,Herbal & Tradisional,42193.0,118,Metformin HCl 500mg,Diabetes tipe 2 (Perlu resep),Dosis sesuai anjuran dokter. Generic,Metformin HCl 500mg,Diabetes tipe 2 (Perlu resep),"Mual, diare GI",2027-06-30,Tablet,https://placehold.co/400x300/f8fafc/84cc16?text=Metformin+Tablet+500mg,True,[]
6987,Amlodipine Tablet 5mg,Herbal & Tradisional,29149.0,226,Amlodipine Besylate 5mg,"Hipertensi, angina (Perlu resep)",Dosis sesuai anjuran dokter. Generic,Amlodipine Besylate 5mg,"Hipertensi, angina (Perlu resep)","Kaki bengkak, kemerahan wajah",2027-06-30,Tablet,https://placehold.co/400x300/f8fafc/84cc16?text=Amlodipine+Tablet+5mg,True,[]
6988,Captopril Tablet 25mg,Herbal & Tradisional,44674.0,234,Captopril 25mg,"Hipertensi, gagal jantung (Perlu resep)",Dosis sesuai anjuran dokter. Generic,Captopril 25mg,"Hipertensi, gagal jantung (Perlu resep)","Batuk kering, hipotensi",2027-11-20,Tablet,https://placehold.co/400x300/f8fafc/84cc16?text=Captopril+Tablet+25mg,True,[]
6989,Simvastatin Tablet 10mg,Herbal & Tradisional,35743.0,123,Simvastatin 10mg,Kolesterol (Perlu resep),Dosis sesuai anjuran dokter. Generic,Simvastatin 10mg,Kolesterol (Perlu resep),"Nyeri otot, hati",2026-12-31,Tablet,https://placehold.co/400x300/f8fafc/84cc16?text=Simvastatin+Tablet+10mg,True,[]
6990,Candesartan Tablet,Herbal & Tradisional,49878.0,151,Candesartan Cilexetil 8mg,"Hipertensi, perlindungan ginjal (Perlu resep)",Dosis sesuai anjuran dokter. Generic,Candesartan Cilexetil 8mg,"Hipertensi, perlindungan ginjal (Perlu resep)","Pusing, hipotensi",2026-12-31,Tablet,https://placehold.co/400x300/f8fafc/84cc16?text=Candesartan+Tablet,True,[]
6991,Lisinopril Tablet 5mg,Herbal & Tradisional,31119.0,282,Lisinopril 5mg,"Hipertensi, gagal jantung (Perlu resep)",Dosis sesuai anjuran dokter. Generic,Lisinopril 5mg,"Hipertensi, gagal jantung (Perlu resep)","Batuk kering, hipotensi",2027-06-30,Tablet,https://placehold.co/400x300/f8fafc/84cc16?text=Lisinopril+Tablet+5mg,True,[]
6992,Salbutamol Inhaler,Perawatan Hidung & Pernapasan,26952.0,203,Salbutamol 100mcg/dosis MDI,Asma akut dan PPOK (perlu resep di sebagian apotek),Dosis sesuai anjuran dokter. GSK,Salbutamol 100mcg/dosis MDI,Asma akut dan PPOK (perlu resep di sebagian apotek),"Berdebar, tremor tangan",2027-06-30,Tablet,https://placehold.co/400x300/f8fafc/64748b?text=Salbutamol+Inhaler,True,[]
6993,Ventolin Inhaler,Perawatan Hidung & Pernapasan,43111.0,183,Salbutamol 100mcg/dosis,Asma dan PPOK,Dosis sesuai anjuran dokter. GSK,Salbutamol 100mcg/dosis,Asma dan PPOK,"Berdebar, tremor",2026-12-31,Tablet,https://placehold.co/400x300/f8fafc/64748b?text=Ventolin+Inhaler,True,[]
6994,Formoterol Inhaler,Perawatan Hidung & Pernapasan,55752.0,289,Formoterol 12mcg/dosis,Asma maintenance (perlu resep),Dosis sesuai anjuran dokter. AstraZeneca,Formoterol 12mcg/dosis,Asma maintenance (perlu resep),"Berdebar, kram otot",2028-03-15,Tablet,https://placehold.co/400x300/f8fafc/64748b?text=Formoterol+Inhaler,True,[]
6995,Symbicort Inhaler,Perawatan Hidung & Pernapasan,21396.0,156,Budesonide + Formoterol MDI,Asma dan PPOK kombinasi (perlu resep),Dosis sesuai anjuran dokter. AstraZeneca,Budesonide + Formoterol MDI,Asma dan PPOK kombinasi (perlu resep),"Sariawan mulut, berdebar",2027-06-30,Tablet,https://placehold.co/400x300/f8fafc/64748b?text=Symbicort+Inhaler,True,[]
6996,Combivent MDI,Perawatan Hidung & Pernapasan,19490.0,229,Salbutamol + Ipratropium,"PPOK, asma berat (perlu resep)",Dosis sesuai anjuran dokter. Boehringer,Salbutamol + Ipratropium,"PPOK, asma berat (perlu resep)","Berdebar, mulut kering",2027-06-30,Tablet,https://placehold.co/400x300/f8fafc/64748b?text=Combivent+MDI,True,[]
6997,Mucolite Kapsul,Obat Batuk,29293.0,240,Erdosteine 300mg,"Batuk PPOK, bronkitis kronis",Dosis sesuai anjuran dokter. Menarini,Erdosteine 300mg,"Batuk PPOK, bronkitis kronis",Mual,2027-06-30,Kapsul,https://placehold.co/400x300/f8fafc/3b82f6?text=Mucolite+Kapsul,True,[]
6998,Spiriva Handihaler,Perawatan Hidung & Pernapasan,27826.0,166,Tiotropium Bromide 18mcg,PPOK maintenance (perlu resep),Dosis sesuai anjuran dokter. Boehringer,Tiotropium Bromide 18mcg,PPOK maintenance (perlu resep),"Mulut kering, retensi urin",2028-03-15,Tablet,https://placehold.co/400x300/f8fafc/64748b?text=Spiriva+Handihaler,True,[]
6999,Budesonide Nasal Spray,Perawatan Hidung & Pernapasan,35745.0,231,Budesonide 64mcg/dosis,Rinitis alergi kronis,Dosis sesuai anjuran dokter. Generic,Budesonide 64mcg/dosis,Rinitis alergi kronis,"Mimisan, iritasi hidung",2027-11-20,Tablet,https://placehold.co/400x300/f8fafc/64748b?text=Budesonide+Nasal+Spray,True,[]
7000,Mometasone Nasal Spray,Perawatan Hidung & Pernapasan,17181.0,113,Mometasone Furoate 50mcg,"Rinitis alergi, polip hidung",Dosis sesuai anjuran dokter. Generic,Mometasone Furoate 50mcg,"Rinitis alergi, polip hidung","Mimisan, iritasi",2026-12-31,Tablet,https://placehold.co/400x300/f8fafc/64748b?text=Mometasone+Nasal+Spray,True,[]
7001,Xyzal Tablet 5mg,Alergi & Gatal,40062.0,201,Levocetirizine HCl 5mg,Alergi generasi ketiga tanpa kantuk,Dosis sesuai anjuran dokter. UCB,Levocetirizine HCl 5mg,Alergi generasi ketiga tanpa kantuk,Mengantuk minimal,2027-06-30,Tablet,https://placehold.co/400x300/f8fafc/8b5cf6?text=Xyzal+Tablet+5mg,True,[]
7002,Bilastine Tablet 20mg,Alergi & Gatal,33224.0,111,Bilastine 20mg,Rinitis alergi dan urtikaria tanpa kantuk,Dosis sesuai anjuran dokter. Menarini,Bilastine 20mg,Rinitis alergi dan urtikaria tanpa kantuk,Jarang,2027-11-20,Tablet,https://placehold.co/400x300/f8fafc/8b5cf6?text=Bilastine+Tablet+20mg,True,[]
7003,Rupatadine Tablet 10mg,Alergi & Gatal,45858.0,148,Rupatadine 10mg,Rinitis alergi dan urtikaria kronis,Dosis sesuai anjuran dokter. Menarini,Rupatadine 10mg,Rinitis alergi dan urtikaria kronis,Mengantuk ringan,2026-12-31,Tablet,https://placehold.co/400x300/f8fafc/8b5cf6?text=Rupatadine+Tablet+10mg,True,[]
7004,Pheniramine Maleate Tablet,Alergi & Gatal,56029.0,138,Pheniramine Maleate 25mg,Alergi dan rhinitis generasi 1,Dosis sesuai anjuran dokter. Generic,Pheniramine Maleate 25mg,Alergi dan rhinitis generasi 1,Sangat mengantuk,2028-03-15,Tablet,https://placehold.co/400x300/f8fafc/8b5cf6?text=Pheniramine+Maleate+Tablet,True,[]
7005,Betadine Feminine Wash,Obat Kulit & Luka,16539.0,158,Povidone Iodine 10% sabun wanita,Kebersihan area kewanitaan,Dosis sesuai anjuran dokter. Mundipharma,Povidone Iodine 10% sabun wanita,Kebersihan area kewanitaan,Iritasi lokal (gunakan sesuai petunjuk),2027-11-20,Tablet,https://placehold.co/400x300/f8fafc/ec4899?text=Betadine+Feminine+Wash,True,[]
7006,Carefree Pantyliner,Suplemen,102523.0,250,Non-medicated pantyliner,Kelembaban harian wanita,Dosis sesuai anjuran dokter. J&J,Non-medicated pantyliner,Kelembaban harian wanita,Alergi (jarang),2027-11-20,Tablet,https://placehold.co/400x300/f8fafc/eab308?text=Carefree+Pantyliner,True,[]
7007,Canesten Krim Vaginal,Antijamur & Kulit,40464.0,296,Clotrimazole 1% krim vaginal,"Kandidiasis vaginal, gatal keputihan",Dosis sesuai anjuran dokter. Bayer,Clotrimazole 1% krim vaginal,"Kandidiasis vaginal, gatal keputihan",Iritasi lokal,2027-11-20,Tablet,https://placehold.co/400x300/f8fafc/14b8a6?text=Canesten+Krim+Vaginal,True,[]
7008,Betadine Feminine Gel,Obat Kulit & Luka,59690.0,261,Povidone Iodine 10% gel intim,Keputihan dan kebersihan intim gel,Dosis sesuai anjuran dokter. Mundipharma,Povidone Iodine 10% gel intim,Keputihan dan kebersihan intim gel,Iritasi,2026-12-31,Tablet,https://placehold.co/400x300/f8fafc/ec4899?text=Betadine+Feminine+Gel,True,[]
7009,Gynecosid Tablet,Suplemen,48227.0,298,Methylergometrine 0.125mg,"Perdarahan post-partum, haid tidak teratur",Dosis sesuai anjuran dokter. Generic,Methylergometrine 0.125mg,"Perdarahan post-partum, haid tidak teratur","Mual, berdebar (jarang tanpa resep)",2027-11-20,Tablet,https://placehold.co/400x300/f8fafc/eab308?text=Gynecosid+Tablet,True,[]
7010,Mefenamic Forte 500mg,Nyeri & Demam,20229.0,204,Mefenamic Acid 500mg,"Nyeri haid berat, nyeri akut",Dosis sesuai anjuran dokter. Sanbe Farma,Mefenamic Acid 500mg,"Nyeri haid berat, nyeri akut",Iritasi lambung parah,2026-12-31,Tablet,https://placehold.co/400x300/f8fafc/ef4444?text=Mefenamic+Forte+500mg,True,[]
7011,Ibuprofen 400mg Tablet,Nyeri & Demam,6864.0,70,Ibuprofen 400mg,"Nyeri sedang, haid, gigi, radang sendi",Dosis sesuai anjuran dokter. Generic,Ibuprofen 400mg,"Nyeri sedang, haid, gigi, radang sendi",Nyeri lambung lebih,2026-12-31,Tablet,https://placehold.co/400x300/f8fafc/ef4444?text=Ibuprofen+400mg+Tablet,True,[]
7012,Ibuprofen 200mg Strip,Nyeri & Demam,23722.0,224,Ibuprofen 200mg strip 4s,Nyeri ringan praktis,Dosis sesuai anjuran dokter. Generic,Ibuprofen 200mg strip 4s,Nyeri ringan praktis,Nyeri lambung,2026-12-31,Tablet,https://placehold.co/400x300/f8fafc/ef4444?text=Ibuprofen+200mg+Strip,True,[]
7013,Aspirin 500mg Tablet,Nyeri & Demam,11416.0,291,Acetylsalicylic Acid 500mg,"Nyeri dan demam dewasa, anti platelet",Dosis sesuai anjuran dokter. Bayer,Acetylsalicylic Acid 500mg,"Nyeri dan demam dewasa, anti platelet","Perdarahan GI, asma aspirin",2028-03-15,Tablet,https://placehold.co/400x300/f8fafc/ef4444?text=Aspirin+500mg+Tablet,True,[]
7014,Aspirin 80mg Kardio,Herbal & Tradisional,24220.0,254,Acetylsalicylic Acid 80mg,Pencegahan serangan jantung/stroke (resep),Dosis sesuai anjuran dokter. Bayer,Acetylsalicylic Acid 80mg,Pencegahan serangan jantung/stroke (resep),Perdarahan lambung,2027-11-20,Tablet,https://placehold.co/400x300/f8fafc/84cc16?text=Aspirin+80mg+Kardio,True,[]
7015,Codein Fosfat Tablet,Obat Batuk,29487.0,64,Codeine Phosphate 10mg,Batuk keras (perlu resep narkotika),Dosis sesuai anjuran dokter. Generic,Codeine Phosphate 10mg,Batuk keras (perlu resep narkotika),"Sembelit, mengantuk, adiksi",2027-06-30,Tablet,https://placehold.co/400x300/f8fafc/3b82f6?text=Codein+Fosfat+Tablet,True,[]
7016,Pseudoephedrine Tablet,Flu & Pilek,26407.0,106,Pseudoephedrine HCl 30mg,"Hidung tersumbat berat, sinusitis",Dosis sesuai anjuran dokter. Generic,Pseudoephedrine HCl 30mg,"Hidung tersumbat berat, sinusitis","Berdebar, insomnia",2027-06-30,Tablet,https://placehold.co/400x300/f8fafc/06b6d4?text=Pseudoephedrine+Tablet,True,[]
7017,Cetirizine 5mg Tablet,Alergi & Gatal,26660.0,114,Cetirizine HCl 5mg (dosis anak-remaja),Alergi anak lebih besar,Dosis sesuai anjuran dokter. Generic,Cetirizine HCl 5mg (dosis anak-remaja),Alergi anak lebih besar,Mengantuk ringan,2026-12-31,Tablet,https://placehold.co/400x300/f8fafc/8b5cf6?text=Cetirizine+5mg+Tablet,True,[]
7018,Loratadine Sirup 60ml,Alergi & Gatal,44282.0,164,Loratadine 5mg/5ml sirup,Alergi anak tanpa kantuk berat sirup,Dosis sesuai anjuran dokter. Generic,Loratadine 5mg/5ml sirup,Alergi anak tanpa kantuk berat sirup,Mulut kering,2026-12-31,Tablet,https://placehold.co/400x300/f8fafc/8b5cf6?text=Loratadine+Sirup+60ml,True,[]
7019,Diphenhydramine Sirup,Obat Batuk,43419.0,141,Diphenhydramine HCl 12.5mg/5ml,"Batuk alergi anak, rinitis alergi",Dosis sesuai anjuran dokter. Generic,Diphenhydramine HCl 12.5mg/5ml,"Batuk alergi anak, rinitis alergi",Sangat mengantuk,2027-11-20,Tablet,https://placehold.co/400x300/f8fafc/3b82f6?text=Diphenhydramine+Sirup,True,[]
7020,Chlorpheniramine Sirup,Alergi & Gatal,28664.0,184,CTM 2mg/5ml,Alergi anak generasi pertama murah,Dosis sesuai anjuran dokter. Generic,CTM 2mg/5ml,Alergi anak generasi pertama murah,Sangat mengantuk,2028-03-15,Tablet,https://placehold.co/400x300/f8fafc/8b5cf6?text=Chlorpheniramine+Sirup,True,[]
7021,Promethazine Tablet 25mg,Alergi & Gatal,35750.0,138,Promethazine HCl 25mg,"Alergi berat, mabuk, mual, insomnia",Dosis sesuai anjuran dokter. Generic,Promethazine HCl 25mg,"Alergi berat, mabuk, mual, insomnia","Sangat mengantuk, mulut kering",2027-06-30,Tablet,https://placehold.co/400x300/f8fafc/8b5cf6?text=Promethazine+Tablet+25mg,True,[]
7022,Dexamethasone Tablet 0.5mg,Alergi & Gatal,44144.0,120,Dexamethasone 0.5mg,"Radang berat, alergi berat (Perlu resep)",Dosis sesuai anjuran dokter. Generic,Dexamethasone 0.5mg,"Radang berat, alergi berat (Perlu resep)","Cushing, imuno-supresi",2027-06-30,Tablet,https://placehold.co/400x300/f8fafc/8b5cf6?text=Dexamethasone+Tablet+0.5mg,True,[]
7023,Methylprednisolone Tablet 4mg,Alergi & Gatal,11431.0,194,Methylprednisolone 4mg,"Radang, alergi berat (Perlu resep)",Dosis sesuai anjuran dokter. Generic,Methylprednisolone 4mg,"Radang, alergi berat (Perlu resep)","Berat badan naik, ulkus",2028-03-15,Tablet,https://placehold.co/400x300/f8fafc/8b5cf6?text=Methylprednisolone+Tablet+4mg,True,[]
7024,Prednisone Tablet 5mg,Alergi & Gatal,14097.0,123,Prednisone 5mg,"Asma, rematik, alergi berat (Perlu resep)",Dosis sesuai anjuran dokter. Generic,Prednisone 5mg,"Asma, rematik, alergi berat (Perlu resep)","Cushing, katarak",2026-12-31,Tablet,https://placehold.co/400x300/f8fafc/8b5cf6?text=Prednisone+Tablet+5mg,True,[]
7025,Intunal Tablet,Flu & Pilek,10733.0,61,"Paracetamol 500mg, Phenylpropanolamine HCl 15mg","Flu, sakit kepala, demam, hidung tersumbat",Dosis sesuai anjuran dokter. Meprofarm,"Paracetamol 500mg, Phenylpropanolamine HCl 15mg","Flu, sakit kepala, demam, hidung tersumbat","Mengantuk ringan, mulut kering",2028-03-15,Tablet,https://placehold.co/400x300/f8fafc/06b6d4?text=Intunal+Tablet,True,[]
7026,Vfresh Sirup,Obat Batuk,25586.0,93,"Guaifenesin 50mg/5ml, Salbutamol 1mg/5ml",Batuk berdahak dengan mengi,Dosis sesuai anjuran dokter. Pharos,"Guaifenesin 50mg/5ml, Salbutamol 1mg/5ml",Batuk berdahak dengan mengi,"Berdebar ringan, tremor",2028-03-15,Tablet,https://placehold.co/400x300/f8fafc/3b82f6?text=Vfresh+Sirup,True,[]
7027,Vegeta Kapsul,Suplemen,49546.0,189,"Vitamin A, B1, B2, B6, B12, C, D, E, Nicotinamide, Ca, Fe, Zn, Mg",Suplemen multivitamin mineral lengkap,Dosis sesuai anjuran dokter. Sanbe Farma,"Vitamin A, B1, B2, B6, B12, C, D, E, Nicotinamide, Ca, Fe, Zn, Mg",Suplemen multivitamin mineral lengkap,Jarang,2028-03-15,Kapsul,https://placehold.co/400x300/f8fafc/eab308?text=Vegeta+Kapsul,True,[]
7028,Vegeta Junior Tablet Hisap,Suplemen,66569.0,163,Multivitamin Mineral anak rasa buah,Suplemen pertumbuhan anak,Dosis sesuai anjuran dokter. Sanbe Farma,Multivitamin Mineral anak rasa buah,Suplemen pertumbuhan anak,Jarang,2027-06-30,Tablet,https://placehold.co/400x300/f8fafc/eab308?text=Vegeta+Junior+Tablet+Hisap,True,[]
7029,Vegeta Ibu Hamil,Suplemen,57913.0,105,Multivitamin Mineral Ibu Hamil,Suplemen kehamilan lengkap,Dosis sesuai anjuran dokter. Sanbe Farma,Multivitamin Mineral Ibu Hamil,Suplemen kehamilan lengkap,Mual ringan,2027-11-20,Tablet,https://placehold.co/400x300/f8fafc/eab308?text=Vegeta+Ibu+Hamil,True,[]
7030,Enervon C Tablet,Suplemen,95349.0,79,"Vitamin C 500mg, B Kompleks, Zinc",Energi dan imun vitamin C plus B kompleks,Dosis sesuai anjuran dokter. Combiphar,"Vitamin C 500mg, B Kompleks, Zinc",Energi dan imun vitamin C plus B kompleks,Urin kuning,2028-03-15,Tablet,https://placehold.co/400x300/f8fafc/eab308?text=Enervon+C+Tablet,True,[]
7031,Enervon Active Effervescent,Suplemen,96368.0,194,"Vitamin C 1000mg, B Kompleks, Zinc effervescent",Imun dan energi sachet effervescent,Dosis sesuai anjuran dokter. Combiphar,"Vitamin C 1000mg, B Kompleks, Zinc effervescent",Imun dan energi sachet effervescent,Kembung ringan,2027-11-20,Tablet,https://placehold.co/400x300/f8fafc/eab308?text=Enervon+Active+Effervescent,True,[]
7032,Hemaviton Action Kapsul,Suplemen,59155.0,79,"Vitamin B Kompleks, E, Ginseng, Guarana","Stamina pria, energi, vitalitas",Dosis sesuai anjuran dokter. Kalbe,"Vitamin B Kompleks, E, Ginseng, Guarana","Stamina pria, energi, vitalitas",Insomnia (malam),2028-03-15,Kapsul,https://placehold.co/400x300/f8fafc/eab308?text=Hemaviton+Action+Kapsul,True,[]
7033,Hemaviton Energy Drink,Suplemen,30643.0,174,"B Kompleks, C, Kafein, Taurin",Stamina cair instan,Dosis sesuai anjuran dokter. Kalbe,"B Kompleks, C, Kafein, Taurin",Stamina cair instan,"Berdebar, insomnia",2027-06-30,Tablet,https://placehold.co/400x300/f8fafc/eab308?text=Hemaviton+Energy+Drink,True,[]
7034,Fatigon Tablet,Suplemen,29135.0,74,"Vitamin B1, B2, B6, B12, Ca Pantothenate",Suplemen energi harian,Dosis sesuai anjuran dokter. Kalbe,"Vitamin B1, B2, B6, B12, Ca Pantothenate",Suplemen energi harian,Urin kuning,2027-11-20,Tablet,https://placehold.co/400x300/f8fafc/eab308?text=Fatigon+Tablet,True,[]
7035,Cavit D3 Kapsul,Suplemen,116814.0,285,Vitamin D3 400 IU,Tulang dan imun anak sampai dewasa,Dosis sesuai anjuran dokter. Pharos,Vitamin D3 400 IU,Tulang dan imun anak sampai dewasa,Toksisitas (kelebihan dosis),2027-06-30,Kapsul,https://placehold.co/400x300/f8fafc/eab308?text=Cavit+D3+Kapsul,True,[]
7036,Cavit D3 Sirup,Suplemen,110045.0,90,Vitamin D3 400 IU/ml tetes,Vitamin D bayi dan anak tetes,Dosis sesuai anjuran dokter. Pharos,Vitamin D3 400 IU/ml tetes,Vitamin D bayi dan anak tetes,Toksisitas dosis berlebih,2027-06-30,Tablet,https://placehold.co/400x300/f8fafc/eab308?text=Cavit+D3+Sirup,True,[]
7037,Natalac 500mg Tablet,Suplemen,27542.0,278,Calcium Laktat 500mg,"Kalsium tulang, kehamilan, laktasi",Dosis sesuai anjuran dokter. Kimia Farma,Calcium Laktat 500mg,"Kalsium tulang, kehamilan, laktasi",Sembelit ringan,2026-12-31,Tablet,https://placehold.co/400x300/f8fafc/eab308?text=Natalac+500mg+Tablet,True,[]
7038,Calcigran Sirup,Suplemen,119656.0,54,"Calcium, Vitamin D, Vitamin C, B6",Pertumbuhan tinggi anak,Dosis sesuai anjuran dokter. Soho,"Calcium, Vitamin D, Vitamin C, B6",Pertumbuhan tinggi anak,Jarang,2027-06-30,Tablet,https://placehold.co/400x300/f8fafc/eab308?text=Calcigran+Sirup,True,[]
7039,Becom C Tablet,Suplemen,93087.0,225,"Vitamin B Kompleks, C, E, Zinc",Suplemen harian keluarga,Dosis sesuai anjuran dokter. Novell,"Vitamin B Kompleks, C, E, Zinc",Suplemen harian keluarga,Urin kuning,2027-06-30,Tablet,https://placehold.co/400x300/f8fafc/eab308?text=Becom+C+Tablet,True,[]
7040,Becom Z Kapsul,Suplemen,94948.0,176,"Vitamin B Kompleks, C, Zinc",Imun dan metabolisme Zinc plus vitamin,Dosis sesuai anjuran dokter. Novell,"Vitamin B Kompleks, C, Zinc",Imun dan metabolisme Zinc plus vitamin,Mual perut kosong,2028-03-15,Kapsul,https://placehold.co/400x300/f8fafc/eab308?text=Becom+Z+Kapsul,True,[]
7041,Yusimox Kapsul,Obat Kulit & Luka,51256.0,209,Amoxicillin 500mg,Infeksi bakteri resep dokter,Dosis sesuai anjuran dokter. Yusuf Medika,Amoxicillin 500mg,Infeksi bakteri resep dokter,"Alergi, diare",2028-03-15,Kapsul,https://placehold.co/400x300/f8fafc/ec4899?text=Yusimox+Kapsul,True,[]
7042,Rhinos Neo Sirup,Flu & Pilek,33867.0,245,"Pseudoephedrine, Chlorpheniramine, Paracetamol","Flu anak, pilek, demam",Dosis sesuai anjuran dokter. Mersi,"Pseudoephedrine, Chlorpheniramine, Paracetamol","Flu anak, pilek, demam",Mengantuk,2027-06-30,Tablet,https://placehold.co/400x300/f8fafc/06b6d4?text=Rhinos+Neo+Sirup,True,[]
7043,Bodrexin Tablet,Nyeri & Demam,29980.0,297,"Paracetamol 500mg, Caffeine 50mg",Sakit kepala migrain ringan plus kafein,Dosis sesuai anjuran dokter. Takeda,"Paracetamol 500mg, Caffeine 50mg",Sakit kepala migrain ringan plus kafein,"Berdebar, gelisah",2027-06-30,Tablet,https://placehold.co/400x300/f8fafc/ef4444?text=Bodrexin+Tablet,True,[]
7044,Paramex Tablet,Nyeri & Demam,28713.0,59,"Paracetamol 500mg, Caffeine 50mg, B1 25mg","Sakit kepala, migrain, demam nyeri",Dosis sesuai anjuran dokter. Meprofarm,"Paracetamol 500mg, Caffeine 50mg, B1 25mg","Sakit kepala, migrain, demam nyeri","Mual, gelisah",2028-03-15,Tablet,https://placehold.co/400x300/f8fafc/ef4444?text=Paramex+Tablet,True,[]
7045,Paramex Sirup,Nyeri & Demam,14607.0,92,Paracetamol 120mg/5ml + Caffeine,Demam dan nyeri anak,Dosis sesuai anjuran dokter. Meprofarm,Paracetamol 120mg/5ml + Caffeine,Demam dan nyeri anak,Jarang,2026-12-31,Tablet,https://placehold.co/400x300/f8fafc/ef4444?text=Paramex+Sirup,True,[]
7046,Sanmol Forte Tablet,Nyeri & Demam,20597.0,119,Paracetamol 650mg,Nyeri dan demam dewasa dosis tinggi,Dosis sesuai anjuran dokter. Sanbe Farma,Paracetamol 650mg,Nyeri dan demam dewasa dosis tinggi,Hati (overdosis),2027-06-30,Tablet,https://placehold.co/400x300/f8fafc/ef4444?text=Sanmol+Forte+Tablet,True,[]
7047,Tempra Drop,Nyeri & Demam,30487.0,263,Paracetamol 80mg/0.8ml drop,Demam bayi 2-12 bulan,Dosis sesuai anjuran dokter. Mead Johnson,Paracetamol 80mg/0.8ml drop,Demam bayi 2-12 bulan,Jarang,2026-12-31,Tablet,https://placehold.co/400x300/f8fafc/ef4444?text=Tempra+Drop,True,[]
7048,Proris Sirup,Nyeri & Demam,15595.0,293,Ibuprofen 100mg/5ml,Demam dan nyeri anak anti radang,Dosis sesuai anjuran dokter. Pharos,Ibuprofen 100mg/5ml,Demam dan nyeri anak anti radang,Lambung (jika kosong),2028-03-15,Tablet,https://placehold.co/400x300/f8fafc/ef4444?text=Proris+Sirup,True,[]
7049,Dumin Sirup,Nyeri & Demam,11706.0,150,Dexibuprofen 100mg/5ml,Demam anak anti radang kerja cepat,Dosis sesuai anjuran dokter. Dexa Medica,Dexibuprofen 100mg/5ml,Demam anak anti radang kerja cepat,Mual,2027-11-20,Tablet,https://placehold.co/400x300/f8fafc/ef4444?text=Dumin+Sirup,True,[]
7050,Colsancetin Tablet,Flu & Pilek,27625.0,289,"Paracetamol 500mg, Chlorpheniramine 2mg",Flu ringan dan bersin,Dosis sesuai anjuran dokter. Pharos,"Paracetamol 500mg, Chlorpheniramine 2mg",Flu ringan dan bersin,Mengantuk,2027-06-30,Tablet,https://placehold.co/400x300/f8fafc/06b6d4?text=Colsancetin+Tablet,True,[]
7051,Biogesic Tablet,Nyeri & Demam,12664.0,173,Paracetamol 500mg,Demam dan nyeri murah,Dosis sesuai anjuran dokter. Darya-Varia,Paracetamol 500mg,Demam dan nyeri murah,Jarang,2026-12-31,Tablet,https://placehold.co/400x300/f8fafc/ef4444?text=Biogesic+Tablet,True,[]
7052,Parasetamol Tablet 500mg,Nyeri & Demam,18035.0,164,Paracetamol 500mg,Demam dan nyeri dewasa,Dosis sesuai anjuran dokter. Generic,Paracetamol 500mg,Demam dan nyeri dewasa,Jarang,2027-06-30,Tablet,https://placehold.co/400x300/f8fafc/ef4444?text=Parasetamol+Tablet+500mg,True,[]
7053,Therasystan Kapsul,Mulut & Tenggorokan,40801.0,211,Nystatin 500.000 IU,Jamur mulut dan saluran cerna (sariawan parah),Dosis sesuai anjuran dokter. Soho,Nystatin 500.000 IU,Jamur mulut dan saluran cerna (sariawan parah),Gangguan GI,2027-06-30,Kapsul,https://placehold.co/400x300/f8fafc/d946ef?text=Therasystan+Kapsul,True,[]
7054,Losio Krim Tabir Surya,Obat Kulit & Luka,28031.0,70,"Titanium Dioxide 5%, Octyl Methoxycinnamate 7.5%",Pelindung kulit dari sinar UV,Dosis sesuai anjuran dokter. Kimia Farma,"Titanium Dioxide 5%, Octyl Methoxycinnamate 7.5%",Pelindung kulit dari sinar UV,Iritasi (jarang),2026-12-31,Tablet,https://placehold.co/400x300/f8fafc/ec4899?text=Losio+Krim+Tabir+Surya,True,[]
7055,Listerine Cool Mint 100ml,Mulut & Tenggorokan,39332.0,259,"Eucalyptol 0.092%, Menthol 0.043%, Thymol 0.064%","Antiseptik mulut, cegah plak, nafas segar",Dosis sesuai anjuran dokter. J&J,"Eucalyptol 0.092%, Menthol 0.043%, Thymol 0.064%","Antiseptik mulut, cegah plak, nafas segar",Rasa perih sementara,2028-03-15,Tablet,https://placehold.co/400x300/f8fafc/d946ef?text=Listerine+Cool+Mint+100ml,True,[]
7056,Listerine Total Care 250ml,Mulut & Tenggorokan,11212.0,62,"Essential Oils (Menthol, Thymol, Eucalyptol, Methyl Salicylate)","Kesehatan mulut total, mengurangi plak",Dosis sesuai anjuran dokter. J&J,"Essential Oils (Menthol, Thymol, Eucalyptol, Methyl Salicylate)","Kesehatan mulut total, mengurangi plak",Rasa panas,2027-06-30,Tablet,https://placehold.co/400x300/f8fafc/d946ef?text=Listerine+Total+Care+250ml,True,[]
7057,Betadine Mouthwash 100ml,Mulut & Tenggorokan,32624.0,98,Povidone Iodine 1%,Antiseptik mulut sariawan dan infeksi gusi,Dosis sesuai anjuran dokter. Mundipharma,Povidone Iodine 1%,Antiseptik mulut sariawan dan infeksi gusi,"Rasa tidak enak, gigi coklat",2026-12-31,Tablet,https://placehold.co/400x300/f8fafc/d946ef?text=Betadine+Mouthwash+100ml,True,[]
7058,Gargle Betadine 50ml,Mulut & Tenggorokan,39141.0,164,Povidone Iodine 1% gargle concentrate,Radang tenggorokan berkumur,Dosis sesuai anjuran dokter. Mundipharma,Povidone Iodine 1% gargle concentrate,Radang tenggorokan berkumur,Rasa metalik,2027-11-20,Tablet,https://placehold.co/400x300/f8fafc/d946ef?text=Gargle+Betadine+50ml,True,[]
7059,Salonpas Koyo,Obat Oles Nyeri,50347.0,260,"Methyl Salicylate, Menthol, Camphor","Nyeri otot, pegal linu koyo plester",Dosis sesuai anjuran dokter. Hisamitsu,"Methyl Salicylate, Menthol, Camphor","Nyeri otot, pegal linu koyo plester",Iritasi kulit,2028-03-15,Tablet,https://placehold.co/400x300/f8fafc/f97316?text=Salonpas+Koyo,True,[]
7060,Salonpas Hot Koyo,Obat Oles Nyeri,30252.0,106,"Capsaicin 0.025%, Methyl Salicylate, Menthol",Nyeri otot hangat koyo panas,Dosis sesuai anjuran dokter. Hisamitsu,"Capsaicin 0.025%, Methyl Salicylate, Menthol",Nyeri otot hangat koyo panas,Rasa panas berlebih,2027-06-30,Tablet,https://placehold.co/400x300/f8fafc/f97316?text=Salonpas+Hot+Koyo,True,[]
7061,Koyo Sport,Obat Oles Nyeri,50227.0,281,"Methyl Salicylate, Menthol, Camphor plester",Pegal setelah olahraga koyo sport,Dosis sesuai anjuran dokter. Kimia Farma,"Methyl Salicylate, Menthol, Camphor plester",Pegal setelah olahraga koyo sport,Iritasi,2026-12-31,Tablet,https://placehold.co/400x300/f8fafc/f97316?text=Koyo+Sport,True,[]
7062,Counterpain Cream,Obat Oles Nyeri,49952.0,234,"Methyl Salicylate 10%, Menthol 3%","Nyeri otot, pegal linu cream",Dosis sesuai anjuran dokter. Meprofarm,"Methyl Salicylate 10%, Menthol 3%","Nyeri otot, pegal linu cream",Rasa panas,2026-12-31,Tablet,https://placehold.co/400x300/f8fafc/f97316?text=Counterpain+Cream,True,[]
7063,Cream Cap Lang Merah,Obat Oles Nyeri,51978.0,205,"Methyl Salicylate, Menthol, Camphor, Capsicum",Pegal linu dan nyeri otot krim merah,Dosis sesuai anjuran dokter. Eagle Indo Pharma,"Methyl Salicylate, Menthol, Camphor, Capsicum",Pegal linu dan nyeri otot krim merah,"Kulit memerah, panas",2026-12-31,Tablet,https://placehold.co/400x300/f8fafc/f97316?text=Cream+Cap+Lang+Merah,True,[]
7064,Tiger Balm White,Obat Oles Nyeri,40685.0,290,"Camphor 11%, Menthol 10%","Pegal linu, sakit kepala dioles putih",Dosis sesuai anjuran dokter. Haw Par,"Camphor 11%, Menthol 10%","Pegal linu, sakit kepala dioles putih",Iritasi kulit,2027-11-20,Tablet,https://placehold.co/400x300/f8fafc/f97316?text=Tiger+Balm+White,True,[]
7065,Tiger Balm Red,Obat Oles Nyeri,25496.0,171,"Camphor 11%, Menthol 10%, Cajuput Oil",Pegal linu dan nyeri lebih hangat,Dosis sesuai anjuran dokter. Haw Par,"Camphor 11%, Menthol 10%, Cajuput Oil",Pegal linu dan nyeri lebih hangat,Panas berlebih kulit,2027-11-20,Tablet,https://placehold.co/400x300/f8fafc/f97316?text=Tiger+Balm+Red,True,[]
7066,Deep Heat Rub,Obat Oles Nyeri,33727.0,160,"Methyl Salicylate 20%, Menthol 5%, Eucalyptus Oil 2.5%",Pregame sport rub dan nyeri otot kronis,Dosis sesuai anjuran dokter. Sanofi,"Methyl Salicylate 20%, Menthol 5%, Eucalyptus Oil 2.5%",Pregame sport rub dan nyeri otot kronis,"Sangat panas, iritasi kuat",2028-03-15,Tablet,https://placehold.co/400x300/f8fafc/f97316?text=Deep+Heat+Rub,True,[]
7067,Voltaren Emulgel 25g,Obat Oles Nyeri,16914.0,198,Diclofenac Diethylammonium 1.16%,"Nyeri sendi, otot, dan radang lokal",Dosis sesuai anjuran dokter. GSK,Diclofenac Diethylammonium 1.16%,"Nyeri sendi, otot, dan radang lokal","Gatal, ruam",2027-11-20,Tablet,https://placehold.co/400x300/f8fafc/f97316?text=Voltaren+Emulgel+25g,True,[]
7068,Voltaren Emulgel 50g,Obat Oles Nyeri,18201.0,219,Diclofenac Diethylammonium 1.16% ukuran besar,Nyeri sendi dan otot lebih hemat,Dosis sesuai anjuran dokter. GSK,Diclofenac Diethylammonium 1.16% ukuran besar,Nyeri sendi dan otot lebih hemat,Iritasi ringan,2027-06-30,Tablet,https://placehold.co/400x300/f8fafc/f97316?text=Voltaren+Emulgel+50g,True,[]
7069,Myonal Tablet,Nyeri & Demam,26667.0,280,Eperisone HCl 50mg,"Kekakuan otot, nyeri punggung, spasme otot",Dosis sesuai anjuran dokter. Eisai,Eperisone HCl 50mg,"Kekakuan otot, nyeri punggung, spasme otot","Mual, pusing, kelemahan otot",2028-03-15,Tablet,https://placehold.co/400x300/f8fafc/ef4444?text=Myonal+Tablet,True,[]
7070,Termorex Sirup,Flu & Pilek,47937.0,89,"Paracetamol 250mg/5ml, Guaifenesin 50mg/5ml",Demam batuk pilek anak,Dosis sesuai anjuran dokter. Konimex,"Paracetamol 250mg/5ml, Guaifenesin 50mg/5ml",Demam batuk pilek anak,Mengantuk,2027-11-20,Tablet,https://placehold.co/400x300/f8fafc/06b6d4?text=Termorex+Sirup,True,[]
7071,Togafurin Sirup,Nyeri & Demam,21288.0,69,"Paracetamol 120mg/5ml, Thymus Extract 20mg",Demam dan imunitas anak,Dosis sesuai anjuran dokter. Toga,"Paracetamol 120mg/5ml, Thymus Extract 20mg",Demam dan imunitas anak,Jarang,2028-03-15,Tablet,https://placehold.co/400x300/f8fafc/ef4444?text=Togafurin+Sirup,True,[]
7072,Sanaflu Sirup,Flu & Pilek,49729.0,214,"Paracetamol 120mg/5ml, Pseudoephedrine, Chlorpheniramine",Flu anak dan demam,Dosis sesuai anjuran dokter. Darya-Varia,"Paracetamol 120mg/5ml, Pseudoephedrine, Chlorpheniramine",Flu anak dan demam,Mengantuk,2027-11-20,Tablet,https://placehold.co/400x300/f8fafc/06b6d4?text=Sanaflu+Sirup,True,[]
7073,OBH Combi Batuk,Obat Batuk,31631.0,243,"Glyceryl Guaiacolate, Ammonium Chloride, Succus Liquiritiae",Batuk berdahak dewasa,Dosis sesuai anjuran dokter. Combiphar,"Glyceryl Guaiacolate, Ammonium Chloride, Succus Liquiritiae",Batuk berdahak dewasa,Mual,2027-06-30,Tablet,https://placehold.co/400x300/f8fafc/3b82f6?text=OBH+Combi+Batuk,True,[]
7074,OBH Combi Batuk Anak,Obat Batuk,13206.0,272,"Glyceryl Guaiacolate, Ammonium Chloride anak",Batuk berdahak anak,Dosis sesuai anjuran dokter. Combiphar,"Glyceryl Guaiacolate, Ammonium Chloride anak",Batuk berdahak anak,Mual anak,2028-03-15,Tablet,https://placehold.co/400x300/f8fafc/3b82f6?text=OBH+Combi+Batuk+Anak,True,[]
7075,A Vogel Devils Claw Harpagophytum,Lainnya,26518.0,129,-,", dan Efek Samping"",""meta_description"":""Informasi lengkap obat Vitamin B Kompleks IPI; Harga, Manfaat, Dosis \u0026 Cara pakai, Kandungan, Efek Samping, dan lainnya di sini."",""meta_robots_index"":""index"",""meta_robots_follow"":""follow"",""type"":""obat"",""media_images"":[{""original"":""https://asset-cdn.medkom",Sesuai resep dokter,-,", dan Efek Samping"",""meta_description"":""Informasi lengkap obat Vitamin B Kompleks IPI; Harga, Manfaat, Dosis \u0026 Cara pakai, Kandungan, Efek Samping, dan lainnya di sini."",""meta_robots_index"":""index"",""meta_robots_follow"":""follow"",""type"":""obat"",""media_images"":[{""original"":""https://asset-cdn.medkom",Konsultasikan dengan dokter,2026-12-31,Tablet,,True,[]
7076,A-B Vask,Lainnya,85963.0,149,-,"dan Efek Samping"" data-next-head=""""/>",Sesuai resep dokter,-,"dan Efek Samping"" data-next-head=""""/>",Konsultasikan dengan dokter,2028-03-15,Tablet,,True,[]
7077,Abajos,Lainnya,53002.0,292,-,", Dosis &amp; Cara pakai, Kandungan, Efek Samping, dan lainnya di sini."" data-next-head=""""/>",Sesuai resep dokter,-,", Dosis &amp; Cara pakai, Kandungan, Efek Samping, dan lainnya di sini."" data-next-head=""""/>",Konsultasikan dengan dokter,2027-06-30,Tablet,,True,[]
7078,Abate,Lainnya,76706.0,270,-,", Dosis &amp; Cara pakai, Kandungan, Efek Samping, dan lainnya di sini"" data-next-head=""""/>",Sesuai resep dokter,-,", Dosis &amp; Cara pakai, Kandungan, Efek Samping, dan lainnya di sini"" data-next-head=""""/>",Konsultasikan dengan dokter,2028-03-15,Tablet,https://s3-publishing-cmn-svc-prd.s3.ap-southeast-1.amazonaws.com/article/d2jcsq82NlrdCmja0s9c9/original/025100100_1602140069-shutterstock_1354413635.jpg,True,[]
7079,Abbotic,Lainnya,40306.0,114,-,", Dosis &amp; Cara pakai, Kandungan, Efek Samping, dan lainnya di sini."" data-next-head=""""/>",Sesuai resep dokter,-,", Dosis &amp; Cara pakai, Kandungan, Efek Samping, dan lainnya di sini."" data-next-head=""""/>",Konsultasikan dengan dokter,2026-12-31,Tablet,,True,[]
7080,ABC Menthol Cone,Lainnya,30827.0,264,-,", Dosis &amp; Cara pakai, Kandungan, Efek Samping, dan lainnya di sini."" data-next-head=""""/>",Sesuai resep dokter,-,", Dosis &amp; Cara pakai, Kandungan, Efek Samping, dan lainnya di sini."" data-next-head=""""/>",Konsultasikan dengan dokter,2027-06-30,Tablet,,True,[]
7081,Abdelyn,Lainnya,42702.0,164,-,", Dosis &amp; Cara pakai, Kandungan, Efek Samping, dan lainnya di sini."" data-next-head=""""/>",Sesuai resep dokter,-,", Dosis &amp; Cara pakai, Kandungan, Efek Samping, dan lainnya di sini."" data-next-head=""""/>",Konsultasikan dengan dokter,2026-12-31,Tablet,,True,[]
7082,Abetens,Lainnya,53417.0,70,-,"dan Cara Pemakaian"",""meta_description"":""Informasi lengkap obat Propolis SM; Harga, Manfaat, Dosis \u0026 Cara Pakai, Kandungan, Efek Samping, dan lainnya di sini."",""meta_robots_index"":""index"",""meta_robots_follow"":""follow"",""thumbnail_url"":""https://s3-publishing-cmn-svc-prd.s3.ap-southeast-1.amazonaws",Sesuai resep dokter,-,"dan Cara Pemakaian"",""meta_description"":""Informasi lengkap obat Propolis SM; Harga, Manfaat, Dosis \u0026 Cara Pakai, Kandungan, Efek Samping, dan lainnya di sini."",""meta_robots_index"":""index"",""meta_robots_follow"":""follow"",""thumbnail_url"":""https://s3-publishing-cmn-svc-prd.s3.ap-southeast-1.amazonaws",Konsultasikan dengan dokter,2027-06-30,Tablet,,True,[]
7083,Abilify,Lainnya,65049.0,211,-,", Dosis &amp; Cara minum, Kandungan, Efek Samping, dan lainnya di sini."" data-next-head=""""/>",Sesuai resep dokter,-,", Dosis &amp; Cara minum, Kandungan, Efek Samping, dan lainnya di sini."" data-next-head=""""/>",Konsultasikan dengan dokter,2028-03-15,Tablet,https://s3-publishing-cmn-svc-prd.s3.ap-southeast-1.amazonaws.com/article/vylgTaBqAGi2qLk1RJb17/original/075795400_1641867355-bipolar.jpg,True,[]
7084,Abirom,Lainnya,70474.0,150,-,", Dosis &amp; Cara pakai, Kandungan, Efek Samping, dan lainnya di sini."" data-next-head=""""/>",Sesuai resep dokter,-,", Dosis &amp; Cara pakai, Kandungan, Efek Samping, dan lainnya di sini."" data-next-head=""""/>",Konsultasikan dengan dokter,2028-03-15,Tablet,https://s3-publishing-cmn-svc-prd.s3.ap-southeast-1.amazonaws.com/article/aSNcTnD2fT3ExehvRcYll/original/025650300_1593763517-Sering-Sesak-Napas-Hati-hati_-Gejala-Hipertensi-Paru-shutterstock_1716789742.jpg,True,[]
7085,Abixa,Lainnya,43413.0,102,-,"dan Efek Samping"" data-next-head=""""/>",Sesuai resep dokter,-,"dan Efek Samping"" data-next-head=""""/>",Konsultasikan dengan dokter,2027-06-30,Tablet,,True,[]
7086,Abixim,Lainnya,75230.0,53,-,"dan Efek Samping"" data-next-head=""""/>",Sesuai resep dokter,-,"dan Efek Samping"" data-next-head=""""/>",Konsultasikan dengan dokter,2026-12-31,Tablet,,True,[]
7087,Abu Ali,Lainnya,98224.0,206,-,"dan Cara Pemakaian"",""meta_description"":""Informasi lengkap obat Propolis SM; Harga, Manfaat, Dosis \u0026 Cara Pakai, Kandungan, Efek Samping, dan lainnya di sini."",""meta_robots_index"":""index"",""meta_robots_follow"":""follow"",""thumbnail_url"":""https://s3-publishing-cmn-svc-prd.s3.ap-southeast-1.amazonaws",Sesuai resep dokter,-,"dan Cara Pemakaian"",""meta_description"":""Informasi lengkap obat Propolis SM; Harga, Manfaat, Dosis \u0026 Cara Pakai, Kandungan, Efek Samping, dan lainnya di sini."",""meta_robots_index"":""index"",""meta_robots_follow"":""follow"",""thumbnail_url"":""https://s3-publishing-cmn-svc-prd.s3.ap-southeast-1.amazonaws",Konsultasikan dengan dokter,2028-03-15,Tablet,,True,[]
7088,Abufen C,Lainnya,25643.0,200,-,", Dosis, Cara Pakai dan Efek Samping"",""meta_description"":""Tramadol adalah obat untuk mengatasi nyeri yang bersifat sedang hingga berat. Cari tau Dosis \u0026 Cara pakai, Efek Samping, dan lainnya di sini."",""meta_robots_index"":""index"",""meta_robots_follow"":""follow"",""thumbnail_url"":""https://s3-publish",Sesuai resep dokter,-,", Dosis, Cara Pakai dan Efek Samping"",""meta_description"":""Tramadol adalah obat untuk mengatasi nyeri yang bersifat sedang hingga berat. Cari tau Dosis \u0026 Cara pakai, Efek Samping, dan lainnya di sini."",""meta_robots_index"":""index"",""meta_robots_follow"":""follow"",""thumbnail_url"":""https://s3-publish",Konsultasikan dengan dokter,2028-03-15,Tablet,https://s3-publishing-cmn-svc-prd.s3.ap-southeast-1.amazonaws.com/article/zqTjt2D57X7LfjGOQV0oU/original/052048900_1483448302-topic_article_Kenali-Gaya-Hidup-Penyebab-Radang-Sendi.jpg,True,[]
7089,Acai Plus,Lainnya,87193.0,133,-,", Dosis &amp; Cara minum, Kandungan, Efek Samping, dan lainnya di sini."" data-next-head=""""/>",Sesuai resep dokter,-,", Dosis &amp; Cara minum, Kandungan, Efek Samping, dan lainnya di sini."" data-next-head=""""/>",Konsultasikan dengan dokter,2027-11-20,Tablet,,True,[]
7090,Acamprosate,Lainnya,94660.0,175,-,", Dosis, dan Efek Samping"" data-next-head=""""/>",Sesuai resep dokter,-,", Dosis, dan Efek Samping"" data-next-head=""""/>",Konsultasikan dengan dokter,2027-11-20,Tablet,https://s3-publishing-cmn-svc-prd.s3.ap-southeast-1.amazonaws.com/article/klMeONiQjwB_FvSTL8f1n/original/027406700_1639656294-Sederet_Dampak_Buruk_Ketoasidosis_Alkoholik_bagi_Kesehatan.jpg,True,[]
7091,Acarbose,Lainnya,51726.0,249,-,", Dosis &amp; Cara pakai, Kandungan, Efek Samping, dan lainnya di sini."" data-next-head=""""/>",Sesuai resep dokter,-,", Dosis &amp; Cara pakai, Kandungan, Efek Samping, dan lainnya di sini."" data-next-head=""""/>",Konsultasikan dengan dokter,2027-06-30,Tablet,https://s3-publishing-cmn-svc-prd.s3.ap-southeast-1.amazonaws.com/drugs/tknv9ewbVJuGaDRorlaSm/original/OBT0005000.jpg,True,[]
7092,Acdat,Lainnya,29730.0,130,-,", Dosis, dan Efek Samping"" data-next-head=""""/>",Sesuai resep dokter,-,", Dosis, dan Efek Samping"" data-next-head=""""/>",Konsultasikan dengan dokter,2028-03-15,Tablet,https://s3-publishing-cmn-svc-prd.s3.ap-southeast-1.amazonaws.com/article/mkYenL1WLyKJi_luS_kGl/original/1676883409-Untitled%20design%2895%29.jpg,True,[]
7093,Ace Max's,Lainnya,28229.0,123,-,"dan Efek Samping"" data-next-head=""""/>",Sesuai resep dokter,-,"dan Efek Samping"" data-next-head=""""/>",Konsultasikan dengan dokter,2028-03-15,Tablet,,True,[]
7094,Acebutolol,Lainnya,89997.0,129,-,", Dosis &amp; Cara pakai, Kandungan, Efek Samping, dan lainnya di sini."" data-next-head=""""/>",Sesuai resep dokter,-,", Dosis &amp; Cara pakai, Kandungan, Efek Samping, dan lainnya di sini."" data-next-head=""""/>",Konsultasikan dengan dokter,2026-12-31,Tablet,https://s3-publishing-cmn-svc-prd.s3.ap-southeast-1.amazonaws.com/article/8J19M1FSGqZgs7w_Z5i1W/original/003313400_1593768897-Pengertian-Hipertensi-shutterstock_366528356.jpg,True,[]
7095,Acelaxon,Lainnya,38533.0,132,-,"dan Efek Samping"" data-next-head=""""/>",Sesuai resep dokter,-,"dan Efek Samping"" data-next-head=""""/>",Konsultasikan dengan dokter,2027-11-20,Tablet,,True,[]
7096,Acepress,Lainnya,24523.0,122,-,", Dosis &amp; Cara minum, Kandungan, Efek Samping, dan lainnya di sini."" data-next-head=""""/>",Sesuai resep dokter,-,", Dosis &amp; Cara minum, Kandungan, Efek Samping, dan lainnya di sini."" data-next-head=""""/>",Konsultasikan dengan dokter,2028-03-15,Tablet,,True,[]
7097,Acetensa,Lainnya,49214.0,155,-,"dan Efek Samping"" data-next-head=""""/>",Sesuai resep dokter,-,"dan Efek Samping"" data-next-head=""""/>",Konsultasikan dengan dokter,2027-11-20,Tablet,,True,[]
7098,Acetin,Lainnya,70911.0,139,-,", Dosis &amp; Cara minum, Kandungan, Efek Samping, dan lainnya di sini."" data-next-head=""""/>",Sesuai resep dokter,-,", Dosis &amp; Cara minum, Kandungan, Efek Samping, dan lainnya di sini."" data-next-head=""""/>",Konsultasikan dengan dokter,2028-03-15,Tablet,,True,[]
7099,Acetram,Lainnya,28001.0,231,-,", Dosis, dan Efek Samping"" data-next-head=""""/>",Sesuai resep dokter,-,", Dosis, dan Efek Samping"" data-next-head=""""/>",Konsultasikan dengan dokter,2028-03-15,Tablet,https://s3-publishing-cmn-svc-prd.s3.ap-southeast-1.amazonaws.com/drugs/Mka4FC2JwWy40NDaS5htY/original/6l5fj20v5uzxwnq82o80yoop0pydc2zx.jpeg,True,[]
7100,Acetro,Lainnya,99374.0,238,-,", Dosis &amp; Cara minum, Kandungan, Efek Samping, dan lainnya di sini."" data-next-head=""""/>",Sesuai resep dokter,-,", Dosis &amp; Cara minum, Kandungan, Efek Samping, dan lainnya di sini."" data-next-head=""""/>",Konsultasikan dengan dokter,2027-11-20,Tablet,,True,[]
7101,Acetylcysteine,Lainnya,53308.0,121,-,", Dosis &amp; Cara pakai, Kandungan, Efek Samping, dan lainnya di sini."" data-next-head=""""/>",Sesuai resep dokter,-,", Dosis &amp; Cara pakai, Kandungan, Efek Samping, dan lainnya di sini."" data-next-head=""""/>",Konsultasikan dengan dokter,2026-12-31,Tablet,,True,[]
7102,Aciblock,Lainnya,24418.0,294,-,", Dosis &amp; Cara pakai, Kandungan, Efek Samping, dan lainnya di sini."" data-next-head=""""/>",Sesuai resep dokter,-,", Dosis &amp; Cara pakai, Kandungan, Efek Samping, dan lainnya di sini."" data-next-head=""""/>",Konsultasikan dengan dokter,2027-11-20,Tablet,,True,[]
7103,Acifar,Lainnya,91938.0,97,-,", Dosis &amp; Cara minum, Kandungan, Efek Samping, dan lainnya di sini."" data-next-head=""""/>",Sesuai resep dokter,-,", Dosis &amp; Cara minum, Kandungan, Efek Samping, dan lainnya di sini."" data-next-head=""""/>",Konsultasikan dengan dokter,2027-06-30,Tablet,,True,[]
7104,Acilaz,Lainnya,33756.0,298,-,", Dosis &amp; Cara pakai, Kandungan, Efek Samping, dan lainnya di sini."" data-next-head=""""/>",Sesuai resep dokter,-,", Dosis &amp; Cara pakai, Kandungan, Efek Samping, dan lainnya di sini."" data-next-head=""""/>",Konsultasikan dengan dokter,2027-06-30,Tablet,https://s3-publishing-cmn-svc-prd.s3.ap-southeast-1.amazonaws.com/article/jXDyzf1bsG8_w5x_VKUyn/original/056432800_1576490752-Penyebab-Masalah-Asam-Lambung-Sering-Kambuh-di-Malam-Hari-Shutterstock_176963621.jpg,True,[]
7105,Acitral,Lainnya,95566.0,246,Acitral,", Dosis &amp; Cara pakai, Kandungan, Efek Samping, dan lainnya di sini."" data-next-head=""""/>",Sesuai resep dokter,Acitral,", Dosis &amp; Cara pakai, Kandungan, Efek Samping, dan lainnya di sini."" data-next-head=""""/>",Konsultasikan dengan dokter,2028-03-15,Tablet,,True,[]
7106,Acitretin,Lainnya,28212.0,79,-,", Dosis &amp; Cara pakai, Kandungan, Efek Samping, dan lainnya di sini."" data-next-head=""""/>",Sesuai resep dokter,-,", Dosis &amp; Cara pakai, Kandungan, Efek Samping, dan lainnya di sini."" data-next-head=""""/>",Konsultasikan dengan dokter,2027-11-20,Tablet,https://s3-publishing-cmn-svc-prd.s3.ap-southeast-1.amazonaws.com/article/fUaqKLGZErrtJtSWIATAk/original/097074300_1540808107-8-Makanan-Ini-Picu-Psoriasis-By-MK-photograp55-Shutterstock.jpg,True,[]
7107,Aclam,Lainnya,32806.0,188,-,", Dosis &amp; Cara minum, Kandungan, Efek Samping, dan lainnya di sini."" data-next-head=""""/>",Sesuai resep dokter,-,", Dosis &amp; Cara minum, Kandungan, Efek Samping, dan lainnya di sini."" data-next-head=""""/>",Konsultasikan dengan dokter,2028-03-15,Tablet,,True,[]
7108,Aclasta,Lainnya,96493.0,241,-,", Dosis &amp; Cara pakai, Kandungan, Efek Samping, dan lainnya di sini."" data-next-head=""""/>",Sesuai resep dokter,-,", Dosis &amp; Cara pakai, Kandungan, Efek Samping, dan lainnya di sini."" data-next-head=""""/>",Konsultasikan dengan dokter,2026-12-31,Tablet,https://s3-publishing-cmn-svc-prd.s3.ap-southeast-1.amazonaws.com/article/WjG2T93zuW-OiP1gm2_0V/original/059402000_1540171056-Ketahui-4-Penyebab-Osteoporosis-By_Alex-Mit-Shutterstock.jpg,True,[]
7109,Aclonac,Lainnya,62389.0,246,-,", Dosis &amp; Cara minum, Kandungan, Efek Samping, dan lainnya di sini."" data-next-head=""""/>",Sesuai resep dokter,-,", Dosis &amp; Cara minum, Kandungan, Efek Samping, dan lainnya di sini."" data-next-head=""""/>",Konsultasikan dengan dokter,2027-06-30,Tablet,,True,[]
7110,Acnacare Plus,Lainnya,88797.0,252,-,", dan Efek Samping"",""meta_description"":""Informasi lengkap obat Vitamin B Kompleks IPI; Harga, Manfaat, Dosis \u0026 Cara pakai, Kandungan, Efek Samping, dan lainnya di sini."",""meta_robots_index"":""index"",""meta_robots_follow"":""follow"",""type"":""obat"",""media_images"":[{""original"":""https://asset-cdn.medkom",Sesuai resep dokter,-,", dan Efek Samping"",""meta_description"":""Informasi lengkap obat Vitamin B Kompleks IPI; Harga, Manfaat, Dosis \u0026 Cara pakai, Kandungan, Efek Samping, dan lainnya di sini."",""meta_robots_index"":""index"",""meta_robots_follow"":""follow"",""type"":""obat"",""media_images"":[{""original"":""https://asset-cdn.medkom",Konsultasikan dengan dokter,2027-06-30,Tablet,,True,[]
7111,Acne Feldin,Lainnya,50504.0,270,-,", Dosis &amp; Cara pakai, Kandungan, Efek Samping, dan lainnya di sini."" data-next-head=""""/>",Sesuai resep dokter,-,", Dosis &amp; Cara pakai, Kandungan, Efek Samping, dan lainnya di sini."" data-next-head=""""/>",Konsultasikan dengan dokter,2028-03-15,Tablet,https://s3-publishing-cmn-svc-prd.s3.ap-southeast-1.amazonaws.com/article/ikOIgzWCDQysRszO2_1O-/original/084786200_1596697014-Obat-jerawat-shutterstock_1097602553.jpg,True,[]
7112,Acnebenz,Lainnya,29394.0,214,-,", Dosis, Cara Penggunaan dan Efek Samping"",""meta_description"":""Ingin tau Gentamicin obat apa, cari tau Manfaat, Dosis \u0026 Cara pakai, Kandungan, Efek Samping, dan lainnya di sini."",""meta_robots_index"":""index"",""meta_robots_follow"":""follow"",""thumbnail_url"":""https://s3-publishing-cmn-svc-prd.s3.ap-s",Sesuai resep dokter,-,", Dosis, Cara Penggunaan dan Efek Samping"",""meta_description"":""Ingin tau Gentamicin obat apa, cari tau Manfaat, Dosis \u0026 Cara pakai, Kandungan, Efek Samping, dan lainnya di sini."",""meta_robots_index"":""index"",""meta_robots_follow"":""follow"",""thumbnail_url"":""https://s3-publishing-cmn-svc-prd.s3.ap-s",Konsultasikan dengan dokter,2027-06-30,Tablet,,True,[]
7113,Acnebenz CL,Lainnya,69010.0,210,-,", Dosis, Cara Penggunaan dan Efek Samping"",""meta_description"":""Ingin tau Gentamicin obat apa, cari tau Manfaat, Dosis \u0026 Cara pakai, Kandungan, Efek Samping, dan lainnya di sini."",""meta_robots_index"":""index"",""meta_robots_follow"":""follow"",""thumbnail_url"":""https://s3-publishing-cmn-svc-prd.s3.ap-s",Sesuai resep dokter,-,", Dosis, Cara Penggunaan dan Efek Samping"",""meta_description"":""Ingin tau Gentamicin obat apa, cari tau Manfaat, Dosis \u0026 Cara pakai, Kandungan, Efek Samping, dan lainnya di sini."",""meta_robots_index"":""index"",""meta_robots_follow"":""follow"",""thumbnail_url"":""https://s3-publishing-cmn-svc-prd.s3.ap-s",Konsultasikan dengan dokter,2027-11-20,Tablet,,True,[]
7114,Acnelia,Lainnya,85133.0,97,-,"dan Cara Pemakaian"",""meta_description"":""Informasi lengkap obat Propolis SM; Harga, Manfaat, Dosis \u0026 Cara Pakai, Kandungan, Efek Samping, dan lainnya di sini."",""meta_robots_index"":""index"",""meta_robots_follow"":""follow"",""thumbnail_url"":""https://s3-publishing-cmn-svc-prd.s3.ap-southeast-1.amazonaws",Sesuai resep dokter,-,"dan Cara Pemakaian"",""meta_description"":""Informasi lengkap obat Propolis SM; Harga, Manfaat, Dosis \u0026 Cara Pakai, Kandungan, Efek Samping, dan lainnya di sini."",""meta_robots_index"":""index"",""meta_robots_follow"":""follow"",""thumbnail_url"":""https://s3-publishing-cmn-svc-prd.s3.ap-southeast-1.amazonaws",Konsultasikan dengan dokter,2028-03-15,Tablet,,True,[]
7115,Acnes Creamy Wash,Lainnya,95644.0,207,-,", Cara memakai, penyimpanan, Efek Samping, dan lainnya di sini."" data-next-head=""""/>",Sesuai resep dokter,-,", Cara memakai, penyimpanan, Efek Samping, dan lainnya di sini."" data-next-head=""""/>",Konsultasikan dengan dokter,2027-06-30,Tablet,,True,[]
7116,Acnes Spot Care,Lainnya,60414.0,76,-,", Dosis &amp; Cara pakai, Kandungan, dan lainnya di sini."" data-next-head=""""/>",Sesuai resep dokter,-,", Dosis &amp; Cara pakai, Kandungan, dan lainnya di sini."" data-next-head=""""/>",Konsultasikan dengan dokter,2026-12-31,Tablet,,True,[]
7117,Acnes Washing Bar,Lainnya,64752.0,170,-,", Dosis &amp; Cara pakai, Kandungan, dan lainnya di sini."" data-next-head=""""/>",Sesuai resep dokter,-,", Dosis &amp; Cara pakai, Kandungan, dan lainnya di sini."" data-next-head=""""/>",Konsultasikan dengan dokter,2027-11-20,Tablet,,True,[]
7118,Acnol Lotion,Lainnya,41435.0,199,-,", Dosis &amp; Cara minum, Kandungan, Efek Samping, dan lainnya di sini."" data-next-head=""""/>",Sesuai resep dokter,-,", Dosis &amp; Cara minum, Kandungan, Efek Samping, dan lainnya di sini."" data-next-head=""""/>",Konsultasikan dengan dokter,2027-06-30,Tablet,,True,[]
7119,Acnosil,Lainnya,65084.0,300,-,", Dosis, Cara Penggunaan dan Efek Samping"",""meta_description"":""Ingin tau Gentamicin obat apa, cari tau Manfaat, Dosis \u0026 Cara pakai, Kandungan, Efek Samping, dan lainnya di sini."",""meta_robots_index"":""index"",""meta_robots_follow"":""follow"",""thumbnail_url"":""https://s3-publishing-cmn-svc-prd.s3.ap-s",Sesuai resep dokter,-,", Dosis, Cara Penggunaan dan Efek Samping"",""meta_description"":""Ingin tau Gentamicin obat apa, cari tau Manfaat, Dosis \u0026 Cara pakai, Kandungan, Efek Samping, dan lainnya di sini."",""meta_robots_index"":""index"",""meta_robots_follow"":""follow"",""thumbnail_url"":""https://s3-publishing-cmn-svc-prd.s3.ap-s",Konsultasikan dengan dokter,2027-11-20,Tablet,,True,[]
7120,Acpulsif,Lainnya,26867.0,161,-,"dan Efek Samping"" data-next-head=""""/>",Sesuai resep dokter,-,"dan Efek Samping"" data-next-head=""""/>",Konsultasikan dengan dokter,2026-12-31,Tablet,,True,[]
7121,Acran,Lainnya,77583.0,167,-,", Dosis &amp; Cara pakai, Kandungan, Efek Samping, dan lainnya di sini."" data-next-head=""""/>",Sesuai resep dokter,-,", Dosis &amp; Cara pakai, Kandungan, Efek Samping, dan lainnya di sini."" data-next-head=""""/>",Konsultasikan dengan dokter,2027-11-20,Tablet,https://s3-publishing-cmn-svc-prd.s3.ap-southeast-1.amazonaws.com/article/VHEKmvr-GJpvAlr6iKELg/original/019004700_1600326449-Asam-Lambung-Naik-shutterstock_756954385.jpg,True,[]
7122,Acrios,Lainnya,98176.0,176,-,"dan Efek Samping"" data-next-head=""""/>",Sesuai resep dokter,-,"dan Efek Samping"" data-next-head=""""/>",Konsultasikan dengan dokter,2028-03-15,Tablet,,True,[]
7123,Acrivastine,Lainnya,90375.0,128,-,", Dosis &amp; Cara pakai, Kandungan, Efek Samping, dan lainnya di sini."" data-next-head=""""/>",Sesuai resep dokter,-,", Dosis &amp; Cara pakai, Kandungan, Efek Samping, dan lainnya di sini."" data-next-head=""""/>",Konsultasikan dengan dokter,2027-06-30,Tablet,https://s3-publishing-cmn-svc-prd.s3.ap-southeast-1.amazonaws.com/article/MQxIPxHxdgP0wb6LCCKHD/original/054589600_1483459999-Apa-Beda-Kulit-Berjamur-dan-Kulit-Alergi.jpg,True,[]
7124,Act-HIB,Lainnya,23057.0,90,-,"dan Efek Samping"" data-next-head=""""/>",Sesuai resep dokter,-,"dan Efek Samping"" data-next-head=""""/>",Konsultasikan dengan dokter,2027-11-20,Tablet,,True,[]
7125,Actabone,Lainnya,31784.0,300,-,"dan Efek Samping"" data-next-head=""""/>",Sesuai resep dokter,-,"dan Efek Samping"" data-next-head=""""/>",Konsultasikan dengan dokter,2027-06-30,Tablet,,True,[]
7126,Actalipid,Lainnya,23327.0,135,-,"dan Efek Samping"" data-next-head=""""/>",Sesuai resep dokter,-,"dan Efek Samping"" data-next-head=""""/>",Konsultasikan dengan dokter,2026-12-31,Tablet,,True,[]
7127,Actapin,Lainnya,74252.0,235,-,", Dosis &amp; Cara pakai, Kandungan, Efek Samping, dan lainnya di sini."" data-next-head=""""/>",Sesuai resep dokter,-,", Dosis &amp; Cara pakai, Kandungan, Efek Samping, dan lainnya di sini."" data-next-head=""""/>",Konsultasikan dengan dokter,2027-06-30,Tablet,,True,[]
7128,Actaxon,Lainnya,89372.0,121,-,"dan Efek Samping"" data-next-head=""""/>",Sesuai resep dokter,-,"dan Efek Samping"" data-next-head=""""/>",Konsultasikan dengan dokter,2026-12-31,Tablet,,True,[]
7129,Actemra,Lainnya,27937.0,234,-,", Dosis &amp; Cara pakai, Kandungan, Efek Samping, dan lainnya di sini."" data-next-head=""""/>",Sesuai resep dokter,-,", Dosis &amp; Cara pakai, Kandungan, Efek Samping, dan lainnya di sini."" data-next-head=""""/>",Konsultasikan dengan dokter,2027-06-30,Tablet,https://s3-publishing-cmn-svc-prd.s3.ap-southeast-1.amazonaws.com/article/6xgx-BGuf74tc2cCZUE1X/original/049703700_1625734481-Actemra.jpg,True,[]
7130,Acticoat,Lainnya,72457.0,226,-,"dan Efek Samping"" data-next-head=""""/>",Sesuai resep dokter,-,"dan Efek Samping"" data-next-head=""""/>",Konsultasikan dengan dokter,2026-12-31,Tablet,,True,[]
7131,Acticoat Flex 3,Lainnya,66789.0,218,-,", Dosis, dan Efek Samping"",""slug"":""naviblef-wipes-manfaat-dosis-dan-efek-samping"",""short_desc"":""Naviblef Wipes adalah tisu steril untuk membersihkan kotoran di sekitar bulu mata dan kelopak mata akibat peradangan, alergi, atau gangguan mata seperti infestasi demodex. Hanya untuk pemakaian luar."",""ur",Sesuai resep dokter,-,", Dosis, dan Efek Samping"",""slug"":""naviblef-wipes-manfaat-dosis-dan-efek-samping"",""short_desc"":""Naviblef Wipes adalah tisu steril untuk membersihkan kotoran di sekitar bulu mata dan kelopak mata akibat peradangan, alergi, atau gangguan mata seperti infestasi demodex. Hanya untuk pemakaian luar."",""ur",Konsultasikan dengan dokter,2027-06-30,Tablet,,True,[]
7132,Actifed,Lainnya,54124.0,161,-,", Dosis &amp; Cara pakai, Kandungan, Efek Samping, dan lainnya di sini."" data-next-head=""""/>",Sesuai resep dokter,-,", Dosis &amp; Cara pakai, Kandungan, Efek Samping, dan lainnya di sini."" data-next-head=""""/>",Konsultasikan dengan dokter,2027-11-20,Tablet,https://s3-publishing-cmn-svc-prd.s3.ap-southeast-1.amazonaws.com/drugs/61xpqiTF_SDB4Sdx6NwMt/original/1676017637-Actifed.jpg,True,[]
7133,Actifed Plus Cough Suppressant,Lainnya,64107.0,213,-,", Dosis &amp; Cara pakai, Kandungan, Efek Samping, dan lainnya di sini."" data-next-head=""""/>",Sesuai resep dokter,-,", Dosis &amp; Cara pakai, Kandungan, Efek Samping, dan lainnya di sini."" data-next-head=""""/>",Konsultasikan dengan dokter,2027-11-20,Tablet,,True,[]
7134,Actifed Plus Expectorant,Lainnya,81096.0,152,-,", Dosis &amp; Cara minum, Kandungan, Efek Samping, dan lainnya di sini."" data-next-head=""""/>",Sesuai resep dokter,-,", Dosis &amp; Cara minum, Kandungan, Efek Samping, dan lainnya di sini."" data-next-head=""""/>",Konsultasikan dengan dokter,2026-12-31,Tablet,,True,[]
7135,Actilyse,Lainnya,35093.0,184,-,"dan Efek Samping"" data-next-head=""""/>",Sesuai resep dokter,-,"dan Efek Samping"" data-next-head=""""/>",Konsultasikan dengan dokter,2028-03-15,Tablet,,True,[]
7136,Active Calcium,Lainnya,34996.0,168,-,", dan Efek Samping"",""meta_description"":""Informasi lengkap obat Vitamin B Kompleks IPI; Harga, Manfaat, Dosis \u0026 Cara pakai, Kandungan, Efek Samping, dan lainnya di sini."",""meta_robots_index"":""index"",""meta_robots_follow"":""follow"",""type"":""obat"",""media_images"":[{""original"":""https://asset-cdn.medkom",Sesuai resep dokter,-,", dan Efek Samping"",""meta_description"":""Informasi lengkap obat Vitamin B Kompleks IPI; Harga, Manfaat, Dosis \u0026 Cara pakai, Kandungan, Efek Samping, dan lainnya di sini."",""meta_robots_index"":""index"",""meta_robots_follow"":""follow"",""type"":""obat"",""media_images"":[{""original"":""https://asset-cdn.medkom",Konsultasikan dengan dokter,2027-06-30,Tablet,,True,[]
7137,Actonel,Lainnya,30306.0,189,-,", Dosis &amp; Cara pakai, Kandungan, Efek Samping, dan lainnya di sini."" data-next-head=""""/>",Sesuai resep dokter,-,", Dosis &amp; Cara pakai, Kandungan, Efek Samping, dan lainnya di sini."" data-next-head=""""/>",Konsultasikan dengan dokter,2027-11-20,Tablet,https://s3-publishing-cmn-svc-prd.s3.ap-southeast-1.amazonaws.com/article/zDlCLE_6pdCEssN7n3CGl/original/045647200_1586401890-osteoporosis_dipicu_karena_diet.jpg,True,[]
7138,Actoplus Met,Lainnya,30803.0,128,-,", Dosis &amp; Cara pakai, Kandungan, Efek Samping, dan lainnya di sini."" data-next-head=""""/>",Sesuai resep dokter,-,", Dosis &amp; Cara pakai, Kandungan, Efek Samping, dan lainnya di sini."" data-next-head=""""/>",Konsultasikan dengan dokter,2027-06-30,Tablet,https://s3-publishing-cmn-svc-prd.s3.ap-southeast-1.amazonaws.com/category-topic/NlQa_nCoJXbFjZezl_H3q/original/1660449051-Diabetes2.png,True,[]
7139,Actos,Lainnya,58809.0,192,-,"dan Efek Samping"" data-next-head=""""/>",Sesuai resep dokter,-,"dan Efek Samping"" data-next-head=""""/>",Konsultasikan dengan dokter,2027-11-20,Tablet,,True,[]
7140,Actosmet,Lainnya,66676.0,226,-,", Dosis &amp; Cara minum, Kandungan, Efek Samping, dan lainnya di sini."" data-next-head=""""/>",Sesuai resep dokter,-,", Dosis &amp; Cara minum, Kandungan, Efek Samping, dan lainnya di sini."" data-next-head=""""/>",Konsultasikan dengan dokter,2026-12-31,Tablet,,True,[]
7141,Actrapid HM,Lainnya,80432.0,189,-,", Dosis &amp; Cara minum, Kandungan, Efek Samping, dan lainnya di sini."" data-next-head=""""/>",Sesuai resep dokter,-,", Dosis &amp; Cara minum, Kandungan, Efek Samping, dan lainnya di sini."" data-next-head=""""/>",Konsultasikan dengan dokter,2027-11-20,Tablet,,True,[]
7142,Acuatim Cream,Lainnya,91784.0,108,-,"dan Efek Samping"" data-next-head=""""/>",Sesuai resep dokter,-,"dan Efek Samping"" data-next-head=""""/>",Konsultasikan dengan dokter,2027-06-30,Tablet,,True,[]
7143,Acucel,Lainnya,81278.0,51,-,", Dosis, Cara Penggunaan dan Efek Samping"",""meta_description"":""Ingin tau Gentamicin obat apa, cari tau Manfaat, Dosis \u0026 Cara pakai, Kandungan, Efek Samping, dan lainnya di sini."",""meta_robots_index"":""index"",""meta_robots_follow"":""follow"",""thumbnail_url"":""https://s3-publishing-cmn-svc-prd.s3.ap-s",Sesuai resep dokter,-,", Dosis, Cara Penggunaan dan Efek Samping"",""meta_description"":""Ingin tau Gentamicin obat apa, cari tau Manfaat, Dosis \u0026 Cara pakai, Kandungan, Efek Samping, dan lainnya di sini."",""meta_robots_index"":""index"",""meta_robots_follow"":""follow"",""thumbnail_url"":""https://s3-publishing-cmn-svc-prd.s3.ap-s",Konsultasikan dengan dokter,2026-12-31,Tablet,,True,[]
7144,Acyclovir,Lainnya,34011.0,192,-,", Dosis &amp; Cara pakai, Kandungan, Efek Samping, dan lainnya di sini."" data-next-head=""""/>",Sesuai resep dokter,-,", Dosis &amp; Cara pakai, Kandungan, Efek Samping, dan lainnya di sini."" data-next-head=""""/>",Konsultasikan dengan dokter,2026-12-31,Tablet,https://s3-publishing-cmn-svc-prd.s3.ap-southeast-1.amazonaws.com/drugs/brOQl8UnnIiRn9RuVN0cu/original/OBT0005058.jpg,True,[]
7145,Acyfote,Lainnya,67592.0,118,-,", Dosis &amp; Cara pakai, Kandungan, Efek Samping, dan lainnya di sini."" data-next-head=""""/>",Sesuai resep dokter,-,", Dosis &amp; Cara pakai, Kandungan, Efek Samping, dan lainnya di sini."" data-next-head=""""/>",Konsultasikan dengan dokter,2026-12-31,Tablet,,True,[]
7146,Adalat,Lainnya,78137.0,298,-,", Dosis &amp; Cara pakai, Kandungan, Efek Samping, dan lainnya di sini."" data-next-head=""""/>",Sesuai resep dokter,-,", Dosis &amp; Cara pakai, Kandungan, Efek Samping, dan lainnya di sini."" data-next-head=""""/>",Konsultasikan dengan dokter,2028-03-15,Tablet,https://s3-publishing-cmn-svc-prd.s3.ap-southeast-1.amazonaws.com/article/DKP4a8GIWFqybu5q92Wcy/original/041021700_1607930712-Kesamaan-Hipertensi-dan-Diabetes-by-pressfoto-Freepik.jpg,True,[]
7147,Adalat Oros,Lainnya,55338.0,206,-,", Dosis, dan Efek Samping"" data-next-head=""""/>",Sesuai resep dokter,-,", Dosis, dan Efek Samping"" data-next-head=""""/>",Konsultasikan dengan dokter,2027-11-20,Tablet,https://s3-publishing-cmn-svc-prd.s3.ap-southeast-1.amazonaws.com/drugs/hBXdJgQXLmMKxAMkuF1UH/original/9ns9pu3cymvpchwwsazcpe3okotwkjeh.png,True,[]
7148,Adant Dispo,Lainnya,62614.0,95,-,"dan Efek Samping"" data-next-head=""""/>",Sesuai resep dokter,-,"dan Efek Samping"" data-next-head=""""/>",Konsultasikan dengan dokter,2027-06-30,Tablet,,True,[]
7149,Addawa On,Lainnya,73702.0,94,-,"dan Cara Pemakaian"",""meta_description"":""Informasi lengkap obat Propolis SM; Harga, Manfaat, Dosis \u0026 Cara Pakai, Kandungan, Efek Samping, dan lainnya di sini."",""meta_robots_index"":""index"",""meta_robots_follow"":""follow"",""thumbnail_url"":""https://s3-publishing-cmn-svc-prd.s3.ap-southeast-1.amazonaws",Sesuai resep dokter,-,"dan Cara Pemakaian"",""meta_description"":""Informasi lengkap obat Propolis SM; Harga, Manfaat, Dosis \u0026 Cara Pakai, Kandungan, Efek Samping, dan lainnya di sini."",""meta_robots_index"":""index"",""meta_robots_follow"":""follow"",""thumbnail_url"":""https://s3-publishing-cmn-svc-prd.s3.ap-southeast-1.amazonaws",Konsultasikan dengan dokter,2026-12-31,Tablet,,True,[]
7150,Addawa Pegagan,Lainnya,73494.0,181,-,"dan Cara Pemakaian"",""meta_description"":""Informasi lengkap obat Propolis SM; Harga, Manfaat, Dosis \u0026 Cara Pakai, Kandungan, Efek Samping, dan lainnya di sini."",""meta_robots_index"":""index"",""meta_robots_follow"":""follow"",""thumbnail_url"":""https://s3-publishing-cmn-svc-prd.s3.ap-southeast-1.amazonaws",Sesuai resep dokter,-,"dan Cara Pemakaian"",""meta_description"":""Informasi lengkap obat Propolis SM; Harga, Manfaat, Dosis \u0026 Cara Pakai, Kandungan, Efek Samping, dan lainnya di sini."",""meta_robots_index"":""index"",""meta_robots_follow"":""follow"",""thumbnail_url"":""https://s3-publishing-cmn-svc-prd.s3.ap-southeast-1.amazonaws",Konsultasikan dengan dokter,2028-03-15,Tablet,,True,[]
7151,Addawa Sambiloto,Lainnya,95733.0,300,-,"dan Cara Pemakaian"",""meta_description"":""Informasi lengkap obat Propolis SM; Harga, Manfaat, Dosis \u0026 Cara Pakai, Kandungan, Efek Samping, dan lainnya di sini."",""meta_robots_index"":""index"",""meta_robots_follow"":""follow"",""thumbnail_url"":""https://s3-publishing-cmn-svc-prd.s3.ap-southeast-1.amazonaws",Sesuai resep dokter,-,"dan Cara Pemakaian"",""meta_description"":""Informasi lengkap obat Propolis SM; Harga, Manfaat, Dosis \u0026 Cara Pakai, Kandungan, Efek Samping, dan lainnya di sini."",""meta_robots_index"":""index"",""meta_robots_follow"":""follow"",""thumbnail_url"":""https://s3-publishing-cmn-svc-prd.s3.ap-southeast-1.amazonaws",Konsultasikan dengan dokter,2027-06-30,Tablet,,True,[]
7152,Addawa Temulawak,Lainnya,77994.0,129,-,"dan Cara Pemakaian"",""meta_description"":""Informasi lengkap obat Propolis SM; Harga, Manfaat, Dosis \u0026 Cara Pakai, Kandungan, Efek Samping, dan lainnya di sini."",""meta_robots_index"":""index"",""meta_robots_follow"":""follow"",""thumbnail_url"":""https://s3-publishing-cmn-svc-prd.s3.ap-southeast-1.amazonaws",Sesuai resep dokter,-,"dan Cara Pemakaian"",""meta_description"":""Informasi lengkap obat Propolis SM; Harga, Manfaat, Dosis \u0026 Cara Pakai, Kandungan, Efek Samping, dan lainnya di sini."",""meta_robots_index"":""index"",""meta_robots_follow"":""follow"",""thumbnail_url"":""https://s3-publishing-cmn-svc-prd.s3.ap-southeast-1.amazonaws",Konsultasikan dengan dokter,2027-11-20,Tablet,,True,[]
7153,Adecco,Lainnya,72818.0,281,-,", Dosis &amp; Cara pakai, Kandungan, Efek Samping, dan lainnya di sini."" data-next-head=""""/>",Sesuai resep dokter,-,", Dosis &amp; Cara pakai, Kandungan, Efek Samping, dan lainnya di sini."" data-next-head=""""/>",Konsultasikan dengan dokter,2028-03-15,Tablet,,True,[]
7154,Adefovir,Lainnya,52693.0,196,-,", Dosis &amp; Cara pakai, Kandungan, Efek Samping, dan lainnya di sini."" data-next-head=""""/>",Sesuai resep dokter,-,", Dosis &amp; Cara pakai, Kandungan, Efek Samping, dan lainnya di sini."" data-next-head=""""/>",Konsultasikan dengan dokter,2026-12-31,Tablet,https://s3-publishing-cmn-svc-prd.s3.ap-southeast-1.amazonaws.com/article/7VWSl_eCjBROCBeFSVrBK/original/044983700_1499836479-Menguak-Fakta-di-Balik-Mitos-Penyakit-Hepatitis-B.jpg,True,[]
7155,Adem Pil,Lainnya,98793.0,209,-,"dan Cara Pemakaian"",""meta_description"":""Informasi lengkap obat Propolis SM; Harga, Manfaat, Dosis \u0026 Cara Pakai, Kandungan, Efek Samping, dan lainnya di sini."",""meta_robots_index"":""index"",""meta_robots_follow"":""follow"",""thumbnail_url"":""https://s3-publishing-cmn-svc-prd.s3.ap-southeast-1.amazonaws",Sesuai resep dokter,-,"dan Cara Pemakaian"",""meta_description"":""Informasi lengkap obat Propolis SM; Harga, Manfaat, Dosis \u0026 Cara Pakai, Kandungan, Efek Samping, dan lainnya di sini."",""meta_robots_index"":""index"",""meta_robots_follow"":""follow"",""thumbnail_url"":""https://s3-publishing-cmn-svc-prd.s3.ap-southeast-1.amazonaws",Konsultasikan dengan dokter,2028-03-15,Tablet,,True,[]
7156,Adem Sari,Lainnya,60133.0,178,-,", Dosis &amp; Cara pakai, Kandungan, Efek Samping, dan lainnya di sini."" data-next-head=""""/>",Sesuai resep dokter,-,", Dosis &amp; Cara pakai, Kandungan, Efek Samping, dan lainnya di sini."" data-next-head=""""/>",Konsultasikan dengan dokter,2027-06-30,Tablet,https://s3-publishing-cmn-svc-prd.s3.ap-southeast-1.amazonaws.com/article/pAXcnHz7hn0dUIgy5mC4y/original/031245100_1577233788-Cara-Atasi-Sariawan-dengan-Resep-Alami-dari-Dapur-Anda-Shutterstock_518376937.jpg,True,[]
7157,Adineuron,Lainnya,61734.0,100,-,", dan Efek Samping"",""meta_description"":""Informasi lengkap obat Vitamin B Kompleks IPI; Harga, Manfaat, Dosis \u0026 Cara pakai, Kandungan, Efek Samping, dan lainnya di sini."",""meta_robots_index"":""index"",""meta_robots_follow"":""follow"",""type"":""obat"",""media_images"":[{""original"":""https://asset-cdn.medkom",Sesuai resep dokter,-,", dan Efek Samping"",""meta_description"":""Informasi lengkap obat Vitamin B Kompleks IPI; Harga, Manfaat, Dosis \u0026 Cara pakai, Kandungan, Efek Samping, dan lainnya di sini."",""meta_robots_index"":""index"",""meta_robots_follow"":""follow"",""type"":""obat"",""media_images"":[{""original"":""https://asset-cdn.medkom",Konsultasikan dengan dokter,2027-11-20,Tablet,,True,[]
7158,Aditusin,Lainnya,90723.0,190,-,", Dosis, Cara Pakai dan Efek Samping"",""meta_description"":""Rhinos SR adalah obat untuk meredakan berbagai gejala terkait rhinitis alergi seperti bersin, hidung tersumbat. Cari tau Dosis \u0026 Cara pakai, Efek Samping, dan manfaat lainnya disini."",""meta_robots_index"":""index"",""meta_robots_follow"":""fol",Sesuai resep dokter,-,", Dosis, Cara Pakai dan Efek Samping"",""meta_description"":""Rhinos SR adalah obat untuk meredakan berbagai gejala terkait rhinitis alergi seperti bersin, hidung tersumbat. Cari tau Dosis \u0026 Cara pakai, Efek Samping, dan manfaat lainnya disini."",""meta_robots_index"":""index"",""meta_robots_follow"":""fol",Konsultasikan dengan dokter,2027-11-20,Tablet,,True,[]
7159,Adlansis,Lainnya,43717.0,211,-,", Dosis, dan Efek Samping"",""meta_description"":""Promag adalah yang digunakan untuk menetralisir kelebihan asam lambung. Promag mengandung hydrotalcite, magnesium hidroksida dan simethicone, "",""meta_robots_index"":""index"",""meta_robots_follow"":""follow"",""thumbnail_url"":""https://s3-publishing-cmn-svc-prd.",Sesuai resep dokter,-,", Dosis, dan Efek Samping"",""meta_description"":""Promag adalah yang digunakan untuk menetralisir kelebihan asam lambung. Promag mengandung hydrotalcite, magnesium hidroksida dan simethicone, "",""meta_robots_index"":""index"",""meta_robots_follow"":""follow"",""thumbnail_url"":""https://s3-publishing-cmn-svc-prd.",Konsultasikan dengan dokter,2028-03-15,Tablet,,True,[]
7160,Adona (AC-17),Lainnya,80563.0,230,-,", Dosis, dan Efek Samping"",""meta_description"":""Leucogen adalah obat dengan kandungan filgrastim yang digunakan untuk mengurangi gejala infeksi yang disebabkan oleh kekurangan jumlah neutrofil dalam darah."",""meta_robots_index"":""index"",""meta_robots_follow"":""follow"",""thumbnail_url"":""https://s3-publishi",Sesuai resep dokter,-,", Dosis, dan Efek Samping"",""meta_description"":""Leucogen adalah obat dengan kandungan filgrastim yang digunakan untuk mengurangi gejala infeksi yang disebabkan oleh kekurangan jumlah neutrofil dalam darah."",""meta_robots_index"":""index"",""meta_robots_follow"":""follow"",""thumbnail_url"":""https://s3-publishi",Konsultasikan dengan dokter,2026-12-31,Tablet,,True,[]
7161,Adona Forte,Lainnya,77974.0,245,-,", Dosis, dan Efek Samping"",""meta_description"":""Leucogen adalah obat dengan kandungan filgrastim yang digunakan untuk mengurangi gejala infeksi yang disebabkan oleh kekurangan jumlah neutrofil dalam darah."",""meta_robots_index"":""index"",""meta_robots_follow"":""follow"",""thumbnail_url"":""https://s3-publishi",Sesuai resep dokter,-,", Dosis, dan Efek Samping"",""meta_description"":""Leucogen adalah obat dengan kandungan filgrastim yang digunakan untuk mengurangi gejala infeksi yang disebabkan oleh kekurangan jumlah neutrofil dalam darah."",""meta_robots_index"":""index"",""meta_robots_follow"":""follow"",""thumbnail_url"":""https://s3-publishi",Konsultasikan dengan dokter,2027-11-20,Tablet,,True,[]
7162,Adrome,Lainnya,60819.0,120,-,"dan Efek Samping"" data-next-head=""""/>",Sesuai resep dokter,-,"dan Efek Samping"" data-next-head=""""/>",Konsultasikan dengan dokter,2028-03-15,Tablet,https://s3-publishing-cmn-svc-prd.s3.ap-southeast-1.amazonaws.com/drugs/AZTQePntY75v-MUP4pfak/original/c3gvqc66po6910619pch30qb67prvx5z.png,True,[]
7163,Aerius,Lainnya,45975.0,213,-,", Dosis &amp; Cara pakai, Kandungan, Efek Samping, dan lainnya di sini."" data-next-head=""""/>",Sesuai resep dokter,-,", Dosis &amp; Cara pakai, Kandungan, Efek Samping, dan lainnya di sini."" data-next-head=""""/>",Konsultasikan dengan dokter,2027-11-20,Tablet,https://s3-publishing-cmn-svc-prd.s3.ap-southeast-1.amazonaws.com/article/tIT4IGsChp83x961HPomL/original/075315500_1597143572-Vitamin-D-Bisakah-Atasi-Kulit-Gatal-shutterstock_1233215578.jpg,True,[]
7164,Aerius D-12,Lainnya,72052.0,149,-,"dan Efek Samping"" data-next-head=""""/>",Sesuai resep dokter,-,"dan Efek Samping"" data-next-head=""""/>",Konsultasikan dengan dokter,2026-12-31,Tablet,,True,[]
7165,Aerrane,Lainnya,64880.0,167,-,"dan Efek Samping"" data-next-head=""""/>",Sesuai resep dokter,-,"dan Efek Samping"" data-next-head=""""/>",Konsultasikan dengan dokter,2026-12-31,Tablet,,True,[]
7166,Afamed,Lainnya,40657.0,155,-,", Dosis, dan Efek Samping"" data-next-head=""""/>",Sesuai resep dokter,-,", Dosis, dan Efek Samping"" data-next-head=""""/>",Konsultasikan dengan dokter,2027-11-20,Tablet,,True,[]
7167,Afiabumin,Lainnya,80084.0,289,-,", dan Efek Samping"",""meta_description"":""Informasi lengkap obat Vitamin B Kompleks IPI; Harga, Manfaat, Dosis \u0026 Cara pakai, Kandungan, Efek Samping, dan lainnya di sini."",""meta_robots_index"":""index"",""meta_robots_follow"":""follow"",""type"":""obat"",""media_images"":[{""original"":""https://asset-cdn.medkom",Sesuai resep dokter,-,", dan Efek Samping"",""meta_description"":""Informasi lengkap obat Vitamin B Kompleks IPI; Harga, Manfaat, Dosis \u0026 Cara pakai, Kandungan, Efek Samping, dan lainnya di sini."",""meta_robots_index"":""index"",""meta_robots_follow"":""follow"",""type"":""obat"",""media_images"":[{""original"":""https://asset-cdn.medkom",Konsultasikan dengan dokter,2026-12-31,Tablet,,True,[]
7168,Afiafit,Lainnya,51458.0,153,-,"dan Efek Samping"" data-next-head=""""/>",Sesuai resep dokter,-,"dan Efek Samping"" data-next-head=""""/>",Konsultasikan dengan dokter,2027-06-30,Tablet,,True,[]
7169,Afiafit Slim,Lainnya,40800.0,181,-,"dan Cara Pemakaian"",""meta_description"":""Informasi lengkap obat Propolis SM; Harga, Manfaat, Dosis \u0026 Cara Pakai, Kandungan, Efek Samping, dan lainnya di sini."",""meta_robots_index"":""index"",""meta_robots_follow"":""follow"",""thumbnail_url"":""https://s3-publishing-cmn-svc-prd.s3.ap-southeast-1.amazonaws",Sesuai resep dokter,-,"dan Cara Pemakaian"",""meta_description"":""Informasi lengkap obat Propolis SM; Harga, Manfaat, Dosis \u0026 Cara Pakai, Kandungan, Efek Samping, dan lainnya di sini."",""meta_robots_index"":""index"",""meta_robots_follow"":""follow"",""thumbnail_url"":""https://s3-publishing-cmn-svc-prd.s3.ap-southeast-1.amazonaws",Konsultasikan dengan dokter,2027-06-30,Tablet,,True,[]
7170,Afiagin,Lainnya,46963.0,284,-,"dan Cara Pemakaian"",""meta_description"":""Informasi lengkap obat Propolis SM; Harga, Manfaat, Dosis \u0026 Cara Pakai, Kandungan, Efek Samping, dan lainnya di sini."",""meta_robots_index"":""index"",""meta_robots_follow"":""follow"",""thumbnail_url"":""https://s3-publishing-cmn-svc-prd.s3.ap-southeast-1.amazonaws",Sesuai resep dokter,-,"dan Cara Pemakaian"",""meta_description"":""Informasi lengkap obat Propolis SM; Harga, Manfaat, Dosis \u0026 Cara Pakai, Kandungan, Efek Samping, dan lainnya di sini."",""meta_robots_index"":""index"",""meta_robots_follow"":""follow"",""thumbnail_url"":""https://s3-publishing-cmn-svc-prd.s3.ap-southeast-1.amazonaws",Konsultasikan dengan dokter,2027-11-20,Tablet,,True,[]
7171,Afiamaagh,Lainnya,38402.0,222,-,"dan Cara Pemakaian"",""meta_description"":""Informasi lengkap obat Propolis SM; Harga, Manfaat, Dosis \u0026 Cara Pakai, Kandungan, Efek Samping, dan lainnya di sini."",""meta_robots_index"":""index"",""meta_robots_follow"":""follow"",""thumbnail_url"":""https://s3-publishing-cmn-svc-prd.s3.ap-southeast-1.amazonaws",Sesuai resep dokter,-,"dan Cara Pemakaian"",""meta_description"":""Informasi lengkap obat Propolis SM; Harga, Manfaat, Dosis \u0026 Cara Pakai, Kandungan, Efek Samping, dan lainnya di sini."",""meta_robots_index"":""index"",""meta_robots_follow"":""follow"",""thumbnail_url"":""https://s3-publishing-cmn-svc-prd.s3.ap-southeast-1.amazonaws",Konsultasikan dengan dokter,2028-03-15,Tablet,,True,[]
7172,Afiamorinda,Lainnya,79067.0,71,-,"dan Cara Pemakaian"",""meta_description"":""Informasi lengkap obat Propolis SM; Harga, Manfaat, Dosis \u0026 Cara Pakai, Kandungan, Efek Samping, dan lainnya di sini."",""meta_robots_index"":""index"",""meta_robots_follow"":""follow"",""thumbnail_url"":""https://s3-publishing-cmn-svc-prd.s3.ap-southeast-1.amazonaws",Sesuai resep dokter,-,"dan Cara Pemakaian"",""meta_description"":""Informasi lengkap obat Propolis SM; Harga, Manfaat, Dosis \u0026 Cara Pakai, Kandungan, Efek Samping, dan lainnya di sini."",""meta_robots_index"":""index"",""meta_robots_follow"":""follow"",""thumbnail_url"":""https://s3-publishing-cmn-svc-prd.s3.ap-southeast-1.amazonaws",Konsultasikan dengan dokter,2026-12-31,Tablet,,True,[]
7173,Afiapro,Lainnya,54322.0,118,-,"dan Cara Pemakaian"",""meta_description"":""Informasi lengkap obat Propolis SM; Harga, Manfaat, Dosis \u0026 Cara Pakai, Kandungan, Efek Samping, dan lainnya di sini."",""meta_robots_index"":""index"",""meta_robots_follow"":""follow"",""thumbnail_url"":""https://s3-publishing-cmn-svc-prd.s3.ap-southeast-1.amazonaws",Sesuai resep dokter,-,"dan Cara Pemakaian"",""meta_description"":""Informasi lengkap obat Propolis SM; Harga, Manfaat, Dosis \u0026 Cara Pakai, Kandungan, Efek Samping, dan lainnya di sini."",""meta_robots_index"":""index"",""meta_robots_follow"":""follow"",""thumbnail_url"":""https://s3-publishing-cmn-svc-prd.s3.ap-southeast-1.amazonaws",Konsultasikan dengan dokter,2026-12-31,Tablet,,True,[]
7174,Afibramol,Lainnya,52204.0,148,-,", Dosis &amp; Cara pakai, Kandungan, Efek Samping, dan lainnya di sini."" data-next-head=""""/>",Sesuai resep dokter,-,", Dosis &amp; Cara pakai, Kandungan, Efek Samping, dan lainnya di sini."" data-next-head=""""/>",Konsultasikan dengan dokter,2028-03-15,Tablet,,True,[]
7175,Aficitrin,Lainnya,36884.0,61,-,", Dosis, dan Efek Samping"",""meta_description"":""Informasi lengkap obat Combantrin; Harga, Manfaat, Dosis \u0026 Cara pakai, Kandungan, Efek Samping, dan lainnya di sini."",""meta_robots_index"":""index"",""meta_robots_follow"":""follow"",""thumbnail_url"":""https://s3-publishing-cmn-svc-prd.s3.ap-southeast-1.ama",Sesuai resep dokter,-,", Dosis, dan Efek Samping"",""meta_description"":""Informasi lengkap obat Combantrin; Harga, Manfaat, Dosis \u0026 Cara pakai, Kandungan, Efek Samping, dan lainnya di sini."",""meta_robots_index"":""index"",""meta_robots_follow"":""follow"",""thumbnail_url"":""https://s3-publishing-cmn-svc-prd.s3.ap-southeast-1.ama",Konsultasikan dengan dokter,2027-11-20,Tablet,,True,[]
7176,Afidol,Lainnya,21719.0,76,-,", Dosis, Cara Penggunaan dan Efek Samping"",""meta_description"":""Sanmol adalah obat yang mengandung paracetamol. Sanmol digunakan untuk mengobati demam dan meringankan sakit gigi serta meredakan sakit kepala."",""meta_robots_index"":""index"",""meta_robots_follow"":""follow"",""thumbnail_url"":""https://s3-publis",Sesuai resep dokter,-,", Dosis, Cara Penggunaan dan Efek Samping"",""meta_description"":""Sanmol adalah obat yang mengandung paracetamol. Sanmol digunakan untuk mengobati demam dan meringankan sakit gigi serta meredakan sakit kepala."",""meta_robots_index"":""index"",""meta_robots_follow"":""follow"",""thumbnail_url"":""https://s3-publis",Konsultasikan dengan dokter,2027-06-30,Tablet,,True,[]
7177,Afidryl Expectorant,Lainnya,68492.0,90,-,", Dosis, Cara Pakai dan Efek Samping"",""meta_description"":""Rhinos SR adalah obat untuk meredakan berbagai gejala terkait rhinitis alergi seperti bersin, hidung tersumbat. Cari tau Dosis \u0026 Cara pakai, Efek Samping, dan manfaat lainnya disini."",""meta_robots_index"":""index"",""meta_robots_follow"":""fol",Sesuai resep dokter,-,", Dosis, Cara Pakai dan Efek Samping"",""meta_description"":""Rhinos SR adalah obat untuk meredakan berbagai gejala terkait rhinitis alergi seperti bersin, hidung tersumbat. Cari tau Dosis \u0026 Cara pakai, Efek Samping, dan manfaat lainnya disini."",""meta_robots_index"":""index"",""meta_robots_follow"":""fol",Konsultasikan dengan dokter,2027-11-20,Tablet,,True,[]
7178,Afiflex,Lainnya,62333.0,100,-,", Dosis &amp; Cara minum, Kandungan, Efek Samping, dan lainnya di sini."" data-next-head=""""/>",Sesuai resep dokter,-,", Dosis &amp; Cara minum, Kandungan, Efek Samping, dan lainnya di sini."" data-next-head=""""/>",Konsultasikan dengan dokter,2028-03-15,Tablet,,True,[]
7179,Afitamol,Lainnya,68074.0,120,-,", Dosis, Cara Penggunaan dan Efek Samping"",""meta_description"":""Sanmol adalah obat yang mengandung paracetamol. Sanmol digunakan untuk mengobati demam dan meringankan sakit gigi serta meredakan sakit kepala."",""meta_robots_index"":""index"",""meta_robots_follow"":""follow"",""thumbnail_url"":""https://s3-publis",Sesuai resep dokter,-,", Dosis, Cara Penggunaan dan Efek Samping"",""meta_description"":""Sanmol adalah obat yang mengandung paracetamol. Sanmol digunakan untuk mengobati demam dan meringankan sakit gigi serta meredakan sakit kepala."",""meta_robots_index"":""index"",""meta_robots_follow"":""follow"",""thumbnail_url"":""https://s3-publis",Konsultasikan dengan dokter,2028-03-15,Tablet,,True,[]
7180,Afitson,Lainnya,77720.0,299,-,", Dosis &amp; Cara pakai, Kandungan, Efek Samping, dan lainnya di sini."" data-next-head=""""/>",Sesuai resep dokter,-,", Dosis &amp; Cara pakai, Kandungan, Efek Samping, dan lainnya di sini."" data-next-head=""""/>",Konsultasikan dengan dokter,2027-11-20,Tablet,https://s3-publishing-cmn-svc-prd.s3.ap-southeast-1.amazonaws.com/drugs/T1GGqbmAHhEox1yHEB6kU/original/OTS0019053.jpg,True,[]
7181,Aflucaps,Lainnya,58297.0,246,-,", Dosis &amp; Cara minum, Kandungan, Efek Samping, dan lainnya di sini."" data-next-head=""""/>",Sesuai resep dokter,-,", Dosis &amp; Cara minum, Kandungan, Efek Samping, dan lainnya di sini."" data-next-head=""""/>",Konsultasikan dengan dokter,2026-12-31,Tablet,,True,[]
7182,Afolat,Lainnya,27982.0,201,-,", Dosis &amp; Cara pakai, Kandungan, Efek Samping, dan lainnya di sini."" data-next-head=""""/>",Sesuai resep dokter,-,", Dosis &amp; Cara pakai, Kandungan, Efek Samping, dan lainnya di sini."" data-next-head=""""/>",Konsultasikan dengan dokter,2028-03-15,Tablet,https://s3-publishing-cmn-svc-prd.s3.ap-southeast-1.amazonaws.com/article/0kL33C1AQT00b4Qp4Ushm/original/1669706726-Afolat.jpg,True,[]
7183,Afomix,Lainnya,33717.0,90,-,", Dosis &amp; Cara Penggunaan, Cara penyimpanan, Efek Samping, dan lainnya di sini."" data-next-head=""""/>",Sesuai resep dokter,-,", Dosis &amp; Cara Penggunaan, Cara penyimpanan, Efek Samping, dan lainnya di sini."" data-next-head=""""/>",Konsultasikan dengan dokter,2027-11-20,Tablet,,True,[]
7184,Afrin,Lainnya,85733.0,158,-,", Dosis &amp; Cara minum, Kandungan, Efek Samping, dan lainnya di sini."" data-next-head=""""/>",Sesuai resep dokter,-,", Dosis &amp; Cara minum, Kandungan, Efek Samping, dan lainnya di sini."" data-next-head=""""/>",Konsultasikan dengan dokter,2028-03-15,Tablet,,True,[]
7185,Afrin Drop,Lainnya,46658.0,219,-,", Dosis &amp; Cara pakai, Kandungan, Efek Samping, dan lainnya di sini."" data-next-head=""""/>",Sesuai resep dokter,-,", Dosis &amp; Cara pakai, Kandungan, Efek Samping, dan lainnya di sini."" data-next-head=""""/>",Konsultasikan dengan dokter,2027-11-20,Tablet,,True,[]
7186,Afucid,Lainnya,74844.0,146,-,", Dosis &amp; Cara minum, Kandungan, Efek Samping, dan lainnya di sini."" data-next-head=""""/>",Sesuai resep dokter,-,", Dosis &amp; Cara minum, Kandungan, Efek Samping, dan lainnya di sini."" data-next-head=""""/>",Konsultasikan dengan dokter,2026-12-31,Tablet,,True,[]
7187,Agarillus Drop,Lainnya,42578.0,136,-,"dan Cara Pemakaian"",""meta_description"":""Informasi lengkap obat Propolis SM; Harga, Manfaat, Dosis \u0026 Cara Pakai, Kandungan, Efek Samping, dan lainnya di sini."",""meta_robots_index"":""index"",""meta_robots_follow"":""follow"",""thumbnail_url"":""https://s3-publishing-cmn-svc-prd.s3.ap-southeast-1.amazonaws",Sesuai resep dokter,-,"dan Cara Pemakaian"",""meta_description"":""Informasi lengkap obat Propolis SM; Harga, Manfaat, Dosis \u0026 Cara Pakai, Kandungan, Efek Samping, dan lainnya di sini."",""meta_robots_index"":""index"",""meta_robots_follow"":""follow"",""thumbnail_url"":""https://s3-publishing-cmn-svc-prd.s3.ap-southeast-1.amazonaws",Konsultasikan dengan dokter,2027-06-30,Tablet,,True,[]
7188,Aggravan,Lainnya,76239.0,243,-,", Dosis &amp; Cara pakai, Kandungan, Efek Samping, dan lainnya di sini."" data-next-head=""""/>",Sesuai resep dokter,-,", Dosis &amp; Cara pakai, Kandungan, Efek Samping, dan lainnya di sini."" data-next-head=""""/>",Konsultasikan dengan dokter,2028-03-15,Tablet,,True,[]
7189,Agrelano,Lainnya,39520.0,111,-,", Dosis, dan Efek Samping"",""slug"":""candesartan-cilexetil-manfaat-dosis-dan-efek-samping"",""short_desc"":"" Candesartan Cilexetil adalah obat untuk menurunkan tekanan darah tinggi dan mengobati gagal jantung."",""url"":""obat-jantung/candesartan-cilexetil-manfaat-dosis-dan-efek-samping"",""amp_url"":"""",""canoni",Sesuai resep dokter,-,", Dosis, dan Efek Samping"",""slug"":""candesartan-cilexetil-manfaat-dosis-dan-efek-samping"",""short_desc"":"" Candesartan Cilexetil adalah obat untuk menurunkan tekanan darah tinggi dan mengobati gagal jantung."",""url"":""obat-jantung/candesartan-cilexetil-manfaat-dosis-dan-efek-samping"",""amp_url"":"""",""canoni",Konsultasikan dengan dokter,2026-12-31,Tablet,,True,[]
7190,Agrippin,Lainnya,32395.0,175,-,", Dosis &amp; Cara pakai, Kandungan, Efek Samping, dan lainnya di sini."" data-next-head=""""/>",Sesuai resep dokter,-,", Dosis &amp; Cara pakai, Kandungan, Efek Samping, dan lainnya di sini."" data-next-head=""""/>",Konsultasikan dengan dokter,2027-11-20,Tablet,,True,[]
7191,Agrylin,Lainnya,39990.0,60,-,"dan Efek Samping"" data-next-head=""""/>",Sesuai resep dokter,-,"dan Efek Samping"" data-next-head=""""/>",Konsultasikan dengan dokter,2028-03-15,Tablet,,True,[]
7192,AHFC,Lainnya,75649.0,209,-,", Dosis &amp; Cara Penggunaan, Cara Penyimpanan, Efek Samping, dan lainnya di sini."" data-next-head=""""/>",Sesuai resep dokter,-,", Dosis &amp; Cara Penggunaan, Cara Penyimpanan, Efek Samping, dan lainnya di sini."" data-next-head=""""/>",Konsultasikan dengan dokter,2027-06-30,Tablet,,True,[]
7193,Ailin,Lainnya,21054.0,152,-,", Dosis &amp; Cara minum, Kandungan, Efek Samping, dan lainnya di sini."" data-next-head=""""/>",Sesuai resep dokter,-,", Dosis &amp; Cara minum, Kandungan, Efek Samping, dan lainnya di sini."" data-next-head=""""/>",Konsultasikan dengan dokter,2026-12-31,Tablet,,True,[]
7194,Airborne,Lainnya,52728.0,164,-,", Dosis &amp; Cara pakai, Kandungan, Efek Samping, dan lainnya di sini."" data-next-head=""""/>",Sesuai resep dokter,-,", Dosis &amp; Cara pakai, Kandungan, Efek Samping, dan lainnya di sini."" data-next-head=""""/>",Konsultasikan dengan dokter,2027-11-20,Tablet,,True,[]
7195,Aito,Lainnya,93158.0,172,-,", Dosis, dan Efek Samping"",""meta_description"":""Cendo Protagenta adalah obat tetes mata steril dengan kandungan Polyvinylpyrrolidone yang digunakan untuk mengatasi mata kering dan iritasi mata."",""meta_robots_index"":""index"",""meta_robots_follow"":""follow"",""thumbnail_url"":""https://s3-publishing-cmn-svc-p",Sesuai resep dokter,-,", Dosis, dan Efek Samping"",""meta_description"":""Cendo Protagenta adalah obat tetes mata steril dengan kandungan Polyvinylpyrrolidone yang digunakan untuk mengatasi mata kering dan iritasi mata."",""meta_robots_index"":""index"",""meta_robots_follow"":""follow"",""thumbnail_url"":""https://s3-publishing-cmn-svc-p",Konsultasikan dengan dokter,2027-11-20,Tablet,https://s3-publishing-cmn-svc-prd.s3.ap-southeast-1.amazonaws.com/drugs/VgnJ46ke8WsJgjMRiE45f/original/qmhugss63i3c8ryqot2e4jd6u6b18tuk.png,True,[]
7196,Akilen,Lainnya,39824.0,137,-,", Dosis &amp; Cara pakai, Kandungan, Efek Samping, dan lainnya di sini."" data-next-head=""""/>",Sesuai resep dokter,-,", Dosis &amp; Cara pakai, Kandungan, Efek Samping, dan lainnya di sini."" data-next-head=""""/>",Konsultasikan dengan dokter,2027-11-20,Tablet,,True,[]
7197,Akita,Lainnya,28250.0,50,-,", Dosis &amp; Cara pakai, Kandungan, Efek Samping, dan lainnya di sini."" data-next-head=""""/>",Sesuai resep dokter,-,", Dosis &amp; Cara pakai, Kandungan, Efek Samping, dan lainnya di sini."" data-next-head=""""/>",Konsultasikan dengan dokter,2027-11-20,Tablet,https://s3-publishing-cmn-svc-prd.s3.ap-southeast-1.amazonaws.com/article/MhS7Zo-9JuJNeH7rsyzqh/original/1662608621-Membedakan%20Diare%20Akut%20dan%20Diare%20Kronis.jpg,True,[]
7198,Aknil,Lainnya,87939.0,220,-,", Dosis &amp; Cara minum, Kandungan, Efek Samping, dan lainnya di sini."" data-next-head=""""/>",Sesuai resep dokter,-,", Dosis &amp; Cara minum, Kandungan, Efek Samping, dan lainnya di sini."" data-next-head=""""/>",Konsultasikan dengan dokter,2027-11-20,Tablet,,True,[]
7199,Akta-Vol,Lainnya,49809.0,227,-,", dan Efek Samping"",""meta_description"":""Informasi lengkap obat Vitamin B Kompleks IPI; Harga, Manfaat, Dosis \u0026 Cara pakai, Kandungan, Efek Samping, dan lainnya di sini."",""meta_robots_index"":""index"",""meta_robots_follow"":""follow"",""type"":""obat"",""media_images"":[{""original"":""https://asset-cdn.medkom",Sesuai resep dokter,-,", dan Efek Samping"",""meta_description"":""Informasi lengkap obat Vitamin B Kompleks IPI; Harga, Manfaat, Dosis \u0026 Cara pakai, Kandungan, Efek Samping, dan lainnya di sini."",""meta_robots_index"":""index"",""meta_robots_follow"":""follow"",""type"":""obat"",""media_images"":[{""original"":""https://asset-cdn.medkom",Konsultasikan dengan dokter,2028-03-15,Tablet,,True,[]
7200,Aktoralin,Lainnya,68215.0,234,-,", Dosis, dan Efek Samping"",""meta_description"":""Informasi lengkap obat Yusimox; Harga, Manfaat, Dosis \u0026 Cara pakai, Kandungan, Efek Samping, dan lainnya di sini."",""meta_robots_index"":""index"",""meta_robots_follow"":""follow"",""thumbnail_url"":""https://s3-publishing-cmn-svc-prd.s3.ap-southeast-1.amazon",Sesuai resep dokter,-,", Dosis, dan Efek Samping"",""meta_description"":""Informasi lengkap obat Yusimox; Harga, Manfaat, Dosis \u0026 Cara pakai, Kandungan, Efek Samping, dan lainnya di sini."",""meta_robots_index"":""index"",""meta_robots_follow"":""follow"",""thumbnail_url"":""https://s3-publishing-cmn-svc-prd.s3.ap-southeast-1.amazon",Konsultasikan dengan dokter,2027-11-20,Tablet,,True,[]
7201,Al-Jazira Sari Kurma,Lainnya,76337.0,143,-,", Dosis &amp; Cara minum, Kandungan, Efek Samping, dan lainnya di sini."" data-next-head=""""/>",Sesuai resep dokter,-,", Dosis &amp; Cara minum, Kandungan, Efek Samping, dan lainnya di sini."" data-next-head=""""/>",Konsultasikan dengan dokter,2026-12-31,Tablet,,True,[]
7202,Ala 600,Lainnya,87618.0,220,-,", Dosis &amp; Cara pakai, Kandungan, Efek Samping, dan lainnya di sini."" data-next-head=""""/>",Sesuai resep dokter,-,", Dosis &amp; Cara pakai, Kandungan, Efek Samping, dan lainnya di sini."" data-next-head=""""/>",Konsultasikan dengan dokter,2027-06-30,Tablet,,True,[]
7203,Alabetic,Lainnya,72084.0,199,-,", Dosis &amp; Cara minum, Kandungan, Efek Samping, dan lainnya di sini."" data-next-head=""""/>",Sesuai resep dokter,-,", Dosis &amp; Cara minum, Kandungan, Efek Samping, dan lainnya di sini."" data-next-head=""""/>",Konsultasikan dengan dokter,2027-06-30,Tablet,,True,[]
7204,Alaxan FR,Lainnya,47015.0,205,-,", Dosis &amp; Cara pakai, Kandungan, Efek Samping, dan lainnya di sini."" data-next-head=""""/>",Sesuai resep dokter,-,", Dosis &amp; Cara pakai, Kandungan, Efek Samping, dan lainnya di sini."" data-next-head=""""/>",Konsultasikan dengan dokter,2028-03-15,Tablet,https://s3-publishing-cmn-svc-prd.s3.ap-southeast-1.amazonaws.com/article/S6Mtfi0Tcd3SZ5LXU4tK5/original/1675058182-Untitled%20design%20%2822%29.jpg,True,[]
7205,Albapure 20,Lainnya,76181.0,107,-,"Dosis, Efek Samping"",""meta_description"":""NaCl adalah larutan garam sterili, yang dapat digunakan untuk infus pengganti cairan tubuh yang hilang,"",""meta_robots_index"":""index"",""meta_robots_follow"":""follow"",""thumbnail_url"":""https://s3-publishing-cmn-svc-prd.s3.ap-southeast-1.amazonaws.com/drugs/lUy7IvK",Sesuai resep dokter,-,"Dosis, Efek Samping"",""meta_description"":""NaCl adalah larutan garam sterili, yang dapat digunakan untuk infus pengganti cairan tubuh yang hilang,"",""meta_robots_index"":""index"",""meta_robots_follow"":""follow"",""thumbnail_url"":""https://s3-publishing-cmn-svc-prd.s3.ap-southeast-1.amazonaws.com/drugs/lUy7IvK",Konsultasikan dengan dokter,2026-12-31,Tablet,,True,[]
7206,Albavance F,Lainnya,77113.0,248,-,", Dosis, Cara Penggunaan dan Efek Samping"",""meta_description"":""Ingin tau Gentamicin obat apa, cari tau Manfaat, Dosis \u0026 Cara pakai, Kandungan, Efek Samping, dan lainnya di sini."",""meta_robots_index"":""index"",""meta_robots_follow"":""follow"",""thumbnail_url"":""https://s3-publishing-cmn-svc-prd.s3.ap-s",Sesuai resep dokter,-,", Dosis, Cara Penggunaan dan Efek Samping"",""meta_description"":""Ingin tau Gentamicin obat apa, cari tau Manfaat, Dosis \u0026 Cara pakai, Kandungan, Efek Samping, dan lainnya di sini."",""meta_robots_index"":""index"",""meta_robots_follow"":""follow"",""thumbnail_url"":""https://s3-publishing-cmn-svc-prd.s3.ap-s",Konsultasikan dengan dokter,2027-11-20,Tablet,,True,[]
7207,Albendazole,Lainnya,40457.0,146,-,", Dosis &amp; Cara pakai, Kandungan, Efek Samping, dan lainnya di sini."" data-next-head=""""/>",Sesuai resep dokter,-,", Dosis &amp; Cara pakai, Kandungan, Efek Samping, dan lainnya di sini."" data-next-head=""""/>",Konsultasikan dengan dokter,2026-12-31,Tablet,https://s3-publishing-cmn-svc-prd.s3.ap-southeast-1.amazonaws.com/drugs/a8pNsrqpofV2FZzKoRc1g/original/1660873780-OBT0005095.jpg,True,[]
7208,Albetas,Lainnya,58810.0,69,-,"dan Cara Pemakaian"",""meta_description"":""Informasi lengkap obat Propolis SM; Harga, Manfaat, Dosis \u0026 Cara Pakai, Kandungan, Efek Samping, dan lainnya di sini."",""meta_robots_index"":""index"",""meta_robots_follow"":""follow"",""thumbnail_url"":""https://s3-publishing-cmn-svc-prd.s3.ap-southeast-1.amazonaws",Sesuai resep dokter,-,"dan Cara Pemakaian"",""meta_description"":""Informasi lengkap obat Propolis SM; Harga, Manfaat, Dosis \u0026 Cara Pakai, Kandungan, Efek Samping, dan lainnya di sini."",""meta_robots_index"":""index"",""meta_robots_follow"":""follow"",""thumbnail_url"":""https://s3-publishing-cmn-svc-prd.s3.ap-southeast-1.amazonaws",Konsultasikan dengan dokter,2027-06-30,Tablet,,True,[]
7209,Albibet Al Biruni,Lainnya,32274.0,251,-,"dan Cara Pemakaian"",""meta_description"":""Informasi lengkap obat Propolis SM; Harga, Manfaat, Dosis \u0026 Cara Pakai, Kandungan, Efek Samping, dan lainnya di sini."",""meta_robots_index"":""index"",""meta_robots_follow"":""follow"",""thumbnail_url"":""https://s3-publishing-cmn-svc-prd.s3.ap-southeast-1.amazonaws",Sesuai resep dokter,-,"dan Cara Pemakaian"",""meta_description"":""Informasi lengkap obat Propolis SM; Harga, Manfaat, Dosis \u0026 Cara Pakai, Kandungan, Efek Samping, dan lainnya di sini."",""meta_robots_index"":""index"",""meta_robots_follow"":""follow"",""thumbnail_url"":""https://s3-publishing-cmn-svc-prd.s3.ap-southeast-1.amazonaws",Konsultasikan dengan dokter,2027-11-20,Tablet,,True,[]
7210,Albimah,Lainnya,62166.0,110,-,"dan Cara Pemakaian"",""meta_description"":""Informasi lengkap obat Propolis SM; Harga, Manfaat, Dosis \u0026 Cara Pakai, Kandungan, Efek Samping, dan lainnya di sini."",""meta_robots_index"":""index"",""meta_robots_follow"":""follow"",""thumbnail_url"":""https://s3-publishing-cmn-svc-prd.s3.ap-southeast-1.amazonaws",Sesuai resep dokter,-,"dan Cara Pemakaian"",""meta_description"":""Informasi lengkap obat Propolis SM; Harga, Manfaat, Dosis \u0026 Cara Pakai, Kandungan, Efek Samping, dan lainnya di sini."",""meta_robots_index"":""index"",""meta_robots_follow"":""follow"",""thumbnail_url"":""https://s3-publishing-cmn-svc-prd.s3.ap-southeast-1.amazonaws",Konsultasikan dengan dokter,2027-06-30,Tablet,,True,[]
7211,Albiotin,Lainnya,21417.0,158,-,", Dosis &amp; Cara minum, Kandungan, Efek Samping, dan lainnya di sini."" data-next-head=""""/>",Sesuai resep dokter,-,", Dosis &amp; Cara minum, Kandungan, Efek Samping, dan lainnya di sini."" data-next-head=""""/>",Konsultasikan dengan dokter,2026-12-31,Tablet,,True,[]
7212,Albisam,Lainnya,50485.0,68,-,"dan Cara Pemakaian"",""meta_description"":""Informasi lengkap obat Propolis SM; Harga, Manfaat, Dosis \u0026 Cara Pakai, Kandungan, Efek Samping, dan lainnya di sini."",""meta_robots_index"":""index"",""meta_robots_follow"":""follow"",""thumbnail_url"":""https://s3-publishing-cmn-svc-prd.s3.ap-southeast-1.amazonaws",Sesuai resep dokter,-,"dan Cara Pemakaian"",""meta_description"":""Informasi lengkap obat Propolis SM; Harga, Manfaat, Dosis \u0026 Cara Pakai, Kandungan, Efek Samping, dan lainnya di sini."",""meta_robots_index"":""index"",""meta_robots_follow"":""follow"",""thumbnail_url"":""https://s3-publishing-cmn-svc-prd.s3.ap-southeast-1.amazonaws",Konsultasikan dengan dokter,2027-11-20,Tablet,,True,[]
7213,Albistrok,Lainnya,43756.0,160,-,"dan Cara Pemakaian"",""meta_description"":""Informasi lengkap obat Propolis SM; Harga, Manfaat, Dosis \u0026 Cara Pakai, Kandungan, Efek Samping, dan lainnya di sini."",""meta_robots_index"":""index"",""meta_robots_follow"":""follow"",""thumbnail_url"":""https://s3-publishing-cmn-svc-prd.s3.ap-southeast-1.amazonaws",Sesuai resep dokter,-,"dan Cara Pemakaian"",""meta_description"":""Informasi lengkap obat Propolis SM; Harga, Manfaat, Dosis \u0026 Cara Pakai, Kandungan, Efek Samping, dan lainnya di sini."",""meta_robots_index"":""index"",""meta_robots_follow"":""follow"",""thumbnail_url"":""https://s3-publishing-cmn-svc-prd.s3.ap-southeast-1.amazonaws",Konsultasikan dengan dokter,2028-03-15,Tablet,,True,[]
7214,Albizon,Lainnya,65436.0,194,-,"dan Cara Pemakaian"",""meta_description"":""Informasi lengkap obat Propolis SM; Harga, Manfaat, Dosis \u0026 Cara Pakai, Kandungan, Efek Samping, dan lainnya di sini."",""meta_robots_index"":""index"",""meta_robots_follow"":""follow"",""thumbnail_url"":""https://s3-publishing-cmn-svc-prd.s3.ap-southeast-1.amazonaws",Sesuai resep dokter,-,"dan Cara Pemakaian"",""meta_description"":""Informasi lengkap obat Propolis SM; Harga, Manfaat, Dosis \u0026 Cara Pakai, Kandungan, Efek Samping, dan lainnya di sini."",""meta_robots_index"":""index"",""meta_robots_follow"":""follow"",""thumbnail_url"":""https://s3-publishing-cmn-svc-prd.s3.ap-southeast-1.amazonaws",Konsultasikan dengan dokter,2026-12-31,Tablet,,True,[]
7215,Alboost,Lainnya,46235.0,271,-,"dan Cara Pemakaian"",""meta_description"":""Informasi lengkap obat Propolis SM; Harga, Manfaat, Dosis \u0026 Cara Pakai, Kandungan, Efek Samping, dan lainnya di sini."",""meta_robots_index"":""index"",""meta_robots_follow"":""follow"",""thumbnail_url"":""https://s3-publishing-cmn-svc-prd.s3.ap-southeast-1.amazonaws",Sesuai resep dokter,-,"dan Cara Pemakaian"",""meta_description"":""Informasi lengkap obat Propolis SM; Harga, Manfaat, Dosis \u0026 Cara Pakai, Kandungan, Efek Samping, dan lainnya di sini."",""meta_robots_index"":""index"",""meta_robots_follow"":""follow"",""thumbnail_url"":""https://s3-publishing-cmn-svc-prd.s3.ap-southeast-1.amazonaws",Konsultasikan dengan dokter,2026-12-31,Tablet,,True,[]
7216,Albothyl,Lainnya,83103.0,130,-,", Dosis &amp; Cara minum, Kandungan, Efek Samping, dan lainnya di sini."" data-next-head=""""/>",Sesuai resep dokter,-,", Dosis &amp; Cara minum, Kandungan, Efek Samping, dan lainnya di sini."" data-next-head=""""/>",Konsultasikan dengan dokter,2027-11-20,Tablet,https://s3-publishing-cmn-svc-prd.s3.ap-southeast-1.amazonaws.com/drugs/L470pesPC-QfWt8AuEecs/original/drv1jsotk6vbxjgg1rstqibeu5iozk8z.png,True,[]
7217,Albu G,Lainnya,36157.0,238,-,", Dosis &amp; Cara pakai, Kandungan, Efek Samping, dan lainnya di sini."" data-next-head=""""/>",Sesuai resep dokter,-,", Dosis &amp; Cara pakai, Kandungan, Efek Samping, dan lainnya di sini."" data-next-head=""""/>",Konsultasikan dengan dokter,2027-06-30,Tablet,https://s3-publishing-cmn-svc-prd.s3.ap-southeast-1.amazonaws.com/article/RKGL5HhWlhGUoTwNpKniD/original/010483000_1635933366-Perhatikan_Ini_Sebelum_Minum_Obat_Histigo_untuk_Atasi_Meniere.jpg,True,[]
7218,Albucare,Lainnya,82530.0,105,-,"dan Cara Pemakaian"",""meta_description"":""Informasi lengkap obat Propolis SM; Harga, Manfaat, Dosis \u0026 Cara Pakai, Kandungan, Efek Samping, dan lainnya di sini."",""meta_robots_index"":""index"",""meta_robots_follow"":""follow"",""thumbnail_url"":""https://s3-publishing-cmn-svc-prd.s3.ap-southeast-1.amazonaws",Sesuai resep dokter,-,"dan Cara Pemakaian"",""meta_description"":""Informasi lengkap obat Propolis SM; Harga, Manfaat, Dosis \u0026 Cara Pakai, Kandungan, Efek Samping, dan lainnya di sini."",""meta_robots_index"":""index"",""meta_robots_follow"":""follow"",""thumbnail_url"":""https://s3-publishing-cmn-svc-prd.s3.ap-southeast-1.amazonaws",Konsultasikan dengan dokter,2026-12-31,Tablet,,True,[]
7219,Albuforce,Lainnya,41888.0,226,-,", Dosis &amp; Cara minum, Kandungan, Efek Samping, dan lainnya di sini."" data-next-head=""""/>",Sesuai resep dokter,-,", Dosis &amp; Cara minum, Kandungan, Efek Samping, dan lainnya di sini."" data-next-head=""""/>",Konsultasikan dengan dokter,2027-11-20,Tablet,,True,[]
7220,Albuforce Plus,Lainnya,96067.0,228,-,", Dosis, dan Efek Samping"" data-next-head=""""/>",Sesuai resep dokter,-,", Dosis, dan Efek Samping"" data-next-head=""""/>",Konsultasikan dengan dokter,2027-06-30,Tablet,https://s3-publishing-cmn-svc-prd.s3.ap-southeast-1.amazonaws.com/drugs/Qq2tWtlYnHqWlDyCjZ2WD/original/rfth3akk0tsyruokkgnz374337gidi7g.png,True,[]
7221,Albuga,Lainnya,85168.0,185,-,"dan Cara Pemakaian"",""meta_description"":""Informasi lengkap obat Propolis SM; Harga, Manfaat, Dosis \u0026 Cara Pakai, Kandungan, Efek Samping, dan lainnya di sini."",""meta_robots_index"":""index"",""meta_robots_follow"":""follow"",""thumbnail_url"":""https://s3-publishing-cmn-svc-prd.s3.ap-southeast-1.amazonaws",Sesuai resep dokter,-,"dan Cara Pemakaian"",""meta_description"":""Informasi lengkap obat Propolis SM; Harga, Manfaat, Dosis \u0026 Cara Pakai, Kandungan, Efek Samping, dan lainnya di sini."",""meta_robots_index"":""index"",""meta_robots_follow"":""follow"",""thumbnail_url"":""https://s3-publishing-cmn-svc-prd.s3.ap-southeast-1.amazonaws",Konsultasikan dengan dokter,2028-03-15,Tablet,,True,[]
7222,Albugold,Lainnya,78451.0,219,-,"dan Cara Pemakaian"",""meta_description"":""Informasi lengkap obat Propolis SM; Harga, Manfaat, Dosis \u0026 Cara Pakai, Kandungan, Efek Samping, dan lainnya di sini."",""meta_robots_index"":""index"",""meta_robots_follow"":""follow"",""thumbnail_url"":""https://s3-publishing-cmn-svc-prd.s3.ap-southeast-1.amazonaws",Sesuai resep dokter,-,"dan Cara Pemakaian"",""meta_description"":""Informasi lengkap obat Propolis SM; Harga, Manfaat, Dosis \u0026 Cara Pakai, Kandungan, Efek Samping, dan lainnya di sini."",""meta_robots_index"":""index"",""meta_robots_follow"":""follow"",""thumbnail_url"":""https://s3-publishing-cmn-svc-prd.s3.ap-southeast-1.amazonaws",Konsultasikan dengan dokter,2027-06-30,Tablet,,True,[]
7223,Albuminar,Lainnya,26948.0,268,-,"Dosis, Efek Samping"",""meta_description"":""NaCl adalah larutan garam sterili, yang dapat digunakan untuk infus pengganti cairan tubuh yang hilang,"",""meta_robots_index"":""index"",""meta_robots_follow"":""follow"",""thumbnail_url"":""https://s3-publishing-cmn-svc-prd.s3.ap-southeast-1.amazonaws.com/drugs/lUy7IvK",Sesuai resep dokter,-,"Dosis, Efek Samping"",""meta_description"":""NaCl adalah larutan garam sterili, yang dapat digunakan untuk infus pengganti cairan tubuh yang hilang,"",""meta_robots_index"":""index"",""meta_robots_follow"":""follow"",""thumbnail_url"":""https://s3-publishing-cmn-svc-prd.s3.ap-southeast-1.amazonaws.com/drugs/lUy7IvK",Konsultasikan dengan dokter,2028-03-15,Tablet,,True,[]
7224,Albuminchil,Lainnya,21438.0,184,-,"dan Cara Pemakaian"",""meta_description"":""Informasi lengkap obat Propolis SM; Harga, Manfaat, Dosis \u0026 Cara Pakai, Kandungan, Efek Samping, dan lainnya di sini."",""meta_robots_index"":""index"",""meta_robots_follow"":""follow"",""thumbnail_url"":""https://s3-publishing-cmn-svc-prd.s3.ap-southeast-1.amazonaws",Sesuai resep dokter,-,"dan Cara Pemakaian"",""meta_description"":""Informasi lengkap obat Propolis SM; Harga, Manfaat, Dosis \u0026 Cara Pakai, Kandungan, Efek Samping, dan lainnya di sini."",""meta_robots_index"":""index"",""meta_robots_follow"":""follow"",""thumbnail_url"":""https://s3-publishing-cmn-svc-prd.s3.ap-southeast-1.amazonaws",Konsultasikan dengan dokter,2028-03-15,Tablet,,True,[]
7225,Albumino,Lainnya,81303.0,184,-,"dan Cara Pemakaian"",""meta_description"":""Informasi lengkap obat Propolis SM; Harga, Manfaat, Dosis \u0026 Cara Pakai, Kandungan, Efek Samping, dan lainnya di sini."",""meta_robots_index"":""index"",""meta_robots_follow"":""follow"",""thumbnail_url"":""https://s3-publishing-cmn-svc-prd.s3.ap-southeast-1.amazonaws",Sesuai resep dokter,-,"dan Cara Pemakaian"",""meta_description"":""Informasi lengkap obat Propolis SM; Harga, Manfaat, Dosis \u0026 Cara Pakai, Kandungan, Efek Samping, dan lainnya di sini."",""meta_robots_index"":""index"",""meta_robots_follow"":""follow"",""thumbnail_url"":""https://s3-publishing-cmn-svc-prd.s3.ap-southeast-1.amazonaws",Konsultasikan dengan dokter,2027-11-20,Tablet,,True,[]
7226,Albus Kapsul,Lainnya,85369.0,266,-,"dan Cara Pemakaian"",""meta_description"":""Informasi lengkap obat Propolis SM; Harga, Manfaat, Dosis \u0026 Cara Pakai, Kandungan, Efek Samping, dan lainnya di sini."",""meta_robots_index"":""index"",""meta_robots_follow"":""follow"",""thumbnail_url"":""https://s3-publishing-cmn-svc-prd.s3.ap-southeast-1.amazonaws",Sesuai resep dokter,-,"dan Cara Pemakaian"",""meta_description"":""Informasi lengkap obat Propolis SM; Harga, Manfaat, Dosis \u0026 Cara Pakai, Kandungan, Efek Samping, dan lainnya di sini."",""meta_robots_index"":""index"",""meta_robots_follow"":""follow"",""thumbnail_url"":""https://s3-publishing-cmn-svc-prd.s3.ap-southeast-1.amazonaws",Konsultasikan dengan dokter,2027-11-20,Kapsul,,True,[]
7227,Albusmin,Lainnya,77792.0,124,jamu Albusmin terbuat dari,", Dosis, dan Efek Samping"" data-next-head=""""/>",Sesuai resep dokter,jamu Albusmin terbuat dari,", Dosis, dan Efek Samping"" data-next-head=""""/>",Konsultasikan dengan dokter,2027-06-30,Tablet,https://s3-publishing-cmn-svc-prd.s3.ap-southeast-1.amazonaws.com/drugs/bxP95F03gHazzUZ-6Gdl5/original/5069j04o229futq4cfxdnfhggnybm8le.png,True,[]
7228,Albuvit,Lainnya,47278.0,166,-,"dan Efek Samping"" data-next-head=""""/>",Sesuai resep dokter,-,"dan Efek Samping"" data-next-head=""""/>",Konsultasikan dengan dokter,2027-06-30,Tablet,,True,[]
7229,Albuzay,Lainnya,53753.0,134,-,"dan Cara Pemakaian"",""meta_description"":""Informasi lengkap obat Propolis SM; Harga, Manfaat, Dosis \u0026 Cara Pakai, Kandungan, Efek Samping, dan lainnya di sini."",""meta_robots_index"":""index"",""meta_robots_follow"":""follow"",""thumbnail_url"":""https://s3-publishing-cmn-svc-prd.s3.ap-southeast-1.amazonaws",Sesuai resep dokter,-,"dan Cara Pemakaian"",""meta_description"":""Informasi lengkap obat Propolis SM; Harga, Manfaat, Dosis \u0026 Cara Pakai, Kandungan, Efek Samping, dan lainnya di sini."",""meta_robots_index"":""index"",""meta_robots_follow"":""follow"",""thumbnail_url"":""https://s3-publishing-cmn-svc-prd.s3.ap-southeast-1.amazonaws",Konsultasikan dengan dokter,2028-03-15,Tablet,,True,[]
7230,Albuzen,Lainnya,54245.0,140,-,"dan Cara Pemakaian"",""meta_description"":""Informasi lengkap obat Propolis SM; Harga, Manfaat, Dosis \u0026 Cara Pakai, Kandungan, Efek Samping, dan lainnya di sini."",""meta_robots_index"":""index"",""meta_robots_follow"":""follow"",""thumbnail_url"":""https://s3-publishing-cmn-svc-prd.s3.ap-southeast-1.amazonaws",Sesuai resep dokter,-,"dan Cara Pemakaian"",""meta_description"":""Informasi lengkap obat Propolis SM; Harga, Manfaat, Dosis \u0026 Cara Pakai, Kandungan, Efek Samping, dan lainnya di sini."",""meta_robots_index"":""index"",""meta_robots_follow"":""follow"",""thumbnail_url"":""https://s3-publishing-cmn-svc-prd.s3.ap-southeast-1.amazonaws",Konsultasikan dengan dokter,2027-06-30,Tablet,,True,[]
7231,Alcet,Lainnya,27386.0,51,-,", Dosis, dan Efek Samping"",""meta_description"":""Proxona adalah obat dengan kandungan dexchlorpheniramine maleate dan dexamethasone untuk meringankan gejala alergi dan radang. Ini manfaat, harga, dosis, efek sampingnya."",""meta_robots_index"":""index"",""meta_robots_follow"":""follow"",""thumbnail_url"":""https:",Sesuai resep dokter,-,", Dosis, dan Efek Samping"",""meta_description"":""Proxona adalah obat dengan kandungan dexchlorpheniramine maleate dan dexamethasone untuk meringankan gejala alergi dan radang. Ini manfaat, harga, dosis, efek sampingnya."",""meta_robots_index"":""index"",""meta_robots_follow"":""follow"",""thumbnail_url"":""https:",Konsultasikan dengan dokter,2027-11-20,Tablet,,True,[]
7232,Alco,Lainnya,68437.0,200,-,", Dosis &amp; Cara minum, Kandungan, Efek Samping, dan lainnya di sini."" data-next-head=""""/>",Sesuai resep dokter,-,", Dosis &amp; Cara minum, Kandungan, Efek Samping, dan lainnya di sini."" data-next-head=""""/>",Konsultasikan dengan dokter,2027-11-20,Tablet,,True,[]
7233,Alco Plus,Lainnya,87752.0,242,-,", Dosis &amp; Cara minum, Kandungan, Efek Samping, dan lainnya di sini."" data-next-head=""""/>",Sesuai resep dokter,-,", Dosis &amp; Cara minum, Kandungan, Efek Samping, dan lainnya di sini."" data-next-head=""""/>",Konsultasikan dengan dokter,2028-03-15,Tablet,,True,[]
7234,Alco Plus DMP,Lainnya,95982.0,209,-,", Dosis &amp; Cara pakai, Kandungan, Efek Samping, dan lainnya di sini."" data-next-head=""""/>",Sesuai resep dokter,-,", Dosis &amp; Cara pakai, Kandungan, Efek Samping, dan lainnya di sini."" data-next-head=""""/>",Konsultasikan dengan dokter,2026-12-31,Tablet,,True,[]
7235,Alcon Tears Naturale II,Lainnya,75324.0,262,-,", Dosis &amp; Cara minum, Kandungan, Efek Samping, dan lainnya di sini."" data-next-head=""""/>",Sesuai resep dokter,-,", Dosis &amp; Cara minum, Kandungan, Efek Samping, dan lainnya di sini."" data-next-head=""""/>",Konsultasikan dengan dokter,2027-11-20,Tablet,,True,[]
7236,Aldactone,Lainnya,55439.0,77,-,", Dosis, dan Efek Samping"",""meta_description"":""Mediresix adalah obat yang mengandung furosemide untuk mengatasi hipertensi dan pembengkakan pada jaringan. Ini dosis minum, manfaat, dan efek sampingnya."",""meta_robots_index"":""index"",""meta_robots_follow"":""follow"",""thumbnail_url"":""https://s3-publishing-",Sesuai resep dokter,-,", Dosis, dan Efek Samping"",""meta_description"":""Mediresix adalah obat yang mengandung furosemide untuk mengatasi hipertensi dan pembengkakan pada jaringan. Ini dosis minum, manfaat, dan efek sampingnya."",""meta_robots_index"":""index"",""meta_robots_follow"":""follow"",""thumbnail_url"":""https://s3-publishing-",Konsultasikan dengan dokter,2028-03-15,Tablet,,True,[]
7237,Aldisa SR,Lainnya,32315.0,245,-,", dan Cara Menggunakann",Sesuai resep dokter,-,", dan Cara Menggunakann",Konsultasikan dengan dokter,2028-03-15,Tablet,https://s3-publishing-cmn-svc-prd.s3.ap-southeast-1.amazonaws.com/drugs/iY1Jwg1Okva6OjcobAYzp/original/v4gllu1gl2q1dre2hy5s4q7pwtvk4q1s.png,True,[]
7238,Aldomer,Lainnya,72646.0,161,-,", Dosis, dan Efek Samping"",""meta_description"":""Clorilex adalah obat dengan kandungan clozapine yang menjadi terapi Skizofrenia terutama pada pasien yang tidak responsif terhadap neuroleptik klasik."",""meta_robots_index"":""index"",""meta_robots_follow"":""follow"",""thumbnail_url"":""https://s3-publishing-cmn-",Sesuai resep dokter,-,", Dosis, dan Efek Samping"",""meta_description"":""Clorilex adalah obat dengan kandungan clozapine yang menjadi terapi Skizofrenia terutama pada pasien yang tidak responsif terhadap neuroleptik klasik."",""meta_robots_index"":""index"",""meta_robots_follow"":""follow"",""thumbnail_url"":""https://s3-publishing-cmn-",Konsultasikan dengan dokter,2027-11-20,Tablet,,True,[]
7239,Alegat,Lainnya,37327.0,198,-,"dan Cara Pemakaian"",""meta_description"":""Informasi lengkap obat Propolis SM; Harga, Manfaat, Dosis \u0026 Cara Pakai, Kandungan, Efek Samping, dan lainnya di sini."",""meta_robots_index"":""index"",""meta_robots_follow"":""follow"",""thumbnail_url"":""https://s3-publishing-cmn-svc-prd.s3.ap-southeast-1.amazonaws",Sesuai resep dokter,-,"dan Cara Pemakaian"",""meta_description"":""Informasi lengkap obat Propolis SM; Harga, Manfaat, Dosis \u0026 Cara Pakai, Kandungan, Efek Samping, dan lainnya di sini."",""meta_robots_index"":""index"",""meta_robots_follow"":""follow"",""thumbnail_url"":""https://s3-publishing-cmn-svc-prd.s3.ap-southeast-1.amazonaws",Konsultasikan dengan dokter,2027-11-20,Tablet,,True,[]
7240,Alegi,Lainnya,81565.0,123,-,", Dosis &amp; Cara minum, Kandungan, Efek Samping, dan lainnya di sini."" data-next-head=""""/>",Sesuai resep dokter,-,", Dosis &amp; Cara minum, Kandungan, Efek Samping, dan lainnya di sini."" data-next-head=""""/>",Konsultasikan dengan dokter,2028-03-15,Tablet,,True,[]
7241,Alegysal,Lainnya,79806.0,108,-,", Dosis &amp; Cara minum, Kandungan, Efek Samping, dan lainnya di sini."" data-next-head=""""/>",Sesuai resep dokter,-,", Dosis &amp; Cara minum, Kandungan, Efek Samping, dan lainnya di sini."" data-next-head=""""/>",Konsultasikan dengan dokter,2028-03-15,Tablet,,True,[]
7242,Alena,Lainnya,92782.0,62,-,"dan Efek Samping"" data-next-head=""""/>",Sesuai resep dokter,-,"dan Efek Samping"" data-next-head=""""/>",Konsultasikan dengan dokter,2028-03-15,Tablet,,True,[]
7243,Alendion,Lainnya,96272.0,223,-,", Dosis, Cara Penggunaan dan Efek Samping"",""meta_description"":""Ingin tau Gentamicin obat apa, cari tau Manfaat, Dosis \u0026 Cara pakai, Kandungan, Efek Samping, dan lainnya di sini."",""meta_robots_index"":""index"",""meta_robots_follow"":""follow"",""thumbnail_url"":""https://s3-publishing-cmn-svc-prd.s3.ap-s",Sesuai resep dokter,-,", Dosis, Cara Penggunaan dan Efek Samping"",""meta_description"":""Ingin tau Gentamicin obat apa, cari tau Manfaat, Dosis \u0026 Cara pakai, Kandungan, Efek Samping, dan lainnya di sini."",""meta_robots_index"":""index"",""meta_robots_follow"":""follow"",""thumbnail_url"":""https://s3-publishing-cmn-svc-prd.s3.ap-s",Konsultasikan dengan dokter,2027-11-20,Tablet,,True,[]
7244,Alerdex,Lainnya,74263.0,232,-,"dan Efek Samping"" data-next-head=""""/>",Sesuai resep dokter,-,"dan Efek Samping"" data-next-head=""""/>",Konsultasikan dengan dokter,2027-11-20,Tablet,,True,[]
7245,Alerfed,Lainnya,81861.0,85,-,"dan Efek Samping"" data-next-head=""""/>",Sesuai resep dokter,-,"dan Efek Samping"" data-next-head=""""/>",Konsultasikan dengan dokter,2028-03-15,Tablet,,True,[]
7246,Alergine,Lainnya,51541.0,173,-,", Dosis &amp; Cara pakai, Kandungan, Efek Samping, dan lainnya di sini."" data-next-head=""""/>",Sesuai resep dokter,-,", Dosis &amp; Cara pakai, Kandungan, Efek Samping, dan lainnya di sini."" data-next-head=""""/>",Konsultasikan dengan dokter,2027-06-30,Tablet,,True,[]
7247,Alergo,Lainnya,61280.0,273,-,"dan Cara Pemakaian"",""meta_description"":""Informasi lengkap obat Propolis SM; Harga, Manfaat, Dosis \u0026 Cara Pakai, Kandungan, Efek Samping, dan lainnya di sini."",""meta_robots_index"":""index"",""meta_robots_follow"":""follow"",""thumbnail_url"":""https://s3-publishing-cmn-svc-prd.s3.ap-southeast-1.amazonaws",Sesuai resep dokter,-,"dan Cara Pemakaian"",""meta_description"":""Informasi lengkap obat Propolis SM; Harga, Manfaat, Dosis \u0026 Cara Pakai, Kandungan, Efek Samping, dan lainnya di sini."",""meta_robots_index"":""index"",""meta_robots_follow"":""follow"",""thumbnail_url"":""https://s3-publishing-cmn-svc-prd.s3.ap-southeast-1.amazonaws",Konsultasikan dengan dokter,2027-06-30,Tablet,,True,[]
7248,Alermax,Lainnya,62727.0,177,-,", Dosis &amp; Cara pakai, Kandungan, Efek Samping, dan lainnya di sini."" data-next-head=""""/>",Sesuai resep dokter,-,", Dosis &amp; Cara pakai, Kandungan, Efek Samping, dan lainnya di sini."" data-next-head=""""/>",Konsultasikan dengan dokter,2028-03-15,Tablet,https://s3-publishing-cmn-svc-prd.s3.ap-southeast-1.amazonaws.com/drugs/aZ2ykZ2RKIxZ9-Qhb9cpi/original/1667310000-Alermax.jpg,True,[]
7249,Alernitis,Lainnya,57042.0,123,-,", Dosis &amp; Cara pakai, Kandungan, Efek Samping, dan lainnya di sini."" data-next-head=""""/>",Sesuai resep dokter,-,", Dosis &amp; Cara pakai, Kandungan, Efek Samping, dan lainnya di sini."" data-next-head=""""/>",Konsultasikan dengan dokter,2027-11-20,Tablet,,True,[]
7250,Alernox,Lainnya,26816.0,180,-,", Dosis, dan Efek Samping"",""meta_description"":""Proxona adalah obat dengan kandungan dexchlorpheniramine maleate dan dexamethasone untuk meringankan gejala alergi dan radang. Ini manfaat, harga, dosis, efek sampingnya."",""meta_robots_index"":""index"",""meta_robots_follow"":""follow"",""thumbnail_url"":""https:",Sesuai resep dokter,-,", Dosis, dan Efek Samping"",""meta_description"":""Proxona adalah obat dengan kandungan dexchlorpheniramine maleate dan dexamethasone untuk meringankan gejala alergi dan radang. Ini manfaat, harga, dosis, efek sampingnya."",""meta_robots_index"":""index"",""meta_robots_follow"":""follow"",""thumbnail_url"":""https:",Konsultasikan dengan dokter,2026-12-31,Tablet,,True,[]
7251,Aleros,Lainnya,68598.0,209,-,", Dosis &amp; Cara pakai, Kandungan, Efek Samping, dan lainnya di sini."" data-next-head=""""/>",Sesuai resep dokter,-,", Dosis &amp; Cara pakai, Kandungan, Efek Samping, dan lainnya di sini."" data-next-head=""""/>",Konsultasikan dengan dokter,2027-06-30,Tablet,,True,[]
7252,Alfabio,Lainnya,56911.0,166,-,", Dosis &amp; Cara pakai, Kandungan, Efek Samping, dan lainnya di sini."" data-next-head=""""/>",Sesuai resep dokter,-,", Dosis &amp; Cara pakai, Kandungan, Efek Samping, dan lainnya di sini."" data-next-head=""""/>",Konsultasikan dengan dokter,2027-06-30,Tablet,,True,[]
7253,Alfentanil,Lainnya,45440.0,206,-,", Dosis &amp; Cara pakai, Kandungan, Efek Samping, dan lainnya di sini."" data-next-head=""""/>",Sesuai resep dokter,-,", Dosis &amp; Cara pakai, Kandungan, Efek Samping, dan lainnya di sini."" data-next-head=""""/>",Konsultasikan dengan dokter,2027-06-30,Tablet,https://s3-publishing-cmn-svc-prd.s3.ap-southeast-1.amazonaws.com/article/UWKWWN2QKNVgNiNjHD3n8/original/031074700_1630911825-Bahaya-Suntik-Sabu-Lewat-Anus.jpg,True,[]
7254,Alfidon,Lainnya,83110.0,92,-,", Dosis, Cara Penggunaan dan Efek Samping"",""meta_description"":""Sanmol adalah obat yang mengandung paracetamol. Sanmol digunakan untuk mengobati demam dan meringankan sakit gigi serta meredakan sakit kepala."",""meta_robots_index"":""index"",""meta_robots_follow"":""follow"",""thumbnail_url"":""https://s3-publis",Sesuai resep dokter,-,", Dosis, Cara Penggunaan dan Efek Samping"",""meta_description"":""Sanmol adalah obat yang mengandung paracetamol. Sanmol digunakan untuk mengobati demam dan meringankan sakit gigi serta meredakan sakit kepala."",""meta_robots_index"":""index"",""meta_robots_follow"":""follow"",""thumbnail_url"":""https://s3-publis",Konsultasikan dengan dokter,2026-12-31,Tablet,,True,[]
7255,Algabi,Lainnya,48765.0,164,-,"dan Cara Pemakaian"",""meta_description"":""Informasi lengkap obat Propolis SM; Harga, Manfaat, Dosis \u0026 Cara Pakai, Kandungan, Efek Samping, dan lainnya di sini."",""meta_robots_index"":""index"",""meta_robots_follow"":""follow"",""thumbnail_url"":""https://s3-publishing-cmn-svc-prd.s3.ap-southeast-1.amazonaws",Sesuai resep dokter,-,"dan Cara Pemakaian"",""meta_description"":""Informasi lengkap obat Propolis SM; Harga, Manfaat, Dosis \u0026 Cara Pakai, Kandungan, Efek Samping, dan lainnya di sini."",""meta_robots_index"":""index"",""meta_robots_follow"":""follow"",""thumbnail_url"":""https://s3-publishing-cmn-svc-prd.s3.ap-southeast-1.amazonaws",Konsultasikan dengan dokter,2026-12-31,Tablet,,True,[]
7256,Alganax,Lainnya,55738.0,284,-,", Dosis &amp; Cara pakai, Kandungan, Efek Samping, dan lainnya di sini."" data-next-head=""""/>",Sesuai resep dokter,-,", Dosis &amp; Cara pakai, Kandungan, Efek Samping, dan lainnya di sini."" data-next-head=""""/>",Konsultasikan dengan dokter,2028-03-15,Tablet,https://s3-publishing-cmn-svc-prd.s3.ap-southeast-1.amazonaws.com/article/4MNGMFaipTUTu-rcg-2Gg/original/1669707468-Alganax.jpg,True,[]
7257,"Algisite M -  Manfaat, Dosis, dan Efek Samping",Lainnya,77324.0,271,-,", Dosis, dan Efek Samping"" data-next-head=""""/>",Sesuai resep dokter,-,", Dosis, dan Efek Samping"" data-next-head=""""/>",Konsultasikan dengan dokter,2027-06-30,Tablet,,True,[]
7258,Alicron,Lainnya,51894.0,249,-,", dan Efek Samping"",""meta_description"":""Informasi lengkap obat Vitamin B Kompleks IPI; Harga, Manfaat, Dosis \u0026 Cara pakai, Kandungan, Efek Samping, dan lainnya di sini."",""meta_robots_index"":""index"",""meta_robots_follow"":""follow"",""type"":""obat"",""media_images"":[{""original"":""https://asset-cdn.medkom",Sesuai resep dokter,-,", dan Efek Samping"",""meta_description"":""Informasi lengkap obat Vitamin B Kompleks IPI; Harga, Manfaat, Dosis \u0026 Cara pakai, Kandungan, Efek Samping, dan lainnya di sini."",""meta_robots_index"":""index"",""meta_robots_follow"":""follow"",""type"":""obat"",""media_images"":[{""original"":""https://asset-cdn.medkom",Konsultasikan dengan dokter,2027-11-20,Tablet,,True,[]
7259,Alif,Lainnya,42580.0,119,-,", Dosis, Cara Pakai dan Efek Samping"",""meta_description"":""Tramadol adalah obat untuk mengatasi nyeri yang bersifat sedang hingga berat. Cari tau Dosis \u0026 Cara pakai, Efek Samping, dan lainnya di sini."",""meta_robots_index"":""index"",""meta_robots_follow"":""follow"",""thumbnail_url"":""https://s3-publish",Sesuai resep dokter,-,", Dosis, Cara Pakai dan Efek Samping"",""meta_description"":""Tramadol adalah obat untuk mengatasi nyeri yang bersifat sedang hingga berat. Cari tau Dosis \u0026 Cara pakai, Efek Samping, dan lainnya di sini."",""meta_robots_index"":""index"",""meta_robots_follow"":""follow"",""thumbnail_url"":""https://s3-publish",Konsultasikan dengan dokter,2027-06-30,Tablet,,True,[]
7260,Alinamin,Lainnya,65598.0,177,-,", Dosis &amp; Cara pakai, Kandungan, Efek Samping, dan lainnya di sini."" data-next-head=""""/>",Sesuai resep dokter,-,", Dosis &amp; Cara pakai, Kandungan, Efek Samping, dan lainnya di sini."" data-next-head=""""/>",Konsultasikan dengan dokter,2027-06-30,Tablet,https://s3-publishing-cmn-svc-prd.s3.ap-southeast-1.amazonaws.com/article/EnPmH1jt8aAOnBiEzVyes/original/085167100_1591259803-Minum-Obat-shutterstock_465772172.jpg,True,[]
7261,Alinesia,Lainnya,36834.0,179,-,"dan Cara Pemakaian"",""meta_description"":""Informasi lengkap obat Propolis SM; Harga, Manfaat, Dosis \u0026 Cara Pakai, Kandungan, Efek Samping, dan lainnya di sini."",""meta_robots_index"":""index"",""meta_robots_follow"":""follow"",""thumbnail_url"":""https://s3-publishing-cmn-svc-prd.s3.ap-southeast-1.amazonaws",Sesuai resep dokter,-,"dan Cara Pemakaian"",""meta_description"":""Informasi lengkap obat Propolis SM; Harga, Manfaat, Dosis \u0026 Cara Pakai, Kandungan, Efek Samping, dan lainnya di sini."",""meta_robots_index"":""index"",""meta_robots_follow"":""follow"",""thumbnail_url"":""https://s3-publishing-cmn-svc-prd.s3.ap-southeast-1.amazonaws",Konsultasikan dengan dokter,2026-12-31,Tablet,,True,[]
7262,Alkanzu,Lainnya,22310.0,64,-,"dan Cara Pemakaian"",""meta_description"":""Informasi lengkap obat Propolis SM; Harga, Manfaat, Dosis \u0026 Cara Pakai, Kandungan, Efek Samping, dan lainnya di sini."",""meta_robots_index"":""index"",""meta_robots_follow"":""follow"",""thumbnail_url"":""https://s3-publishing-cmn-svc-prd.s3.ap-southeast-1.amazonaws",Sesuai resep dokter,-,"dan Cara Pemakaian"",""meta_description"":""Informasi lengkap obat Propolis SM; Harga, Manfaat, Dosis \u0026 Cara Pakai, Kandungan, Efek Samping, dan lainnya di sini."",""meta_robots_index"":""index"",""meta_robots_follow"":""follow"",""thumbnail_url"":""https://s3-publishing-cmn-svc-prd.s3.ap-southeast-1.amazonaws",Konsultasikan dengan dokter,2026-12-31,Tablet,,True,[]
7263,Allergen,Lainnya,78046.0,118,-,", Dosis &amp; Cara pakai, Kandungan, Efek Samping, dan lainnya di sini."" data-next-head=""""/>",Sesuai resep dokter,-,", Dosis &amp; Cara pakai, Kandungan, Efek Samping, dan lainnya di sini."" data-next-head=""""/>",Konsultasikan dengan dokter,2027-06-30,Tablet,https://s3-publishing-cmn-svc-prd.s3.ap-southeast-1.amazonaws.com/article/pfoQgDmwqQPgLM--PkqRV/original/026561400_1589787048-Mata-Berair-atau-Epifora-shutterstock_773116984.jpg,True,[]
7264,Allerin Expectorant,Lainnya,58573.0,275,-,", Dosis, Cara Pakai dan Efek Samping"",""meta_description"":""Rhinos SR adalah obat untuk meredakan berbagai gejala terkait rhinitis alergi seperti bersin, hidung tersumbat. Cari tau Dosis \u0026 Cara pakai, Efek Samping, dan manfaat lainnya disini."",""meta_robots_index"":""index"",""meta_robots_follow"":""fol",Sesuai resep dokter,-,", Dosis, Cara Pakai dan Efek Samping"",""meta_description"":""Rhinos SR adalah obat untuk meredakan berbagai gejala terkait rhinitis alergi seperti bersin, hidung tersumbat. Cari tau Dosis \u0026 Cara pakai, Efek Samping, dan manfaat lainnya disini."",""meta_robots_index"":""index"",""meta_robots_follow"":""fol",Konsultasikan dengan dokter,2027-06-30,Tablet,,True,[]
7265,Alleron,Lainnya,72254.0,207,-,", Dosis &amp; Cara pakai, Kandungan, Efek Samping, dan lainnya di sini."" data-next-head=""""/>",Sesuai resep dokter,-,", Dosis &amp; Cara pakai, Kandungan, Efek Samping, dan lainnya di sini."" data-next-head=""""/>",Konsultasikan dengan dokter,2028-03-15,Tablet,https://s3-publishing-cmn-svc-prd.s3.ap-southeast-1.amazonaws.com/drugs/t97muwt83huTYPZ7iQXFF/original/OBT0005142.jpg,True,[]
7266,Alletrol,Lainnya,94717.0,236,-,", Dosis &amp; Cara pakai, Kandungan, Efek Samping, dan lainnya di sini."" data-next-head=""""/>",Sesuai resep dokter,-,", Dosis &amp; Cara pakai, Kandungan, Efek Samping, dan lainnya di sini."" data-next-head=""""/>",Konsultasikan dengan dokter,2026-12-31,Tablet,https://s3-publishing-cmn-svc-prd.s3.ap-southeast-1.amazonaws.com/article/JUzNsNrAqeD2JAS9aUDZp/original/1664493026-Obat%20Tetes%20Mata.jpg,True,[]
7267,Allevyn Adhesive,Lainnya,42605.0,190,-,", Dosis &amp; Cara pakai, Kandungan, Efek Samping, dan lainnya di sini."" data-next-head=""""/>",Sesuai resep dokter,-,", Dosis &amp; Cara pakai, Kandungan, Efek Samping, dan lainnya di sini."" data-next-head=""""/>",Konsultasikan dengan dokter,2027-06-30,Tablet,,True,[]
7268,Allevyn Adhesive Foam Dressing Plus Cavity,Lainnya,34653.0,70,-,", Dosis &amp; Cara pakai, dan lainnya di sini."" data-next-head=""""/>",Sesuai resep dokter,-,", Dosis &amp; Cara pakai, dan lainnya di sini."" data-next-head=""""/>",Konsultasikan dengan dokter,2026-12-31,Tablet,,True,[]
7269,Allevyn Non-Adhesive,Lainnya,96650.0,69,-,", Dosis &amp; Cara minum, Kandungan, Efek Samping, dan lainnya di sini."" data-next-head=""""/>",Sesuai resep dokter,-,", Dosis &amp; Cara minum, Kandungan, Efek Samping, dan lainnya di sini."" data-next-head=""""/>",Konsultasikan dengan dokter,2027-11-20,Tablet,,True,[]
7270,Allogon,Lainnya,56034.0,254,-,", Dosis, Cara Pakai dan Efek Samping"",""meta_description"":""Tramadol adalah obat untuk mengatasi nyeri yang bersifat sedang hingga berat. Cari tau Dosis \u0026 Cara pakai, Efek Samping, dan lainnya di sini."",""meta_robots_index"":""index"",""meta_robots_follow"":""follow"",""thumbnail_url"":""https://s3-publish",Sesuai resep dokter,-,", Dosis, Cara Pakai dan Efek Samping"",""meta_description"":""Tramadol adalah obat untuk mengatasi nyeri yang bersifat sedang hingga berat. Cari tau Dosis \u0026 Cara pakai, Efek Samping, dan lainnya di sini."",""meta_robots_index"":""index"",""meta_robots_follow"":""follow"",""thumbnail_url"":""https://s3-publish",Konsultasikan dengan dokter,2026-12-31,Tablet,,True,[]
7271,Allohex,Lainnya,46187.0,146,-,", Dosis &amp; Cara pakai, Kandungan, Efek Samping, dan lainnya di sini."" data-next-head=""""/>",Sesuai resep dokter,-,", Dosis &amp; Cara pakai, Kandungan, Efek Samping, dan lainnya di sini."" data-next-head=""""/>",Konsultasikan dengan dokter,2027-11-20,Tablet,,True,[]
7272,Allopurinol,Lainnya,67340.0,88,-,", Dosis &amp; Cara pakai, Kandungan, Efek Samping, dan lainnya di sini."" data-next-head=""""/>",Sesuai resep dokter,-,", Dosis &amp; Cara pakai, Kandungan, Efek Samping, dan lainnya di sini."" data-next-head=""""/>",Konsultasikan dengan dokter,2028-03-15,Tablet,https://s3-publishing-cmn-svc-prd.s3.ap-southeast-1.amazonaws.com/drugs/acAz9i1rGTV0CUkLcrRjg/original/OBT0005167.jpg,True,[]
7273,Alloris,Lainnya,86612.0,121,-,", Dosis &amp; Cara pakai, Kandungan, Efek Samping, dan lainnya di sini."" data-next-head=""""/>",Sesuai resep dokter,-,", Dosis &amp; Cara pakai, Kandungan, Efek Samping, dan lainnya di sini."" data-next-head=""""/>",Konsultasikan dengan dokter,2027-06-30,Tablet,https://s3-publishing-cmn-svc-prd.s3.ap-southeast-1.amazonaws.com/article/ePODm7CUj1J-yqVRXC3Ix/original/1678159733-obat%20gatal%20alami%20yang%20ampuh.jpg,True,[]
7274,Alluric,Lainnya,87018.0,261,-,", Dosis &amp; Cara minum, Kandungan, Efek Samping, dan lainnya di sini."" data-next-head=""""/>",Sesuai resep dokter,-,", Dosis &amp; Cara minum, Kandungan, Efek Samping, dan lainnya di sini."" data-next-head=""""/>",Konsultasikan dengan dokter,2027-11-20,Tablet,https://s3-publishing-cmn-svc-prd.s3.ap-southeast-1.amazonaws.com/drugs/WjDEZfX-51cmym2-KM5VB/original/1660876127-OBT0000012.JPG,True,[]
7275,Allus,Lainnya,61152.0,82,-,"dan Cara Pemakaian"",""meta_description"":""Informasi lengkap obat Propolis SM; Harga, Manfaat, Dosis \u0026 Cara Pakai, Kandungan, Efek Samping, dan lainnya di sini."",""meta_robots_index"":""index"",""meta_robots_follow"":""follow"",""thumbnail_url"":""https://s3-publishing-cmn-svc-prd.s3.ap-southeast-1.amazonaws",Sesuai resep dokter,-,"dan Cara Pemakaian"",""meta_description"":""Informasi lengkap obat Propolis SM; Harga, Manfaat, Dosis \u0026 Cara Pakai, Kandungan, Efek Samping, dan lainnya di sini."",""meta_robots_index"":""index"",""meta_robots_follow"":""follow"",""thumbnail_url"":""https://s3-publishing-cmn-svc-prd.s3.ap-southeast-1.amazonaws",Konsultasikan dengan dokter,2027-06-30,Tablet,,True,[]
7276,Allylestrenol,Lainnya,63059.0,225,-,", Dosis, dan Efek Samping"" data-next-head=""""/>",Sesuai resep dokter,-,", Dosis, dan Efek Samping"" data-next-head=""""/>",Konsultasikan dengan dokter,2028-03-15,Tablet,https://s3-publishing-cmn-svc-prd.s3.ap-southeast-1.amazonaws.com/article/wRxqHRNdrf-qZAmYPT4Xa/original/027122100_1638251871-Penyebab_dan_Cara_Mengatasi_Apnea_of_Prematurity.jpg,True,[]
7277,Almacon,Lainnya,90566.0,286,-,", Dosis &amp; Cara minum, Kandungan, Efek Samping, dan lainnya di sini."" data-next-head=""""/>",Sesuai resep dokter,-,", Dosis &amp; Cara minum, Kandungan, Efek Samping, dan lainnya di sini."" data-next-head=""""/>",Konsultasikan dengan dokter,2026-12-31,Tablet,,True,[]
7278,Almayra Resik Wajah,Lainnya,27018.0,81,-,"dan Cara Pemakaian"",""meta_description"":""Informasi lengkap obat Propolis SM; Harga, Manfaat, Dosis \u0026 Cara Pakai, Kandungan, Efek Samping, dan lainnya di sini."",""meta_robots_index"":""index"",""meta_robots_follow"":""follow"",""thumbnail_url"":""https://s3-publishing-cmn-svc-prd.s3.ap-southeast-1.amazonaws",Sesuai resep dokter,-,"dan Cara Pemakaian"",""meta_description"":""Informasi lengkap obat Propolis SM; Harga, Manfaat, Dosis \u0026 Cara Pakai, Kandungan, Efek Samping, dan lainnya di sini."",""meta_robots_index"":""index"",""meta_robots_follow"":""follow"",""thumbnail_url"":""https://s3-publishing-cmn-svc-prd.s3.ap-southeast-1.amazonaws",Konsultasikan dengan dokter,2028-03-15,Tablet,,True,[]
7279,Almen,Lainnya,21246.0,177,-,"dan Efek Samping"" data-next-head=""""/>",Sesuai resep dokter,-,"dan Efek Samping"" data-next-head=""""/>",Konsultasikan dengan dokter,2026-12-31,Tablet,,True,[]
7280,Aloclair Plus,Lainnya,28350.0,218,-,", Dosis &amp; Cara pakai, Kandungan, Efek Samping, dan lainnya di sini."" data-next-head=""""/>",Sesuai resep dokter,-,", Dosis &amp; Cara pakai, Kandungan, Efek Samping, dan lainnya di sini."" data-next-head=""""/>",Konsultasikan dengan dokter,2027-11-20,Tablet,https://s3-publishing-cmn-svc-prd.s3.ap-southeast-1.amazonaws.com/article/ZIGS5kIqtH1YGjz_fR2p0/original/o1mur86yajv9m6kjbbxhez8lnry7otkm.jpg,True,[]
7281,Alodan,Lainnya,77036.0,151,-,", Dosis &amp; Cara pakai, Kandungan, Efek Samping, dan lainnya di sini."" data-next-head=""""/>",Sesuai resep dokter,-,", Dosis &amp; Cara pakai, Kandungan, Efek Samping, dan lainnya di sini."" data-next-head=""""/>",Konsultasikan dengan dokter,2027-06-30,Tablet,,True,[]
7282,Alofar,Lainnya,58968.0,186,-,", Dosis &amp; Cara pakai, Kandungan, Efek Samping, dan lainnya di sini."" data-next-head=""""/>",Sesuai resep dokter,-,", Dosis &amp; Cara pakai, Kandungan, Efek Samping, dan lainnya di sini."" data-next-head=""""/>",Konsultasikan dengan dokter,2028-03-15,Tablet,,True,[]
7283,Alopros,Lainnya,32648.0,211,-,", Dosis &amp; Cara pakai, Kandungan, Efek Samping, dan lainnya di sini."" data-next-head=""""/>",Sesuai resep dokter,-,", Dosis &amp; Cara pakai, Kandungan, Efek Samping, dan lainnya di sini."" data-next-head=""""/>",Konsultasikan dengan dokter,2027-06-30,Tablet,,True,[]
7284,Alostil,Lainnya,96459.0,83,-,", Dosis &amp; Cara Penggunaan, Cara Penyimpanan, Efek Samping, dan lainnya di sini."" data-next-head=""""/>",Sesuai resep dokter,-,", Dosis &amp; Cara Penggunaan, Cara Penyimpanan, Efek Samping, dan lainnya di sini."" data-next-head=""""/>",Konsultasikan dengan dokter,2027-06-30,Tablet,,True,[]
7285,Alostop,Lainnya,82298.0,288,-,", dan Efek Samping"",""meta_description"":""Informasi lengkap obat Vitamin B Kompleks IPI; Harga, Manfaat, Dosis \u0026 Cara pakai, Kandungan, Efek Samping, dan lainnya di sini."",""meta_robots_index"":""index"",""meta_robots_follow"":""follow"",""type"":""obat"",""media_images"":[{""original"":""https://asset-cdn.medkom",Sesuai resep dokter,-,", dan Efek Samping"",""meta_description"":""Informasi lengkap obat Vitamin B Kompleks IPI; Harga, Manfaat, Dosis \u0026 Cara pakai, Kandungan, Efek Samping, dan lainnya di sini."",""meta_robots_index"":""index"",""meta_robots_follow"":""follow"",""type"":""obat"",""media_images"":[{""original"":""https://asset-cdn.medkom",Konsultasikan dengan dokter,2027-11-20,Tablet,,True,[]
7286,Alovell,Lainnya,80664.0,168,-,", Dosis &amp; Cara minum, Kandungan, Efek Samping, dan lainnya di sini."" data-next-head=""""/>",Sesuai resep dokter,-,", Dosis &amp; Cara minum, Kandungan, Efek Samping, dan lainnya di sini."" data-next-head=""""/>",Konsultasikan dengan dokter,2028-03-15,Tablet,,True,[]
7287,Aloxid,Lainnya,31947.0,161,-,"dan Efek Samping"" data-next-head=""""/>",Sesuai resep dokter,-,"dan Efek Samping"" data-next-head=""""/>",Konsultasikan dengan dokter,2026-12-31,Tablet,,True,[]
7288,Alpara,Lainnya,56014.0,189,-,", Dosis &amp; Cara pakai, Kandungan, Efek Samping, dan lainnya di sini."" data-next-head=""""/>",Sesuai resep dokter,-,", Dosis &amp; Cara pakai, Kandungan, Efek Samping, dan lainnya di sini."" data-next-head=""""/>",Konsultasikan dengan dokter,2027-06-30,Tablet,https://s3-publishing-cmn-svc-prd.s3.ap-southeast-1.amazonaws.com/article/TUuufbwfxZYWraqWxEqSn/original/023120500_1638439548-Membedakan_Gejala_Flu_dan_Tanda_Awal_Kehamilan.jpg,True,[]
7289,Alpentin,Lainnya,68840.0,280,-,Alpentin adalah sebagai terapi tambahan pada&nbsp;,Sesuai resep dokter,-,Alpentin adalah sebagai terapi tambahan pada&nbsp;,Konsultasikan dengan dokter,2028-03-15,Tablet,https://s3-publishing-cmn-svc-prd.s3.ap-southeast-1.amazonaws.com/drugs/l5aFZwilIyvW2a854Rc9O/original/OBT0005182.jpg,True,[]
7290,Alpha Gamat,Lainnya,82203.0,268,-,"dan Cara Pemakaian"",""meta_description"":""Informasi lengkap obat Propolis SM; Harga, Manfaat, Dosis \u0026 Cara Pakai, Kandungan, Efek Samping, dan lainnya di sini."",""meta_robots_index"":""index"",""meta_robots_follow"":""follow"",""thumbnail_url"":""https://s3-publishing-cmn-svc-prd.s3.ap-southeast-1.amazonaws",Sesuai resep dokter,-,"dan Cara Pemakaian"",""meta_description"":""Informasi lengkap obat Propolis SM; Harga, Manfaat, Dosis \u0026 Cara Pakai, Kandungan, Efek Samping, dan lainnya di sini."",""meta_robots_index"":""index"",""meta_robots_follow"":""follow"",""thumbnail_url"":""https://s3-publishing-cmn-svc-prd.s3.ap-southeast-1.amazonaws",Konsultasikan dengan dokter,2027-11-20,Tablet,,True,[]
7291,Alpha Lipid Colostem,Lainnya,41009.0,165,-,", dan Efek Samping"",""meta_description"":""Informasi lengkap obat Vitamin B Kompleks IPI; Harga, Manfaat, Dosis \u0026 Cara pakai, Kandungan, Efek Samping, dan lainnya di sini."",""meta_robots_index"":""index"",""meta_robots_follow"":""follow"",""type"":""obat"",""media_images"":[{""original"":""https://asset-cdn.medkom",Sesuai resep dokter,-,", dan Efek Samping"",""meta_description"":""Informasi lengkap obat Vitamin B Kompleks IPI; Harga, Manfaat, Dosis \u0026 Cara pakai, Kandungan, Efek Samping, dan lainnya di sini."",""meta_robots_index"":""index"",""meta_robots_follow"":""follow"",""type"":""obat"",""media_images"":[{""original"":""https://asset-cdn.medkom",Konsultasikan dengan dokter,2027-11-20,Tablet,,True,[]
7292,Alphamol,Lainnya,44715.0,151,-,", Dosis &amp; Cara minum, Kandungan, Efek Samping, dan lainnya di sini."" data-next-head=""""/>",Sesuai resep dokter,-,", Dosis &amp; Cara minum, Kandungan, Efek Samping, dan lainnya di sini."" data-next-head=""""/>",Konsultasikan dengan dokter,2027-11-20,Tablet,,True,[]
7293,Alprazolam,Lainnya,38611.0,191,-,", Dosis &amp; Cara pakai, Kandungan, Efek Samping, dan lainnya di sini."" data-next-head=""""/>",Sesuai resep dokter,-,", Dosis &amp; Cara pakai, Kandungan, Efek Samping, dan lainnya di sini."" data-next-head=""""/>",Konsultasikan dengan dokter,2026-12-31,Tablet,,True,[]
7294,Alpukin,Lainnya,66676.0,276,-,"dan Cara Pemakaian"",""meta_description"":""Informasi lengkap obat Propolis SM; Harga, Manfaat, Dosis \u0026 Cara Pakai, Kandungan, Efek Samping, dan lainnya di sini."",""meta_robots_index"":""index"",""meta_robots_follow"":""follow"",""thumbnail_url"":""https://s3-publishing-cmn-svc-prd.s3.ap-southeast-1.amazonaws",Sesuai resep dokter,-,"dan Cara Pemakaian"",""meta_description"":""Informasi lengkap obat Propolis SM; Harga, Manfaat, Dosis \u0026 Cara Pakai, Kandungan, Efek Samping, dan lainnya di sini."",""meta_robots_index"":""index"",""meta_robots_follow"":""follow"",""thumbnail_url"":""https://s3-publishing-cmn-svc-prd.s3.ap-southeast-1.amazonaws",Konsultasikan dengan dokter,2026-12-31,Tablet,,True,[]
7295,Altadis,Lainnya,68052.0,58,-,", Dosis &amp; Cara minum, Kandungan, Efek Samping, dan lainnya di sini."" data-next-head=""""/>",Sesuai resep dokter,-,", Dosis &amp; Cara minum, Kandungan, Efek Samping, dan lainnya di sini."" data-next-head=""""/>",Konsultasikan dengan dokter,2027-11-20,Tablet,,True,[]
7296,Altofen,Lainnya,78951.0,144,-,", Dosis, Cara Pakai dan Efek Samping"",""meta_description"":""Tramadol adalah obat untuk mengatasi nyeri yang bersifat sedang hingga berat. Cari tau Dosis \u0026 Cara pakai, Efek Samping, dan lainnya di sini."",""meta_robots_index"":""index"",""meta_robots_follow"":""follow"",""thumbnail_url"":""https://s3-publish",Sesuai resep dokter,-,", Dosis, Cara Pakai dan Efek Samping"",""meta_description"":""Tramadol adalah obat untuk mengatasi nyeri yang bersifat sedang hingga berat. Cari tau Dosis \u0026 Cara pakai, Efek Samping, dan lainnya di sini."",""meta_robots_index"":""index"",""meta_robots_follow"":""follow"",""thumbnail_url"":""https://s3-publish",Konsultasikan dengan dokter,2027-06-30,Tablet,,True,[]
7297,Altran,Lainnya,51392.0,124,-,", Dosis, Cara Pakai dan Efek Samping"",""meta_description"":""Tramadol adalah obat untuk mengatasi nyeri yang bersifat sedang hingga berat. Cari tau Dosis \u0026 Cara pakai, Efek Samping, dan lainnya di sini."",""meta_robots_index"":""index"",""meta_robots_follow"":""follow"",""thumbnail_url"":""https://s3-publish",Sesuai resep dokter,-,", Dosis, Cara Pakai dan Efek Samping"",""meta_description"":""Tramadol adalah obat untuk mengatasi nyeri yang bersifat sedang hingga berat. Cari tau Dosis \u0026 Cara pakai, Efek Samping, dan lainnya di sini."",""meta_robots_index"":""index"",""meta_robots_follow"":""follow"",""thumbnail_url"":""https://s3-publish",Konsultasikan dengan dokter,2028-03-15,Tablet,,True,[]
7298,Aludonna D,Lainnya,69635.0,221,-,", Dosis, dan Efek Samping"",""meta_description"":""Promag adalah yang digunakan untuk menetralisir kelebihan asam lambung. Promag mengandung hydrotalcite, magnesium hidroksida dan simethicone, "",""meta_robots_index"":""index"",""meta_robots_follow"":""follow"",""thumbnail_url"":""https://s3-publishing-cmn-svc-prd.",Sesuai resep dokter,-,", Dosis, dan Efek Samping"",""meta_description"":""Promag adalah yang digunakan untuk menetralisir kelebihan asam lambung. Promag mengandung hydrotalcite, magnesium hidroksida dan simethicone, "",""meta_robots_index"":""index"",""meta_robots_follow"":""follow"",""thumbnail_url"":""https://s3-publishing-cmn-svc-prd.",Konsultasikan dengan dokter,2027-11-20,Tablet,,True,[]
7299,Alugen,Lainnya,84954.0,167,-,", Dosis, dan Efek Samping"",""meta_description"":""Roculax adalah obat pelengkap anestesi umum dengan kandungan rocuronium bromide untuk mengendurkan otot selama tindakan operasi. Ini manfaat, harga, dosis, efek sampingnya."",""meta_robots_index"":""index"",""meta_robots_follow"":""follow"",""thumbnail_url"":""http",Sesuai resep dokter,-,", Dosis, dan Efek Samping"",""meta_description"":""Roculax adalah obat pelengkap anestesi umum dengan kandungan rocuronium bromide untuk mengendurkan otot selama tindakan operasi. Ini manfaat, harga, dosis, efek sampingnya."",""meta_robots_index"":""index"",""meta_robots_follow"":""follow"",""thumbnail_url"":""http",Konsultasikan dengan dokter,2027-06-30,Tablet,,True,[]
7300,Alumy,Lainnya,51754.0,268,-,", Dosis &amp; Cara minum, Kandungan, Efek Samping, dan lainnya di sini."" data-next-head=""""/>",Sesuai resep dokter,-,", Dosis &amp; Cara minum, Kandungan, Efek Samping, dan lainnya di sini."" data-next-head=""""/>",Konsultasikan dengan dokter,2026-12-31,Tablet,,True,[]
7301,Aluss,Lainnya,49997.0,275,-,"dan Cara Pemakaian"",""meta_description"":""Informasi lengkap obat Propolis SM; Harga, Manfaat, Dosis \u0026 Cara Pakai, Kandungan, Efek Samping, dan lainnya di sini."",""meta_robots_index"":""index"",""meta_robots_follow"":""follow"",""thumbnail_url"":""https://s3-publishing-cmn-svc-prd.s3.ap-southeast-1.amazonaws",Sesuai resep dokter,-,"dan Cara Pemakaian"",""meta_description"":""Informasi lengkap obat Propolis SM; Harga, Manfaat, Dosis \u0026 Cara Pakai, Kandungan, Efek Samping, dan lainnya di sini."",""meta_robots_index"":""index"",""meta_robots_follow"":""follow"",""thumbnail_url"":""https://s3-publishing-cmn-svc-prd.s3.ap-southeast-1.amazonaws",Konsultasikan dengan dokter,2028-03-15,Tablet,,True,[]
7302,Alveofact,Lainnya,82832.0,98,-,", Dosis, Cara Penggunaan dan Efek Samping"",""meta_description"":""Salbutamol adalah obat yang digunakan meringankan gangguan pernafasan seperti asma dan bronkitis kronis. Cari tau salbutamol manfaat, dosis, dan efek sampingnya."",""meta_robots_index"":""index"",""meta_robots_follow"":""follow"",""thumbnail_url"":",Sesuai resep dokter,-,", Dosis, Cara Penggunaan dan Efek Samping"",""meta_description"":""Salbutamol adalah obat yang digunakan meringankan gangguan pernafasan seperti asma dan bronkitis kronis. Cari tau salbutamol manfaat, dosis, dan efek sampingnya."",""meta_robots_index"":""index"",""meta_robots_follow"":""follow"",""thumbnail_url"":",Konsultasikan dengan dokter,2027-11-20,Tablet,,True,[]
7303,Alvita,Lainnya,90867.0,290,-,", Dosis &amp; Cara minum, Kandungan, Efek Samping, dan lainnya di sini."" data-next-head=""""/>",Sesuai resep dokter,-,", Dosis &amp; Cara minum, Kandungan, Efek Samping, dan lainnya di sini."" data-next-head=""""/>",Konsultasikan dengan dokter,2027-11-20,Tablet,https://s3-publishing-cmn-svc-prd.s3.ap-southeast-1.amazonaws.com/article/CwFCmL1989vikEtLjd0yP/original/1663734778-Bisakah%20Miom%20Keluar%20saat%20Haid.jpg,True,[]
7304,Alwadey Mabung,Lainnya,96398.0,202,-,"dan Cara Pemakaian"",""meta_description"":""Informasi lengkap obat Propolis SM; Harga, Manfaat, Dosis \u0026 Cara Pakai, Kandungan, Efek Samping, dan lainnya di sini."",""meta_robots_index"":""index"",""meta_robots_follow"":""follow"",""thumbnail_url"":""https://s3-publishing-cmn-svc-prd.s3.ap-southeast-1.amazonaws",Sesuai resep dokter,-,"dan Cara Pemakaian"",""meta_description"":""Informasi lengkap obat Propolis SM; Harga, Manfaat, Dosis \u0026 Cara Pakai, Kandungan, Efek Samping, dan lainnya di sini."",""meta_robots_index"":""index"",""meta_robots_follow"":""follow"",""thumbnail_url"":""https://s3-publishing-cmn-svc-prd.s3.ap-southeast-1.amazonaws",Konsultasikan dengan dokter,2026-12-31,Tablet,,True,[]
7305,Alxil,Lainnya,49170.0,256,-,", Dosis &amp; Cara pakai, Kandungan, Efek Samping, dan lainnya di sini."" data-next-head=""""/>",Sesuai resep dokter,-,", Dosis &amp; Cara pakai, Kandungan, Efek Samping, dan lainnya di sini."" data-next-head=""""/>",Konsultasikan dengan dokter,2028-03-15,Tablet,,True,[]
7306,Alychins,Lainnya,41110.0,178,-,"dan Cara Pemakaian"",""meta_description"":""Informasi lengkap obat Propolis SM; Harga, Manfaat, Dosis \u0026 Cara Pakai, Kandungan, Efek Samping, dan lainnya di sini."",""meta_robots_index"":""index"",""meta_robots_follow"":""follow"",""thumbnail_url"":""https://s3-publishing-cmn-svc-prd.s3.ap-southeast-1.amazonaws",Sesuai resep dokter,-,"dan Cara Pemakaian"",""meta_description"":""Informasi lengkap obat Propolis SM; Harga, Manfaat, Dosis \u0026 Cara Pakai, Kandungan, Efek Samping, dan lainnya di sini."",""meta_robots_index"":""index"",""meta_robots_follow"":""follow"",""thumbnail_url"":""https://s3-publishing-cmn-svc-prd.s3.ap-southeast-1.amazonaws",Konsultasikan dengan dokter,2028-03-15,Tablet,,True,[]
7307,Alyrenol,Lainnya,64444.0,126,-,", Dosis, dan Efek Samping"",""meta_description"":""Duphaston adalah Obat dengan kandungan dydrogesterone untuk mengatasi Infertilitas dan mengontrol Menstruasi. Ini manfaat, dosis, harga dan efek sampingnya."",""meta_robots_index"":""index"",""meta_robots_follow"":""follow"",""thumbnail_url"":""https://s3-publishin",Sesuai resep dokter,-,", Dosis, dan Efek Samping"",""meta_description"":""Duphaston adalah Obat dengan kandungan dydrogesterone untuk mengatasi Infertilitas dan mengontrol Menstruasi. Ini manfaat, dosis, harga dan efek sampingnya."",""meta_robots_index"":""index"",""meta_robots_follow"":""follow"",""thumbnail_url"":""https://s3-publishin",Konsultasikan dengan dokter,2027-06-30,Tablet,,True,[]
7308,Alzim,Lainnya,86165.0,170,-,", Dosis, dan Efek Samping"",""meta_description"":""Clorilex adalah obat dengan kandungan clozapine yang menjadi terapi Skizofrenia terutama pada pasien yang tidak responsif terhadap neuroleptik klasik."",""meta_robots_index"":""index"",""meta_robots_follow"":""follow"",""thumbnail_url"":""https://s3-publishing-cmn-",Sesuai resep dokter,-,", Dosis, dan Efek Samping"",""meta_description"":""Clorilex adalah obat dengan kandungan clozapine yang menjadi terapi Skizofrenia terutama pada pasien yang tidak responsif terhadap neuroleptik klasik."",""meta_robots_index"":""index"",""meta_robots_follow"":""follow"",""thumbnail_url"":""https://s3-publishing-cmn-",Konsultasikan dengan dokter,2027-11-20,Tablet,,True,[]
7309,Amadiab,Lainnya,59938.0,223,-,", Dosis, dan Efek Samping"",""meta_description"":""Informasi lengkap obat Metformin; Harga, Manfaat, Dosis \u0026 Cara pakai, Kandungan, Efek Samping, dan lainnya di sini."",""meta_robots_index"":""index"",""meta_robots_follow"":""follow"",""thumbnail_url"":""https://s3-publishing-cmn-svc-prd.s3.ap-southeast-1.amaz",Sesuai resep dokter,-,", Dosis, dan Efek Samping"",""meta_description"":""Informasi lengkap obat Metformin; Harga, Manfaat, Dosis \u0026 Cara pakai, Kandungan, Efek Samping, dan lainnya di sini."",""meta_robots_index"":""index"",""meta_robots_follow"":""follow"",""thumbnail_url"":""https://s3-publishing-cmn-svc-prd.s3.ap-southeast-1.amaz",Konsultasikan dengan dokter,2028-03-15,Tablet,,True,[]
7310,Amaropo Plus,Lainnya,62808.0,259,-,", Dosis &amp; Cara pakai, Kandungan, Efek Samping, dan lainnya di sini."" data-next-head=""""/>",Sesuai resep dokter,-,", Dosis &amp; Cara pakai, Kandungan, Efek Samping, dan lainnya di sini."" data-next-head=""""/>",Konsultasikan dengan dokter,2027-06-30,Tablet,,True,[]
7311,Amaryl,Lainnya,60176.0,55,-,", Dosis, dan Efek Samping"",""meta_description"":""Informasi lengkap obat Metformin; Harga, Manfaat, Dosis \u0026 Cara pakai, Kandungan, Efek Samping, dan lainnya di sini."",""meta_robots_index"":""index"",""meta_robots_follow"":""follow"",""thumbnail_url"":""https://s3-publishing-cmn-svc-prd.s3.ap-southeast-1.amaz",Sesuai resep dokter,-,", Dosis, dan Efek Samping"",""meta_description"":""Informasi lengkap obat Metformin; Harga, Manfaat, Dosis \u0026 Cara pakai, Kandungan, Efek Samping, dan lainnya di sini."",""meta_robots_index"":""index"",""meta_robots_follow"":""follow"",""thumbnail_url"":""https://s3-publishing-cmn-svc-prd.s3.ap-southeast-1.amaz",Konsultasikan dengan dokter,2027-06-30,Tablet,,True,[]
7312,Amaryl M,Lainnya,68709.0,205,-,", Dosis, dan Efek Samping"",""meta_description"":""Informasi lengkap obat Metformin; Harga, Manfaat, Dosis \u0026 Cara pakai, Kandungan, Efek Samping, dan lainnya di sini."",""meta_robots_index"":""index"",""meta_robots_follow"":""follow"",""thumbnail_url"":""https://s3-publishing-cmn-svc-prd.s3.ap-southeast-1.amaz",Sesuai resep dokter,-,", Dosis, dan Efek Samping"",""meta_description"":""Informasi lengkap obat Metformin; Harga, Manfaat, Dosis \u0026 Cara pakai, Kandungan, Efek Samping, dan lainnya di sini."",""meta_robots_index"":""index"",""meta_robots_follow"":""follow"",""thumbnail_url"":""https://s3-publishing-cmn-svc-prd.s3.ap-southeast-1.amaz",Konsultasikan dengan dokter,2027-11-20,Tablet,,True,[]
7313,Ambefaz,Lainnya,80292.0,200,-,"dan Cara Pemakaian"",""meta_description"":""Informasi lengkap obat Propolis SM; Harga, Manfaat, Dosis \u0026 Cara Pakai, Kandungan, Efek Samping, dan lainnya di sini."",""meta_robots_index"":""index"",""meta_robots_follow"":""follow"",""thumbnail_url"":""https://s3-publishing-cmn-svc-prd.s3.ap-southeast-1.amazonaws",Sesuai resep dokter,-,"dan Cara Pemakaian"",""meta_description"":""Informasi lengkap obat Propolis SM; Harga, Manfaat, Dosis \u0026 Cara Pakai, Kandungan, Efek Samping, dan lainnya di sini."",""meta_robots_index"":""index"",""meta_robots_follow"":""follow"",""thumbnail_url"":""https://s3-publishing-cmn-svc-prd.s3.ap-southeast-1.amazonaws",Konsultasikan dengan dokter,2027-11-20,Tablet,,True,[]
7314,Ambeherb,Lainnya,96268.0,57,-,"dan Cara Pemakaian"",""meta_description"":""Informasi lengkap obat Propolis SM; Harga, Manfaat, Dosis \u0026 Cara Pakai, Kandungan, Efek Samping, dan lainnya di sini."",""meta_robots_index"":""index"",""meta_robots_follow"":""follow"",""thumbnail_url"":""https://s3-publishing-cmn-svc-prd.s3.ap-southeast-1.amazonaws",Sesuai resep dokter,-,"dan Cara Pemakaian"",""meta_description"":""Informasi lengkap obat Propolis SM; Harga, Manfaat, Dosis \u0026 Cara Pakai, Kandungan, Efek Samping, dan lainnya di sini."",""meta_robots_index"":""index"",""meta_robots_follow"":""follow"",""thumbnail_url"":""https://s3-publishing-cmn-svc-prd.s3.ap-southeast-1.amazonaws",Konsultasikan dengan dokter,2028-03-15,Tablet,,True,[]
7315,Ambeigard,Lainnya,56881.0,188,-,"dan Cara Pemakaian"",""meta_description"":""Informasi lengkap obat Propolis SM; Harga, Manfaat, Dosis \u0026 Cara Pakai, Kandungan, Efek Samping, dan lainnya di sini."",""meta_robots_index"":""index"",""meta_robots_follow"":""follow"",""thumbnail_url"":""https://s3-publishing-cmn-svc-prd.s3.ap-southeast-1.amazonaws",Sesuai resep dokter,-,"dan Cara Pemakaian"",""meta_description"":""Informasi lengkap obat Propolis SM; Harga, Manfaat, Dosis \u0026 Cara Pakai, Kandungan, Efek Samping, dan lainnya di sini."",""meta_robots_index"":""index"",""meta_robots_follow"":""follow"",""thumbnail_url"":""https://s3-publishing-cmn-svc-prd.s3.ap-southeast-1.amazonaws",Konsultasikan dengan dokter,2028-03-15,Tablet,,True,[]
7316,Ambelin,Lainnya,94105.0,172,-,"dan Cara Pemakaian"",""meta_description"":""Informasi lengkap obat Propolis SM; Harga, Manfaat, Dosis \u0026 Cara Pakai, Kandungan, Efek Samping, dan lainnya di sini."",""meta_robots_index"":""index"",""meta_robots_follow"":""follow"",""thumbnail_url"":""https://s3-publishing-cmn-svc-prd.s3.ap-southeast-1.amazonaws",Sesuai resep dokter,-,"dan Cara Pemakaian"",""meta_description"":""Informasi lengkap obat Propolis SM; Harga, Manfaat, Dosis \u0026 Cara Pakai, Kandungan, Efek Samping, dan lainnya di sini."",""meta_robots_index"":""index"",""meta_robots_follow"":""follow"",""thumbnail_url"":""https://s3-publishing-cmn-svc-prd.s3.ap-southeast-1.amazonaws",Konsultasikan dengan dokter,2026-12-31,Tablet,,True,[]
7317,Ambemax Bharata,Lainnya,73241.0,208,-,"dan Cara Pemakaian"",""meta_description"":""Informasi lengkap obat Propolis SM; Harga, Manfaat, Dosis \u0026 Cara Pakai, Kandungan, Efek Samping, dan lainnya di sini."",""meta_robots_index"":""index"",""meta_robots_follow"":""follow"",""thumbnail_url"":""https://s3-publishing-cmn-svc-prd.s3.ap-southeast-1.amazonaws",Sesuai resep dokter,-,"dan Cara Pemakaian"",""meta_description"":""Informasi lengkap obat Propolis SM; Harga, Manfaat, Dosis \u0026 Cara Pakai, Kandungan, Efek Samping, dan lainnya di sini."",""meta_robots_index"":""index"",""meta_robots_follow"":""follow"",""thumbnail_url"":""https://s3-publishing-cmn-svc-prd.s3.ap-southeast-1.amazonaws",Konsultasikan dengan dokter,2027-11-20,Tablet,,True,[]
7318,Ambenol,Lainnya,77601.0,171,-,"dan Cara Pemakaian"",""meta_description"":""Informasi lengkap obat Propolis SM; Harga, Manfaat, Dosis \u0026 Cara Pakai, Kandungan, Efek Samping, dan lainnya di sini."",""meta_robots_index"":""index"",""meta_robots_follow"":""follow"",""thumbnail_url"":""https://s3-publishing-cmn-svc-prd.s3.ap-southeast-1.amazonaws",Sesuai resep dokter,-,"dan Cara Pemakaian"",""meta_description"":""Informasi lengkap obat Propolis SM; Harga, Manfaat, Dosis \u0026 Cara Pakai, Kandungan, Efek Samping, dan lainnya di sini."",""meta_robots_index"":""index"",""meta_robots_follow"":""follow"",""thumbnail_url"":""https://s3-publishing-cmn-svc-prd.s3.ap-southeast-1.amazonaws",Konsultasikan dengan dokter,2026-12-31,Tablet,,True,[]
7319,Ambepil,Lainnya,70716.0,137,-,", Dosis, Efek Samping"",""meta_description"":""Informasi lengkap obat Lactulax; Harga, Fungsi, Dosis \u0026 Cara Penggunaan, Cara Penyimpanan, Efek Samping, dan lainnya di sini."",""meta_robots_index"":""index"",""meta_robots_follow"":""follow"",""thumbnail_url"":""https://s3-publishing-cmn-svc-prd.s3.ap-southeast-",Sesuai resep dokter,-,", Dosis, Efek Samping"",""meta_description"":""Informasi lengkap obat Lactulax; Harga, Fungsi, Dosis \u0026 Cara Penggunaan, Cara Penyimpanan, Efek Samping, dan lainnya di sini."",""meta_robots_index"":""index"",""meta_robots_follow"":""follow"",""thumbnail_url"":""https://s3-publishing-cmn-svc-prd.s3.ap-southeast-",Konsultasikan dengan dokter,2027-06-30,Tablet,,True,[]
7320,Ambetas,Lainnya,37959.0,103,-,"dan Cara Pemakaian"",""meta_description"":""Informasi lengkap obat Propolis SM; Harga, Manfaat, Dosis \u0026 Cara Pakai, Kandungan, Efek Samping, dan lainnya di sini."",""meta_robots_index"":""index"",""meta_robots_follow"":""follow"",""thumbnail_url"":""https://s3-publishing-cmn-svc-prd.s3.ap-southeast-1.amazonaws",Sesuai resep dokter,-,"dan Cara Pemakaian"",""meta_description"":""Informasi lengkap obat Propolis SM; Harga, Manfaat, Dosis \u0026 Cara Pakai, Kandungan, Efek Samping, dan lainnya di sini."",""meta_robots_index"":""index"",""meta_robots_follow"":""follow"",""thumbnail_url"":""https://s3-publishing-cmn-svc-prd.s3.ap-southeast-1.amazonaws",Konsultasikan dengan dokter,2027-11-20,Tablet,,True,[]
7321,Ambetop De Nature,Lainnya,37798.0,73,-,"dan Cara Pemakaian"",""meta_description"":""Informasi lengkap obat Propolis SM; Harga, Manfaat, Dosis \u0026 Cara Pakai, Kandungan, Efek Samping, dan lainnya di sini."",""meta_robots_index"":""index"",""meta_robots_follow"":""follow"",""thumbnail_url"":""https://s3-publishing-cmn-svc-prd.s3.ap-southeast-1.amazonaws",Sesuai resep dokter,-,"dan Cara Pemakaian"",""meta_description"":""Informasi lengkap obat Propolis SM; Harga, Manfaat, Dosis \u0026 Cara Pakai, Kandungan, Efek Samping, dan lainnya di sini."",""meta_robots_index"":""index"",""meta_robots_follow"":""follow"",""thumbnail_url"":""https://s3-publishing-cmn-svc-prd.s3.ap-southeast-1.amazonaws",Konsultasikan dengan dokter,2027-11-20,Tablet,,True,[]
7322,Ambeven,Lainnya,59618.0,167,-,", Dosis &amp; Cara pakai, Kandungan, Efek Samping, dan lainnya di sini."" data-next-head=""""/>",Sesuai resep dokter,-,", Dosis &amp; Cara pakai, Kandungan, Efek Samping, dan lainnya di sini."" data-next-head=""""/>",Konsultasikan dengan dokter,2028-03-15,Tablet,,True,[]
7323,Ambikap,Lainnya,35242.0,204,-,"dan Cara Pemakaian"",""meta_description"":""Informasi lengkap obat Propolis SM; Harga, Manfaat, Dosis \u0026 Cara Pakai, Kandungan, Efek Samping, dan lainnya di sini."",""meta_robots_index"":""index"",""meta_robots_follow"":""follow"",""thumbnail_url"":""https://s3-publishing-cmn-svc-prd.s3.ap-southeast-1.amazonaws",Sesuai resep dokter,-,"dan Cara Pemakaian"",""meta_description"":""Informasi lengkap obat Propolis SM; Harga, Manfaat, Dosis \u0026 Cara Pakai, Kandungan, Efek Samping, dan lainnya di sini."",""meta_robots_index"":""index"",""meta_robots_follow"":""follow"",""thumbnail_url"":""https://s3-publishing-cmn-svc-prd.s3.ap-southeast-1.amazonaws",Konsultasikan dengan dokter,2028-03-15,Tablet,,True,[]
7324,Ambiofit,Lainnya,38371.0,200,-,"dan Cara Pemakaian"",""meta_description"":""Informasi lengkap obat Propolis SM; Harga, Manfaat, Dosis \u0026 Cara Pakai, Kandungan, Efek Samping, dan lainnya di sini."",""meta_robots_index"":""index"",""meta_robots_follow"":""follow"",""thumbnail_url"":""https://s3-publishing-cmn-svc-prd.s3.ap-southeast-1.amazonaws",Sesuai resep dokter,-,"dan Cara Pemakaian"",""meta_description"":""Informasi lengkap obat Propolis SM; Harga, Manfaat, Dosis \u0026 Cara Pakai, Kandungan, Efek Samping, dan lainnya di sini."",""meta_robots_index"":""index"",""meta_robots_follow"":""follow"",""thumbnail_url"":""https://s3-publishing-cmn-svc-prd.s3.ap-southeast-1.amazonaws",Konsultasikan dengan dokter,2027-11-20,Tablet,,True,[]
7325,Ambiopi,Lainnya,35999.0,151,-,", Dosis &amp; Cara minum, Kandungan, Efek Samping, dan lainnya di sini."" data-next-head=""""/>",Sesuai resep dokter,-,", Dosis &amp; Cara minum, Kandungan, Efek Samping, dan lainnya di sini."" data-next-head=""""/>",Konsultasikan dengan dokter,2026-12-31,Tablet,,True,[]
7326,Ambroxol,Lainnya,47611.0,202,-,", Dosis, Efek Samping dan Rekomendasi"" data-next-head=""""/>",Sesuai resep dokter,-,", Dosis, Efek Samping dan Rekomendasi"" data-next-head=""""/>",Konsultasikan dengan dokter,2026-12-31,Tablet,https://s3-publishing-cmn-svc-prd.s3.ap-southeast-1.amazonaws.com/article/JljU7d8tlym1xOnuUZEAV/original/033289500_1646740746-Batuk-Disertai-Nyeri-Punggung-Bawah-Perlukah-Khawatir.jpg,True,[]
7327,Amcor,Lainnya,33035.0,277,-,", Dosis &amp; Cara pakai, Kandungan, Efek Samping, dan lainnya di sini."" data-next-head=""""/>",Sesuai resep dokter,-,", Dosis &amp; Cara pakai, Kandungan, Efek Samping, dan lainnya di sini."" data-next-head=""""/>",Konsultasikan dengan dokter,2027-11-20,Tablet,,True,[]
7328,Amerol,Lainnya,63006.0,197,-,"dan Efek Samping"" data-next-head=""""/>",Sesuai resep dokter,-,"dan Efek Samping"" data-next-head=""""/>",Konsultasikan dengan dokter,2026-12-31,Tablet,,True,[]
7329,Amiclav,Lainnya,68657.0,189,-,"dan Efek Samping"" data-next-head=""""/>",Sesuai resep dokter,-,"dan Efek Samping"" data-next-head=""""/>",Konsultasikan dengan dokter,2027-06-30,Tablet,,True,[]
7330,Amidol,Lainnya,26209.0,123,-,", Dosis, Cara Penggunaan dan Efek Samping"",""meta_description"":""Sanmol adalah obat yang mengandung paracetamol. Sanmol digunakan untuk mengobati demam dan meringankan sakit gigi serta meredakan sakit kepala."",""meta_robots_index"":""index"",""meta_robots_follow"":""follow"",""thumbnail_url"":""https://s3-publis",Sesuai resep dokter,-,", Dosis, Cara Penggunaan dan Efek Samping"",""meta_description"":""Sanmol adalah obat yang mengandung paracetamol. Sanmol digunakan untuk mengobati demam dan meringankan sakit gigi serta meredakan sakit kepala."",""meta_robots_index"":""index"",""meta_robots_follow"":""follow"",""thumbnail_url"":""https://s3-publis",Konsultasikan dengan dokter,2027-11-20,Tablet,,True,[]
7331,Amikacin,Lainnya,24313.0,234,-,", Dosis, dan Efek Samping"" data-next-head=""""/>",Sesuai resep dokter,-,", Dosis, dan Efek Samping"" data-next-head=""""/>",Konsultasikan dengan dokter,2027-06-30,Tablet,https://s3-publishing-cmn-svc-prd.s3.ap-southeast-1.amazonaws.com/article/2QHmeRiA9H_DtXsNYRMMg/original/1666078187-Hati-Hati-Infeksi-Bakteri-Listeria-Ini-Gejalanya.jpg,True,[]
7332,Aminefron,Lainnya,58938.0,232,-,", Dosis &amp; Cara pakai, Kandungan, Efek Samping, dan lainnya di sini. "" data-next-head=""""/>",Sesuai resep dokter,-,", Dosis &amp; Cara pakai, Kandungan, Efek Samping, dan lainnya di sini. "" data-next-head=""""/>",Konsultasikan dengan dokter,2028-03-15,Tablet,https://s3-publishing-cmn-svc-prd.s3.ap-southeast-1.amazonaws.com/article/tVVZmzOsnEuedE4z1cN85/original/049488800_1643857794-Mengenal_Fungsi_Lengkung_Henle_dalam_Anatomi_Ginjal.jpg,True,[]
7333,Aminofluid,Lainnya,78417.0,183,"utama dari Aminofluid, yakni elektrolit, glukosa, dan asam amino. Aminofluid diproduksi oleh PT Otsuka dan cara pemberiannya bukan melalui mulut, tapi pembuluh darah (parenteral).&nbsp;",", Dosis &amp; Cara minum, Kandungan, Efek Samping, dan lainnya di sini."" data-next-head=""""/>",Sesuai resep dokter,"utama dari Aminofluid, yakni elektrolit, glukosa, dan asam amino. Aminofluid diproduksi oleh PT Otsuka dan cara pemberiannya bukan melalui mulut, tapi pembuluh darah (parenteral).&nbsp;",", Dosis &amp; Cara minum, Kandungan, Efek Samping, dan lainnya di sini."" data-next-head=""""/>",Konsultasikan dengan dokter,2026-12-31,Tablet,,True,[]
7334,Aminofusin Hepar,Lainnya,86346.0,67,"dalam Aminofusin Hepar digunakan sebagai nutrisi untuk pasien gangguan hati, seperti sirosis hati dan metastasis hati (penyebaran sel",", Dosis &amp; Cara pakai, Kandungan, Efek Samping, dan lainnya di sini."" data-next-head=""""/>",Sesuai resep dokter,"dalam Aminofusin Hepar digunakan sebagai nutrisi untuk pasien gangguan hati, seperti sirosis hati dan metastasis hati (penyebaran sel",", Dosis &amp; Cara pakai, Kandungan, Efek Samping, dan lainnya di sini."" data-next-head=""""/>",Konsultasikan dengan dokter,2027-11-20,Tablet,https://s3-publishing-cmn-svc-prd.s3.ap-southeast-1.amazonaws.com/drugs/DmrY8YpRWUBWgzcurz_dy/original/1671523681-020337500_1578454840-Aminofusin_Hepar_Infus_500_mL_1.jpg,True,[]
7335,Aminofusin L-600,Lainnya,64315.0,80,-,", Dosis, dan Efek Samping"",""meta_description"":""Amiparen adalah cairan infus yang mengandung suplai asam amino pada pasien hipoproteinemia, malnutrisi, dan operasi. Ini manfaat, dosis, dan efek samping.\n"",""meta_robots_index"":""index"",""meta_robots_follow"":""follow"",""thumbnail_url"":""https://s3-publishin",Sesuai resep dokter,-,", Dosis, dan Efek Samping"",""meta_description"":""Amiparen adalah cairan infus yang mengandung suplai asam amino pada pasien hipoproteinemia, malnutrisi, dan operasi. Ini manfaat, dosis, dan efek samping.\n"",""meta_robots_index"":""index"",""meta_robots_follow"":""follow"",""thumbnail_url"":""https://s3-publishin",Konsultasikan dengan dokter,2028-03-15,Tablet,,True,[]
7336,Aminofusin Paed,Lainnya,61899.0,213,-,", Dosis, dan Efek Samping"",""slug"":""-entrasoy-manfaat-dosis-dan-efek-samping"",""short_desc"":""Entrasoy adalah susu dari kacang hijau dan isolat kedelai untuk membantu memenuhi nutrisi pada pasien dewasa dengan malnutrisi, penurunan berat badan, atau intoleransi laktosa."",""url"":""susu-dan-nutrisi/-entras",Sesuai resep dokter,-,", Dosis, dan Efek Samping"",""slug"":""-entrasoy-manfaat-dosis-dan-efek-samping"",""short_desc"":""Entrasoy adalah susu dari kacang hijau dan isolat kedelai untuk membantu memenuhi nutrisi pada pasien dewasa dengan malnutrisi, penurunan berat badan, atau intoleransi laktosa."",""url"":""susu-dan-nutrisi/-entras",Konsultasikan dengan dokter,2028-03-15,Tablet,,True,[]
7337,Aminoleban,Lainnya,81727.0,154,-,", Dosis, dan Efek Samping"",""meta_description"":""Amiparen adalah cairan infus yang mengandung suplai asam amino pada pasien hipoproteinemia, malnutrisi, dan operasi. Ini manfaat, dosis, dan efek samping.\n"",""meta_robots_index"":""index"",""meta_robots_follow"":""follow"",""thumbnail_url"":""https://s3-publishin",Sesuai resep dokter,-,", Dosis, dan Efek Samping"",""meta_description"":""Amiparen adalah cairan infus yang mengandung suplai asam amino pada pasien hipoproteinemia, malnutrisi, dan operasi. Ini manfaat, dosis, dan efek samping.\n"",""meta_robots_index"":""index"",""meta_robots_follow"":""follow"",""thumbnail_url"":""https://s3-publishin",Konsultasikan dengan dokter,2026-12-31,Tablet,,True,[]
7338,Aminophylline,Lainnya,76481.0,114,-,", Dosis &amp; Cara pakai, Kandungan, Efek Samping, dan lainnya di sini."" data-next-head=""""/>",Sesuai resep dokter,-,", Dosis &amp; Cara pakai, Kandungan, Efek Samping, dan lainnya di sini."" data-next-head=""""/>",Konsultasikan dengan dokter,2027-06-30,Tablet,https://s3-publishing-cmn-svc-prd.s3.ap-southeast-1.amazonaws.com/article/yhg_EvaAVWuAVtlQY_PEt/original/039129400_1561711285-Benarkah-Asma-Bisa-Picu-Serangan-Jantung-By-Phat1978-Shutterstock.jpg,True,[]
7339,Aminoral,Lainnya,83436.0,268,-,", Dosis &amp; Cara minum, Kandungan, Efek Samping, dan lainnya di sini."" data-next-head=""""/>",Sesuai resep dokter,-,", Dosis &amp; Cara minum, Kandungan, Efek Samping, dan lainnya di sini."" data-next-head=""""/>",Konsultasikan dengan dokter,2028-03-15,Tablet,,True,[]
7340,Aminosteril,Lainnya,88759.0,268,-,", Dosis &amp; Cara minum, Kandungan, Efek Samping, dan lainnya di sini."" data-next-head=""""/>",Sesuai resep dokter,-,", Dosis &amp; Cara minum, Kandungan, Efek Samping, dan lainnya di sini."" data-next-head=""""/>",Konsultasikan dengan dokter,2027-06-30,Tablet,,True,[]
7341,Aminosteril N-Hepa,Lainnya,65265.0,296,-,", Dosis, dan Efek Samping"",""meta_description"":""Amiparen adalah cairan infus yang mengandung suplai asam amino pada pasien hipoproteinemia, malnutrisi, dan operasi. Ini manfaat, dosis, dan efek samping.\n"",""meta_robots_index"":""index"",""meta_robots_follow"":""follow"",""thumbnail_url"":""https://s3-publishin",Sesuai resep dokter,-,", Dosis, dan Efek Samping"",""meta_description"":""Amiparen adalah cairan infus yang mengandung suplai asam amino pada pasien hipoproteinemia, malnutrisi, dan operasi. Ini manfaat, dosis, dan efek samping.\n"",""meta_robots_index"":""index"",""meta_robots_follow"":""follow"",""thumbnail_url"":""https://s3-publishin",Konsultasikan dengan dokter,2028-03-15,Tablet,,True,[]
7342,Aminovel 600,Lainnya,82384.0,172,-,", Dosis, dan Efek Samping"",""meta_description"":""Amiparen adalah cairan infus yang mengandung suplai asam amino pada pasien hipoproteinemia, malnutrisi, dan operasi. Ini manfaat, dosis, dan efek samping.\n"",""meta_robots_index"":""index"",""meta_robots_follow"":""follow"",""thumbnail_url"":""https://s3-publishin",Sesuai resep dokter,-,", Dosis, dan Efek Samping"",""meta_description"":""Amiparen adalah cairan infus yang mengandung suplai asam amino pada pasien hipoproteinemia, malnutrisi, dan operasi. Ini manfaat, dosis, dan efek samping.\n"",""meta_robots_index"":""index"",""meta_robots_follow"":""follow"",""thumbnail_url"":""https://s3-publishin",Konsultasikan dengan dokter,2027-06-30,Tablet,,True,[]
7343,Amiodarone,Lainnya,31774.0,265,-,", Dosis &amp; Cara pakai, Kandungan, Efek Samping, dan lainnya di sini."" data-next-head=""""/>",Sesuai resep dokter,-,", Dosis &amp; Cara pakai, Kandungan, Efek Samping, dan lainnya di sini."" data-next-head=""""/>",Konsultasikan dengan dokter,2026-12-31,Tablet,https://s3-publishing-cmn-svc-prd.s3.ap-southeast-1.amazonaws.com/article/f_xcAvdxvV5wz5au7HQ8E/original/069438700_1611905985-tinnitus-pulsatile_-saat-anda-mendengar-detak-jantung-sendiri.jpg,True,[]
7344,Amiosin,Lainnya,37932.0,296,-,", Dosis, dan Efek Samping"",""meta_description"":""Informasi lengkap obat Yusimox; Harga, Manfaat, Dosis \u0026 Cara pakai, Kandungan, Efek Samping, dan lainnya di sini."",""meta_robots_index"":""index"",""meta_robots_follow"":""follow"",""thumbnail_url"":""https://s3-publishing-cmn-svc-prd.s3.ap-southeast-1.amazon",Sesuai resep dokter,-,", Dosis, dan Efek Samping"",""meta_description"":""Informasi lengkap obat Yusimox; Harga, Manfaat, Dosis \u0026 Cara pakai, Kandungan, Efek Samping, dan lainnya di sini."",""meta_robots_index"":""index"",""meta_robots_follow"":""follow"",""thumbnail_url"":""https://s3-publishing-cmn-svc-prd.s3.ap-southeast-1.amazon",Konsultasikan dengan dokter,2026-12-31,Tablet,,True,[]
7345,Amiparen,Lainnya,64353.0,158,-,", Dosis, dan Efek Samping"" data-next-head=""""/>",Sesuai resep dokter,-,", Dosis, dan Efek Samping"" data-next-head=""""/>",Konsultasikan dengan dokter,2026-12-31,Tablet,https://s3-publishing-cmn-svc-prd.s3.ap-southeast-1.amazonaws.com/article/c4PSKQLMiKO8VWWMrRsje/original/002081600_1562234449-Kenali-Efek-Infus-Kromosom-bagi-Kesehatan-By-BlurryMe-Shutterstock.jpg,True,[]
7346,Amitriptyline,Lainnya,61499.0,103,-,", Dosis &amp; Cara pakai, Kandungan, Efek Samping, dan lainnya di sini."" data-next-head=""""/>",Sesuai resep dokter,-,", Dosis &amp; Cara pakai, Kandungan, Efek Samping, dan lainnya di sini."" data-next-head=""""/>",Konsultasikan dengan dokter,2027-06-30,Tablet,https://s3-publishing-cmn-svc-prd.s3.ap-southeast-1.amazonaws.com/article/GhuxdrBdjAY_oU6kSKEzn/original/1669724282-Amitriptyline.jpg,True,[]
7347,Amivask,Lainnya,82480.0,68,-,", dan Efek Samping"",""meta_description"":""Informasi lengkap obat Vitamin B Kompleks IPI; Harga, Manfaat, Dosis \u0026 Cara pakai, Kandungan, Efek Samping, dan lainnya di sini."",""meta_robots_index"":""index"",""meta_robots_follow"":""follow"",""type"":""obat"",""media_images"":[{""original"":""https://asset-cdn.medkom",Sesuai resep dokter,-,", dan Efek Samping"",""meta_description"":""Informasi lengkap obat Vitamin B Kompleks IPI; Harga, Manfaat, Dosis \u0026 Cara pakai, Kandungan, Efek Samping, dan lainnya di sini."",""meta_robots_index"":""index"",""meta_robots_follow"":""follow"",""type"":""obat"",""media_images"":[{""original"":""https://asset-cdn.medkom",Konsultasikan dengan dokter,2027-06-30,Tablet,,True,[]
7348,Amlocor,Lainnya,54879.0,90,-,", Dosis &amp; Cara minum, Kandungan, Efek Samping, dan lainnya di sini."" data-next-head=""""/>",Sesuai resep dokter,-,", Dosis &amp; Cara minum, Kandungan, Efek Samping, dan lainnya di sini."" data-next-head=""""/>",Konsultasikan dengan dokter,2027-06-30,Tablet,,True,[]
7349,Amlodipine,Lainnya,44260.0,148,-,", Dosis &amp; Cara minum, Kandungan, Efek Samping, dan lainnya di sini."" data-next-head=""""/>",Sesuai resep dokter,-,", Dosis &amp; Cara minum, Kandungan, Efek Samping, dan lainnya di sini."" data-next-head=""""/>",Konsultasikan dengan dokter,2027-11-20,Tablet,https://s3-publishing-cmn-svc-prd.s3.ap-southeast-1.amazonaws.com/drugs/zpYD42p8fs4cXAso15iJ6/original/78x6fdfsyp8fr13132hqb5xbr2gkkmaq.png,True,[]
7350,Amlogal,Lainnya,48970.0,161,-,", Dosis &amp; Cara minum, Kandungan, Efek Samping, dan lainnya di sini."" data-next-head=""""/>",Sesuai resep dokter,-,", Dosis &amp; Cara minum, Kandungan, Efek Samping, dan lainnya di sini."" data-next-head=""""/>",Konsultasikan dengan dokter,2026-12-31,Tablet,,True,[]
7351,Ammeltz Yoko Yoko,Lainnya,36218.0,228,-,", Dosis &amp; Cara minum, Kandungan, Efek Samping, dan lainnya di sini."" data-next-head=""""/>",Sesuai resep dokter,-,", Dosis &amp; Cara minum, Kandungan, Efek Samping, dan lainnya di sini."" data-next-head=""""/>",Konsultasikan dengan dokter,2026-12-31,Tablet,,True,[]
7352,Amobarbital,Lainnya,88107.0,50,-,", Dosis &amp; Cara pakai, Kandungan, Efek Samping, dan lainnya di sini."" data-next-head=""""/>",Sesuai resep dokter,-,", Dosis &amp; Cara pakai, Kandungan, Efek Samping, dan lainnya di sini."" data-next-head=""""/>",Konsultasikan dengan dokter,2027-11-20,Tablet,https://s3-publishing-cmn-svc-prd.s3.ap-southeast-1.amazonaws.com/article/2nAL-lVsd8QZNQsLY9Ej_/original/062803400_1647593508-pil-potassium-iodide-menangkal-radiasi-nuklir.jpg,True,[]
7353,Amobiotic,Lainnya,46555.0,282,-,", Dosis &amp; Cara pakai, Kandungan, Efek Samping, dan lainnya di sini."" data-next-head=""""/>",Sesuai resep dokter,-,", Dosis &amp; Cara pakai, Kandungan, Efek Samping, dan lainnya di sini."" data-next-head=""""/>",Konsultasikan dengan dokter,2026-12-31,Tablet,https://s3-publishing-cmn-svc-prd.s3.ap-southeast-1.amazonaws.com/article/DaMw4jzjRPST3vQ77b-jE/original/085412200_1533283354-Kulit-Sering-Gatal-Mungkinkan-Diabetes-Mellitus-By-NamtipStudio-Shutterstock.jpg,True,[]
7354,Amosir,Lainnya,98125.0,70,-,"dan Cara Pemakaian"",""meta_description"":""Informasi lengkap obat Propolis SM; Harga, Manfaat, Dosis \u0026 Cara Pakai, Kandungan, Efek Samping, dan lainnya di sini."",""meta_robots_index"":""index"",""meta_robots_follow"":""follow"",""thumbnail_url"":""https://s3-publishing-cmn-svc-prd.s3.ap-southeast-1.amazonaws",Sesuai resep dokter,-,"dan Cara Pemakaian"",""meta_description"":""Informasi lengkap obat Propolis SM; Harga, Manfaat, Dosis \u0026 Cara Pakai, Kandungan, Efek Samping, dan lainnya di sini."",""meta_robots_index"":""index"",""meta_robots_follow"":""follow"",""thumbnail_url"":""https://s3-publishing-cmn-svc-prd.s3.ap-southeast-1.amazonaws",Konsultasikan dengan dokter,2026-12-31,Tablet,,True,[]
7355,Amosterra,Lainnya,33358.0,111,-,", Dosis &amp; Cara pakai, Kandungan, Efek Samping, dan lainnya di sini."" data-next-head=""""/>",Sesuai resep dokter,-,", Dosis &amp; Cara pakai, Kandungan, Efek Samping, dan lainnya di sini."" data-next-head=""""/>",Konsultasikan dengan dokter,2026-12-31,Tablet,https://s3-publishing-cmn-svc-prd.s3.ap-southeast-1.amazonaws.com/article/rAII5LbehWz1Jjr92sVjp/original/080448000_1575030219-Amandel-Bengkak-Manfaatkan-5-Obat-Amandel-Alami-Ini-by-primagefactory-123rf-95465264_s-.jpg,True,[]
7356,Amotrend,Lainnya,38241.0,103,-,"dan Cara Pemakaian"",""meta_description"":""Informasi lengkap obat Propolis SM; Harga, Manfaat, Dosis \u0026 Cara Pakai, Kandungan, Efek Samping, dan lainnya di sini."",""meta_robots_index"":""index"",""meta_robots_follow"":""follow"",""thumbnail_url"":""https://s3-publishing-cmn-svc-prd.s3.ap-southeast-1.amazonaws",Sesuai resep dokter,-,"dan Cara Pemakaian"",""meta_description"":""Informasi lengkap obat Propolis SM; Harga, Manfaat, Dosis \u0026 Cara Pakai, Kandungan, Efek Samping, dan lainnya di sini."",""meta_robots_index"":""index"",""meta_robots_follow"":""follow"",""thumbnail_url"":""https://s3-publishing-cmn-svc-prd.s3.ap-southeast-1.amazonaws",Konsultasikan dengan dokter,2026-12-31,Tablet,,True,[]
7357,Amovask,Lainnya,70326.0,136,-,", Dosis, dan Efek Samping"",""meta_description"":""Mediresix adalah obat yang mengandung furosemide untuk mengatasi hipertensi dan pembengkakan pada jaringan. Ini dosis minum, manfaat, dan efek sampingnya."",""meta_robots_index"":""index"",""meta_robots_follow"":""follow"",""thumbnail_url"":""https://s3-publishing-",Sesuai resep dokter,-,", Dosis, dan Efek Samping"",""meta_description"":""Mediresix adalah obat yang mengandung furosemide untuk mengatasi hipertensi dan pembengkakan pada jaringan. Ini dosis minum, manfaat, dan efek sampingnya."",""meta_robots_index"":""index"",""meta_robots_follow"":""follow"",""thumbnail_url"":""https://s3-publishing-",Konsultasikan dengan dokter,2026-12-31,Tablet,,True,[]
7358,Amoxicillin,Lainnya,20252.0,112,-,", Dosis &amp; Cara pakai, Kandungan, Efek Samping, dan lainnya di sini."" data-next-head=""""/>",Sesuai resep dokter,-,", Dosis &amp; Cara pakai, Kandungan, Efek Samping, dan lainnya di sini."" data-next-head=""""/>",Konsultasikan dengan dokter,2026-12-31,Tablet,https://s3-publishing-cmn-svc-prd.s3.ap-southeast-1.amazonaws.com/article/DfeUnZTH6bEB9KosuvmV6/original/075057600_1656920374-Atasi_Gusi_Bengkak_dengan_Amoxicillin.jpg,True,[]
7359,Amoxsan,Lainnya,84410.0,212,-,", Dosis &amp; Cara pakai, Kandungan, Efek Samping, dan lainnya di sini."" data-next-head=""""/>",Sesuai resep dokter,-,", Dosis &amp; Cara pakai, Kandungan, Efek Samping, dan lainnya di sini."" data-next-head=""""/>",Konsultasikan dengan dokter,2027-11-20,Tablet,https://s3-publishing-cmn-svc-prd.s3.ap-southeast-1.amazonaws.com/drugs/2GXoUoB7pUGFhCDULE9AC/original/OBT0005273.jpg,True,[]
7360,Ampicillin,Lainnya,93726.0,116,-,", Dosis &amp; Cara pakai, Kandungan, Efek Samping, dan lainnya di sini."" data-next-head=""""/>",Sesuai resep dokter,-,", Dosis &amp; Cara pakai, Kandungan, Efek Samping, dan lainnya di sini."" data-next-head=""""/>",Konsultasikan dengan dokter,2026-12-31,Tablet,,True,[]
7361,Amratas,Lainnya,55421.0,226,-,"dan Cara Pemakaian"",""meta_description"":""Informasi lengkap obat Propolis SM; Harga, Manfaat, Dosis \u0026 Cara Pakai, Kandungan, Efek Samping, dan lainnya di sini."",""meta_robots_index"":""index"",""meta_robots_follow"":""follow"",""thumbnail_url"":""https://s3-publishing-cmn-svc-prd.s3.ap-southeast-1.amazonaws",Sesuai resep dokter,-,"dan Cara Pemakaian"",""meta_description"":""Informasi lengkap obat Propolis SM; Harga, Manfaat, Dosis \u0026 Cara Pakai, Kandungan, Efek Samping, dan lainnya di sini."",""meta_robots_index"":""index"",""meta_robots_follow"":""follow"",""thumbnail_url"":""https://s3-publishing-cmn-svc-prd.s3.ap-southeast-1.amazonaws",Konsultasikan dengan dokter,2028-03-15,Tablet,,True,[]
7362,Amtocort,Lainnya,86365.0,54,-,", Dosis &amp; Cara pakai, Kandungan, Efek Samping, dan lainnya di sini."" data-next-head=""""/>",Sesuai resep dokter,-,", Dosis &amp; Cara pakai, Kandungan, Efek Samping, dan lainnya di sini."" data-next-head=""""/>",Konsultasikan dengan dokter,2026-12-31,Tablet,https://s3-publishing-cmn-svc-prd.s3.ap-southeast-1.amazonaws.com/article/2KgdKSwB5ympLZxliuJwH/original/1673258161-6%20Obat%20Radang%20Tenggorokan%20yang%20Ampuh.jpg,True,[]
7363,Amvar,Lainnya,34277.0,201,-,", Dosis &amp; Cara pakai, Kandungan, Efek Samping, dan lainnya di sini."" data-next-head=""""/>",Sesuai resep dokter,-,", Dosis &amp; Cara pakai, Kandungan, Efek Samping, dan lainnya di sini."" data-next-head=""""/>",Konsultasikan dengan dokter,2027-11-20,Tablet,,True,[]
7364,Anabion,Lainnya,22871.0,145,-,", Dosis &amp; Cara pakai, Kandungan, Efek Samping, dan lainnya di sini."" data-next-head=""""/>",Sesuai resep dokter,-,", Dosis &amp; Cara pakai, Kandungan, Efek Samping, dan lainnya di sini."" data-next-head=""""/>",Konsultasikan dengan dokter,2028-03-15,Tablet,,True,[]
7365,Anabion Plus,Lainnya,50911.0,130,-,", Dosis &amp; Cara minum, Kandungan, Efek Samping, dan lainnya di sini."" data-next-head=""""/>",Sesuai resep dokter,-,", Dosis &amp; Cara minum, Kandungan, Efek Samping, dan lainnya di sini."" data-next-head=""""/>",Konsultasikan dengan dokter,2027-06-30,Tablet,,True,[]
7366,Anacetine,Lainnya,74874.0,248,-,", Dosis &amp; Cara pakai, Kandungan, Efek Samping, dan lainnya di sini."" data-next-head=""""/>",Sesuai resep dokter,-,", Dosis &amp; Cara pakai, Kandungan, Efek Samping, dan lainnya di sini."" data-next-head=""""/>",Konsultasikan dengan dokter,2027-11-20,Tablet,https://s3-publishing-cmn-svc-prd.s3.ap-southeast-1.amazonaws.com/article/ow1l0PkgyDMXhoFQL4PUn/original/006694100_1646376367-Penyebab_Batuk_Tak_Kunjung_Sembuh_yang_Mesti_Diwaspadai.jpg,True,[]
7367,Anacetine Plus,Lainnya,99847.0,128,-,", Dosis &amp; Cara minum, Kandungan, Efek Samping, dan lainnya di sini."" data-next-head=""""/>",Sesuai resep dokter,-,", Dosis &amp; Cara minum, Kandungan, Efek Samping, dan lainnya di sini."" data-next-head=""""/>",Konsultasikan dengan dokter,2027-11-20,Tablet,,True,[]
7368,Anacof,Lainnya,77335.0,55,-,", Dosis, Cara Pakai dan Efek Samping"",""meta_description"":""Tramadol adalah obat untuk mengatasi nyeri yang bersifat sedang hingga berat. Cari tau Dosis \u0026 Cara pakai, Efek Samping, dan lainnya di sini."",""meta_robots_index"":""index"",""meta_robots_follow"":""follow"",""thumbnail_url"":""https://s3-publish",Sesuai resep dokter,-,", Dosis, Cara Pakai dan Efek Samping"",""meta_description"":""Tramadol adalah obat untuk mengatasi nyeri yang bersifat sedang hingga berat. Cari tau Dosis \u0026 Cara pakai, Efek Samping, dan lainnya di sini."",""meta_robots_index"":""index"",""meta_robots_follow"":""follow"",""thumbnail_url"":""https://s3-publish",Konsultasikan dengan dokter,2027-06-30,Tablet,,True,[]
7369,Anadex,Lainnya,31037.0,266,-,", Dosis &amp; Cara pakai, Kandungan, Efek Samping, dan lainnya di sini."" data-next-head=""""/>",Sesuai resep dokter,-,", Dosis &amp; Cara pakai, Kandungan, Efek Samping, dan lainnya di sini."" data-next-head=""""/>",Konsultasikan dengan dokter,2027-11-20,Tablet,,True,[]
7370,Anadium,Lainnya,96130.0,207,-,", Dosis &amp; Cara minum, Kandungan, Efek Samping, dan lainnya di sini."" data-next-head=""""/>",Sesuai resep dokter,-,", Dosis &amp; Cara minum, Kandungan, Efek Samping, dan lainnya di sini."" data-next-head=""""/>",Konsultasikan dengan dokter,2027-06-30,Tablet,,True,[]
7371,Anafen,Lainnya,42412.0,196,-,", Dosis &amp; Cara minum, Kandungan, Efek Samping, dan lainnya di sini."" data-next-head=""""/>",Sesuai resep dokter,-,", Dosis &amp; Cara minum, Kandungan, Efek Samping, dan lainnya di sini."" data-next-head=""""/>",Konsultasikan dengan dokter,2027-11-20,Tablet,,True,[]
7372,Anakonidin,Lainnya,98676.0,152,dari Anakonidin dapat terserap ke dalam ASI. Sebaiknya konsultasikan pada dokter jika akan mengonsumsi obat ini saat menyusui.,", Dosis &amp; Cara pakai, Kandungan, Efek Samping, dan lainnya di sini."" data-next-head=""""/>",Sesuai resep dokter,dari Anakonidin dapat terserap ke dalam ASI. Sebaiknya konsultasikan pada dokter jika akan mengonsumsi obat ini saat menyusui.,", Dosis &amp; Cara pakai, Kandungan, Efek Samping, dan lainnya di sini."" data-next-head=""""/>",Konsultasikan dengan dokter,2027-11-20,Tablet,https://s3-publishing-cmn-svc-prd.s3.ap-southeast-1.amazonaws.com/article/R7R4hHrKWK0N_9iKJ5kP8/original/044520400_1602155169-Bolehkah-Bayi-Konsumsi-Obat-Batuk-Berdahak-shutterstock_202768582.jpg,True,[]
7373,Anakonidin Herbal,Lainnya,72938.0,56,-,"dan Cara Pemakaian"",""meta_description"":""Informasi lengkap obat Propolis SM; Harga, Manfaat, Dosis \u0026 Cara Pakai, Kandungan, Efek Samping, dan lainnya di sini."",""meta_robots_index"":""index"",""meta_robots_follow"":""follow"",""thumbnail_url"":""https://s3-publishing-cmn-svc-prd.s3.ap-southeast-1.amazonaws",Sesuai resep dokter,-,"dan Cara Pemakaian"",""meta_description"":""Informasi lengkap obat Propolis SM; Harga, Manfaat, Dosis \u0026 Cara Pakai, Kandungan, Efek Samping, dan lainnya di sini."",""meta_robots_index"":""index"",""meta_robots_follow"":""follow"",""thumbnail_url"":""https://s3-publishing-cmn-svc-prd.s3.ap-southeast-1.amazonaws",Konsultasikan dengan dokter,2028-03-15,Tablet,,True,[]
7374,Anakonidin OBH,Lainnya,70344.0,212,-,", Dosis &amp; Cara pakai, Kandungan, Efek Samping, dan lainnya di sini."" data-next-head=""""/>",Sesuai resep dokter,-,", Dosis &amp; Cara pakai, Kandungan, Efek Samping, dan lainnya di sini."" data-next-head=""""/>",Konsultasikan dengan dokter,2027-11-20,Tablet,,True,[]
7375,Analpim,Lainnya,65302.0,160,-,", Dosis, dan Efek Samping"",""slug"":""mefenamic-acid-manfaat-dosis-dan-efek-samping"",""short_desc"":""Mefenamic Acid adalah obat resep untuk meredakan nyeri, peradangan, dan demam pada anak, tersedia dalam bentuk obat oral."",""url"":""obat-antinyeri/mefenamic-acid-manfaat-dosis-dan-efek-samping"",""amp_url"":""""",Sesuai resep dokter,-,", Dosis, dan Efek Samping"",""slug"":""mefenamic-acid-manfaat-dosis-dan-efek-samping"",""short_desc"":""Mefenamic Acid adalah obat resep untuk meredakan nyeri, peradangan, dan demam pada anak, tersedia dalam bentuk obat oral."",""url"":""obat-antinyeri/mefenamic-acid-manfaat-dosis-dan-efek-samping"",""amp_url"":""""",Konsultasikan dengan dokter,2026-12-31,Tablet,,True,[]
7376,Analsik,Lainnya,45162.0,214,-,", Dosis &amp; Cara pakai, Kandungan, Efek Samping, dan lainnya di sini."" data-next-head=""""/>",Sesuai resep dokter,-,", Dosis &amp; Cara pakai, Kandungan, Efek Samping, dan lainnya di sini."" data-next-head=""""/>",Konsultasikan dengan dokter,2027-06-30,Tablet,https://s3-publishing-cmn-svc-prd.s3.ap-southeast-1.amazonaws.com/article/S_-3FcdniYgcV2NEJKyEZ/original/021379400_1582342678-Mengatasi-Nyeri-Lutut-Kronis-dengan-Radiofrequency-Ablation-shutterstock_1335106691.jpg,True,[]
7377,Analspec,Lainnya,51040.0,51,-,", Dosis &amp; Cara pakai, Kandungan, Efek Samping, dan lainnya di sini."" data-next-head=""""/>",Sesuai resep dokter,-,", Dosis &amp; Cara pakai, Kandungan, Efek Samping, dan lainnya di sini."" data-next-head=""""/>",Konsultasikan dengan dokter,2027-11-20,Tablet,,True,[]
7378,Analtram,Lainnya,70571.0,72,-,", Dosis &amp; Cara pakai, Kandungan, Efek Samping, dan lainnya di sini."" data-next-head=""""/>",Sesuai resep dokter,-,", Dosis &amp; Cara pakai, Kandungan, Efek Samping, dan lainnya di sini."" data-next-head=""""/>",Konsultasikan dengan dokter,2027-06-30,Tablet,,True,[]
7379,Anaprin,Lainnya,46693.0,133,-,", Dosis, Cara Pakai dan Efek Samping"",""meta_description"":""Rhinos SR adalah obat untuk meredakan berbagai gejala terkait rhinitis alergi seperti bersin, hidung tersumbat. Cari tau Dosis \u0026 Cara pakai, Efek Samping, dan manfaat lainnya disini."",""meta_robots_index"":""index"",""meta_robots_follow"":""fol",Sesuai resep dokter,-,", Dosis, Cara Pakai dan Efek Samping"",""meta_description"":""Rhinos SR adalah obat untuk meredakan berbagai gejala terkait rhinitis alergi seperti bersin, hidung tersumbat. Cari tau Dosis \u0026 Cara pakai, Efek Samping, dan manfaat lainnya disini."",""meta_robots_index"":""index"",""meta_robots_follow"":""fol",Konsultasikan dengan dokter,2028-03-15,Tablet,,True,[]
7380,Anaslim,Lainnya,81752.0,227,-,"dan Cara Pemakaian"",""meta_description"":""Informasi lengkap obat Propolis SM; Harga, Manfaat, Dosis \u0026 Cara Pakai, Kandungan, Efek Samping, dan lainnya di sini."",""meta_robots_index"":""index"",""meta_robots_follow"":""follow"",""thumbnail_url"":""https://s3-publishing-cmn-svc-prd.s3.ap-southeast-1.amazonaws",Sesuai resep dokter,-,"dan Cara Pemakaian"",""meta_description"":""Informasi lengkap obat Propolis SM; Harga, Manfaat, Dosis \u0026 Cara Pakai, Kandungan, Efek Samping, dan lainnya di sini."",""meta_robots_index"":""index"",""meta_robots_follow"":""follow"",""thumbnail_url"":""https://s3-publishing-cmn-svc-prd.s3.ap-southeast-1.amazonaws",Konsultasikan dengan dokter,2027-06-30,Tablet,,True,[]
7381,Anastan Forte,Lainnya,86291.0,182,-,", Dosis &amp; Cara pakai, Kandungan, Efek Samping, dan lainnya di sini."" data-next-head=""""/>",Sesuai resep dokter,-,", Dosis &amp; Cara pakai, Kandungan, Efek Samping, dan lainnya di sini."" data-next-head=""""/>",Konsultasikan dengan dokter,2027-11-20,Tablet,,True,[]
7382,Anaton,Lainnya,28292.0,281,-,", Dosis &amp; Cara pakai, Kandungan, Efek Samping, dan lainnya di sini."" data-next-head=""""/>",Sesuai resep dokter,-,", Dosis &amp; Cara pakai, Kandungan, Efek Samping, dan lainnya di sini."" data-next-head=""""/>",Konsultasikan dengan dokter,2027-11-20,Tablet,https://s3-publishing-cmn-svc-prd.s3.ap-southeast-1.amazonaws.com/drugs/FNJv4YDQCmYcy7O1Ig5Vg/original/OBT0005300.jpg,True,[]
7383,Anatuk,Lainnya,67272.0,260,-,"dan Cara Pemakaian"",""meta_description"":""Informasi lengkap obat Propolis SM; Harga, Manfaat, Dosis \u0026 Cara Pakai, Kandungan, Efek Samping, dan lainnya di sini."",""meta_robots_index"":""index"",""meta_robots_follow"":""follow"",""thumbnail_url"":""https://s3-publishing-cmn-svc-prd.s3.ap-southeast-1.amazonaws",Sesuai resep dokter,-,"dan Cara Pemakaian"",""meta_description"":""Informasi lengkap obat Propolis SM; Harga, Manfaat, Dosis \u0026 Cara Pakai, Kandungan, Efek Samping, dan lainnya di sini."",""meta_robots_index"":""index"",""meta_robots_follow"":""follow"",""thumbnail_url"":""https://s3-publishing-cmn-svc-prd.s3.ap-southeast-1.amazonaws",Konsultasikan dengan dokter,2027-11-20,Tablet,,True,[]
7384,Anbacim,Lainnya,61149.0,176,-,", Dosis &amp; Cara minum, Kandungan, Efek Samping, dan lainnya di sini."" data-next-head=""""/>",Sesuai resep dokter,-,", Dosis &amp; Cara minum, Kandungan, Efek Samping, dan lainnya di sini."" data-next-head=""""/>",Konsultasikan dengan dokter,2028-03-15,Tablet,,True,[]
7385,Anbiolid,Lainnya,60047.0,230,-,", Dosis &amp; Cara pakai, Kandungan, Efek Samping, dan lainnya di sini."" data-next-head=""""/>",Sesuai resep dokter,-,", Dosis &amp; Cara pakai, Kandungan, Efek Samping, dan lainnya di sini."" data-next-head=""""/>",Konsultasikan dengan dokter,2028-03-15,Tablet,,True,[]
7386,Ancefa,Lainnya,24344.0,131,-,", Dosis &amp; Cara minum, Kandungan, Efek Samping, dan lainnya di sini."" data-next-head=""""/>",Sesuai resep dokter,-,", Dosis &amp; Cara minum, Kandungan, Efek Samping, dan lainnya di sini."" data-next-head=""""/>",Konsultasikan dengan dokter,2027-11-20,Tablet,,True,[]
7387,Ancholes,Lainnya,80803.0,162,-,", dan Efek Samping"",""meta_description"":""Informasi lengkap obat Vitamin B Kompleks IPI; Harga, Manfaat, Dosis \u0026 Cara pakai, Kandungan, Efek Samping, dan lainnya di sini."",""meta_robots_index"":""index"",""meta_robots_follow"":""follow"",""type"":""obat"",""media_images"":[{""original"":""https://asset-cdn.medkom",Sesuai resep dokter,-,", dan Efek Samping"",""meta_description"":""Informasi lengkap obat Vitamin B Kompleks IPI; Harga, Manfaat, Dosis \u0026 Cara pakai, Kandungan, Efek Samping, dan lainnya di sini."",""meta_robots_index"":""index"",""meta_robots_follow"":""follow"",""type"":""obat"",""media_images"":[{""original"":""https://asset-cdn.medkom",Konsultasikan dengan dokter,2027-11-20,Tablet,,True,[]
7388,Ancla,Lainnya,43470.0,129,-,", Dosis &amp; Cara minum, Kandungan, Efek Samping, dan lainnya di sini."" data-next-head=""""/>",Sesuai resep dokter,-,", Dosis &amp; Cara minum, Kandungan, Efek Samping, dan lainnya di sini."" data-next-head=""""/>",Konsultasikan dengan dokter,2027-06-30,Tablet,,True,[]
7389,Andalan,Lainnya,76819.0,260,-,", Dosis &amp; Cara pakai, Kandungan, Efek Samping, dan lainnya di sini."" data-next-head=""""/>",Sesuai resep dokter,-,", Dosis &amp; Cara pakai, Kandungan, Efek Samping, dan lainnya di sini."" data-next-head=""""/>",Konsultasikan dengan dokter,2026-12-31,Tablet,https://s3-publishing-cmn-svc-prd.s3.ap-southeast-1.amazonaws.com/drugs/CtChcHb-ovqOppHS4tad1/original/1661928836-OBT0000832.jpg,True,[]
7390,Andalan FE,Lainnya,30657.0,236,-,", Dosis &amp; Cara minum, Kandungan, Efek Samping, dan lainnya di sini."" data-next-head=""""/>",Sesuai resep dokter,-,", Dosis &amp; Cara minum, Kandungan, Efek Samping, dan lainnya di sini."" data-next-head=""""/>",Konsultasikan dengan dokter,2027-06-30,Tablet,,True,[]
7391,Andalan Injeksi,Lainnya,79420.0,148,-,", Dosis &amp; Cara minum, Kandungan, Efek Samping, dan lainnya di sini."" data-next-head=""""/>",Sesuai resep dokter,-,", Dosis &amp; Cara minum, Kandungan, Efek Samping, dan lainnya di sini."" data-next-head=""""/>",Konsultasikan dengan dokter,2027-11-20,Tablet,,True,[]
7392,Andalan Laktasi,Lainnya,48009.0,150,-,", Dosis &amp; Cara pakai, Kandungan, Efek Samping, dan lainnya di sini."" data-next-head=""""/>",Sesuai resep dokter,-,", Dosis &amp; Cara pakai, Kandungan, Efek Samping, dan lainnya di sini."" data-next-head=""""/>",Konsultasikan dengan dokter,2027-06-30,Tablet,https://s3-publishing-cmn-svc-prd.s3.ap-southeast-1.amazonaws.com/article/Gz1iF5esclwAlmZHQCqWn/original/1667659698-Andalan%20Laktasi.jpg,True,[]
7393,Andalan Postpil,Lainnya,36529.0,190,-,", Dosis &amp; Cara minum, Kandungan, Efek Samping, dan lainnya di sini."" data-next-head=""""/>",Sesuai resep dokter,-,", Dosis &amp; Cara minum, Kandungan, Efek Samping, dan lainnya di sini."" data-next-head=""""/>",Konsultasikan dengan dokter,2027-06-30,Tablet,https://s3-publishing-cmn-svc-prd.s3.ap-southeast-1.amazonaws.com/drugs/3rJyZC1t35LuIbATHDFyp/original/gdy0m3ecg0210frcps1sxnq21mg8b25z.png,True,[]
7394,Andantol Gel,Lainnya,93435.0,160,-,", Dosis, Cara Penggunaan dan Efek Samping"",""meta_description"":""Ingin tau Gentamicin obat apa, cari tau Manfaat, Dosis \u0026 Cara pakai, Kandungan, Efek Samping, dan lainnya di sini."",""meta_robots_index"":""index"",""meta_robots_follow"":""follow"",""thumbnail_url"":""https://s3-publishing-cmn-svc-prd.s3.ap-s",Sesuai resep dokter,-,", Dosis, Cara Penggunaan dan Efek Samping"",""meta_description"":""Ingin tau Gentamicin obat apa, cari tau Manfaat, Dosis \u0026 Cara pakai, Kandungan, Efek Samping, dan lainnya di sini."",""meta_robots_index"":""index"",""meta_robots_follow"":""follow"",""thumbnail_url"":""https://s3-publishing-cmn-svc-prd.s3.ap-s",Konsultasikan dengan dokter,2027-06-30,Tablet,,True,[]
7395,Andonex,Lainnya,58432.0,207,-,", Dosis &amp; Cara pakai, Kandungan, Efek Samping, dan lainnya di sini."" data-next-head=""""/>",Sesuai resep dokter,-,", Dosis &amp; Cara pakai, Kandungan, Efek Samping, dan lainnya di sini."" data-next-head=""""/>",Konsultasikan dengan dokter,2027-06-30,Tablet,,True,[]
7396,Androcur,Lainnya,71552.0,184,-,", Dosis, dan Efek Samping"",""meta_description"":""Tamofen adalah obat dengan kandungan tamoxifen untuk mengobati sekaligus mencegah kanker payudara pada laki-laki dan perempuan. Ini manfaat, dosis, efek sampingnya."",""meta_robots_index"":""index"",""meta_robots_follow"":""follow"",""thumbnail_url"":""https://s3-p",Sesuai resep dokter,-,", Dosis, dan Efek Samping"",""meta_description"":""Tamofen adalah obat dengan kandungan tamoxifen untuk mengobati sekaligus mencegah kanker payudara pada laki-laki dan perempuan. Ini manfaat, dosis, efek sampingnya."",""meta_robots_index"":""index"",""meta_robots_follow"":""follow"",""thumbnail_url"":""https://s3-p",Konsultasikan dengan dokter,2027-11-20,Tablet,,True,[]
7397,Androgia,Lainnya,30005.0,52,-,"dan Cara Pemakaian"",""meta_description"":""Informasi lengkap obat Propolis SM; Harga, Manfaat, Dosis \u0026 Cara Pakai, Kandungan, Efek Samping, dan lainnya di sini."",""meta_robots_index"":""index"",""meta_robots_follow"":""follow"",""thumbnail_url"":""https://s3-publishing-cmn-svc-prd.s3.ap-southeast-1.amazonaws",Sesuai resep dokter,-,"dan Cara Pemakaian"",""meta_description"":""Informasi lengkap obat Propolis SM; Harga, Manfaat, Dosis \u0026 Cara Pakai, Kandungan, Efek Samping, dan lainnya di sini."",""meta_robots_index"":""index"",""meta_robots_follow"":""follow"",""thumbnail_url"":""https://s3-publishing-cmn-svc-prd.s3.ap-southeast-1.amazonaws",Konsultasikan dengan dokter,2026-12-31,Tablet,,True,[]
7398,Andromun,Lainnya,20317.0,275,-,"dan Cara Pemakaian"",""meta_description"":""Informasi lengkap obat Propolis SM; Harga, Manfaat, Dosis \u0026 Cara Pakai, Kandungan, Efek Samping, dan lainnya di sini."",""meta_robots_index"":""index"",""meta_robots_follow"":""follow"",""thumbnail_url"":""https://s3-publishing-cmn-svc-prd.s3.ap-southeast-1.amazonaws",Sesuai resep dokter,-,"dan Cara Pemakaian"",""meta_description"":""Informasi lengkap obat Propolis SM; Harga, Manfaat, Dosis \u0026 Cara Pakai, Kandungan, Efek Samping, dan lainnya di sini."",""meta_robots_index"":""index"",""meta_robots_follow"":""follow"",""thumbnail_url"":""https://s3-publishing-cmn-svc-prd.s3.ap-southeast-1.amazonaws",Konsultasikan dengan dokter,2027-11-20,Tablet,,True,[]
7399,Andrononi,Lainnya,30478.0,192,-,"dan Cara Pemakaian"",""meta_description"":""Informasi lengkap obat Propolis SM; Harga, Manfaat, Dosis \u0026 Cara Pakai, Kandungan, Efek Samping, dan lainnya di sini."",""meta_robots_index"":""index"",""meta_robots_follow"":""follow"",""thumbnail_url"":""https://s3-publishing-cmn-svc-prd.s3.ap-southeast-1.amazonaws",Sesuai resep dokter,-,"dan Cara Pemakaian"",""meta_description"":""Informasi lengkap obat Propolis SM; Harga, Manfaat, Dosis \u0026 Cara Pakai, Kandungan, Efek Samping, dan lainnya di sini."",""meta_robots_index"":""index"",""meta_robots_follow"":""follow"",""thumbnail_url"":""https://s3-publishing-cmn-svc-prd.s3.ap-southeast-1.amazonaws",Konsultasikan dengan dokter,2027-11-20,Tablet,,True,[]
7400,Anelat,Lainnya,21360.0,223,-,", Dosis &amp; Cara minum, Kandungan, Efek Samping, dan lainnya di sini."" data-next-head=""""/>",Sesuai resep dokter,-,", Dosis &amp; Cara minum, Kandungan, Efek Samping, dan lainnya di sini."" data-next-head=""""/>",Konsultasikan dengan dokter,2026-12-31,Tablet,https://s3-publishing-cmn-svc-prd.s3.ap-southeast-1.amazonaws.com/drugs/1x3DR5s7DF-ACoI_riHeu/original/jorvb6l17m43caio789zso99dm4eqdhf.png,True,[]
7401,Anemolat,Lainnya,94015.0,237,-,", Dosis &amp; Cara minum, Kandungan, Efek Samping, dan lainnya di sini."" data-next-head=""""/>",Sesuai resep dokter,-,", Dosis &amp; Cara minum, Kandungan, Efek Samping, dan lainnya di sini."" data-next-head=""""/>",Konsultasikan dengan dokter,2028-03-15,Tablet,,True,[]
7402,Anerocid,Lainnya,30020.0,133,-,", Dosis &amp; Cara pakai, Kandungan, Efek Samping, dan lainnya di sini."" data-next-head=""""/>",Sesuai resep dokter,-,", Dosis &amp; Cara pakai, Kandungan, Efek Samping, dan lainnya di sini."" data-next-head=""""/>",Konsultasikan dengan dokter,2028-03-15,Tablet,,True,[]
7403,Anesfar,Lainnya,64105.0,242,-,", Dosis, dan Efek Samping"",""meta_description"":""Deprezac adalah Obat kandungan fluoxetine yang digunakan untuk mengatasi gangguan depresi berat pada orang dewasa, anak usia di atas 8 tahun dan Lanjut Usia."",""meta_robots_index"":""index"",""meta_robots_follow"":""follow"",""thumbnail_url"":""https://s3-publishi",Sesuai resep dokter,-,", Dosis, dan Efek Samping"",""meta_description"":""Deprezac adalah Obat kandungan fluoxetine yang digunakan untuk mengatasi gangguan depresi berat pada orang dewasa, anak usia di atas 8 tahun dan Lanjut Usia."",""meta_robots_index"":""index"",""meta_robots_follow"":""follow"",""thumbnail_url"":""https://s3-publishi",Konsultasikan dengan dokter,2026-12-31,Tablet,,True,[]
7404,Anfix,Lainnya,65566.0,50,-,", Dosis &amp; Cara minum, Kandungan, Efek Samping, dan lainnya di sini."" data-next-head=""""/>",Sesuai resep dokter,-,", Dosis &amp; Cara minum, Kandungan, Efek Samping, dan lainnya di sini."" data-next-head=""""/>",Konsultasikan dengan dokter,2027-11-20,Tablet,,True,[]
7405,Anflat,Lainnya,81851.0,286,-,", Dosis &amp; Cara minum, Kandungan, Efek Samping, dan lainnya di sini."" data-next-head=""""/>",Sesuai resep dokter,-,", Dosis &amp; Cara minum, Kandungan, Efek Samping, dan lainnya di sini."" data-next-head=""""/>",Konsultasikan dengan dokter,2026-12-31,Tablet,,True,[]
7406,Anfuhex,Lainnya,20535.0,162,-,", Dosis &amp; Cara pakai, Kandungan, Efek Samping, dan lainnya di sini."" data-next-head=""""/>",Sesuai resep dokter,-,", Dosis &amp; Cara pakai, Kandungan, Efek Samping, dan lainnya di sini."" data-next-head=""""/>",Konsultasikan dengan dokter,2026-12-31,Tablet,,True,[]
7407,Angeliq,Lainnya,93907.0,154,-,", Dosis &amp; Cara pakai, Kandungan, Efek Samping, dan lainnya di sini."" data-next-head=""""/>",Sesuai resep dokter,-,", Dosis &amp; Cara pakai, Kandungan, Efek Samping, dan lainnya di sini."" data-next-head=""""/>",Konsultasikan dengan dokter,2027-11-20,Tablet,,True,[]
7408,Angintriz MR,Lainnya,74939.0,278,-,", Dosis &amp; Cara pakai, Kandungan, Efek Samping, dan lainnya di sini."" data-next-head=""""/>",Sesuai resep dokter,-,", Dosis &amp; Cara pakai, Kandungan, Efek Samping, dan lainnya di sini."" data-next-head=""""/>",Konsultasikan dengan dokter,2027-06-30,Tablet,https://s3-publishing-cmn-svc-prd.s3.ap-southeast-1.amazonaws.com/article/b911ZvWcDeVqbd7yGswo9/original/017985400_1526539097-Kenali-Tanda-Serangan-Jantung-yang-Dialami-Ayah-Meghan-Markle-By-staras-shutterstock_743841955.jpg,True,[]
7409,Angioten,Lainnya,28379.0,176,-,", Dosis &amp; Cara pakai, Kandungan, Efek Samping, dan lainnya di sini."" data-next-head=""""/>",Sesuai resep dokter,-,", Dosis &amp; Cara pakai, Kandungan, Efek Samping, dan lainnya di sini."" data-next-head=""""/>",Konsultasikan dengan dokter,2026-12-31,Tablet,https://s3-publishing-cmn-svc-prd.s3.ap-southeast-1.amazonaws.com/article/GtBUlmDQQEqceth8dzKbB/original/023359000_1588154384-Ilustrasai-Pria-Hipertensi-shutterstock_610636403.jpg,True,[]
7410,Angisis,Lainnya,54950.0,107,-,", Dosis, dan Efek Samping"",""meta_description"":""Informasi lengkap obat Neo Ultrasiline, harga, manfaat, dosis, cara pakai, kandungan, efek samping, dan lainnya di sini."",""meta_robots_index"":""index"",""meta_robots_follow"":""follow"",""thumbnail_url"":""https://s3-publishing-cmn-svc-prd.s3.ap-southeast-1.amaz",Sesuai resep dokter,-,", Dosis, dan Efek Samping"",""meta_description"":""Informasi lengkap obat Neo Ultrasiline, harga, manfaat, dosis, cara pakai, kandungan, efek samping, dan lainnya di sini."",""meta_robots_index"":""index"",""meta_robots_follow"":""follow"",""thumbnail_url"":""https://s3-publishing-cmn-svc-prd.s3.ap-southeast-1.amaz",Konsultasikan dengan dokter,2027-06-30,Tablet,,True,[]
7411,Angkak Kapsul,Lainnya,66080.0,300,-,", Dosis &amp; Cara pakai, Kandungan, Efek Samping, dan lainnya di sini."" data-next-head=""""/>",Sesuai resep dokter,-,", Dosis &amp; Cara pakai, Kandungan, Efek Samping, dan lainnya di sini."" data-next-head=""""/>",Konsultasikan dengan dokter,2027-11-20,Kapsul,,True,[]
7412,Angong Niuhuang Wan,Lainnya,77315.0,296,-,", Dosis &amp; Cara pakai, Kandungan, Efek Samping, dan lainnya di sini."" data-next-head=""""/>",Sesuai resep dokter,-,", Dosis &amp; Cara pakai, Kandungan, Efek Samping, dan lainnya di sini."" data-next-head=""""/>",Konsultasikan dengan dokter,2026-12-31,Tablet,https://s3-publishing-cmn-svc-prd.s3.ap-southeast-1.amazonaws.com/article/mFbaAVSM2b0fd5TzuJOgi/original/013174800_1576466857-_X_-Cara-Meningkatkan-Sirkulasi-Darah-Tubuh-Shutterstock_732432829.jpg,True,[]
7413,Anhissen,Lainnya,67572.0,112,-,", Dosis, dan Efek Samping"",""meta_description"":""Proxona adalah obat dengan kandungan dexchlorpheniramine maleate dan dexamethasone untuk meringankan gejala alergi dan radang. Ini manfaat, harga, dosis, efek sampingnya."",""meta_robots_index"":""index"",""meta_robots_follow"":""follow"",""thumbnail_url"":""https:",Sesuai resep dokter,-,", Dosis, dan Efek Samping"",""meta_description"":""Proxona adalah obat dengan kandungan dexchlorpheniramine maleate dan dexamethasone untuk meringankan gejala alergi dan radang. Ini manfaat, harga, dosis, efek sampingnya."",""meta_robots_index"":""index"",""meta_robots_follow"":""follow"",""thumbnail_url"":""https:",Konsultasikan dengan dokter,2027-11-20,Tablet,,True,[]
7414,Anitid,Lainnya,51064.0,68,-,", Dosis, dan Efek Samping"",""meta_description"":""Promag adalah yang digunakan untuk menetralisir kelebihan asam lambung. Promag mengandung hydrotalcite, magnesium hidroksida dan simethicone, "",""meta_robots_index"":""index"",""meta_robots_follow"":""follow"",""thumbnail_url"":""https://s3-publishing-cmn-svc-prd.",Sesuai resep dokter,-,", Dosis, dan Efek Samping"",""meta_description"":""Promag adalah yang digunakan untuk menetralisir kelebihan asam lambung. Promag mengandung hydrotalcite, magnesium hidroksida dan simethicone, "",""meta_robots_index"":""index"",""meta_robots_follow"":""follow"",""thumbnail_url"":""https://s3-publishing-cmn-svc-prd.",Konsultasikan dengan dokter,2027-11-20,Tablet,,True,[]
7415,Anlene Actifit,Lainnya,39579.0,80,-,", Dosis &amp; Cara pakai, Kandungan, Efek Samping, dan lainnya di sini."" data-next-head=""""/>",Sesuai resep dokter,-,", Dosis &amp; Cara pakai, Kandungan, Efek Samping, dan lainnya di sini."" data-next-head=""""/>",Konsultasikan dengan dokter,2026-12-31,Tablet,https://s3-publishing-cmn-svc-prd.s3.ap-southeast-1.amazonaws.com/article/zGVOYQP0VlXmXols4TI1H/original/037887800_1606191152-Segudang-Manfaat-Susu-Kedelai-untuk-Kulit-Cantik-dan-Sehat-shutterstock_1566062584.jpg,True,[]
7416,Anoral,Lainnya,73814.0,64,-,", Dosis &amp; Cara minum, Kandungan, Efek Samping, dan lainnya di sini."" data-next-head=""""/>",Sesuai resep dokter,-,", Dosis &amp; Cara minum, Kandungan, Efek Samping, dan lainnya di sini."" data-next-head=""""/>",Konsultasikan dengan dokter,2028-03-15,Tablet,,True,[]
7417,Anoxi,Lainnya,26245.0,270,-,", Dosis &amp; Cara minum, Kandungan, Efek Samping, dan lainnya di sini."" data-next-head=""""/>",Sesuai resep dokter,-,", Dosis &amp; Cara minum, Kandungan, Efek Samping, dan lainnya di sini."" data-next-head=""""/>",Konsultasikan dengan dokter,2028-03-15,Tablet,,True,[]
7418,Anpiride,Lainnya,30704.0,134,-,", Dosis, dan Efek Samping"",""meta_description"":""Informasi lengkap obat Metformin; Harga, Manfaat, Dosis \u0026 Cara pakai, Kandungan, Efek Samping, dan lainnya di sini."",""meta_robots_index"":""index"",""meta_robots_follow"":""follow"",""thumbnail_url"":""https://s3-publishing-cmn-svc-prd.s3.ap-southeast-1.amaz",Sesuai resep dokter,-,", Dosis, dan Efek Samping"",""meta_description"":""Informasi lengkap obat Metformin; Harga, Manfaat, Dosis \u0026 Cara pakai, Kandungan, Efek Samping, dan lainnya di sini."",""meta_robots_index"":""index"",""meta_robots_follow"":""follow"",""thumbnail_url"":""https://s3-publishing-cmn-svc-prd.s3.ap-southeast-1.amaz",Konsultasikan dengan dokter,2026-12-31,Tablet,,True,[]
7419,Ansinoma,Lainnya,34164.0,144,-,"dan Cara Pemakaian"",""meta_description"":""Informasi lengkap obat Propolis SM; Harga, Manfaat, Dosis \u0026 Cara Pakai, Kandungan, Efek Samping, dan lainnya di sini."",""meta_robots_index"":""index"",""meta_robots_follow"":""follow"",""thumbnail_url"":""https://s3-publishing-cmn-svc-prd.s3.ap-southeast-1.amazonaws",Sesuai resep dokter,-,"dan Cara Pemakaian"",""meta_description"":""Informasi lengkap obat Propolis SM; Harga, Manfaat, Dosis \u0026 Cara Pakai, Kandungan, Efek Samping, dan lainnya di sini."",""meta_robots_index"":""index"",""meta_robots_follow"":""follow"",""thumbnail_url"":""https://s3-publishing-cmn-svc-prd.s3.ap-southeast-1.amazonaws",Konsultasikan dengan dokter,2028-03-15,Tablet,,True,[]
7420,Antalgin,Lainnya,61742.0,261,-,", Dosis &amp; Cara pakai, Kandungan, Efek Samping, dan lainnya di sini."" data-next-head=""""/>",Sesuai resep dokter,-,", Dosis &amp; Cara pakai, Kandungan, Efek Samping, dan lainnya di sini."" data-next-head=""""/>",Konsultasikan dengan dokter,2026-12-31,Tablet,,True,[]
7421,Antalinu,Lainnya,46858.0,240,-,", Dosis &amp; Cara pakai, Kandungan, Efek Samping, dan lainnya di sini."" data-next-head=""""/>",Sesuai resep dokter,-,", Dosis &amp; Cara pakai, Kandungan, Efek Samping, dan lainnya di sini."" data-next-head=""""/>",Konsultasikan dengan dokter,2026-12-31,Tablet,https://s3-publishing-cmn-svc-prd.s3.ap-southeast-1.amazonaws.com/article/-nPaj_xobBCLk78tMCLvl/original/006480700_1598357777-Membunyikan-Punggung-untuk-Atasi-Pegal_-Bahaya-atau-Tidak-shutterstock_718180360.jpg,True,[]
7422,Antangin Fit,Lainnya,48903.0,285,-,", Dosis &amp; Cara minum, Kandungan, Efek Samping, dan lainnya di sini."" data-next-head=""""/>",Sesuai resep dokter,-,", Dosis &amp; Cara minum, Kandungan, Efek Samping, dan lainnya di sini."" data-next-head=""""/>",Konsultasikan dengan dokter,2028-03-15,Tablet,,True,[]
7423,Antangin JRG,Lainnya,89021.0,96,-,", Dosis &amp; Cara minum, Kandungan, Efek Samping, dan lainnya di sini."" data-next-head=""""/>",Sesuai resep dokter,-,", Dosis &amp; Cara minum, Kandungan, Efek Samping, dan lainnya di sini."" data-next-head=""""/>",Konsultasikan dengan dokter,2027-06-30,Tablet,,True,[]
7424,Antangin Junior,Lainnya,43651.0,219,-,", Dosis &amp; Cara pakai, Kandungan, Efek Samping, dan lainnya di sini."" data-next-head=""""/>",Sesuai resep dokter,-,", Dosis &amp; Cara pakai, Kandungan, Efek Samping, dan lainnya di sini."" data-next-head=""""/>",Konsultasikan dengan dokter,2027-06-30,Tablet,,True,[]
7425,Antasida Doen,Lainnya,39164.0,184,-,", Dosis &amp; Cara pakai, Kandungan, Efek Samping, dan lainnya di sini."" data-next-head=""""/>",Sesuai resep dokter,-,", Dosis &amp; Cara pakai, Kandungan, Efek Samping, dan lainnya di sini."" data-next-head=""""/>",Konsultasikan dengan dokter,2026-12-31,Tablet,https://s3-publishing-cmn-svc-prd.s3.ap-southeast-1.amazonaws.com/article/cKWBmh8FTNoCA-tPxgcJN/original/012046100_1641358289-Sakit_Mag_Sampai_Demam.jpg,True,[]
7426,Anthramed Krim,Lainnya,35824.0,273,-,", Dosis &amp; Cara pakai, Kandungan, Efek Samping, dan lainnya di sini."" data-next-head=""""/>",Sesuai resep dokter,-,", Dosis &amp; Cara pakai, Kandungan, Efek Samping, dan lainnya di sini."" data-next-head=""""/>",Konsultasikan dengan dokter,2028-03-15,Tablet,,True,[]
7427,Anti Tetanus Serum,Lainnya,48438.0,98,-,", Dosis &amp; Cara minum, Kandungan, Efek Samping, dan lainnya di sini."" data-next-head=""""/>",Sesuai resep dokter,-,", Dosis &amp; Cara minum, Kandungan, Efek Samping, dan lainnya di sini."" data-next-head=""""/>",Konsultasikan dengan dokter,2028-03-15,Tablet,,True,[]
7428,Antibet,Lainnya,28110.0,159,-,"dan Cara Pemakaian"",""meta_description"":""Informasi lengkap obat Propolis SM; Harga, Manfaat, Dosis \u0026 Cara Pakai, Kandungan, Efek Samping, dan lainnya di sini."",""meta_robots_index"":""index"",""meta_robots_follow"":""follow"",""thumbnail_url"":""https://s3-publishing-cmn-svc-prd.s3.ap-southeast-1.amazonaws",Sesuai resep dokter,-,"dan Cara Pemakaian"",""meta_description"":""Informasi lengkap obat Propolis SM; Harga, Manfaat, Dosis \u0026 Cara Pakai, Kandungan, Efek Samping, dan lainnya di sini."",""meta_robots_index"":""index"",""meta_robots_follow"":""follow"",""thumbnail_url"":""https://s3-publishing-cmn-svc-prd.s3.ap-southeast-1.amazonaws",Konsultasikan dengan dokter,2027-11-20,Tablet,,True,[]
7429,Antidia,Lainnya,52626.0,165,-,", Dosis &amp; Cara pakai, Kandungan, Efek Samping, dan lainnya di sini."" data-next-head=""""/>",Sesuai resep dokter,-,", Dosis &amp; Cara pakai, Kandungan, Efek Samping, dan lainnya di sini."" data-next-head=""""/>",Konsultasikan dengan dokter,2028-03-15,Tablet,,True,[]
7430,Antihemoroid,Lainnya,67781.0,97,-,", Dosis &amp; Cara pakai, Kandungan, Efek Samping, dan lainnya sini."" data-next-head=""""/>",Sesuai resep dokter,-,", Dosis &amp; Cara pakai, Kandungan, Efek Samping, dan lainnya sini."" data-next-head=""""/>",Konsultasikan dengan dokter,2026-12-31,Tablet,https://s3-publishing-cmn-svc-prd.s3.ap-southeast-1.amazonaws.com/article/A4XCcVXI7JPqIi_HI7rrJ/original/1666529776-Jenis-jenis%20Operasi%20Wasir%20yang%20Wajib%20Diketahui.jpg,True,[]
7431,Antilep,Lainnya,30282.0,61,-,", Dosis, dan Efek Samping"",""meta_description"":""Clorilex adalah obat dengan kandungan clozapine yang menjadi terapi Skizofrenia terutama pada pasien yang tidak responsif terhadap neuroleptik klasik."",""meta_robots_index"":""index"",""meta_robots_follow"":""follow"",""thumbnail_url"":""https://s3-publishing-cmn-",Sesuai resep dokter,-,", Dosis, dan Efek Samping"",""meta_description"":""Clorilex adalah obat dengan kandungan clozapine yang menjadi terapi Skizofrenia terutama pada pasien yang tidak responsif terhadap neuroleptik klasik."",""meta_robots_index"":""index"",""meta_robots_follow"":""follow"",""thumbnail_url"":""https://s3-publishing-cmn-",Konsultasikan dengan dokter,2028-03-15,Tablet,,True,[]
7432,Antimo,Lainnya,67506.0,90,-,", Dosis &amp; Cara pakai, Kandungan, Efek Samping, dan lainnya di sini."" data-next-head=""""/>",Sesuai resep dokter,-,", Dosis &amp; Cara pakai, Kandungan, Efek Samping, dan lainnya di sini."" data-next-head=""""/>",Konsultasikan dengan dokter,2028-03-15,Tablet,https://s3-publishing-cmn-svc-prd.s3.ap-southeast-1.amazonaws.com/drugs/ywnwIikE6ZmwPgQ7sLoEG/original/OBT0005356.jpg,True,[]
7433,Antimo Anak,Lainnya,37061.0,246,-,", Dosis &amp; Cara minum, Kandungan, Efek Samping, dan lainnya di sini."" data-next-head=""""/>",Sesuai resep dokter,-,", Dosis &amp; Cara minum, Kandungan, Efek Samping, dan lainnya di sini."" data-next-head=""""/>",Konsultasikan dengan dokter,2028-03-15,Tablet,,True,[]
7434,Antimo Herbal,Lainnya,37365.0,162,-,", Dosis &amp; Cara minum, Kandungan, Efek Samping, dan lainnya di sini."" data-next-head=""""/>",Sesuai resep dokter,-,", Dosis &amp; Cara minum, Kandungan, Efek Samping, dan lainnya di sini."" data-next-head=""""/>",Konsultasikan dengan dokter,2027-11-20,Tablet,,True,[]
7435,Antiplat,Lainnya,34224.0,211,-,", Dosis, dan Efek Samping"",""slug"":""candesartan-cilexetil-manfaat-dosis-dan-efek-samping"",""short_desc"":"" Candesartan Cilexetil adalah obat untuk menurunkan tekanan darah tinggi dan mengobati gagal jantung."",""url"":""obat-jantung/candesartan-cilexetil-manfaat-dosis-dan-efek-samping"",""amp_url"":"""",""canoni",Sesuai resep dokter,-,", Dosis, dan Efek Samping"",""slug"":""candesartan-cilexetil-manfaat-dosis-dan-efek-samping"",""short_desc"":"" Candesartan Cilexetil adalah obat untuk menurunkan tekanan darah tinggi dan mengobati gagal jantung."",""url"":""obat-jantung/candesartan-cilexetil-manfaat-dosis-dan-efek-samping"",""amp_url"":"""",""canoni",Konsultasikan dengan dokter,2026-12-31,Tablet,,True,[]
7436,Antiprestin,Lainnya,92202.0,244,-,", Dosis, dan Efek Samping"" data-next-head=""""/>",Sesuai resep dokter,-,", Dosis, dan Efek Samping"" data-next-head=""""/>",Konsultasikan dengan dokter,2026-12-31,Tablet,https://s3-publishing-cmn-svc-prd.s3.ap-southeast-1.amazonaws.com/article/bgnZMIF1YqnJ14IACRvS-/original/1665033274-Mudah%20Depresi.jpg,True,[]
7437,Antiza,Lainnya,29979.0,192,"ketiganya dapat membantu menurunkan demam dan nyeri, melegakan hidung tersumbat, mengatasi gejala alergi, serta meredakan batuk kering.",", Dosis &amp; Cara pakai, Kandungan, Efek Samping, dan lainnya di sini."" data-next-head=""""/>",Sesuai resep dokter,"ketiganya dapat membantu menurunkan demam dan nyeri, melegakan hidung tersumbat, mengatasi gejala alergi, serta meredakan batuk kering.",", Dosis &amp; Cara pakai, Kandungan, Efek Samping, dan lainnya di sini."" data-next-head=""""/>",Konsultasikan dengan dokter,2027-06-30,Tablet,https://s3-publishing-cmn-svc-prd.s3.ap-southeast-1.amazonaws.com/drugs/SUMfquqDtbq48UcRO2Zxv/original/OBT0005363.jpg,True,[]
7438,Antoksid,Lainnya,57384.0,115,-,", dan Efek Samping"",""meta_description"":""Informasi lengkap obat Vitamin B Kompleks IPI; Harga, Manfaat, Dosis \u0026 Cara pakai, Kandungan, Efek Samping, dan lainnya di sini."",""meta_robots_index"":""index"",""meta_robots_follow"":""follow"",""type"":""obat"",""media_images"":[{""original"":""https://asset-cdn.medkom",Sesuai resep dokter,-,", dan Efek Samping"",""meta_description"":""Informasi lengkap obat Vitamin B Kompleks IPI; Harga, Manfaat, Dosis \u0026 Cara pakai, Kandungan, Efek Samping, dan lainnya di sini."",""meta_robots_index"":""index"",""meta_robots_follow"":""follow"",""type"":""obat"",""media_images"":[{""original"":""https://asset-cdn.medkom",Konsultasikan dengan dokter,2028-03-15,Tablet,,True,[]
7439,Antox,Lainnya,97778.0,195,-,", dan Efek Samping"",""meta_description"":""Informasi lengkap obat Vitamin B Kompleks IPI; Harga, Manfaat, Dosis \u0026 Cara pakai, Kandungan, Efek Samping, dan lainnya di sini."",""meta_robots_index"":""index"",""meta_robots_follow"":""follow"",""type"":""obat"",""media_images"":[{""original"":""https://asset-cdn.medkom",Sesuai resep dokter,-,", dan Efek Samping"",""meta_description"":""Informasi lengkap obat Vitamin B Kompleks IPI; Harga, Manfaat, Dosis \u0026 Cara pakai, Kandungan, Efek Samping, dan lainnya di sini."",""meta_robots_index"":""index"",""meta_robots_follow"":""follow"",""type"":""obat"",""media_images"":[{""original"":""https://asset-cdn.medkom",Konsultasikan dengan dokter,2026-12-31,Tablet,,True,[]
7440,Antrain,Lainnya,24388.0,263,-,", Dosis &amp; Cara minum, Kandungan, Efek Samping, dan lainnya di sini."" data-next-head=""""/>",Sesuai resep dokter,-,", Dosis &amp; Cara minum, Kandungan, Efek Samping, dan lainnya di sini."" data-next-head=""""/>",Konsultasikan dengan dokter,2027-11-20,Tablet,https://s3-publishing-cmn-svc-prd.s3.ap-southeast-1.amazonaws.com/drugs/QAlGdw3s4GONoqV9C-hsd/original/mgakl84r1e3gisv7osnvhtjp97ia78a5.png,True,[]
7441,Anturat,Lainnya,43320.0,203,-,"dan Cara Pemakaian"",""meta_description"":""Informasi lengkap obat Propolis SM; Harga, Manfaat, Dosis \u0026 Cara Pakai, Kandungan, Efek Samping, dan lainnya di sini."",""meta_robots_index"":""index"",""meta_robots_follow"":""follow"",""thumbnail_url"":""https://s3-publishing-cmn-svc-prd.s3.ap-southeast-1.amazonaws",Sesuai resep dokter,-,"dan Cara Pemakaian"",""meta_description"":""Informasi lengkap obat Propolis SM; Harga, Manfaat, Dosis \u0026 Cara Pakai, Kandungan, Efek Samping, dan lainnya di sini."",""meta_robots_index"":""index"",""meta_robots_follow"":""follow"",""thumbnail_url"":""https://s3-publishing-cmn-svc-prd.s3.ap-southeast-1.amazonaws",Konsultasikan dengan dokter,2028-03-15,Tablet,,True,[]
7442,Anturin,Lainnya,62319.0,234,-,"dan Cara Pemakaian"",""meta_description"":""Informasi lengkap obat Propolis SM; Harga, Manfaat, Dosis \u0026 Cara Pakai, Kandungan, Efek Samping, dan lainnya di sini."",""meta_robots_index"":""index"",""meta_robots_follow"":""follow"",""thumbnail_url"":""https://s3-publishing-cmn-svc-prd.s3.ap-southeast-1.amazonaws",Sesuai resep dokter,-,"dan Cara Pemakaian"",""meta_description"":""Informasi lengkap obat Propolis SM; Harga, Manfaat, Dosis \u0026 Cara Pakai, Kandungan, Efek Samping, dan lainnya di sini."",""meta_robots_index"":""index"",""meta_robots_follow"":""follow"",""thumbnail_url"":""https://s3-publishing-cmn-svc-prd.s3.ap-southeast-1.amazonaws",Konsultasikan dengan dokter,2027-06-30,Tablet,,True,[]
7443,Anuric,Lainnya,69873.0,175,-,", Dosis, Efek Samping"",""meta_description"":""Informasi lengkap obat Recolfar; Harga, Fungsi, Dosis \u0026 Cara Penggunaan, Cara Penyimpanan, Efek Samping, dan lainnya di sini."",""meta_robots_index"":""index"",""meta_robots_follow"":""follow"",""thumbnail_url"":""https://s3-publishing-cmn-svc-prd.s3.ap-southeast-",Sesuai resep dokter,-,", Dosis, Efek Samping"",""meta_description"":""Informasi lengkap obat Recolfar; Harga, Fungsi, Dosis \u0026 Cara Penggunaan, Cara Penyimpanan, Efek Samping, dan lainnya di sini."",""meta_robots_index"":""index"",""meta_robots_follow"":""follow"",""thumbnail_url"":""https://s3-publishing-cmn-svc-prd.s3.ap-southeast-",Konsultasikan dengan dokter,2027-11-20,Tablet,,True,[]
7444,Anuva,Lainnya,39268.0,158,-,", Dosis, Cara Pakai dan Efek Samping"",""meta_description"":""Tramadol adalah obat untuk mengatasi nyeri yang bersifat sedang hingga berat. Cari tau Dosis \u0026 Cara pakai, Efek Samping, dan lainnya di sini."",""meta_robots_index"":""index"",""meta_robots_follow"":""follow"",""thumbnail_url"":""https://s3-publish",Sesuai resep dokter,-,", Dosis, Cara Pakai dan Efek Samping"",""meta_description"":""Tramadol adalah obat untuk mengatasi nyeri yang bersifat sedang hingga berat. Cari tau Dosis \u0026 Cara pakai, Efek Samping, dan lainnya di sini."",""meta_robots_index"":""index"",""meta_robots_follow"":""follow"",""thumbnail_url"":""https://s3-publish",Konsultasikan dengan dokter,2026-12-31,Tablet,,True,[]
7445,Anvifus,Lainnya,69471.0,148,-,"dan Cara Pemakaian"",""meta_description"":""Informasi lengkap obat Propolis SM; Harga, Manfaat, Dosis \u0026 Cara Pakai, Kandungan, Efek Samping, dan lainnya di sini."",""meta_robots_index"":""index"",""meta_robots_follow"":""follow"",""thumbnail_url"":""https://s3-publishing-cmn-svc-prd.s3.ap-southeast-1.amazonaws",Sesuai resep dokter,-,"dan Cara Pemakaian"",""meta_description"":""Informasi lengkap obat Propolis SM; Harga, Manfaat, Dosis \u0026 Cara Pakai, Kandungan, Efek Samping, dan lainnya di sini."",""meta_robots_index"":""index"",""meta_robots_follow"":""follow"",""thumbnail_url"":""https://s3-publishing-cmn-svc-prd.s3.ap-southeast-1.amazonaws",Konsultasikan dengan dokter,2027-11-20,Tablet,,True,[]
7446,Anvomer B6,Lainnya,61087.0,102,-,", Dosis, dan Efek Samping"",""meta_description"":""Promag adalah yang digunakan untuk menetralisir kelebihan asam lambung. Promag mengandung hydrotalcite, magnesium hidroksida dan simethicone, "",""meta_robots_index"":""index"",""meta_robots_follow"":""follow"",""thumbnail_url"":""https://s3-publishing-cmn-svc-prd.",Sesuai resep dokter,-,", Dosis, dan Efek Samping"",""meta_description"":""Promag adalah yang digunakan untuk menetralisir kelebihan asam lambung. Promag mengandung hydrotalcite, magnesium hidroksida dan simethicone, "",""meta_robots_index"":""index"",""meta_robots_follow"":""follow"",""thumbnail_url"":""https://s3-publishing-cmn-svc-prd.",Konsultasikan dengan dokter,2027-11-20,Tablet,,True,[]
7447,Anzhen Punau Pian,Lainnya,68483.0,162,-,"dan Cara Pemakaian"",""meta_description"":""Informasi lengkap obat Propolis SM; Harga, Manfaat, Dosis \u0026 Cara Pakai, Kandungan, Efek Samping, dan lainnya di sini."",""meta_robots_index"":""index"",""meta_robots_follow"":""follow"",""thumbnail_url"":""https://s3-publishing-cmn-svc-prd.s3.ap-southeast-1.amazonaws",Sesuai resep dokter,-,"dan Cara Pemakaian"",""meta_description"":""Informasi lengkap obat Propolis SM; Harga, Manfaat, Dosis \u0026 Cara Pakai, Kandungan, Efek Samping, dan lainnya di sini."",""meta_robots_index"":""index"",""meta_robots_follow"":""follow"",""thumbnail_url"":""https://s3-publishing-cmn-svc-prd.s3.ap-southeast-1.amazonaws",Konsultasikan dengan dokter,2026-12-31,Tablet,,True,[]
7448,Apazol,Lainnya,24690.0,276,-,", Dosis, dan Efek Samping"",""meta_description"":""Clorilex adalah obat dengan kandungan clozapine yang menjadi terapi Skizofrenia terutama pada pasien yang tidak responsif terhadap neuroleptik klasik."",""meta_robots_index"":""index"",""meta_robots_follow"":""follow"",""thumbnail_url"":""https://s3-publishing-cmn-",Sesuai resep dokter,-,", Dosis, dan Efek Samping"",""meta_description"":""Clorilex adalah obat dengan kandungan clozapine yang menjadi terapi Skizofrenia terutama pada pasien yang tidak responsif terhadap neuroleptik klasik."",""meta_robots_index"":""index"",""meta_robots_follow"":""follow"",""thumbnail_url"":""https://s3-publishing-cmn-",Konsultasikan dengan dokter,2028-03-15,Tablet,,True,[]
7449,Apecur,Lainnya,70165.0,266,-,", dan Efek Samping"",""meta_description"":""Informasi lengkap obat Vitamin B Kompleks IPI; Harga, Manfaat, Dosis \u0026 Cara pakai, Kandungan, Efek Samping, dan lainnya di sini."",""meta_robots_index"":""index"",""meta_robots_follow"":""follow"",""type"":""obat"",""media_images"":[{""original"":""https://asset-cdn.medkom",Sesuai resep dokter,-,", dan Efek Samping"",""meta_description"":""Informasi lengkap obat Vitamin B Kompleks IPI; Harga, Manfaat, Dosis \u0026 Cara pakai, Kandungan, Efek Samping, dan lainnya di sini."",""meta_robots_index"":""index"",""meta_robots_follow"":""follow"",""type"":""obat"",""media_images"":[{""original"":""https://asset-cdn.medkom",Konsultasikan dengan dokter,2027-06-30,Tablet,,True,[]
7450,Apetic,Lainnya,22561.0,274,-,", Dosis, Cara Penggunaan dan Efek Samping"",""meta_description"":""Sanmol adalah obat yang mengandung paracetamol. Sanmol digunakan untuk mengobati demam dan meringankan sakit gigi serta meredakan sakit kepala."",""meta_robots_index"":""index"",""meta_robots_follow"":""follow"",""thumbnail_url"":""https://s3-publis",Sesuai resep dokter,-,", Dosis, Cara Penggunaan dan Efek Samping"",""meta_description"":""Sanmol adalah obat yang mengandung paracetamol. Sanmol digunakan untuk mengobati demam dan meringankan sakit gigi serta meredakan sakit kepala."",""meta_robots_index"":""index"",""meta_robots_follow"":""follow"",""thumbnail_url"":""https://s3-publis",Konsultasikan dengan dokter,2028-03-15,Tablet,,True,[]
7451,Aphrodex,Lainnya,87722.0,254,-,"dan Cara Pemakaian"",""meta_description"":""Informasi lengkap obat Propolis SM; Harga, Manfaat, Dosis \u0026 Cara Pakai, Kandungan, Efek Samping, dan lainnya di sini."",""meta_robots_index"":""index"",""meta_robots_follow"":""follow"",""thumbnail_url"":""https://s3-publishing-cmn-svc-prd.s3.ap-southeast-1.amazonaws",Sesuai resep dokter,-,"dan Cara Pemakaian"",""meta_description"":""Informasi lengkap obat Propolis SM; Harga, Manfaat, Dosis \u0026 Cara Pakai, Kandungan, Efek Samping, dan lainnya di sini."",""meta_robots_index"":""index"",""meta_robots_follow"":""follow"",""thumbnail_url"":""https://s3-publishing-cmn-svc-prd.s3.ap-southeast-1.amazonaws",Konsultasikan dengan dokter,2026-12-31,Tablet,,True,[]
7452,Apialys,Lainnya,50416.0,217,-,", Dosis, Efek Samping"" data-next-head=""""/>",Sesuai resep dokter,-,", Dosis, Efek Samping"" data-next-head=""""/>",Konsultasikan dengan dokter,2027-06-30,Tablet,https://s3-publishing-cmn-svc-prd.s3.ap-southeast-1.amazonaws.com/drugs/nkOPSjm3XgVUwS9gNai2R/original/079azuc3et8sz0g0qtzzve33fj8npdqb.png,True,[]
7453,Apidra,Lainnya,50966.0,118,-,", Dosis, dan Efek Samping"",""meta_description"":""Informasi lengkap obat Metformin; Harga, Manfaat, Dosis \u0026 Cara pakai, Kandungan, Efek Samping, dan lainnya di sini."",""meta_robots_index"":""index"",""meta_robots_follow"":""follow"",""thumbnail_url"":""https://s3-publishing-cmn-svc-prd.s3.ap-southeast-1.amaz",Sesuai resep dokter,-,", Dosis, dan Efek Samping"",""meta_description"":""Informasi lengkap obat Metformin; Harga, Manfaat, Dosis \u0026 Cara pakai, Kandungan, Efek Samping, dan lainnya di sini."",""meta_robots_index"":""index"",""meta_robots_follow"":""follow"",""thumbnail_url"":""https://s3-publishing-cmn-svc-prd.s3.ap-southeast-1.amaz",Konsultasikan dengan dokter,2027-06-30,Tablet,,True,[]
7454,Apiquna,Lainnya,75048.0,206,-,"dan Cara Pemakaian"",""meta_description"":""Informasi lengkap obat Propolis SM; Harga, Manfaat, Dosis \u0026 Cara Pakai, Kandungan, Efek Samping, dan lainnya di sini."",""meta_robots_index"":""index"",""meta_robots_follow"":""follow"",""thumbnail_url"":""https://s3-publishing-cmn-svc-prd.s3.ap-southeast-1.amazonaws",Sesuai resep dokter,-,"dan Cara Pemakaian"",""meta_description"":""Informasi lengkap obat Propolis SM; Harga, Manfaat, Dosis \u0026 Cara Pakai, Kandungan, Efek Samping, dan lainnya di sini."",""meta_robots_index"":""index"",""meta_robots_follow"":""follow"",""thumbnail_url"":""https://s3-publishing-cmn-svc-prd.s3.ap-southeast-1.amazonaws",Konsultasikan dengan dokter,2028-03-15,Tablet,,True,[]
7455,Apolar,Lainnya,97812.0,105,-,", Dosis, Cara Penggunaan dan Efek Samping"",""meta_description"":""Ingin tau Gentamicin obat apa, cari tau Manfaat, Dosis \u0026 Cara pakai, Kandungan, Efek Samping, dan lainnya di sini."",""meta_robots_index"":""index"",""meta_robots_follow"":""follow"",""thumbnail_url"":""https://s3-publishing-cmn-svc-prd.s3.ap-s",Sesuai resep dokter,-,", Dosis, Cara Penggunaan dan Efek Samping"",""meta_description"":""Ingin tau Gentamicin obat apa, cari tau Manfaat, Dosis \u0026 Cara pakai, Kandungan, Efek Samping, dan lainnya di sini."",""meta_robots_index"":""index"",""meta_robots_follow"":""follow"",""thumbnail_url"":""https://s3-publishing-cmn-svc-prd.s3.ap-s",Konsultasikan dengan dokter,2028-03-15,Tablet,,True,[]
7456,Apolar N,Lainnya,92795.0,197,-,", Dosis &amp; Cara minum, Kandungan, Efek Samping, dan lainnya di sini."" data-next-head=""""/>",Sesuai resep dokter,-,", Dosis &amp; Cara minum, Kandungan, Efek Samping, dan lainnya di sini."" data-next-head=""""/>",Konsultasikan dengan dokter,2026-12-31,Tablet,,True,[]
7457,Appeton 60+,Lainnya,34492.0,218,-,", dan Efek Samping"",""meta_description"":""Informasi lengkap obat Vitamin B Kompleks IPI; Harga, Manfaat, Dosis \u0026 Cara pakai, Kandungan, Efek Samping, dan lainnya di sini."",""meta_robots_index"":""index"",""meta_robots_follow"":""follow"",""type"":""obat"",""media_images"":[{""original"":""https://asset-cdn.medkom",Sesuai resep dokter,-,", dan Efek Samping"",""meta_description"":""Informasi lengkap obat Vitamin B Kompleks IPI; Harga, Manfaat, Dosis \u0026 Cara pakai, Kandungan, Efek Samping, dan lainnya di sini."",""meta_robots_index"":""index"",""meta_robots_follow"":""follow"",""type"":""obat"",""media_images"":[{""original"":""https://asset-cdn.medkom",Konsultasikan dengan dokter,2027-06-30,Tablet,,True,[]
7458,Appeton Activ-C,Lainnya,52941.0,172,-,", dan Efek Samping"",""meta_description"":""Informasi lengkap obat Vitamin B Kompleks IPI; Harga, Manfaat, Dosis \u0026 Cara pakai, Kandungan, Efek Samping, dan lainnya di sini."",""meta_robots_index"":""index"",""meta_robots_follow"":""follow"",""type"":""obat"",""media_images"":[{""original"":""https://asset-cdn.medkom",Sesuai resep dokter,-,", dan Efek Samping"",""meta_description"":""Informasi lengkap obat Vitamin B Kompleks IPI; Harga, Manfaat, Dosis \u0026 Cara pakai, Kandungan, Efek Samping, dan lainnya di sini."",""meta_robots_index"":""index"",""meta_robots_follow"":""follow"",""type"":""obat"",""media_images"":[{""original"":""https://asset-cdn.medkom",Konsultasikan dengan dokter,2027-06-30,Tablet,,True,[]
7459,Appeton Lysine,Lainnya,94925.0,279,-,", dan Efek Samping"",""meta_description"":""Informasi lengkap obat Vitamin B Kompleks IPI; Harga, Manfaat, Dosis \u0026 Cara pakai, Kandungan, Efek Samping, dan lainnya di sini."",""meta_robots_index"":""index"",""meta_robots_follow"":""follow"",""type"":""obat"",""media_images"":[{""original"":""https://asset-cdn.medkom",Sesuai resep dokter,-,", dan Efek Samping"",""meta_description"":""Informasi lengkap obat Vitamin B Kompleks IPI; Harga, Manfaat, Dosis \u0026 Cara pakai, Kandungan, Efek Samping, dan lainnya di sini."",""meta_robots_index"":""index"",""meta_robots_follow"":""follow"",""type"":""obat"",""media_images"":[{""original"":""https://asset-cdn.medkom",Konsultasikan dengan dokter,2026-12-31,Tablet,,True,[]
7460,Appeton Taurine,Lainnya,88652.0,181,-,", dan Efek Samping"",""meta_description"":""Informasi lengkap obat Vitamin B Kompleks IPI; Harga, Manfaat, Dosis \u0026 Cara pakai, Kandungan, Efek Samping, dan lainnya di sini."",""meta_robots_index"":""index"",""meta_robots_follow"":""follow"",""type"":""obat"",""media_images"":[{""original"":""https://asset-cdn.medkom",Sesuai resep dokter,-,", dan Efek Samping"",""meta_description"":""Informasi lengkap obat Vitamin B Kompleks IPI; Harga, Manfaat, Dosis \u0026 Cara pakai, Kandungan, Efek Samping, dan lainnya di sini."",""meta_robots_index"":""index"",""meta_robots_follow"":""follow"",""type"":""obat"",""media_images"":[{""original"":""https://asset-cdn.medkom",Konsultasikan dengan dokter,2028-03-15,Tablet,,True,[]
7461,Apricot (Obat Batuk),Lainnya,63209.0,184,-,"dan Cara Pemakaian"",""meta_description"":""Informasi lengkap obat Propolis SM; Harga, Manfaat, Dosis \u0026 Cara Pakai, Kandungan, Efek Samping, dan lainnya di sini."",""meta_robots_index"":""index"",""meta_robots_follow"":""follow"",""thumbnail_url"":""https://s3-publishing-cmn-svc-prd.s3.ap-southeast-1.amazonaws",Sesuai resep dokter,-,"dan Cara Pemakaian"",""meta_description"":""Informasi lengkap obat Propolis SM; Harga, Manfaat, Dosis \u0026 Cara Pakai, Kandungan, Efek Samping, dan lainnya di sini."",""meta_robots_index"":""index"",""meta_robots_follow"":""follow"",""thumbnail_url"":""https://s3-publishing-cmn-svc-prd.s3.ap-southeast-1.amazonaws",Konsultasikan dengan dokter,2027-06-30,Tablet,,True,[]
7462,Aprion,Lainnya,53190.0,152,-,", Dosis, dan Efek Samping"",""meta_description"":""Informasi lengkap obat Mecobalamin; Harga, Manfaat, Dosis \u0026 Cara pakai, Kandungan, Efek Samping, dan lainnya di sini."",""meta_robots_index"":""index"",""meta_robots_follow"":""follow"",""thumbnail_url"":""https://s3-publishing-cmn-svc-prd.s3.ap-southeast-1.am",Sesuai resep dokter,-,", Dosis, dan Efek Samping"",""meta_description"":""Informasi lengkap obat Mecobalamin; Harga, Manfaat, Dosis \u0026 Cara pakai, Kandungan, Efek Samping, dan lainnya di sini."",""meta_robots_index"":""index"",""meta_robots_follow"":""follow"",""thumbnail_url"":""https://s3-publishing-cmn-svc-prd.s3.ap-southeast-1.am",Konsultasikan dengan dokter,2027-11-20,Tablet,,True,[]
7463,Aprofit,Lainnya,72023.0,50,-,", dan Efek Samping"",""meta_description"":""Informasi lengkap obat Vitamin B Kompleks IPI; Harga, Manfaat, Dosis \u0026 Cara pakai, Kandungan, Efek Samping, dan lainnya di sini."",""meta_robots_index"":""index"",""meta_robots_follow"":""follow"",""type"":""obat"",""media_images"":[{""original"":""https://asset-cdn.medkom",Sesuai resep dokter,-,", dan Efek Samping"",""meta_description"":""Informasi lengkap obat Vitamin B Kompleks IPI; Harga, Manfaat, Dosis \u0026 Cara pakai, Kandungan, Efek Samping, dan lainnya di sini."",""meta_robots_index"":""index"",""meta_robots_follow"":""follow"",""type"":""obat"",""media_images"":[{""original"":""https://asset-cdn.medkom",Konsultasikan dengan dokter,2027-06-30,Tablet,,True,[]
7464,Aprovel,Lainnya,60255.0,286,-,", Dosis, dan Efek Samping"",""meta_description"":""Mediresix adalah obat yang mengandung furosemide untuk mengatasi hipertensi dan pembengkakan pada jaringan. Ini dosis minum, manfaat, dan efek sampingnya."",""meta_robots_index"":""index"",""meta_robots_follow"":""follow"",""thumbnail_url"":""https://s3-publishing-",Sesuai resep dokter,-,", Dosis, dan Efek Samping"",""meta_description"":""Mediresix adalah obat yang mengandung furosemide untuk mengatasi hipertensi dan pembengkakan pada jaringan. Ini dosis minum, manfaat, dan efek sampingnya."",""meta_robots_index"":""index"",""meta_robots_follow"":""follow"",""thumbnail_url"":""https://s3-publishing-",Konsultasikan dengan dokter,2027-06-30,Tablet,,True,[]
7465,Aptor,Lainnya,54686.0,298,-,", Dosis &amp; Cara pakai, Kandungan, Efek Samping, dan lainnya di sini."" data-next-head=""""/>",Sesuai resep dokter,-,", Dosis &amp; Cara pakai, Kandungan, Efek Samping, dan lainnya di sini."" data-next-head=""""/>",Konsultasikan dengan dokter,2028-03-15,Tablet,https://s3-publishing-cmn-svc-prd.s3.ap-southeast-1.amazonaws.com/article/TTMZTNfGN9k0IsZXrohKv/original/090685900_1594698613-Minum-Obat-shutterstock_1767443339.jpg,True,[]
7466,Apusirih,Lainnya,77225.0,245,-,"dan Cara Pemakaian"",""meta_description"":""Informasi lengkap obat Propolis SM; Harga, Manfaat, Dosis \u0026 Cara Pakai, Kandungan, Efek Samping, dan lainnya di sini."",""meta_robots_index"":""index"",""meta_robots_follow"":""follow"",""thumbnail_url"":""https://s3-publishing-cmn-svc-prd.s3.ap-southeast-1.amazonaws",Sesuai resep dokter,-,"dan Cara Pemakaian"",""meta_description"":""Informasi lengkap obat Propolis SM; Harga, Manfaat, Dosis \u0026 Cara Pakai, Kandungan, Efek Samping, dan lainnya di sini."",""meta_robots_index"":""index"",""meta_robots_follow"":""follow"",""thumbnail_url"":""https://s3-publishing-cmn-svc-prd.s3.ap-southeast-1.amazonaws",Konsultasikan dengan dokter,2026-12-31,Tablet,,True,[]
7467,Aqua Pro Injection,Lainnya,25527.0,289,-,", Dosis, Cara Pakai dan Efek Samping"",""meta_description"":""Rhinos SR adalah obat untuk meredakan berbagai gejala terkait rhinitis alergi seperti bersin, hidung tersumbat. Cari tau Dosis \u0026 Cara pakai, Efek Samping, dan manfaat lainnya disini."",""meta_robots_index"":""index"",""meta_robots_follow"":""fol",Sesuai resep dokter,-,", Dosis, Cara Pakai dan Efek Samping"",""meta_description"":""Rhinos SR adalah obat untuk meredakan berbagai gejala terkait rhinitis alergi seperti bersin, hidung tersumbat. Cari tau Dosis \u0026 Cara pakai, Efek Samping, dan manfaat lainnya disini."",""meta_robots_index"":""index"",""meta_robots_follow"":""fol",Konsultasikan dengan dokter,2027-06-30,Tablet,,True,[]
7468,Ar-Gout,Lainnya,50913.0,68,-,", Dosis &amp; Cara pakai, Kandungan, Efek Samping, dan lainnya di sini."" data-next-head=""""/>",Sesuai resep dokter,-,", Dosis &amp; Cara pakai, Kandungan, Efek Samping, dan lainnya di sini."" data-next-head=""""/>",Konsultasikan dengan dokter,2026-12-31,Tablet,https://s3-publishing-cmn-svc-prd.s3.ap-southeast-1.amazonaws.com/article/0umzdAjPlg3VKGXckpRXN/original/046655500_1551691221-6-Cara-Mengatasi-Serangan-Asam-Urat-By-Dragana-Gordic-Shutterstock.jpg,True,[]
7469,Araclof,Lainnya,74988.0,277,-,", Dosis, Cara Pakai dan Efek Samping"",""meta_description"":""Tramadol adalah obat untuk mengatasi nyeri yang bersifat sedang hingga berat. Cari tau Dosis \u0026 Cara pakai, Efek Samping, dan lainnya di sini."",""meta_robots_index"":""index"",""meta_robots_follow"":""follow"",""thumbnail_url"":""https://s3-publish",Sesuai resep dokter,-,", Dosis, Cara Pakai dan Efek Samping"",""meta_description"":""Tramadol adalah obat untuk mengatasi nyeri yang bersifat sedang hingga berat. Cari tau Dosis \u0026 Cara pakai, Efek Samping, dan lainnya di sini."",""meta_robots_index"":""index"",""meta_robots_follow"":""follow"",""thumbnail_url"":""https://s3-publish",Konsultasikan dengan dokter,2026-12-31,Tablet,,True,[]
7470,Aragin,Lainnya,95462.0,258,-,"dan Cara Pemakaian"",""meta_description"":""Informasi lengkap obat Propolis SM; Harga, Manfaat, Dosis \u0026 Cara Pakai, Kandungan, Efek Samping, dan lainnya di sini."",""meta_robots_index"":""index"",""meta_robots_follow"":""follow"",""thumbnail_url"":""https://s3-publishing-cmn-svc-prd.s3.ap-southeast-1.amazonaws",Sesuai resep dokter,-,"dan Cara Pemakaian"",""meta_description"":""Informasi lengkap obat Propolis SM; Harga, Manfaat, Dosis \u0026 Cara Pakai, Kandungan, Efek Samping, dan lainnya di sini."",""meta_robots_index"":""index"",""meta_robots_follow"":""follow"",""thumbnail_url"":""https://s3-publishing-cmn-svc-prd.s3.ap-southeast-1.amazonaws",Konsultasikan dengan dokter,2027-06-30,Tablet,,True,[]
7471,Arava,Lainnya,95557.0,288,-,", Dosis, dan Efek Samping"",""meta_description"":""Roculax adalah obat pelengkap anestesi umum dengan kandungan rocuronium bromide untuk mengendurkan otot selama tindakan operasi. Ini manfaat, harga, dosis, efek sampingnya."",""meta_robots_index"":""index"",""meta_robots_follow"":""follow"",""thumbnail_url"":""http",Sesuai resep dokter,-,", Dosis, dan Efek Samping"",""meta_description"":""Roculax adalah obat pelengkap anestesi umum dengan kandungan rocuronium bromide untuk mengendurkan otot selama tindakan operasi. Ini manfaat, harga, dosis, efek sampingnya."",""meta_robots_index"":""index"",""meta_robots_follow"":""follow"",""thumbnail_url"":""http",Konsultasikan dengan dokter,2026-12-31,Tablet,,True,[]
7472,Arbupon,Lainnya,33643.0,196,-,", Dosis, Cara Penggunaan dan Efek Samping"",""meta_description"":""Sanmol adalah obat yang mengandung paracetamol. Sanmol digunakan untuk mengobati demam dan meringankan sakit gigi serta meredakan sakit kepala."",""meta_robots_index"":""index"",""meta_robots_follow"":""follow"",""thumbnail_url"":""https://s3-publis",Sesuai resep dokter,-,", Dosis, Cara Penggunaan dan Efek Samping"",""meta_description"":""Sanmol adalah obat yang mengandung paracetamol. Sanmol digunakan untuk mengobati demam dan meringankan sakit gigi serta meredakan sakit kepala."",""meta_robots_index"":""index"",""meta_robots_follow"":""follow"",""thumbnail_url"":""https://s3-publis",Konsultasikan dengan dokter,2026-12-31,Tablet,,True,[]
7473,Arcalion,Lainnya,60788.0,222,-,", Dosis &amp; Cara pakai, Kandungan, Efek Samping, dan lainnya di sini."" data-next-head=""""/>",Sesuai resep dokter,-,", Dosis &amp; Cara pakai, Kandungan, Efek Samping, dan lainnya di sini."" data-next-head=""""/>",Konsultasikan dengan dokter,2027-06-30,Tablet,https://s3-publishing-cmn-svc-prd.s3.ap-southeast-1.amazonaws.com/article/cV9fVfDfpu2mA60zHAS3I/original/052959900_1635411878-Tak-Cuma-Anak-Orang-Dewasa-Juga-Perlu-Minum-Obat-Cacing-shutterstock_1977083360.jpg,True,[]
7474,Arcamox,Lainnya,84244.0,105,-,", Dosis, dan Efek Samping"",""meta_description"":""Informasi lengkap obat Yusimox; Harga, Manfaat, Dosis \u0026 Cara pakai, Kandungan, Efek Samping, dan lainnya di sini."",""meta_robots_index"":""index"",""meta_robots_follow"":""follow"",""thumbnail_url"":""https://s3-publishing-cmn-svc-prd.s3.ap-southeast-1.amazon",Sesuai resep dokter,-,", Dosis, dan Efek Samping"",""meta_description"":""Informasi lengkap obat Yusimox; Harga, Manfaat, Dosis \u0026 Cara pakai, Kandungan, Efek Samping, dan lainnya di sini."",""meta_robots_index"":""index"",""meta_robots_follow"":""follow"",""thumbnail_url"":""https://s3-publishing-cmn-svc-prd.s3.ap-southeast-1.amazon",Konsultasikan dengan dokter,2026-12-31,Tablet,,True,[]
7475,Arcapec,Lainnya,20379.0,226,-,", Dosis, dan Efek Samping"" data-next-head=""""/>",Sesuai resep dokter,-,", Dosis, dan Efek Samping"" data-next-head=""""/>",Konsultasikan dengan dokter,2027-06-30,Tablet,https://s3-publishing-cmn-svc-prd.s3.ap-southeast-1.amazonaws.com/drugs/W3xDkboDDgDvB57j9WZMe/original/1660754290-Arcapec_Tablet_1.JPG,True,[]
7476,Arcerin MR,Lainnya,95554.0,188,-,", Dosis, dan Efek Samping"",""slug"":""candesartan-cilexetil-manfaat-dosis-dan-efek-samping"",""short_desc"":"" Candesartan Cilexetil adalah obat untuk menurunkan tekanan darah tinggi dan mengobati gagal jantung."",""url"":""obat-jantung/candesartan-cilexetil-manfaat-dosis-dan-efek-samping"",""amp_url"":"""",""canoni",Sesuai resep dokter,-,", Dosis, dan Efek Samping"",""slug"":""candesartan-cilexetil-manfaat-dosis-dan-efek-samping"",""short_desc"":"" Candesartan Cilexetil adalah obat untuk menurunkan tekanan darah tinggi dan mengobati gagal jantung."",""url"":""obat-jantung/candesartan-cilexetil-manfaat-dosis-dan-efek-samping"",""amp_url"":"""",""canoni",Konsultasikan dengan dokter,2026-12-31,Tablet,,True,[]
7477,Arcoxia,Lainnya,72515.0,104,-,", Dosis &amp; Cara pakai, Kandungan, Efek Samping, dan lainnya di sini."" data-next-head=""""/>",Sesuai resep dokter,-,", Dosis &amp; Cara pakai, Kandungan, Efek Samping, dan lainnya di sini."" data-next-head=""""/>",Konsultasikan dengan dokter,2027-11-20,Tablet,,True,[]
7478,Ardium,Lainnya,77323.0,276,-,", Dosis &amp; Cara pakai, Kandungan, Efek Samping, dan lainnya di sini."" data-next-head=""""/>",Sesuai resep dokter,-,", Dosis &amp; Cara pakai, Kandungan, Efek Samping, dan lainnya di sini."" data-next-head=""""/>",Konsultasikan dengan dokter,2028-03-15,Tablet,,True,[]
7479,Arespin,Lainnya,22812.0,101,-,", Dosis, dan Efek Samping"",""slug"":""candesartan-cilexetil-manfaat-dosis-dan-efek-samping"",""short_desc"":"" Candesartan Cilexetil adalah obat untuk menurunkan tekanan darah tinggi dan mengobati gagal jantung."",""url"":""obat-jantung/candesartan-cilexetil-manfaat-dosis-dan-efek-samping"",""amp_url"":"""",""canoni",Sesuai resep dokter,-,", Dosis, dan Efek Samping"",""slug"":""candesartan-cilexetil-manfaat-dosis-dan-efek-samping"",""short_desc"":"" Candesartan Cilexetil adalah obat untuk menurunkan tekanan darah tinggi dan mengobati gagal jantung."",""url"":""obat-jantung/candesartan-cilexetil-manfaat-dosis-dan-efek-samping"",""amp_url"":"""",""canoni",Konsultasikan dengan dokter,2027-11-20,Tablet,,True,[]
7480,Arfen,Lainnya,79991.0,225,-,", Dosis &amp; Cara pakai, Kandungan, Efek Samping, dan lainnya di sini."" data-next-head=""""/>",Sesuai resep dokter,-,", Dosis &amp; Cara pakai, Kandungan, Efek Samping, dan lainnya di sini."" data-next-head=""""/>",Konsultasikan dengan dokter,2026-12-31,Tablet,https://s3-publishing-cmn-svc-prd.s3.ap-southeast-1.amazonaws.com/article/-6OPSbIqnqADNKyucOyRV/original/1669005499-Manfaat%20dan%20Dosis%20Sodium%20Diklofenak%20untuk%20Obati%20Sakit%20Gigi.jpg,True,[]
7481,Argesid,Lainnya,46162.0,144,-,"dan Efek Samping"" data-next-head=""""/>",Sesuai resep dokter,-,"dan Efek Samping"" data-next-head=""""/>",Konsultasikan dengan dokter,2027-11-20,Tablet,,True,[]
7482,Aricept,Lainnya,42933.0,288,-,", Dosis, dan Efek Samping"",""meta_description"":""Clorilex adalah obat dengan kandungan clozapine yang menjadi terapi Skizofrenia terutama pada pasien yang tidak responsif terhadap neuroleptik klasik."",""meta_robots_index"":""index"",""meta_robots_follow"":""follow"",""thumbnail_url"":""https://s3-publishing-cmn-",Sesuai resep dokter,-,", Dosis, dan Efek Samping"",""meta_description"":""Clorilex adalah obat dengan kandungan clozapine yang menjadi terapi Skizofrenia terutama pada pasien yang tidak responsif terhadap neuroleptik klasik."",""meta_robots_index"":""index"",""meta_robots_follow"":""follow"",""thumbnail_url"":""https://s3-publishing-cmn-",Konsultasikan dengan dokter,2027-11-20,Tablet,,True,[]
7483,Arimed,Lainnya,42501.0,274,-,", Dosis, dan Efek Samping"",""slug"":""mefenamic-acid-manfaat-dosis-dan-efek-samping"",""short_desc"":""Mefenamic Acid adalah obat resep untuk meredakan nyeri, peradangan, dan demam pada anak, tersedia dalam bentuk obat oral."",""url"":""obat-antinyeri/mefenamic-acid-manfaat-dosis-dan-efek-samping"",""amp_url"":""""",Sesuai resep dokter,-,", Dosis, dan Efek Samping"",""slug"":""mefenamic-acid-manfaat-dosis-dan-efek-samping"",""short_desc"":""Mefenamic Acid adalah obat resep untuk meredakan nyeri, peradangan, dan demam pada anak, tersedia dalam bentuk obat oral."",""url"":""obat-antinyeri/mefenamic-acid-manfaat-dosis-dan-efek-samping"",""amp_url"":""""",Konsultasikan dengan dokter,2027-11-20,Tablet,,True,[]
7484,Arimidex,Lainnya,86219.0,93,-,", Dosis, dan Efek Samping"",""meta_description"":""Duphaston adalah Obat dengan kandungan dydrogesterone untuk mengatasi Infertilitas dan mengontrol Menstruasi. Ini manfaat, dosis, harga dan efek sampingnya."",""meta_robots_index"":""index"",""meta_robots_follow"":""follow"",""thumbnail_url"":""https://s3-publishin",Sesuai resep dokter,-,", Dosis, dan Efek Samping"",""meta_description"":""Duphaston adalah Obat dengan kandungan dydrogesterone untuk mengatasi Infertilitas dan mengontrol Menstruasi. Ini manfaat, dosis, harga dan efek sampingnya."",""meta_robots_index"":""index"",""meta_robots_follow"":""follow"",""thumbnail_url"":""https://s3-publishin",Konsultasikan dengan dokter,2028-03-15,Tablet,,True,[]
7485,Arinia,Lainnya,77033.0,53,-,", Dosis &amp; Cara pakai, Kandungan, Efek Samping, dan lainnya di sini."" data-next-head=""""/>",Sesuai resep dokter,-,", Dosis &amp; Cara pakai, Kandungan, Efek Samping, dan lainnya di sini."" data-next-head=""""/>",Konsultasikan dengan dokter,2027-11-20,Tablet,https://s3-publishing-cmn-svc-prd.s3.ap-southeast-1.amazonaws.com/article/9VoTExsCGIRb7WywOS6u9/original/028207000_1639726373-Orangtua-Bipolar.jpg,True,[]
7486,Aripi,Lainnya,81688.0,220,-,", Dosis, dan Efek Samping"",""meta_description"":""Clorilex adalah obat dengan kandungan clozapine yang menjadi terapi Skizofrenia terutama pada pasien yang tidak responsif terhadap neuroleptik klasik."",""meta_robots_index"":""index"",""meta_robots_follow"":""follow"",""thumbnail_url"":""https://s3-publishing-cmn-",Sesuai resep dokter,-,", Dosis, dan Efek Samping"",""meta_description"":""Clorilex adalah obat dengan kandungan clozapine yang menjadi terapi Skizofrenia terutama pada pasien yang tidak responsif terhadap neuroleptik klasik."",""meta_robots_index"":""index"",""meta_robots_follow"":""follow"",""thumbnail_url"":""https://s3-publishing-cmn-",Konsultasikan dengan dokter,2028-03-15,Tablet,,True,[]
7487,Aripiprazole,Lainnya,42243.0,141,-,", Dosis, dan Efek Samping"",""meta_description"":""Deprezac adalah Obat kandungan fluoxetine yang digunakan untuk mengatasi gangguan depresi berat pada orang dewasa, anak usia di atas 8 tahun dan Lanjut Usia."",""meta_robots_index"":""index"",""meta_robots_follow"":""follow"",""thumbnail_url"":""https://s3-publishi",Sesuai resep dokter,-,", Dosis, dan Efek Samping"",""meta_description"":""Deprezac adalah Obat kandungan fluoxetine yang digunakan untuk mengatasi gangguan depresi berat pada orang dewasa, anak usia di atas 8 tahun dan Lanjut Usia."",""meta_robots_index"":""index"",""meta_robots_follow"":""follow"",""thumbnail_url"":""https://s3-publishi",Konsultasikan dengan dokter,2027-11-20,Tablet,,True,[]
7488,Ariski,Lainnya,47145.0,270,-,", Dosis &amp; Cara pakai, Kandungan, Efek Samping, dan lainnya di sini."" data-next-head=""""/>",Sesuai resep dokter,-,", Dosis &amp; Cara pakai, Kandungan, Efek Samping, dan lainnya di sini."" data-next-head=""""/>",Konsultasikan dengan dokter,2027-06-30,Tablet,https://s3-publishing-cmn-svc-prd.s3.ap-southeast-1.amazonaws.com/article/qD1teYaWhl16SAk7ZoQOx/original/068637400_1593516466-Ini-Cara-Kerja-Emosi-yang-Perlu-Anda-Ketahui-shutterstock_1337791595.jpg,True,[]
7489,Arixtra,Lainnya,39461.0,212,-,", Dosis &amp; Cara pakai, Kandungan, Efek Samping, dan lainnya di sini."" data-next-head=""""/>",Sesuai resep dokter,-,", Dosis &amp; Cara pakai, Kandungan, Efek Samping, dan lainnya di sini."" data-next-head=""""/>",Konsultasikan dengan dokter,2026-12-31,Tablet,https://s3-publishing-cmn-svc-prd.s3.ap-southeast-1.amazonaws.com/article/-MJHhlEFP5cNjt8EtRcvu/original/089440800_1589251319-Tekuk-Kedua-Lutut-untuk-Mencegah-DVT-shutterstock_756426184.jpg,True,[]
7490,Arkavit,Lainnya,54368.0,291,-,", Dosis &amp; Cara pakai, Kandungan, Efek Samping, dan lainnya di sini."" data-next-head=""""/>",Sesuai resep dokter,-,", Dosis &amp; Cara pakai, Kandungan, Efek Samping, dan lainnya di sini."" data-next-head=""""/>",Konsultasikan dengan dokter,2026-12-31,Tablet,https://s3-publishing-cmn-svc-prd.s3.ap-southeast-1.amazonaws.com/article/C74mKURQ-VqeJQZ-qz5x9/original/080811900_1585285253-Penderita-Penyakit-Jantung-Tak-Boleh-Minum-Vitamin-B-shutterstock_695666989.jpg,True,[]
7491,Arkavit-C,Lainnya,45692.0,296,-,", dan Efek Samping"",""meta_description"":""Informasi lengkap obat Vitamin B Kompleks IPI; Harga, Manfaat, Dosis \u0026 Cara pakai, Kandungan, Efek Samping, dan lainnya di sini."",""meta_robots_index"":""index"",""meta_robots_follow"":""follow"",""type"":""obat"",""media_images"":[{""original"":""https://asset-cdn.medkom",Sesuai resep dokter,-,", dan Efek Samping"",""meta_description"":""Informasi lengkap obat Vitamin B Kompleks IPI; Harga, Manfaat, Dosis \u0026 Cara pakai, Kandungan, Efek Samping, dan lainnya di sini."",""meta_robots_index"":""index"",""meta_robots_follow"":""follow"",""type"":""obat"",""media_images"":[{""original"":""https://asset-cdn.medkom",Konsultasikan dengan dokter,2027-06-30,Tablet,,True,[]
7492,Arkine,Lainnya,43420.0,293,-,", Dosis &amp; Cara pakai, Kandungan, Efek Samping, dan lainnya di sini."" data-next-head=""""/>",Sesuai resep dokter,-,", Dosis &amp; Cara pakai, Kandungan, Efek Samping, dan lainnya di sini."" data-next-head=""""/>",Konsultasikan dengan dokter,2027-06-30,Tablet,https://s3-publishing-cmn-svc-prd.s3.ap-southeast-1.amazonaws.com/article/NTf7prDmf6eA4eic_akJM/original/1675648234-Arkine.jpg,True,[]
7493,Armacort,Lainnya,38123.0,137,-,", Dosis, Cara Penggunaan dan Efek Samping"",""meta_description"":""Ingin tau Gentamicin obat apa, cari tau Manfaat, Dosis \u0026 Cara pakai, Kandungan, Efek Samping, dan lainnya di sini."",""meta_robots_index"":""index"",""meta_robots_follow"":""follow"",""thumbnail_url"":""https://s3-publishing-cmn-svc-prd.s3.ap-s",Sesuai resep dokter,-,", Dosis, Cara Penggunaan dan Efek Samping"",""meta_description"":""Ingin tau Gentamicin obat apa, cari tau Manfaat, Dosis \u0026 Cara pakai, Kandungan, Efek Samping, dan lainnya di sini."",""meta_robots_index"":""index"",""meta_robots_follow"":""follow"",""thumbnail_url"":""https://s3-publishing-cmn-svc-prd.s3.ap-s",Konsultasikan dengan dokter,2028-03-15,Tablet,,True,[]
7494,Armolev,Lainnya,29011.0,199,-,", Dosis, dan Efek Samping"",""meta_description"":""Informasi lengkap obat Yusimox; Harga, Manfaat, Dosis \u0026 Cara pakai, Kandungan, Efek Samping, dan lainnya di sini."",""meta_robots_index"":""index"",""meta_robots_follow"":""follow"",""thumbnail_url"":""https://s3-publishing-cmn-svc-prd.s3.ap-southeast-1.amazon",Sesuai resep dokter,-,", Dosis, dan Efek Samping"",""meta_description"":""Informasi lengkap obat Yusimox; Harga, Manfaat, Dosis \u0026 Cara pakai, Kandungan, Efek Samping, dan lainnya di sini."",""meta_robots_index"":""index"",""meta_robots_follow"":""follow"",""thumbnail_url"":""https://s3-publishing-cmn-svc-prd.s3.ap-southeast-1.amazon",Konsultasikan dengan dokter,2028-03-15,Tablet,,True,[]
7495,Armovit,Lainnya,31609.0,52,-,", dan Efek Samping"",""meta_description"":""Informasi lengkap obat Vitamin B Kompleks IPI; Harga, Manfaat, Dosis \u0026 Cara pakai, Kandungan, Efek Samping, dan lainnya di sini."",""meta_robots_index"":""index"",""meta_robots_follow"":""follow"",""type"":""obat"",""media_images"":[{""original"":""https://asset-cdn.medkom",Sesuai resep dokter,-,", dan Efek Samping"",""meta_description"":""Informasi lengkap obat Vitamin B Kompleks IPI; Harga, Manfaat, Dosis \u0026 Cara pakai, Kandungan, Efek Samping, dan lainnya di sini."",""meta_robots_index"":""index"",""meta_robots_follow"":""follow"",""type"":""obat"",""media_images"":[{""original"":""https://asset-cdn.medkom",Konsultasikan dengan dokter,2027-11-20,Tablet,,True,[]
7496,Aromasin,Lainnya,87321.0,126,-,", Dosis, dan Efek Samping"",""meta_description"":""Tamofen adalah obat dengan kandungan tamoxifen untuk mengobati sekaligus mencegah kanker payudara pada laki-laki dan perempuan. Ini manfaat, dosis, efek sampingnya."",""meta_robots_index"":""index"",""meta_robots_follow"":""follow"",""thumbnail_url"":""https://s3-p",Sesuai resep dokter,-,", Dosis, dan Efek Samping"",""meta_description"":""Tamofen adalah obat dengan kandungan tamoxifen untuk mengobati sekaligus mencegah kanker payudara pada laki-laki dan perempuan. Ini manfaat, dosis, efek sampingnya."",""meta_robots_index"":""index"",""meta_robots_follow"":""follow"",""thumbnail_url"":""https://s3-p",Konsultasikan dengan dokter,2027-11-20,Tablet,,True,[]
7497,Arsila,Lainnya,90993.0,165,-,"dan Cara Pemakaian"",""meta_description"":""Informasi lengkap obat Propolis SM; Harga, Manfaat, Dosis \u0026 Cara Pakai, Kandungan, Efek Samping, dan lainnya di sini."",""meta_robots_index"":""index"",""meta_robots_follow"":""follow"",""thumbnail_url"":""https://s3-publishing-cmn-svc-prd.s3.ap-southeast-1.amazonaws",Sesuai resep dokter,-,"dan Cara Pemakaian"",""meta_description"":""Informasi lengkap obat Propolis SM; Harga, Manfaat, Dosis \u0026 Cara Pakai, Kandungan, Efek Samping, dan lainnya di sini."",""meta_robots_index"":""index"",""meta_robots_follow"":""follow"",""thumbnail_url"":""https://s3-publishing-cmn-svc-prd.s3.ap-southeast-1.amazonaws",Konsultasikan dengan dokter,2027-11-20,Tablet,,True,[]
7498,Arsinal,Lainnya,52470.0,193,-,", Dosis, Cara Pakai dan Efek Samping"",""meta_description"":""Tramadol adalah obat untuk mengatasi nyeri yang bersifat sedang hingga berat. Cari tau Dosis \u0026 Cara pakai, Efek Samping, dan lainnya di sini."",""meta_robots_index"":""index"",""meta_robots_follow"":""follow"",""thumbnail_url"":""https://s3-publish",Sesuai resep dokter,-,", Dosis, Cara Pakai dan Efek Samping"",""meta_description"":""Tramadol adalah obat untuk mengatasi nyeri yang bersifat sedang hingga berat. Cari tau Dosis \u0026 Cara pakai, Efek Samping, dan lainnya di sini."",""meta_robots_index"":""index"",""meta_robots_follow"":""follow"",""thumbnail_url"":""https://s3-publish",Konsultasikan dengan dokter,2027-11-20,Tablet,,True,[]
7499,Arsitam,Lainnya,87853.0,98,-,", Dosis, dan Efek Samping"",""meta_description"":""Informasi lengkap obat Yusimox; Harga, Manfaat, Dosis \u0026 Cara pakai, Kandungan, Efek Samping, dan lainnya di sini."",""meta_robots_index"":""index"",""meta_robots_follow"":""follow"",""thumbnail_url"":""https://s3-publishing-cmn-svc-prd.s3.ap-southeast-1.amazon",Sesuai resep dokter,-,", Dosis, dan Efek Samping"",""meta_description"":""Informasi lengkap obat Yusimox; Harga, Manfaat, Dosis \u0026 Cara pakai, Kandungan, Efek Samping, dan lainnya di sini."",""meta_robots_index"":""index"",""meta_robots_follow"":""follow"",""thumbnail_url"":""https://s3-publishing-cmn-svc-prd.s3.ap-southeast-1.amazon",Konsultasikan dengan dokter,2027-11-20,Tablet,,True,[]
7500,Arteoptic LA,Lainnya,52971.0,91,-,", Dosis, dan Efek Samping"",""meta_description"":""Cendo Protagenta adalah obat tetes mata steril dengan kandungan Polyvinylpyrrolidone yang digunakan untuk mengatasi mata kering dan iritasi mata."",""meta_robots_index"":""index"",""meta_robots_follow"":""follow"",""thumbnail_url"":""https://s3-publishing-cmn-svc-p",Sesuai resep dokter,-,", Dosis, dan Efek Samping"",""meta_description"":""Cendo Protagenta adalah obat tetes mata steril dengan kandungan Polyvinylpyrrolidone yang digunakan untuk mengatasi mata kering dan iritasi mata."",""meta_robots_index"":""index"",""meta_robots_follow"":""follow"",""thumbnail_url"":""https://s3-publishing-cmn-svc-p",Konsultasikan dengan dokter,2026-12-31,Tablet,,True,[]
7501,Artepid,Lainnya,39141.0,151,-,", Dosis, dan Efek Samping"" data-next-head=""""/>",Sesuai resep dokter,-,", Dosis, dan Efek Samping"" data-next-head=""""/>",Konsultasikan dengan dokter,2027-06-30,Tablet,https://s3-publishing-cmn-svc-prd.s3.ap-southeast-1.amazonaws.com/article/tzZZexhldMhUfqSMrWSyU/original/070595100_1540345689-Mengatasi-Masalah-Kekentalan-Darah-By-Kateryna-Kon-Shutterstock.jpg,True,[]
7502,Arthrifen,Lainnya,30367.0,88,-,"nya adalah membantu mengurangi bengkak, nyeri, atau demam.",Sesuai resep dokter,-,"nya adalah membantu mengurangi bengkak, nyeri, atau demam.",Konsultasikan dengan dokter,2026-12-31,Tablet,,True,[]
7503,Artimatic,Lainnya,78031.0,292,-,", Dosis, Cara Pakai dan Efek Samping"",""meta_description"":""Tramadol adalah obat untuk mengatasi nyeri yang bersifat sedang hingga berat. Cari tau Dosis \u0026 Cara pakai, Efek Samping, dan lainnya di sini."",""meta_robots_index"":""index"",""meta_robots_follow"":""follow"",""thumbnail_url"":""https://s3-publish",Sesuai resep dokter,-,", Dosis, Cara Pakai dan Efek Samping"",""meta_description"":""Tramadol adalah obat untuk mengatasi nyeri yang bersifat sedang hingga berat. Cari tau Dosis \u0026 Cara pakai, Efek Samping, dan lainnya di sini."",""meta_robots_index"":""index"",""meta_robots_follow"":""follow"",""thumbnail_url"":""https://s3-publish",Konsultasikan dengan dokter,2027-11-20,Tablet,,True,[]
7504,Artoferrum,Lainnya,68635.0,72,-,", dan Efek Samping"",""meta_description"":""Informasi lengkap obat Vitamin B Kompleks IPI; Harga, Manfaat, Dosis \u0026 Cara pakai, Kandungan, Efek Samping, dan lainnya di sini."",""meta_robots_index"":""index"",""meta_robots_follow"":""follow"",""type"":""obat"",""media_images"":[{""original"":""https://asset-cdn.medkom",Sesuai resep dokter,-,", dan Efek Samping"",""meta_description"":""Informasi lengkap obat Vitamin B Kompleks IPI; Harga, Manfaat, Dosis \u0026 Cara pakai, Kandungan, Efek Samping, dan lainnya di sini."",""meta_robots_index"":""index"",""meta_robots_follow"":""follow"",""type"":""obat"",""media_images"":[{""original"":""https://asset-cdn.medkom",Konsultasikan dengan dokter,2026-12-31,Tablet,,True,[]
7505,Artoflam,Lainnya,37287.0,128,-,", Dosis, dan Efek Samping"",""meta_description"":""Roculax adalah obat pelengkap anestesi umum dengan kandungan rocuronium bromide untuk mengendurkan otot selama tindakan operasi. Ini manfaat, harga, dosis, efek sampingnya."",""meta_robots_index"":""index"",""meta_robots_follow"":""follow"",""thumbnail_url"":""http",Sesuai resep dokter,-,", Dosis, dan Efek Samping"",""meta_description"":""Roculax adalah obat pelengkap anestesi umum dengan kandungan rocuronium bromide untuk mengendurkan otot selama tindakan operasi. Ini manfaat, harga, dosis, efek sampingnya."",""meta_robots_index"":""index"",""meta_robots_follow"":""follow"",""thumbnail_url"":""http",Konsultasikan dengan dokter,2027-11-20,Tablet,,True,[]
7506,Artrilox,Lainnya,55737.0,169,-,", Dosis, dan Efek Samping"",""meta_description"":""Informasi lengkap obat Yusimox; Harga, Manfaat, Dosis \u0026 Cara pakai, Kandungan, Efek Samping, dan lainnya di sini."",""meta_robots_index"":""index"",""meta_robots_follow"":""follow"",""thumbnail_url"":""https://s3-publishing-cmn-svc-prd.s3.ap-southeast-1.amazon",Sesuai resep dokter,-,", Dosis, dan Efek Samping"",""meta_description"":""Informasi lengkap obat Yusimox; Harga, Manfaat, Dosis \u0026 Cara pakai, Kandungan, Efek Samping, dan lainnya di sini."",""meta_robots_index"":""index"",""meta_robots_follow"":""follow"",""thumbnail_url"":""https://s3-publishing-cmn-svc-prd.s3.ap-southeast-1.amazon",Konsultasikan dengan dokter,2028-03-15,Tablet,,True,[]
7507,Artriox,Lainnya,85246.0,253,-,", dan Efek Samping"",""meta_description"":""Informasi lengkap obat Vitamin B Kompleks IPI; Harga, Manfaat, Dosis \u0026 Cara pakai, Kandungan, Efek Samping, dan lainnya di sini."",""meta_robots_index"":""index"",""meta_robots_follow"":""follow"",""type"":""obat"",""media_images"":[{""original"":""https://asset-cdn.medkom",Sesuai resep dokter,-,", dan Efek Samping"",""meta_description"":""Informasi lengkap obat Vitamin B Kompleks IPI; Harga, Manfaat, Dosis \u0026 Cara pakai, Kandungan, Efek Samping, dan lainnya di sini."",""meta_robots_index"":""index"",""meta_robots_follow"":""follow"",""type"":""obat"",""media_images"":[{""original"":""https://asset-cdn.medkom",Konsultasikan dengan dokter,2027-11-20,Tablet,,True,[]
7508,Artro Plus,Lainnya,51494.0,141,-,", Dosis, dan Efek Samping"",""meta_description"":""Roculax adalah obat pelengkap anestesi umum dengan kandungan rocuronium bromide untuk mengendurkan otot selama tindakan operasi. Ini manfaat, harga, dosis, efek sampingnya."",""meta_robots_index"":""index"",""meta_robots_follow"":""follow"",""thumbnail_url"":""http",Sesuai resep dokter,-,", Dosis, dan Efek Samping"",""meta_description"":""Roculax adalah obat pelengkap anestesi umum dengan kandungan rocuronium bromide untuk mengendurkan otot selama tindakan operasi. Ini manfaat, harga, dosis, efek sampingnya."",""meta_robots_index"":""index"",""meta_robots_follow"":""follow"",""thumbnail_url"":""http",Konsultasikan dengan dokter,2027-06-30,Tablet,,True,[]
7509,Artrodar,Lainnya,86226.0,105,-,", Dosis, dan Efek Samping"",""meta_description"":""Roculax adalah obat pelengkap anestesi umum dengan kandungan rocuronium bromide untuk mengendurkan otot selama tindakan operasi. Ini manfaat, harga, dosis, efek sampingnya."",""meta_robots_index"":""index"",""meta_robots_follow"":""follow"",""thumbnail_url"":""http",Sesuai resep dokter,-,", Dosis, dan Efek Samping"",""meta_description"":""Roculax adalah obat pelengkap anestesi umum dengan kandungan rocuronium bromide untuk mengendurkan otot selama tindakan operasi. Ini manfaat, harga, dosis, efek sampingnya."",""meta_robots_index"":""index"",""meta_robots_follow"":""follow"",""thumbnail_url"":""http",Konsultasikan dengan dokter,2026-12-31,Tablet,,True,[]
7510,Asabium,Lainnya,83992.0,85,-,", Dosis &amp; Cara pakai, Kandungan, Efek Samping, dan lainnya di sini."" data-next-head=""""/>",Sesuai resep dokter,-,", Dosis &amp; Cara pakai, Kandungan, Efek Samping, dan lainnya di sini."" data-next-head=""""/>",Konsultasikan dengan dokter,2027-11-20,Tablet,https://s3-publishing-cmn-svc-prd.s3.ap-southeast-1.amazonaws.com/article/4WOZKevu_mU20AUWu1-L8/original/061463800_1582344660-Hidup-Sendiri-Ini-Tips-Hidup-Sehat-dan-Aman-untuk-Penderita-Epilepsi-shutterstock_1562279701.jpg,True,[]
7511,Asam Mefenamat,Lainnya,44048.0,222,-,", Dosis &amp; Cara pakai, Kandungan, Efek Samping, dan lainnya di sini."" data-next-head=""""/>",Sesuai resep dokter,-,", Dosis &amp; Cara pakai, Kandungan, Efek Samping, dan lainnya di sini."" data-next-head=""""/>",Konsultasikan dengan dokter,2027-06-30,Tablet,https://s3-publishing-cmn-svc-prd.s3.ap-southeast-1.amazonaws.com/drugs/BjOoCBSYRYtfgquPa6Mxw/original/OBT0005410.jpg,True,[]
7512,Asam Traneksamat,Lainnya,33343.0,210,-,", Dosis, Cara Pakai dan Efek Samping"",""meta_description"":""Tramadol adalah obat untuk mengatasi nyeri yang bersifat sedang hingga berat. Cari tau Dosis \u0026 Cara pakai, Efek Samping, dan lainnya di sini."",""meta_robots_index"":""index"",""meta_robots_follow"":""follow"",""thumbnail_url"":""https://s3-publish",Sesuai resep dokter,-,", Dosis, Cara Pakai dan Efek Samping"",""meta_description"":""Tramadol adalah obat untuk mengatasi nyeri yang bersifat sedang hingga berat. Cari tau Dosis \u0026 Cara pakai, Efek Samping, dan lainnya di sini."",""meta_robots_index"":""index"",""meta_robots_follow"":""follow"",""thumbnail_url"":""https://s3-publish",Konsultasikan dengan dokter,2026-12-31,Tablet,,True,[]
7513,Asamnex,Lainnya,56492.0,234,-,", Dosis, dan Efek Samping"",""meta_description"":""Leucogen adalah obat dengan kandungan filgrastim yang digunakan untuk mengurangi gejala infeksi yang disebabkan oleh kekurangan jumlah neutrofil dalam darah."",""meta_robots_index"":""index"",""meta_robots_follow"":""follow"",""thumbnail_url"":""https://s3-publishi",Sesuai resep dokter,-,", Dosis, dan Efek Samping"",""meta_description"":""Leucogen adalah obat dengan kandungan filgrastim yang digunakan untuk mengurangi gejala infeksi yang disebabkan oleh kekurangan jumlah neutrofil dalam darah."",""meta_robots_index"":""index"",""meta_robots_follow"":""follow"",""thumbnail_url"":""https://s3-publishi",Konsultasikan dengan dokter,2026-12-31,Tablet,,True,[]
7514,Asamuric,Lainnya,45245.0,118,-,"dan Cara Pemakaian"",""meta_description"":""Informasi lengkap obat Propolis SM; Harga, Manfaat, Dosis \u0026 Cara Pakai, Kandungan, Efek Samping, dan lainnya di sini."",""meta_robots_index"":""index"",""meta_robots_follow"":""follow"",""thumbnail_url"":""https://s3-publishing-cmn-svc-prd.s3.ap-southeast-1.amazonaws",Sesuai resep dokter,-,"dan Cara Pemakaian"",""meta_description"":""Informasi lengkap obat Propolis SM; Harga, Manfaat, Dosis \u0026 Cara Pakai, Kandungan, Efek Samping, dan lainnya di sini."",""meta_robots_index"":""index"",""meta_robots_follow"":""follow"",""thumbnail_url"":""https://s3-publishing-cmn-svc-prd.s3.ap-southeast-1.amazonaws",Konsultasikan dengan dokter,2026-12-31,Tablet,,True,[]
7515,Ascardia,Lainnya,65149.0,118,-,", Dosis, dan Efek Samping"",""slug"":""candesartan-cilexetil-manfaat-dosis-dan-efek-samping"",""short_desc"":"" Candesartan Cilexetil adalah obat untuk menurunkan tekanan darah tinggi dan mengobati gagal jantung."",""url"":""obat-jantung/candesartan-cilexetil-manfaat-dosis-dan-efek-samping"",""amp_url"":"""",""canoni",Sesuai resep dokter,-,", Dosis, dan Efek Samping"",""slug"":""candesartan-cilexetil-manfaat-dosis-dan-efek-samping"",""short_desc"":"" Candesartan Cilexetil adalah obat untuk menurunkan tekanan darah tinggi dan mengobati gagal jantung."",""url"":""obat-jantung/candesartan-cilexetil-manfaat-dosis-dan-efek-samping"",""amp_url"":"""",""canoni",Konsultasikan dengan dokter,2026-12-31,Tablet,,True,[]
7516,Ascavin,Lainnya,73069.0,219,-,", dan Efek Samping"",""meta_description"":""Informasi lengkap obat Vitamin B Kompleks IPI; Harga, Manfaat, Dosis \u0026 Cara pakai, Kandungan, Efek Samping, dan lainnya di sini."",""meta_robots_index"":""index"",""meta_robots_follow"":""follow"",""type"":""obat"",""media_images"":[{""original"":""https://asset-cdn.medkom",Sesuai resep dokter,-,", dan Efek Samping"",""meta_description"":""Informasi lengkap obat Vitamin B Kompleks IPI; Harga, Manfaat, Dosis \u0026 Cara pakai, Kandungan, Efek Samping, dan lainnya di sini."",""meta_robots_index"":""index"",""meta_robots_follow"":""follow"",""type"":""obat"",""media_images"":[{""original"":""https://asset-cdn.medkom",Konsultasikan dengan dokter,2028-03-15,Tablet,,True,[]
7517,Ascoplex,Lainnya,41329.0,62,-,", dan Efek Samping"",""meta_description"":""Informasi lengkap obat Vitamin B Kompleks IPI; Harga, Manfaat, Dosis \u0026 Cara pakai, Kandungan, Efek Samping, dan lainnya di sini."",""meta_robots_index"":""index"",""meta_robots_follow"":""follow"",""type"":""obat"",""media_images"":[{""original"":""https://asset-cdn.medkom",Sesuai resep dokter,-,", dan Efek Samping"",""meta_description"":""Informasi lengkap obat Vitamin B Kompleks IPI; Harga, Manfaat, Dosis \u0026 Cara pakai, Kandungan, Efek Samping, dan lainnya di sini."",""meta_robots_index"":""index"",""meta_robots_follow"":""follow"",""type"":""obat"",""media_images"":[{""original"":""https://asset-cdn.medkom",Konsultasikan dengan dokter,2026-12-31,Tablet,,True,[]
7518,Ascorbic Acid,Lainnya,54836.0,283,-,", Dosis, Efek Samping"" data-next-head=""""/>",Sesuai resep dokter,-,", Dosis, Efek Samping"" data-next-head=""""/>",Konsultasikan dengan dokter,2028-03-15,Tablet,,True,[]
7519,Asedas,Lainnya,44839.0,282,-,", dan Efek Samping"",""meta_description"":""Informasi lengkap obat Vitamin B Kompleks IPI; Harga, Manfaat, Dosis \u0026 Cara pakai, Kandungan, Efek Samping, dan lainnya di sini."",""meta_robots_index"":""index"",""meta_robots_follow"":""follow"",""type"":""obat"",""media_images"":[{""original"":""https://asset-cdn.medkom",Sesuai resep dokter,-,", dan Efek Samping"",""meta_description"":""Informasi lengkap obat Vitamin B Kompleks IPI; Harga, Manfaat, Dosis \u0026 Cara pakai, Kandungan, Efek Samping, dan lainnya di sini."",""meta_robots_index"":""index"",""meta_robots_follow"":""follow"",""type"":""obat"",""media_images"":[{""original"":""https://asset-cdn.medkom",Konsultasikan dengan dokter,2027-06-30,Tablet,,True,[]
7520,Asepso,Lainnya,93677.0,184,-,", Dosis &amp; Cara pakai, Kandungan, Efek Samping, dan lainnya di sini."" data-next-head=""""/>",Sesuai resep dokter,-,", Dosis &amp; Cara pakai, Kandungan, Efek Samping, dan lainnya di sini."" data-next-head=""""/>",Konsultasikan dengan dokter,2026-12-31,Tablet,https://s3-publishing-cmn-svc-prd.s3.ap-southeast-1.amazonaws.com/article/dSZPbF4vMaRXS5eMz00ME/original/055580600_1604319172-Awas-Sabun-Mandi-Ini-Bisa-Jadi-Pemicu-Kanker-shutterstock_769972390.jpg,True,[]
7521,Asepso Clean Soap,Lainnya,92690.0,219,-,", Dosis, dan Efek Samping"",""slug"":""blephasep-manfaat-dosis-dan-efek-samping"",""short_desc"":""Blephasep adalah produk kecantikan yang digunakan untuk membersihkan kelopak dan bulu mata dari debu, kotoran hingga minyak dengan kandungan babassu oil yang dibuat dalam bentuk sediaan gel. "",""url"":""perawatan",Sesuai resep dokter,-,", Dosis, dan Efek Samping"",""slug"":""blephasep-manfaat-dosis-dan-efek-samping"",""short_desc"":""Blephasep adalah produk kecantikan yang digunakan untuk membersihkan kelopak dan bulu mata dari debu, kotoran hingga minyak dengan kandungan babassu oil yang dibuat dalam bentuk sediaan gel. "",""url"":""perawatan",Konsultasikan dengan dokter,2027-06-30,Tablet,,True,[]
7522,Asering Infus,Lainnya,20126.0,298,-,", Dosis &amp; Cara pakai, Kandungan, Efek Samping, dan lainnya di sini."" data-next-head=""""/>",Sesuai resep dokter,-,", Dosis &amp; Cara pakai, Kandungan, Efek Samping, dan lainnya di sini."" data-next-head=""""/>",Konsultasikan dengan dokter,2026-12-31,Tablet,https://s3-publishing-cmn-svc-prd.s3.ap-southeast-1.amazonaws.com/article/BWmLyf8xEYePC4VgbFRXi/original/006104700_1561358695-Darah-Naik-ke-Selang-Infus-Bahayakah-By-Still-AB-Shutterstock.jpg,True,[]
7523,Ashitabaqu,Lainnya,97629.0,272,-,"dan Cara Pemakaian"",""meta_description"":""Informasi lengkap obat Propolis SM; Harga, Manfaat, Dosis \u0026 Cara Pakai, Kandungan, Efek Samping, dan lainnya di sini."",""meta_robots_index"":""index"",""meta_robots_follow"":""follow"",""thumbnail_url"":""https://s3-publishing-cmn-svc-prd.s3.ap-southeast-1.amazonaws",Sesuai resep dokter,-,"dan Cara Pemakaian"",""meta_description"":""Informasi lengkap obat Propolis SM; Harga, Manfaat, Dosis \u0026 Cara Pakai, Kandungan, Efek Samping, dan lainnya di sini."",""meta_robots_index"":""index"",""meta_robots_follow"":""follow"",""thumbnail_url"":""https://s3-publishing-cmn-svc-prd.s3.ap-southeast-1.amazonaws",Konsultasikan dengan dokter,2027-11-20,Tablet,,True,[]
7524,Asi Mommy,Lainnya,75024.0,192,-,"dan Cara Pemakaian"",""meta_description"":""Informasi lengkap obat Propolis SM; Harga, Manfaat, Dosis \u0026 Cara Pakai, Kandungan, Efek Samping, dan lainnya di sini."",""meta_robots_index"":""index"",""meta_robots_follow"":""follow"",""thumbnail_url"":""https://s3-publishing-cmn-svc-prd.s3.ap-southeast-1.amazonaws",Sesuai resep dokter,-,"dan Cara Pemakaian"",""meta_description"":""Informasi lengkap obat Propolis SM; Harga, Manfaat, Dosis \u0026 Cara Pakai, Kandungan, Efek Samping, dan lainnya di sini."",""meta_robots_index"":""index"",""meta_robots_follow"":""follow"",""thumbnail_url"":""https://s3-publishing-cmn-svc-prd.s3.ap-southeast-1.amazonaws",Konsultasikan dengan dokter,2027-11-20,Tablet,,True,[]
7525,Asicum,Lainnya,47576.0,54,-,", Dosis, Efek Samping"",""meta_description"":""Informasi lengkap obat Asifit; Harga, Manfaat, Dosis \u0026 Cara pakai, Kandungan, Efek Samping, dan lainnya di sini."",""meta_robots_index"":""index"",""meta_robots_follow"":""follow"",""thumbnail_url"":""https://s3-publishing-cmn-svc-prd.s3.ap-southeast-1.amazonaws.c",Sesuai resep dokter,-,", Dosis, Efek Samping"",""meta_description"":""Informasi lengkap obat Asifit; Harga, Manfaat, Dosis \u0026 Cara pakai, Kandungan, Efek Samping, dan lainnya di sini."",""meta_robots_index"":""index"",""meta_robots_follow"":""follow"",""thumbnail_url"":""https://s3-publishing-cmn-svc-prd.s3.ap-southeast-1.amazonaws.c",Konsultasikan dengan dokter,2028-03-15,Tablet,,True,[]
7526,Asifast,Lainnya,59178.0,300,-,"dan Cara Pemakaian"",""meta_description"":""Informasi lengkap obat Propolis SM; Harga, Manfaat, Dosis \u0026 Cara Pakai, Kandungan, Efek Samping, dan lainnya di sini."",""meta_robots_index"":""index"",""meta_robots_follow"":""follow"",""thumbnail_url"":""https://s3-publishing-cmn-svc-prd.s3.ap-southeast-1.amazonaws",Sesuai resep dokter,-,"dan Cara Pemakaian"",""meta_description"":""Informasi lengkap obat Propolis SM; Harga, Manfaat, Dosis \u0026 Cara Pakai, Kandungan, Efek Samping, dan lainnya di sini."",""meta_robots_index"":""index"",""meta_robots_follow"":""follow"",""thumbnail_url"":""https://s3-publishing-cmn-svc-prd.s3.ap-southeast-1.amazonaws",Konsultasikan dengan dokter,2028-03-15,Tablet,,True,[]
7527,Asifit,Lainnya,36936.0,196,-,", Dosis &amp; Cara pakai, Kandungan, Efek Samping, dan lainnya di sini."" data-next-head=""""/>",Sesuai resep dokter,-,", Dosis &amp; Cara pakai, Kandungan, Efek Samping, dan lainnya di sini."" data-next-head=""""/>",Konsultasikan dengan dokter,2027-11-20,Tablet,https://s3-publishing-cmn-svc-prd.s3.ap-southeast-1.amazonaws.com/drugs/VFEs0OHF-CCqViWrKbA_t/original/ojirnfmgx7f86sagbq4bus71b2yjm58m.png,True,[]
7528,Asimat,Lainnya,28207.0,81,-,", Dosis, dan Efek Samping"" data-next-head=""""/>",Sesuai resep dokter,-,", Dosis, dan Efek Samping"" data-next-head=""""/>",Konsultasikan dengan dokter,2028-03-15,Tablet,https://s3-publishing-cmn-svc-prd.s3.ap-southeast-1.amazonaws.com/article/Fdy7ZYTc4K-BTTx1IDPyN/original/1666921504-Pusing.jpg,True,[]
7529,Asira,Lainnya,89810.0,82,-,"dan Cara Pemakaian"",""meta_description"":""Informasi lengkap obat Propolis SM; Harga, Manfaat, Dosis \u0026 Cara Pakai, Kandungan, Efek Samping, dan lainnya di sini."",""meta_robots_index"":""index"",""meta_robots_follow"":""follow"",""thumbnail_url"":""https://s3-publishing-cmn-svc-prd.s3.ap-southeast-1.amazonaws",Sesuai resep dokter,-,"dan Cara Pemakaian"",""meta_description"":""Informasi lengkap obat Propolis SM; Harga, Manfaat, Dosis \u0026 Cara Pakai, Kandungan, Efek Samping, dan lainnya di sini."",""meta_robots_index"":""index"",""meta_robots_follow"":""follow"",""thumbnail_url"":""https://s3-publishing-cmn-svc-prd.s3.ap-southeast-1.amazonaws",Konsultasikan dengan dokter,2027-11-20,Tablet,,True,[]
7530,Askamex,Lainnya,46877.0,268,-,", Dosis, dan Efek Samping"",""meta_description"":""Promag adalah yang digunakan untuk menetralisir kelebihan asam lambung. Promag mengandung hydrotalcite, magnesium hidroksida dan simethicone, "",""meta_robots_index"":""index"",""meta_robots_follow"":""follow"",""thumbnail_url"":""https://s3-publishing-cmn-svc-prd.",Sesuai resep dokter,-,", Dosis, dan Efek Samping"",""meta_description"":""Promag adalah yang digunakan untuk menetralisir kelebihan asam lambung. Promag mengandung hydrotalcite, magnesium hidroksida dan simethicone, "",""meta_robots_index"":""index"",""meta_robots_follow"":""follow"",""thumbnail_url"":""https://s3-publishing-cmn-svc-prd.",Konsultasikan dengan dokter,2027-11-20,Tablet,,True,[]
7531,Asmadex,Lainnya,58140.0,109,-,", Dosis, Cara Penggunaan dan Efek Samping"",""meta_description"":""Salbutamol adalah obat yang digunakan meringankan gangguan pernafasan seperti asma dan bronkitis kronis. Cari tau salbutamol manfaat, dosis, dan efek sampingnya."",""meta_robots_index"":""index"",""meta_robots_follow"":""follow"",""thumbnail_url"":",Sesuai resep dokter,-,", Dosis, Cara Penggunaan dan Efek Samping"",""meta_description"":""Salbutamol adalah obat yang digunakan meringankan gangguan pernafasan seperti asma dan bronkitis kronis. Cari tau salbutamol manfaat, dosis, dan efek sampingnya."",""meta_robots_index"":""index"",""meta_robots_follow"":""follow"",""thumbnail_url"":",Konsultasikan dengan dokter,2026-12-31,Tablet,,True,[]
7532,Asmasolon,Lainnya,56541.0,145,-,", Dosis, Cara Penggunaan dan Efek Samping"",""meta_description"":""Salbutamol adalah obat yang digunakan meringankan gangguan pernafasan seperti asma dan bronkitis kronis. Cari tau salbutamol manfaat, dosis, dan efek sampingnya."",""meta_robots_index"":""index"",""meta_robots_follow"":""follow"",""thumbnail_url"":",Sesuai resep dokter,-,", Dosis, Cara Penggunaan dan Efek Samping"",""meta_description"":""Salbutamol adalah obat yang digunakan meringankan gangguan pernafasan seperti asma dan bronkitis kronis. Cari tau salbutamol manfaat, dosis, dan efek sampingnya."",""meta_robots_index"":""index"",""meta_robots_follow"":""follow"",""thumbnail_url"":",Konsultasikan dengan dokter,2027-06-30,Tablet,,True,[]
7533,Asmurafit,Lainnya,68674.0,72,-,"dan Cara Pemakaian"",""meta_description"":""Informasi lengkap obat Propolis SM; Harga, Manfaat, Dosis \u0026 Cara Pakai, Kandungan, Efek Samping, dan lainnya di sini."",""meta_robots_index"":""index"",""meta_robots_follow"":""follow"",""thumbnail_url"":""https://s3-publishing-cmn-svc-prd.s3.ap-southeast-1.amazonaws",Sesuai resep dokter,-,"dan Cara Pemakaian"",""meta_description"":""Informasi lengkap obat Propolis SM; Harga, Manfaat, Dosis \u0026 Cara Pakai, Kandungan, Efek Samping, dan lainnya di sini."",""meta_robots_index"":""index"",""meta_robots_follow"":""follow"",""thumbnail_url"":""https://s3-publishing-cmn-svc-prd.s3.ap-southeast-1.amazonaws",Konsultasikan dengan dokter,2028-03-15,Tablet,,True,[]
7534,Asmurakho,Lainnya,45214.0,158,-,"dan Cara Pemakaian"",""meta_description"":""Informasi lengkap obat Propolis SM; Harga, Manfaat, Dosis \u0026 Cara Pakai, Kandungan, Efek Samping, dan lainnya di sini."",""meta_robots_index"":""index"",""meta_robots_follow"":""follow"",""thumbnail_url"":""https://s3-publishing-cmn-svc-prd.s3.ap-southeast-1.amazonaws",Sesuai resep dokter,-,"dan Cara Pemakaian"",""meta_description"":""Informasi lengkap obat Propolis SM; Harga, Manfaat, Dosis \u0026 Cara Pakai, Kandungan, Efek Samping, dan lainnya di sini."",""meta_robots_index"":""index"",""meta_robots_follow"":""follow"",""thumbnail_url"":""https://s3-publishing-cmn-svc-prd.s3.ap-southeast-1.amazonaws",Konsultasikan dengan dokter,2028-03-15,Tablet,,True,[]
7535,Asmurathib,Lainnya,98356.0,108,-,"dan Cara Pemakaian"",""meta_description"":""Informasi lengkap obat Propolis SM; Harga, Manfaat, Dosis \u0026 Cara Pakai, Kandungan, Efek Samping, dan lainnya di sini."",""meta_robots_index"":""index"",""meta_robots_follow"":""follow"",""thumbnail_url"":""https://s3-publishing-cmn-svc-prd.s3.ap-southeast-1.amazonaws",Sesuai resep dokter,-,"dan Cara Pemakaian"",""meta_description"":""Informasi lengkap obat Propolis SM; Harga, Manfaat, Dosis \u0026 Cara Pakai, Kandungan, Efek Samping, dan lainnya di sini."",""meta_robots_index"":""index"",""meta_robots_follow"":""follow"",""thumbnail_url"":""https://s3-publishing-cmn-svc-prd.s3.ap-southeast-1.amazonaws",Konsultasikan dengan dokter,2027-06-30,Tablet,,True,[]
7536,Asonfen,Lainnya,23344.0,184,-,", Dosis &amp; Cara pakai, Kandungan, Efek Samping, dan lainnya di sini."" data-next-head=""""/>",Sesuai resep dokter,-,", Dosis &amp; Cara pakai, Kandungan, Efek Samping, dan lainnya di sini."" data-next-head=""""/>",Konsultasikan dengan dokter,2026-12-31,Tablet,https://s3-publishing-cmn-svc-prd.s3.ap-southeast-1.amazonaws.com/article/82mGJVGwxfEc-4ljdFo1G/original/093530100_1605267823-Pilihan-Obat-Dermatitis-Atopik-Sesuai-Kondisi-Kulit-shutterstock_579017614.jpg,True,[]
7537,Aspar K,Lainnya,68607.0,142,-,", Dosis &amp; Cara pakai, Kandungan, Efek Samping, dan lainnya di sini."" data-next-head=""""/>",Sesuai resep dokter,-,", Dosis &amp; Cara pakai, Kandungan, Efek Samping, dan lainnya di sini."" data-next-head=""""/>",Konsultasikan dengan dokter,2027-06-30,Tablet,https://s3-publishing-cmn-svc-prd.s3.ap-southeast-1.amazonaws.com/article/R0Duczs5Ds7qYpCsW4E_7/original/065638800_1629361335-Hipokalemia.jpg,True,[]
7538,Aspil,Lainnya,58897.0,145,-,", Dosis, dan Efek Samping"",""meta_description"":""Informasi lengkap obat Yusimox; Harga, Manfaat, Dosis \u0026 Cara pakai, Kandungan, Efek Samping, dan lainnya di sini."",""meta_robots_index"":""index"",""meta_robots_follow"":""follow"",""thumbnail_url"":""https://s3-publishing-cmn-svc-prd.s3.ap-southeast-1.amazon",Sesuai resep dokter,-,", Dosis, dan Efek Samping"",""meta_description"":""Informasi lengkap obat Yusimox; Harga, Manfaat, Dosis \u0026 Cara pakai, Kandungan, Efek Samping, dan lainnya di sini."",""meta_robots_index"":""index"",""meta_robots_follow"":""follow"",""thumbnail_url"":""https://s3-publishing-cmn-svc-prd.s3.ap-southeast-1.amazon",Konsultasikan dengan dokter,2027-11-20,Tablet,,True,[]
7539,Aspilets,Lainnya,28817.0,290,-,", Dosis &amp; Cara pakai, Kandungan, Efek Samping, dan lainnya di sini."" data-next-head=""""/>",Sesuai resep dokter,-,", Dosis &amp; Cara pakai, Kandungan, Efek Samping, dan lainnya di sini."" data-next-head=""""/>",Konsultasikan dengan dokter,2028-03-15,Tablet,https://s3-publishing-cmn-svc-prd.s3.ap-southeast-1.amazonaws.com/article/ue887w9qsksdaHpBbYCB0/original/085362500_1615791142-beda-serangan-jantung-gagal-jantung-dan-henti-jantung.jpg,True,[]
7540,Aspirin,Lainnya,62035.0,52,-,", Dosis &amp; Cara pakai, Kandungan, Efek Samping, dan lainnya di sini."" data-next-head=""""/>",Sesuai resep dokter,-,", Dosis &amp; Cara pakai, Kandungan, Efek Samping, dan lainnya di sini."" data-next-head=""""/>",Konsultasikan dengan dokter,2027-11-20,Tablet,https://s3-publishing-cmn-svc-prd.s3.ap-southeast-1.amazonaws.com/article/v3z52llAlvIFcaeHPmIKu/original/043913000_1638490446-Aspirin-.jpg,True,[]
7541,Asrep Herba,Lainnya,22944.0,137,-,"dan Cara Pemakaian"",""meta_description"":""Informasi lengkap obat Propolis SM; Harga, Manfaat, Dosis \u0026 Cara Pakai, Kandungan, Efek Samping, dan lainnya di sini."",""meta_robots_index"":""index"",""meta_robots_follow"":""follow"",""thumbnail_url"":""https://s3-publishing-cmn-svc-prd.s3.ap-southeast-1.amazonaws",Sesuai resep dokter,-,"dan Cara Pemakaian"",""meta_description"":""Informasi lengkap obat Propolis SM; Harga, Manfaat, Dosis \u0026 Cara Pakai, Kandungan, Efek Samping, dan lainnya di sini."",""meta_robots_index"":""index"",""meta_robots_follow"":""follow"",""thumbnail_url"":""https://s3-publishing-cmn-svc-prd.s3.ap-southeast-1.amazonaws",Konsultasikan dengan dokter,2028-03-15,Tablet,,True,[]
7542,Asrirapat,Lainnya,40115.0,125,-,"dan Cara Pemakaian"",""meta_description"":""Informasi lengkap obat Propolis SM; Harga, Manfaat, Dosis \u0026 Cara Pakai, Kandungan, Efek Samping, dan lainnya di sini."",""meta_robots_index"":""index"",""meta_robots_follow"":""follow"",""thumbnail_url"":""https://s3-publishing-cmn-svc-prd.s3.ap-southeast-1.amazonaws",Sesuai resep dokter,-,"dan Cara Pemakaian"",""meta_description"":""Informasi lengkap obat Propolis SM; Harga, Manfaat, Dosis \u0026 Cara Pakai, Kandungan, Efek Samping, dan lainnya di sini."",""meta_robots_index"":""index"",""meta_robots_follow"":""follow"",""thumbnail_url"":""https://s3-publishing-cmn-svc-prd.s3.ap-southeast-1.amazonaws",Konsultasikan dengan dokter,2027-06-30,Tablet,,True,[]
7543,Asta Plus,Lainnya,60715.0,229,-,", Dosis &amp; Cara pakai, Kandungan, Efek Samping, dan lainnya di sini."" data-next-head=""""/>",Sesuai resep dokter,-,", Dosis &amp; Cara pakai, Kandungan, Efek Samping, dan lainnya di sini."" data-next-head=""""/>",Konsultasikan dengan dokter,2027-11-20,Tablet,https://s3-publishing-cmn-svc-prd.s3.ap-southeast-1.amazonaws.com/drugs/LpIFldegN4dH0CXG1dY7G/original/1675646730-Asta%20Plus.jpg,True,[]
7544,Astabron Herba,Lainnya,22270.0,261,-,"dan Cara Pemakaian"",""meta_description"":""Informasi lengkap obat Propolis SM; Harga, Manfaat, Dosis \u0026 Cara Pakai, Kandungan, Efek Samping, dan lainnya di sini."",""meta_robots_index"":""index"",""meta_robots_follow"":""follow"",""thumbnail_url"":""https://s3-publishing-cmn-svc-prd.s3.ap-southeast-1.amazonaws",Sesuai resep dokter,-,"dan Cara Pemakaian"",""meta_description"":""Informasi lengkap obat Propolis SM; Harga, Manfaat, Dosis \u0026 Cara Pakai, Kandungan, Efek Samping, dan lainnya di sini."",""meta_robots_index"":""index"",""meta_robots_follow"":""follow"",""thumbnail_url"":""https://s3-publishing-cmn-svc-prd.s3.ap-southeast-1.amazonaws",Konsultasikan dengan dokter,2027-06-30,Tablet,,True,[]
7545,Astamax,Lainnya,26921.0,181,-,", dan Efek Samping"",""meta_description"":""Informasi lengkap obat Vitamin B Kompleks IPI; Harga, Manfaat, Dosis \u0026 Cara pakai, Kandungan, Efek Samping, dan lainnya di sini."",""meta_robots_index"":""index"",""meta_robots_follow"":""follow"",""type"":""obat"",""media_images"":[{""original"":""https://asset-cdn.medkom",Sesuai resep dokter,-,", dan Efek Samping"",""meta_description"":""Informasi lengkap obat Vitamin B Kompleks IPI; Harga, Manfaat, Dosis \u0026 Cara pakai, Kandungan, Efek Samping, dan lainnya di sini."",""meta_robots_index"":""index"",""meta_robots_follow"":""follow"",""type"":""obat"",""media_images"":[{""original"":""https://asset-cdn.medkom",Konsultasikan dengan dokter,2027-11-20,Tablet,,True,[]
7546,Astamor,Lainnya,62069.0,148,-,", dan Efek Samping"",""meta_description"":""Informasi lengkap obat Vitamin B Kompleks IPI; Harga, Manfaat, Dosis \u0026 Cara pakai, Kandungan, Efek Samping, dan lainnya di sini."",""meta_robots_index"":""index"",""meta_robots_follow"":""follow"",""type"":""obat"",""media_images"":[{""original"":""https://asset-cdn.medkom",Sesuai resep dokter,-,", dan Efek Samping"",""meta_description"":""Informasi lengkap obat Vitamin B Kompleks IPI; Harga, Manfaat, Dosis \u0026 Cara pakai, Kandungan, Efek Samping, dan lainnya di sini."",""meta_robots_index"":""index"",""meta_robots_follow"":""follow"",""type"":""obat"",""media_images"":[{""original"":""https://asset-cdn.medkom",Konsultasikan dengan dokter,2026-12-31,Tablet,,True,[]
7547,Astar C,Lainnya,62364.0,129,-,", dan Efek Samping"",""meta_description"":""Informasi lengkap obat Vitamin B Kompleks IPI; Harga, Manfaat, Dosis \u0026 Cara pakai, Kandungan, Efek Samping, dan lainnya di sini."",""meta_robots_index"":""index"",""meta_robots_follow"":""follow"",""type"":""obat"",""media_images"":[{""original"":""https://asset-cdn.medkom",Sesuai resep dokter,-,", dan Efek Samping"",""meta_description"":""Informasi lengkap obat Vitamin B Kompleks IPI; Harga, Manfaat, Dosis \u0026 Cara pakai, Kandungan, Efek Samping, dan lainnya di sini."",""meta_robots_index"":""index"",""meta_robots_follow"":""follow"",""type"":""obat"",""media_images"":[{""original"":""https://asset-cdn.medkom",Konsultasikan dengan dokter,2027-06-30,Tablet,,True,[]
7548,Astatin,Lainnya,37850.0,187,-,", dan Efek Samping"",""meta_description"":""Informasi lengkap obat Vitamin B Kompleks IPI; Harga, Manfaat, Dosis \u0026 Cara pakai, Kandungan, Efek Samping, dan lainnya di sini."",""meta_robots_index"":""index"",""meta_robots_follow"":""follow"",""type"":""obat"",""media_images"":[{""original"":""https://asset-cdn.medkom",Sesuai resep dokter,-,", dan Efek Samping"",""meta_description"":""Informasi lengkap obat Vitamin B Kompleks IPI; Harga, Manfaat, Dosis \u0026 Cara pakai, Kandungan, Efek Samping, dan lainnya di sini."",""meta_robots_index"":""index"",""meta_robots_follow"":""follow"",""type"":""obat"",""media_images"":[{""original"":""https://asset-cdn.medkom",Konsultasikan dengan dokter,2028-03-15,Tablet,,True,[]
7549,Astaxanthin Natural MPL,Lainnya,94759.0,122,-,", dan Efek Samping"",""meta_description"":""Informasi lengkap obat Vitamin B Kompleks IPI; Harga, Manfaat, Dosis \u0026 Cara pakai, Kandungan, Efek Samping, dan lainnya di sini."",""meta_robots_index"":""index"",""meta_robots_follow"":""follow"",""type"":""obat"",""media_images"":[{""original"":""https://asset-cdn.medkom",Sesuai resep dokter,-,", dan Efek Samping"",""meta_description"":""Informasi lengkap obat Vitamin B Kompleks IPI; Harga, Manfaat, Dosis \u0026 Cara pakai, Kandungan, Efek Samping, dan lainnya di sini."",""meta_robots_index"":""index"",""meta_robots_follow"":""follow"",""type"":""obat"",""media_images"":[{""original"":""https://asset-cdn.medkom",Konsultasikan dengan dokter,2026-12-31,Tablet,,True,[]
7550,Asthafull,Lainnya,62204.0,105,-,", dan Efek Samping"",""meta_description"":""Informasi lengkap obat Vitamin B Kompleks IPI; Harga, Manfaat, Dosis \u0026 Cara pakai, Kandungan, Efek Samping, dan lainnya di sini."",""meta_robots_index"":""index"",""meta_robots_follow"":""follow"",""type"":""obat"",""media_images"":[{""original"":""https://asset-cdn.medkom",Sesuai resep dokter,-,", dan Efek Samping"",""meta_description"":""Informasi lengkap obat Vitamin B Kompleks IPI; Harga, Manfaat, Dosis \u0026 Cara pakai, Kandungan, Efek Samping, dan lainnya di sini."",""meta_robots_index"":""index"",""meta_robots_follow"":""follow"",""type"":""obat"",""media_images"":[{""original"":""https://asset-cdn.medkom",Konsultasikan dengan dokter,2028-03-15,Tablet,,True,[]
7551,Astharol,Lainnya,68613.0,221,-,", Dosis, Cara Penggunaan dan Efek Samping"",""meta_description"":""Salbutamol adalah obat yang digunakan meringankan gangguan pernafasan seperti asma dan bronkitis kronis. Cari tau salbutamol manfaat, dosis, dan efek sampingnya."",""meta_robots_index"":""index"",""meta_robots_follow"":""follow"",""thumbnail_url"":",Sesuai resep dokter,-,", Dosis, Cara Penggunaan dan Efek Samping"",""meta_description"":""Salbutamol adalah obat yang digunakan meringankan gangguan pernafasan seperti asma dan bronkitis kronis. Cari tau salbutamol manfaat, dosis, dan efek sampingnya."",""meta_robots_index"":""index"",""meta_robots_follow"":""follow"",""thumbnail_url"":",Konsultasikan dengan dokter,2027-06-30,Tablet,,True,[]
7552,Astherin,Lainnya,80013.0,263,-,", Dosis, Cara Penggunaan dan Efek Samping"",""meta_description"":""Salbutamol adalah obat yang digunakan meringankan gangguan pernafasan seperti asma dan bronkitis kronis. Cari tau salbutamol manfaat, dosis, dan efek sampingnya."",""meta_robots_index"":""index"",""meta_robots_follow"":""follow"",""thumbnail_url"":",Sesuai resep dokter,-,", Dosis, Cara Penggunaan dan Efek Samping"",""meta_description"":""Salbutamol adalah obat yang digunakan meringankan gangguan pernafasan seperti asma dan bronkitis kronis. Cari tau salbutamol manfaat, dosis, dan efek sampingnya."",""meta_robots_index"":""index"",""meta_robots_follow"":""follow"",""thumbnail_url"":",Konsultasikan dengan dokter,2028-03-15,Tablet,,True,[]
7553,Asthin B-Ond,Lainnya,87857.0,231,-,", Dosis, dan Efek Samping"" data-next-head=""""/>",Sesuai resep dokter,-,", Dosis, dan Efek Samping"" data-next-head=""""/>",Konsultasikan dengan dokter,2026-12-31,Tablet,https://s3-publishing-cmn-svc-prd.s3.ap-southeast-1.amazonaws.com/drugs/3Ye5ri2S09vdNg5NcO6wp/original/uihaqdozik2bwnve9qh11abre86s9sj7.png,True,[]
7554,Asthin Cor,Lainnya,96889.0,183,-,", dan Efek Samping"",""meta_description"":""Informasi lengkap obat Vitamin B Kompleks IPI; Harga, Manfaat, Dosis \u0026 Cara pakai, Kandungan, Efek Samping, dan lainnya di sini."",""meta_robots_index"":""index"",""meta_robots_follow"":""follow"",""type"":""obat"",""media_images"":[{""original"":""https://asset-cdn.medkom",Sesuai resep dokter,-,", dan Efek Samping"",""meta_description"":""Informasi lengkap obat Vitamin B Kompleks IPI; Harga, Manfaat, Dosis \u0026 Cara pakai, Kandungan, Efek Samping, dan lainnya di sini."",""meta_robots_index"":""index"",""meta_robots_follow"":""follow"",""type"":""obat"",""media_images"":[{""original"":""https://asset-cdn.medkom",Konsultasikan dengan dokter,2027-11-20,Tablet,,True,[]
7555,Asthin Force Kapsul,Lainnya,69738.0,51,-,", Dosis, dan Efek Samping"" data-next-head=""""/>",Sesuai resep dokter,-,", Dosis, dan Efek Samping"" data-next-head=""""/>",Konsultasikan dengan dokter,2027-06-30,Kapsul,https://s3-publishing-cmn-svc-prd.s3.ap-southeast-1.amazonaws.com/drugs/DBVneTy2toYSFTKKl7RCw/original/VTS0005439.jpg,True,[]
7556,Asthin Force Cream,Lainnya,38857.0,233,-,", Dosis, dan Efek Samping "" data-next-head=""""/>",Sesuai resep dokter,-,", Dosis, dan Efek Samping "" data-next-head=""""/>",Konsultasikan dengan dokter,2026-12-31,Tablet,,True,[]
7557,Asthin Force Gel,Lainnya,29188.0,249,-,", dan Efek Samping"",""meta_description"":""Informasi lengkap obat Vitamin B Kompleks IPI; Harga, Manfaat, Dosis \u0026 Cara pakai, Kandungan, Efek Samping, dan lainnya di sini."",""meta_robots_index"":""index"",""meta_robots_follow"":""follow"",""type"":""obat"",""media_images"":[{""original"":""https://asset-cdn.medkom",Sesuai resep dokter,-,", dan Efek Samping"",""meta_description"":""Informasi lengkap obat Vitamin B Kompleks IPI; Harga, Manfaat, Dosis \u0026 Cara pakai, Kandungan, Efek Samping, dan lainnya di sini."",""meta_robots_index"":""index"",""meta_robots_follow"":""follow"",""type"":""obat"",""media_images"":[{""original"":""https://asset-cdn.medkom",Konsultasikan dengan dokter,2026-12-31,Tablet,,True,[]
7558,Asthma Soho,Lainnya,41160.0,102,-,", Dosis, Cara Penggunaan dan Efek Samping"",""meta_description"":""Salbutamol adalah obat yang digunakan meringankan gangguan pernafasan seperti asma dan bronkitis kronis. Cari tau salbutamol manfaat, dosis, dan efek sampingnya."",""meta_robots_index"":""index"",""meta_robots_follow"":""follow"",""thumbnail_url"":",Sesuai resep dokter,-,", Dosis, Cara Penggunaan dan Efek Samping"",""meta_description"":""Salbutamol adalah obat yang digunakan meringankan gangguan pernafasan seperti asma dan bronkitis kronis. Cari tau salbutamol manfaat, dosis, dan efek sampingnya."",""meta_robots_index"":""index"",""meta_robots_follow"":""follow"",""thumbnail_url"":",Konsultasikan dengan dokter,2027-06-30,Tablet,,True,[]
7559,Astifen,Lainnya,90516.0,202,-,", Dosis, Cara Penggunaan dan Efek Samping"",""meta_description"":""Salbutamol adalah obat yang digunakan meringankan gangguan pernafasan seperti asma dan bronkitis kronis. Cari tau salbutamol manfaat, dosis, dan efek sampingnya."",""meta_robots_index"":""index"",""meta_robots_follow"":""follow"",""thumbnail_url"":",Sesuai resep dokter,-,", Dosis, Cara Penggunaan dan Efek Samping"",""meta_description"":""Salbutamol adalah obat yang digunakan meringankan gangguan pernafasan seperti asma dan bronkitis kronis. Cari tau salbutamol manfaat, dosis, dan efek sampingnya."",""meta_robots_index"":""index"",""meta_robots_follow"":""follow"",""thumbnail_url"":",Konsultasikan dengan dokter,2028-03-15,Tablet,,True,[]
7560,Astika,Lainnya,49641.0,74,-,", Dosis, dan Efek Samping"",""meta_description"":""Informasi lengkap obat Yusimox; Harga, Manfaat, Dosis \u0026 Cara pakai, Kandungan, Efek Samping, dan lainnya di sini."",""meta_robots_index"":""index"",""meta_robots_follow"":""follow"",""thumbnail_url"":""https://s3-publishing-cmn-svc-prd.s3.ap-southeast-1.amazon",Sesuai resep dokter,-,", Dosis, dan Efek Samping"",""meta_description"":""Informasi lengkap obat Yusimox; Harga, Manfaat, Dosis \u0026 Cara pakai, Kandungan, Efek Samping, dan lainnya di sini."",""meta_robots_index"":""index"",""meta_robots_follow"":""follow"",""thumbnail_url"":""https://s3-publishing-cmn-svc-prd.s3.ap-southeast-1.amazon",Konsultasikan dengan dokter,2028-03-15,Tablet,,True,[]
7561,Astina,Lainnya,93776.0,224,-,", dan Efek Samping"",""meta_description"":""Informasi lengkap obat Vitamin B Kompleks IPI; Harga, Manfaat, Dosis \u0026 Cara pakai, Kandungan, Efek Samping, dan lainnya di sini."",""meta_robots_index"":""index"",""meta_robots_follow"":""follow"",""type"":""obat"",""media_images"":[{""original"":""https://asset-cdn.medkom",Sesuai resep dokter,-,", dan Efek Samping"",""meta_description"":""Informasi lengkap obat Vitamin B Kompleks IPI; Harga, Manfaat, Dosis \u0026 Cara pakai, Kandungan, Efek Samping, dan lainnya di sini."",""meta_robots_index"":""index"",""meta_robots_follow"":""follow"",""type"":""obat"",""media_images"":[{""original"":""https://asset-cdn.medkom",Konsultasikan dengan dokter,2028-03-15,Tablet,,True,[]
7562,Astinox,Lainnya,58202.0,197,-,", dan Efek Samping"",""meta_description"":""Informasi lengkap obat Vitamin B Kompleks IPI; Harga, Manfaat, Dosis \u0026 Cara pakai, Kandungan, Efek Samping, dan lainnya di sini."",""meta_robots_index"":""index"",""meta_robots_follow"":""follow"",""type"":""obat"",""media_images"":[{""original"":""https://asset-cdn.medkom",Sesuai resep dokter,-,", dan Efek Samping"",""meta_description"":""Informasi lengkap obat Vitamin B Kompleks IPI; Harga, Manfaat, Dosis \u0026 Cara pakai, Kandungan, Efek Samping, dan lainnya di sini."",""meta_robots_index"":""index"",""meta_robots_follow"":""follow"",""type"":""obat"",""media_images"":[{""original"":""https://asset-cdn.medkom",Konsultasikan dengan dokter,2027-11-20,Tablet,,True,[]
7563,Astma Soho,Lainnya,72213.0,135,-,", Dosis, Cara Penggunaan dan Efek Samping"",""meta_description"":""Salbutamol adalah obat yang digunakan meringankan gangguan pernafasan seperti asma dan bronkitis kronis. Cari tau salbutamol manfaat, dosis, dan efek sampingnya."",""meta_robots_index"":""index"",""meta_robots_follow"":""follow"",""thumbnail_url"":",Sesuai resep dokter,-,", Dosis, Cara Penggunaan dan Efek Samping"",""meta_description"":""Salbutamol adalah obat yang digunakan meringankan gangguan pernafasan seperti asma dan bronkitis kronis. Cari tau salbutamol manfaat, dosis, dan efek sampingnya."",""meta_robots_index"":""index"",""meta_robots_follow"":""follow"",""thumbnail_url"":",Konsultasikan dengan dokter,2027-11-20,Tablet,,True,[]
7564,Astramuno,Lainnya,25331.0,136,-,", dan Efek Samping"",""meta_description"":""Informasi lengkap obat Vitamin B Kompleks IPI; Harga, Manfaat, Dosis \u0026 Cara pakai, Kandungan, Efek Samping, dan lainnya di sini."",""meta_robots_index"":""index"",""meta_robots_follow"":""follow"",""type"":""obat"",""media_images"":[{""original"":""https://asset-cdn.medkom",Sesuai resep dokter,-,", dan Efek Samping"",""meta_description"":""Informasi lengkap obat Vitamin B Kompleks IPI; Harga, Manfaat, Dosis \u0026 Cara pakai, Kandungan, Efek Samping, dan lainnya di sini."",""meta_robots_index"":""index"",""meta_robots_follow"":""follow"",""type"":""obat"",""media_images"":[{""original"":""https://asset-cdn.medkom",Konsultasikan dengan dokter,2027-11-20,Tablet,,True,[]
7565,Astria,Lainnya,50981.0,145,-,", Dosis &amp; Cara pakai, Kandungan, Efek Samping, dan lainnya di sini."" data-next-head=""""/>",Sesuai resep dokter,-,", Dosis &amp; Cara pakai, Kandungan, Efek Samping, dan lainnya di sini."" data-next-head=""""/>",Konsultasikan dengan dokter,2027-06-30,Tablet,https://s3-publishing-cmn-svc-prd.s3.ap-southeast-1.amazonaws.com/drugs/lJxm_JXYXSOaaXJBNseQ_/original/1660756068-VTS0000800.jpg,True,[]
7566,Asur Jamil,Lainnya,35452.0,145,-,"dan Cara Pemakaian"",""meta_description"":""Informasi lengkap obat Propolis SM; Harga, Manfaat, Dosis \u0026 Cara Pakai, Kandungan, Efek Samping, dan lainnya di sini."",""meta_robots_index"":""index"",""meta_robots_follow"":""follow"",""thumbnail_url"":""https://s3-publishing-cmn-svc-prd.s3.ap-southeast-1.amazonaws",Sesuai resep dokter,-,"dan Cara Pemakaian"",""meta_description"":""Informasi lengkap obat Propolis SM; Harga, Manfaat, Dosis \u0026 Cara Pakai, Kandungan, Efek Samping, dan lainnya di sini."",""meta_robots_index"":""index"",""meta_robots_follow"":""follow"",""thumbnail_url"":""https://s3-publishing-cmn-svc-prd.s3.ap-southeast-1.amazonaws",Konsultasikan dengan dokter,2028-03-15,Tablet,,True,[]
7567,Asurmed,Lainnya,59112.0,116,-,"dan Cara Pemakaian"",""meta_description"":""Informasi lengkap obat Propolis SM; Harga, Manfaat, Dosis \u0026 Cara Pakai, Kandungan, Efek Samping, dan lainnya di sini."",""meta_robots_index"":""index"",""meta_robots_follow"":""follow"",""thumbnail_url"":""https://s3-publishing-cmn-svc-prd.s3.ap-southeast-1.amazonaws",Sesuai resep dokter,-,"dan Cara Pemakaian"",""meta_description"":""Informasi lengkap obat Propolis SM; Harga, Manfaat, Dosis \u0026 Cara Pakai, Kandungan, Efek Samping, dan lainnya di sini."",""meta_robots_index"":""index"",""meta_robots_follow"":""follow"",""thumbnail_url"":""https://s3-publishing-cmn-svc-prd.s3.ap-southeast-1.amazonaws",Konsultasikan dengan dokter,2027-11-20,Tablet,,True,[]
7568,Asvex,Lainnya,22840.0,276,-,", Dosis &amp; Cara pakai, Kandungan, Efek Samping, dan lainnya di sini."" data-next-head=""""/>",Sesuai resep dokter,-,", Dosis &amp; Cara pakai, Kandungan, Efek Samping, dan lainnya di sini."" data-next-head=""""/>",Konsultasikan dengan dokter,2027-06-30,Tablet,https://s3-publishing-cmn-svc-prd.s3.ap-southeast-1.amazonaws.com/article/A8IqJIMoNnW5lcXYr5Ox8/original/1674723860-Untitled%20design%2834%29.jpg,True,[]
7569,Asylate,Lainnya,56941.0,252,-,", Dosis, dan Efek Samping"",""meta_description"":""Mediresix adalah obat yang mengandung furosemide untuk mengatasi hipertensi dan pembengkakan pada jaringan. Ini dosis minum, manfaat, dan efek sampingnya."",""meta_robots_index"":""index"",""meta_robots_follow"":""follow"",""thumbnail_url"":""https://s3-publishing-",Sesuai resep dokter,-,", Dosis, dan Efek Samping"",""meta_description"":""Mediresix adalah obat yang mengandung furosemide untuk mengatasi hipertensi dan pembengkakan pada jaringan. Ini dosis minum, manfaat, dan efek sampingnya."",""meta_robots_index"":""index"",""meta_robots_follow"":""follow"",""thumbnail_url"":""https://s3-publishing-",Konsultasikan dengan dokter,2028-03-15,Tablet,,True,[]
7570,Atagip,Lainnya,88511.0,247,-,", Dosis &amp; Cara pakai, Kandungan, Efek Samping, dan lainnya di sini."" data-next-head=""""/>",Sesuai resep dokter,-,", Dosis &amp; Cara pakai, Kandungan, Efek Samping, dan lainnya di sini."" data-next-head=""""/>",Konsultasikan dengan dokter,2026-12-31,Tablet,https://s3-publishing-cmn-svc-prd.s3.ap-southeast-1.amazonaws.com/article/MhS7Zo-9JuJNeH7rsyzqh/original/1662608621-Membedakan%20Diare%20Akut%20dan%20Diare%20Kronis.jpg,True,[]
7571,Atarax,Lainnya,86730.0,163,-,", Dosis &amp; Cara minum, Kandungan, Efek Samping, dan lainnya di sini."" data-next-head=""""/>",Sesuai resep dokter,-,", Dosis &amp; Cara minum, Kandungan, Efek Samping, dan lainnya di sini."" data-next-head=""""/>",Konsultasikan dengan dokter,2027-11-20,Tablet,https://s3-publishing-cmn-svc-prd.s3.ap-southeast-1.amazonaws.com/article/l135zRVS-pXdqN361aXDb/original/1683788144-gangguan%20kecemasan.jpg,True,[]
7572,Ataroc,Lainnya,33208.0,179,-,", Dosis &amp; Cara pakai, Kandungan, Efek Samping, dan lainnya di sini."" data-next-head=""""/>",Sesuai resep dokter,-,", Dosis &amp; Cara pakai, Kandungan, Efek Samping, dan lainnya di sini."" data-next-head=""""/>",Konsultasikan dengan dokter,2028-03-15,Tablet,https://s3-publishing-cmn-svc-prd.s3.ap-southeast-1.amazonaws.com/drugs/cHdXJb5ahYOa0Twr6kl0A/original/OBT0005446.jpg,True,[]
7573,Atenolol,Lainnya,97704.0,165,-,", Dosis, dan Efek Samping"",""slug"":""candesartan-cilexetil-manfaat-dosis-dan-efek-samping"",""short_desc"":"" Candesartan Cilexetil adalah obat untuk menurunkan tekanan darah tinggi dan mengobati gagal jantung."",""url"":""obat-jantung/candesartan-cilexetil-manfaat-dosis-dan-efek-samping"",""amp_url"":"""",""canoni",Sesuai resep dokter,-,", Dosis, dan Efek Samping"",""slug"":""candesartan-cilexetil-manfaat-dosis-dan-efek-samping"",""short_desc"":"" Candesartan Cilexetil adalah obat untuk menurunkan tekanan darah tinggi dan mengobati gagal jantung."",""url"":""obat-jantung/candesartan-cilexetil-manfaat-dosis-dan-efek-samping"",""amp_url"":"""",""canoni",Konsultasikan dengan dokter,2027-06-30,Tablet,,True,[]
