name,composition,uses,side_effects,category,manufacturer,requires_prescription,is_otc,symptom_keywords,recommendation_note,price,stock,image_url
Panadol Regular,Paracetamol 500mg,"Demam, sakit kepala, nyeri ringan",Jarang: ruam kulit,Nyeri & Demam,Haleon,false,true,demam; sakit kepala; nyeri,Gunakan sesuai petunjuk pada kemasan. Jika sakit berlanjut hubungi dokter.,12000,162,/static/medicines/Panadol Regular.webp
Panadol Extra,"Paracetamol 500mg, Caffeine 65mg","Sakit kepala, migrain, demam",Berdebar (dosis tinggi),Nyeri & Demam,Haleon,false,true,migrain; sakit kepala berat,Gunakan sesuai petunjuk pada kemasan. Jika sakit berlanjut hubungi dokter.,15000,169,/static/medicines/Panadol Extra.webp
Panadol Biru,Paracetamol 500mg,Demam dan nyeri ringan,Jarang,Nyeri & Demam,Haleon,false,true,demam; nyeri,Gunakan sesuai petunjuk pada kemasan. Jika sakit berlanjut hubungi dokter.,12000,95,/static/medicines/Panadol Biru.webp
Panadol Cold & Flu,"Paracetamol 500mg, Phenylephrine 5mg","Flu, demam, hidung tersumbat",Mengantuk ringan,Nyeri & Demam,Haleon,false,true,flu; demam; hidung tersumbat,Gunakan sesuai petunjuk pada kemasan. Jika sakit berlanjut hubungi dokter.,18500,135,/static/medicines/Panadol Cold & Flu.webp
Panadol Anak Sirup,Paracetamol 120mg/5ml,Demam dan nyeri pada anak,Jarang,Nyeri & Demam,Haleon,false,true,demam anak; panas bayi,Gunakan sesuai petunjuk pada kemasan. Jika sakit berlanjut hubungi dokter.,32000,125,/static/medicines/Panadol Anak Sirup.webp
Panadol Box 100s,Paracetamol 500mg,"Demam, sakit kepala, nyeri ringan",Jarang,Nyeri & Demam,Haleon,false,true,panadol isi banyak; demam,Gunakan sesuai petunjuk pada kemasan. Jika sakit berlanjut hubungi dokter.,85000,121,/static/medicines/Panadol Box 100s.webp
Sanmol Strip 4s,Paracetamol 500mg,Demam dan nyeri ringan,Jarang: ruam kulit,Nyeri & Demam,Sanbe Farma,false,true,demam; panas; nyeri,Gunakan sesuai petunjuk pada kemasan. Jika sakit berlanjut hubungi dokter.,6000,115,/static/medicines/Sanmol Strip 4s.webp
Sanmol Sirup,Paracetamol 120mg/5ml,Demam anak,Jarang,Nyeri & Demam,Sanbe Farma,false,true,demam anak; panas anak,Gunakan sesuai petunjuk pada kemasan. Jika sakit berlanjut hubungi dokter.,22000,123,/static/medicines/Sanmol Sirup.webp
Sanmol Forte Sirup,Paracetamol 250mg/5ml,Demam tinggi anak,Jarang,Nyeri & Demam,Sanbe Farma,false,true,demam tinggi anak,Gunakan sesuai petunjuk pada kemasan. Jika sakit berlanjut hubungi dokter.,28000,83,/static/medicines/Sanmol Forte Sirup.webp
Sanmol Drops,Paracetamol 100mg/ml,Demam bayi,Jarang,Nyeri & Demam,Sanbe Farma,false,true,demam bayi; panas bayi,Gunakan sesuai petunjuk pada kemasan. Jika sakit berlanjut hubungi dokter.,35000,148,/static/medicines/Sanmol Drops.webp
Biogesic Paracetamol Isi 4 Tablet,Paracetamol 500mg,Demam dan nyeri ringan,Jarang,Nyeri & Demam,Darya-Varia,false,true,demam; nyeri,Gunakan sesuai petunjuk pada kemasan. Jika sakit berlanjut hubungi dokter.,5000,138,/static/medicines/Biogesic Paracetamol Isi 4 Tablet.webp
Biogesic Sirup Rasa jeruk 60ml,Paracetamol 120mg/5ml,Demam anak rasa jeruk,Jarang,Nyeri & Demam,Darya-Varia,false,true,demam anak; jeruk,Gunakan sesuai petunjuk pada kemasan. Jika sakit berlanjut hubungi dokter.,20000,162,/static/medicines/Biogesic Sirup Rasa jeruk 60ml.webp
Sumagesic Tablet 600mg,Paracetamol 600mg,"Sakit kepala, sakit gigi, demam berat",Gangguan hati dosis tinggi,Nyeri & Demam,Darya-Varia,false,true,demam tinggi; sakit kepala berat; sakit gigi,Gunakan sesuai petunjuk pada kemasan. Jika sakit berlanjut hubungi dokter.,15000,176,/static/medicines/Sumagesic Tablet 600mg.webp
Proris Tablet,Ibuprofen 200mg,"Nyeri sendi, sakit gigi, demam",Nyeri lambung,Nyeri & Demam,Pharos,false,true,nyeri radang; demam; sakit gigi,Gunakan sesuai petunjuk pada kemasan. Jika sakit berlanjut hubungi dokter.,12000,184,/static/medicines/Proris Tablet.webp
Proris Forte Sirup 50ml,Ibuprofen 100mg/5ml,"Demam anak, sakit gigi anak",Nyeri lambung,Nyeri & Demam,Pharos,false,true,demam anak; sakit gigi anak,Gunakan sesuai petunjuk pada kemasan. Jika sakit berlanjut hubungi dokter.,25000,104,/static/medicines/Proris Forte Sirup 50ml.webp
Proris Botol 60ml,Ibuprofen 100mg/5ml,Demam dan nyeri anak,Nyeri lambung,Nyeri & Demam,Pharos,false,true,demam anak; nyeri,Gunakan sesuai petunjuk pada kemasan. Jika sakit berlanjut hubungi dokter.,22000,186,/static/medicines/Proris Botol 60ml.webp
Proris Suppositoria,Ibuprofen 125mg,Demam tinggi anak yang tidak bisa minum,Nyeri lambung,Nyeri & Demam,Pharos,false,true,demam tinggi anak; suppositoria,Gunakan sesuai petunjuk pada kemasan. Jika sakit berlanjut hubungi dokter.,40000,152,/static/medicines/Proris Suppositoria.webp
Farsifen Tablet,Ibuprofen 200mg,"Sakit gigi, demam, nyeri haid",Nyeri lambung,Nyeri & Demam,Ifars,false,true,nyeri haid; sakit gigi; demam,Gunakan sesuai petunjuk pada kemasan. Jika sakit berlanjut hubungi dokter.,8000,102,/static/medicines/Farsifen Tablet.webp
Farsifen Sirup 60 ml,Ibuprofen 100mg/5ml,Nyeri dan demam anak,Nyeri lambung,Nyeri & Demam,Ifars,false,true,demam anak; nyeri anak,Gunakan sesuai petunjuk pada kemasan. Jika sakit berlanjut hubungi dokter.,18000,90,/static/medicines/Farsifen Sirup 60 ml.webp
Bodrex Tablet,"Paracetamol 600mg, Caffeine 50mg","Sakit kepala, pusing",Berdebar,Nyeri & Demam,Tempo Scan,false,true,sakit kepala; pusing,Gunakan sesuai petunjuk pada kemasan. Jika sakit berlanjut hubungi dokter.,9000,90,/static/medicines/Bodrex Tablet.webp
Bodrex Extra,"Paracetamol 600mg, Caffeine 65mg","Sakit kepala berat, migrain","Berdebar, insomnia",Nyeri & Demam,Tempo Scan,false,true,sakit kepala; migrain,Gunakan sesuai petunjuk pada kemasan. Jika sakit berlanjut hubungi dokter.,12000,130,/static/medicines/Bodrex Extra.webp
Bodrex Migra,"Paracetamol, Caffeine, Ergotamine",Migrain akut,"Berdebar, mual",Nyeri & Demam,Tempo Scan,false,true,migrain berat,Gunakan sesuai petunjuk pada kemasan. Jika sakit berlanjut hubungi dokter.,15000,147,/static/medicines/Bodrex Migra.webp
Bodrex Flu & Batuk,"Paracetamol, Phenylephrine, CTM, Dextromethorphan","Flu, batuk, demam",Mengantuk,Nyeri & Demam,Tempo Scan,false,true,flu batuk; meriang,Gunakan sesuai petunjuk pada kemasan. Jika sakit berlanjut hubungi dokter.,14000,92,/static/medicines/Bodrex Flu & Batuk.webp
Oskadon Tablet,"Paracetamol 500mg, Caffeine 35mg","Sakit kepala, pusing",Sulit tidur,Nyeri & Demam,Supra Ferbindo,false,true,sakit kepala; pusing,Gunakan sesuai petunjuk pada kemasan. Jika sakit berlanjut hubungi dokter.,7000,183,/static/medicines/Oskadon Tablet.webp
Oskadon Sp,"Paracetamol 500mg, Caffeine 50mg, Propyphenazone",Sakit kepala berat,"Berdebar, insomnia",Nyeri & Demam,Supra Ferbindo,false,true,sakit kepala berat,Gunakan sesuai petunjuk pada kemasan. Jika sakit berlanjut hubungi dokter.,8500,175,/static/medicines/Oskadon Sp.webp
Paramex Nyeri Otot,"Paracetamol 250mg, Propyphenazone, Caffeine, Methocarbamol","Nyeri otot, pegal","Berdebar, mengantuk",Nyeri & Demam,Konimex,false,true,nyeri otot; pegal badan,Gunakan sesuai petunjuk pada kemasan. Jika sakit berlanjut hubungi dokter.,10000,165,/static/medicines/Paramex Nyeri Otot.webp
Paramex Tube 30g,"Paracetamol 250mg, Propyphenazone, Caffeine",Sakit kepala,Berdebar,Nyeri & Demam,Konimex,false,true,sakit kepala; pusing,Gunakan sesuai petunjuk pada kemasan. Jika sakit berlanjut hubungi dokter.,12000,87,/static/medicines/Paramex Tube 30g.webp
Inzana Tablet Kunyah,Aspirin 80mg,Demam anak ringan,Iritasi lambung,Nyeri & Demam,Konimex,false,true,demam anak ringan; aspirin anak,Gunakan sesuai petunjuk pada kemasan. Jika sakit berlanjut hubungi dokter.,5000,130,/static/medicines/Inzana Tablet Kunyah.webp
Inzana Box 30s,Aspirin 80mg,Demam anak,Iritasi lambung,Nyeri & Demam,Konimex,false,true,demam anak; aspirin,Gunakan sesuai petunjuk pada kemasan. Jika sakit berlanjut hubungi dokter.,28000,135,/static/medicines/Inzana Box 30s.webp
Inzana Sachet 5ml,Paracetamol sirup,Demam anak sachet praktis,Jarang,Nyeri & Demam,Konimex,false,true,demam anak sachet,Gunakan sesuai petunjuk pada kemasan. Jika sakit berlanjut hubungi dokter.,3000,185,/static/medicines/Inzana Sachet 5ml.webp
Contrexyn Tablet Anak,"Aspirin 80mg, Vitamin C",Demam anak,Iritasi lambung,Nyeri & Demam,Tempo Scan,false,true,demam anak,Gunakan sesuai petunjuk pada kemasan. Jika sakit berlanjut hubungi dokter.,6000,140,/static/medicines/Contrexyn Tablet Anak.webp
Contrexyn Sirup,Paracetamol 120mg/5ml,Demam anak,Jarang,Nyeri & Demam,Tempo Scan,false,true,demam anak,Gunakan sesuai petunjuk pada kemasan. Jika sakit berlanjut hubungi dokter.,15000,113,/static/medicines/Contrexyn Sirup.webp
Contrexyn Strip 4s,Paracetamol 500mg,Demam dan nyeri,Jarang,Nyeri & Demam,Tempo Scan,false,true,demam; nyeri,Gunakan sesuai petunjuk pada kemasan. Jika sakit berlanjut hubungi dokter.,5000,145,/static/medicines/Contrexyn Strip 4s.webp
Contrexyn Box isi 100 tablet,Paracetamol 500mg,Demam dan nyeri stok keluarga,Jarang,Nyeri & Demam,Tempo Scan,false,true,demam; nyeri; stok keluarga,Gunakan sesuai petunjuk pada kemasan. Jika sakit berlanjut hubungi dokter.,65000,81,/static/medicines/Contrexyn Box isi 100 tablet.webp
Dumin Tablet,Paracetamol 500mg,Demam dan nyeri,Jarang,Nyeri & Demam,Actavis,false,true,demam; nyeri,Gunakan sesuai petunjuk pada kemasan. Jika sakit berlanjut hubungi dokter.,15000,104,/static/medicines/Dumin Tablet.webp
Dumin Botol 60ml,Paracetamol 120mg/5ml,Demam anak,Jarang,Nyeri & Demam,Actavis,false,true,demam anak,Gunakan sesuai petunjuk pada kemasan. Jika sakit berlanjut hubungi dokter.,22000,129,/static/medicines/Dumin Botol 60ml.webp
Dumin Rectal Tube 125mg,Paracetamol 125mg,Demam anak yang tidak bisa minum obat,Jarang,Nyeri & Demam,Actavis,false,true,demam anak suppositoria; bayi tidak mau minum,Gunakan sesuai petunjuk pada kemasan. Jika sakit berlanjut hubungi dokter.,35000,179,/static/medicines/Dumin Rectal Tube 125mg.webp
Dumin Rectal Tube 250mg,Paracetamol 250mg,Demam anak besar/remaja yang tidak bisa minum,Jarang,Nyeri & Demam,Actavis,false,true,demam anak suppositoria,Gunakan sesuai petunjuk pada kemasan. Jika sakit berlanjut hubungi dokter.,40000,173,/static/medicines/Dumin Rectal Tube 250mg.webp
Pamol Tablet,Paracetamol 500mg,Demam dan nyeri,Jarang,Nyeri & Demam,Interbat,false,true,demam; nyeri,Gunakan sesuai petunjuk pada kemasan. Jika sakit berlanjut hubungi dokter.,14000,183,/static/medicines/Pamol Tablet.webp
Pamol Botol 120ml,Paracetamol 120mg/5ml,Demam anak,Jarang,Nyeri & Demam,Interbat,false,true,demam anak,Gunakan sesuai petunjuk pada kemasan. Jika sakit berlanjut hubungi dokter.,20000,149,/static/medicines/Pamol Botol 120ml.webp
Pamol Suppositoria,Paracetamol 150mg,Demam anak yang sulit minum obat,Jarang,Nyeri & Demam,Interbat,false,true,demam suppositoria; anak tidak mau minum,Gunakan sesuai petunjuk pada kemasan. Jika sakit berlanjut hubungi dokter.,30000,121,/static/medicines/Pamol Suppositoria.webp
Fasidol Strip 10s,Paracetamol 500mg,Demam dan nyeri,Jarang,Nyeri & Demam,Ifars,false,true,demam; nyeri,Gunakan sesuai petunjuk pada kemasan. Jika sakit berlanjut hubungi dokter.,6000,98,/static/medicines/Fasidol Strip 10s.webp
Fasidol Forte,Paracetamol 650mg,"Demam tinggi, sakit kepala berat",Jarang,Nyeri & Demam,Ifars,false,true,demam tinggi; sakit kepala berat,Gunakan sesuai petunjuk pada kemasan. Jika sakit berlanjut hubungi dokter.,8000,188,/static/medicines/Fasidol Forte.webp
Fasidol Sirup,Paracetamol 120mg/5ml,Demam anak,Jarang,Nyeri & Demam,Ifars,false,true,demam anak,Gunakan sesuai petunjuk pada kemasan. Jika sakit berlanjut hubungi dokter.,12000,87,/static/medicines/Fasidol Sirup.webp
Fasidol Drops,Paracetamol 100mg/ml,Demam bayi,Jarang,Nyeri & Demam,Ifars,false,true,demam bayi,Gunakan sesuai petunjuk pada kemasan. Jika sakit berlanjut hubungi dokter.,15000,188,/static/medicines/Fasidol Drops.webp
Tempra Sirup,Paracetamol 160mg/5ml,Demam anak,Jarang,Nyeri & Demam,Taisho,false,true,demam anak,Gunakan sesuai petunjuk pada kemasan. Jika sakit berlanjut hubungi dokter.,42000,154,/static/medicines/Tempra Sirup.webp
Tempra Forte Sirup,Paracetamol 250mg/5ml,Demam tinggi anak,Jarang,Nyeri & Demam,Taisho,false,true,demam tinggi anak,Gunakan sesuai petunjuk pada kemasan. Jika sakit berlanjut hubungi dokter.,48000,190,/static/medicines/Tempra Forte Sirup.webp
Tempra Drops,Paracetamol 80mg/ml,Demam bayi,Jarang,Nyeri & Demam,Taisho,false,true,demam bayi; panas bayi,Gunakan sesuai petunjuk pada kemasan. Jika sakit berlanjut hubungi dokter.,45000,151,/static/medicines/Tempra Drops.webp
Ponstan Kaplet,Asam Mefenamat 500mg,"Nyeri haid, sakit gigi, nyeri sendi akut","Nyeri lambung, mual",Nyeri & Demam,Pfizer,false,true,nyeri haid; sakit gigi; asam mefenamat,Gunakan sesuai petunjuk pada kemasan. Jika sakit berlanjut hubungi dokter.,25000,188,/static/medicines/Ponstan Kaplet.webp
Mefinal Tablet,Asam Mefenamat 500mg,Nyeri dan radang,Iritasi lambung,Nyeri & Demam,Sanbe Farma,false,true,nyeri haid; sakit gigi,Gunakan sesuai petunjuk pada kemasan. Jika sakit berlanjut hubungi dokter.,12000,132,/static/medicines/Mefinal Tablet.webp
Antalgin Tablet,Metampiron 500mg,"Nyeri hebat, sakit gigi parah",Agranulositosis (jarang),Nyeri & Demam,Generic,false,true,sakit gigi parah; nyeri hebat,Gunakan sesuai petunjuk pada kemasan. Jika sakit berlanjut hubungi dokter.,5000,109,/static/medicines/Antalgin Tablet.webp
Fimestan Strip 4s,Ibuprofen 400mg,"Nyeri haid berat, nyeri sendi",Nyeri lambung,Nyeri & Demam,Bernofarm,false,true,nyeri haid berat; nyeri sendi,Gunakan sesuai petunjuk pada kemasan. Jika sakit berlanjut hubungi dokter.,10000,96,/static/medicines/Fimestan Strip 4s.webp
Feminax Strip 4s,"Paracetamol 500mg, Hyoscine Butylbromide 10mg",Nyeri haid dengan kram,"Mulut kering, mengantuk",Nyeri & Demam,Bayer,false,true,kram haid; nyeri haid dengan kram,Gunakan sesuai petunjuk pada kemasan. Jika sakit berlanjut hubungi dokter.,15000,177,/static/medicines/Feminax Strip 4s.webp
Dolgesic Tablet,Piroxicam 10mg,"Nyeri sendi, rematik ringan (OTC di banyak apotek)",Nyeri lambung,Nyeri & Demam,Dexa Medica,false,true,rematik; nyeri sendi,Gunakan sesuai petunjuk pada kemasan. Jika sakit berlanjut hubungi dokter.,12000,104,/static/medicines/Dolgesic Tablet.webp
Neuralgin Tablet,"Vitamin B1, B6, B12","Nyeri saraf, kesemutan, pegal linu",Jarang,Nyeri & Demam,Kalbe,false,true,kesemutan; nyeri saraf; pegal,Gunakan sesuai petunjuk pada kemasan. Jika sakit berlanjut hubungi dokter.,18000,158,/static/medicines/Neuralgin Tablet.webp
OBH Combi Batuk Berdahak Menthol,"Succus liquiritiae, Paracetamol, Ephedrine",Batuk berdahak,Mengantuk,Obat Batuk,Combiphar,false,true,batuk berdahak; dahak,Gunakan sesuai petunjuk pada kemasan. Jika sakit berlanjut hubungi dokter.,22000,135,/static/medicines/OBH Combi Batuk Berdahak Menthol.webp
OBH Combi Batuk Berdahak Jahe,"Succus liquiritiae, Jahe, Paracetamol",Batuk berdahak hangat,Mengantuk,Obat Batuk,Combiphar,false,true,batuk berdahak; jahe,Gunakan sesuai petunjuk pada kemasan. Jika sakit berlanjut hubungi dokter.,22000,137,/static/medicines/OBH Combi Batuk Berdahak Jahe.webp
OBH Combi Batuk Flu Anak,"Succus liquiritiae, CTM, Paracetamol, Glycerine",Batuk flu anak,Mengantuk,Obat Batuk,Combiphar,false,true,batuk anak; flu anak,Gunakan sesuai petunjuk pada kemasan. Jika sakit berlanjut hubungi dokter.,18000,123,/static/medicines/OBH Combi Batuk Flu Anak.webp
OBH Combi Batuk Flu Dewasa,"Succus liquiritiae, Paracetamol, Ephedrine, CTM",Batuk flu dewasa,Mengantuk,Obat Batuk,Combiphar,false,true,batuk flu; flu dewasa,Gunakan sesuai petunjuk pada kemasan. Jika sakit berlanjut hubungi dokter.,25000,99,/static/medicines/OBH Combi Batuk Flu Dewasa.webp
Woods Peppermint Expectorant 60ml,"Guaifenesin, Bromhexine",Batuk berdahak,Mual ringan,Obat Batuk,Kalbe,false,true,batuk berdahak; dahak kental,Gunakan sesuai petunjuk pada kemasan. Jika sakit berlanjut hubungi dokter.,28000,110,/static/medicines/Woods Peppermint Expectorant 60ml.webp
Woods Peppermint Expectorant 100ml,"Guaifenesin, Bromhexine",Batuk berdahak,Mual ringan,Obat Batuk,Kalbe,false,true,batuk berdahak; ekspektoran,Gunakan sesuai petunjuk pada kemasan. Jika sakit berlanjut hubungi dokter.,40000,121,/static/medicines/Woods Peppermint Expectorant 100ml.webp
Woods Antitussive 60ml,"Dextromethorphan, Guaifenesin",Batuk kering,Mengantuk,Obat Batuk,Kalbe,false,true,batuk kering; gatal tenggorokan,Gunakan sesuai petunjuk pada kemasan. Jika sakit berlanjut hubungi dokter.,29000,128,/static/medicines/Woods Antitussive 60ml.webp
Woods Antitussive 100ml,"Dextromethorphan, Guaifenesin",Batuk kering kemasan besar,Mengantuk,Obat Batuk,Kalbe,false,true,batuk kering,Gunakan sesuai petunjuk pada kemasan. Jika sakit berlanjut hubungi dokter.,42000,179,/static/medicines/Woods Antitussive 100ml.webp
Siladex Mucolytic & Expectorant 60ml,"Bromhexine, Guaifenesin",Batuk berdahak bebas gula,Mual,Obat Batuk,Konimex,false,true,batuk berdahak; bebas gula,Gunakan sesuai petunjuk pada kemasan. Jika sakit berlanjut hubungi dokter.,22000,178,/static/medicines/Siladex Mucolytic & Expectorant 60ml.webp
Siladex Antitussive 60ml,Dextromethorphan,Batuk kering bebas gula,Mengantuk,Obat Batuk,Konimex,false,true,batuk kering; bebas gula,Gunakan sesuai petunjuk pada kemasan. Jika sakit berlanjut hubungi dokter.,22000,190,/static/medicines/Siladex Antitussive 60ml.webp
Siladex Cough & Cold,"Bromhexine, Paracetamol, Phenylephrine",Batuk dan flu,Mengantuk,Obat Batuk,Konimex,false,true,batuk flu; pilek,Gunakan sesuai petunjuk pada kemasan. Jika sakit berlanjut hubungi dokter.,23000,106,/static/medicines/Siladex Cough & Cold.webp
Siladex Flu,"Paracetamol, Phenylephrine, CTM",Flu dan batuk ringan,Mengantuk,Obat Batuk,Konimex,false,true,flu; batuk ringan,Gunakan sesuai petunjuk pada kemasan. Jika sakit berlanjut hubungi dokter.,23000,87,/static/medicines/Siladex Flu.webp
Komix OBH Sachet,"Dextromethorphan, Glycyrrhiza",Batuk ringan praktis,Mengantuk,Obat Batuk,Bintang Toedjoe,false,true,batuk ringan; batuk sachet,Gunakan sesuai petunjuk pada kemasan. Jika sakit berlanjut hubungi dokter.,1500,81,/static/medicines/Komix OBH Sachet.webp
Komix Peppermint Sachet,"Dextromethorphan, Menthol",Batuk dengan sensasi dingin,Mengantuk,Obat Batuk,Bintang Toedjoe,false,true,batuk gatal; peppermint,Gunakan sesuai petunjuk pada kemasan. Jika sakit berlanjut hubungi dokter.,1500,81,/static/medicines/Komix Peppermint Sachet.webp
Komix Jeruk Nipis Sachet,"Dextromethorphan, Citrus Limon Extract",Batuk rasa jeruk nipis,Mengantuk,Obat Batuk,Bintang Toedjoe,false,true,batuk jeruk nipis; batuk sachet,Gunakan sesuai petunjuk pada kemasan. Jika sakit berlanjut hubungi dokter.,1500,106,/static/medicines/Komix Jeruk Nipis Sachet.webp
Komix Jahe Sachet,"Dextromethorphan, Jahe Extract",Batuk rasa jahe hangat,Mengantuk,Obat Batuk,Bintang Toedjoe,false,true,batuk jahe; tenggorokan hangat,Gunakan sesuai petunjuk pada kemasan. Jika sakit berlanjut hubungi dokter.,1500,121,/static/medicines/Komix Jahe Sachet.webp
Komix Herbal Sachet,"Dextromethorphan, Madu, Propolis",Batuk herbal madu,Jarang,Obat Batuk,Bintang Toedjoe,false,true,batuk herbal madu; batuk anak,Gunakan sesuai petunjuk pada kemasan. Jika sakit berlanjut hubungi dokter.,2500,175,/static/medicines/Komix Herbal Sachet.webp
Komix Botol 120ml,"Dextromethorphan, Guaifenesin",Batuk kemasan botol,Mengantuk,Obat Batuk,Bintang Toedjoe,false,true,batuk; ekonomis,Gunakan sesuai petunjuk pada kemasan. Jika sakit berlanjut hubungi dokter.,35000,152,/static/medicines/Komix Botol 120ml.webp
Komix Box 50s,"Dextromethorphan, Guaifenesin",Batuk isi banyak,Mengantuk,Obat Batuk,Bintang Toedjoe,false,true,batuk; stok,Gunakan sesuai petunjuk pada kemasan. Jika sakit berlanjut hubungi dokter.,55000,128,/static/medicines/Komix Box 50s.webp
Laserin Sirup 30ml,"Jahe Merah, Cengkeh, Daun Sirih",Batuk herbal,Jarang,Obat Batuk,Mecosin,false,true,batuk herbal; jahe merah,Gunakan sesuai petunjuk pada kemasan. Jika sakit berlanjut hubungi dokter.,12000,104,/static/medicines/Laserin Sirup 30ml.webp
Laserin Botol 30ml,"Jahe Merah, Cengkeh",Batuk ringan herbal,Jarang,Obat Batuk,Mecosin,false,true,batuk herbal,Gunakan sesuai petunjuk pada kemasan. Jika sakit berlanjut hubungi dokter.,12000,146,/static/medicines/Laserin Botol 30ml.webp
Laserin Sirup 110ml,"Jahe Merah, Cengkeh, Daun Sirih",Batuk herbal kemasan besar,Jarang,Obat Batuk,Mecosin,false,true,batuk herbal besar,Gunakan sesuai petunjuk pada kemasan. Jika sakit berlanjut hubungi dokter.,35000,179,/static/medicines/Laserin Sirup 110ml.webp
Bisolvon Tablet,Bromhexine HCl 8mg,Mengencerkan dahak kental,Mual ringan,Obat Batuk,Sanofi,false,true,dahak kental; bronkitis,Gunakan sesuai petunjuk pada kemasan. Jika sakit berlanjut hubungi dokter.,25000,171,/static/medicines/Bisolvon Tablet.webp
Bisolvon Strip 10s,Bromhexine HCl 8mg,Mengencerkan dahak,Mual ringan,Obat Batuk,Sanofi,false,true,dahak kental,Gunakan sesuai petunjuk pada kemasan. Jika sakit berlanjut hubungi dokter.,18000,186,/static/medicines/Bisolvon Strip 10s.webp
Bisolvon Extra Sirup 60ml,Bromhexine HCl,Mengencerkan dahak anak,Mual,Obat Batuk,Sanofi,false,true,dahak anak; batuk berdahak anak,Gunakan sesuai petunjuk pada kemasan. Jika sakit berlanjut hubungi dokter.,42000,187,/static/medicines/Bisolvon Extra Sirup 60ml.webp
Bisolvon Solution 50 ml,Bromhexine HCl (tetes/solution),Dahak sangat kental bayi/dewasa,Mual,Obat Batuk,Sanofi,false,true,dahak pekat; batuk sulit,Gunakan sesuai petunjuk pada kemasan. Jika sakit berlanjut hubungi dokter.,55000,80,/static/medicines/Bisolvon Solution 50 ml.webp
Vicks Formula 44 Sirup 54ml,"Dextromethorphan, Doxylamine",Batuk kering malam,Mengantuk,Obat Batuk,P&G,false,true,batuk malam; batuk kering,Gunakan sesuai petunjuk pada kemasan. Jika sakit berlanjut hubungi dokter.,25000,134,/static/medicines/Vicks Formula 44 Sirup 54ml.webp
Vicks Formula 44 Anak Sirup 27ml,Dextromethorphan,Batuk kering anak,Mengantuk,Obat Batuk,P&G,false,true,batuk anak kering,Gunakan sesuai petunjuk pada kemasan. Jika sakit berlanjut hubungi dokter.,14000,123,/static/medicines/Vicks Formula 44 Anak Sirup 27ml.webp
Konidin Tablet,"Guaifenesin, Dextromethorphan, CTM",Batuk alergi,Sangat mengantuk,Obat Batuk,Konimex,false,true,batuk alergi; gatal tenggorokan,Gunakan sesuai petunjuk pada kemasan. Jika sakit berlanjut hubungi dokter.,5000,101,/static/medicines/Konidin Tablet.webp
Konidin Sirup,"Guaifenesin, Dextromethorphan, CTM",Batuk alergi sirup,Sangat mengantuk,Obat Batuk,Konimex,false,true,batuk alergi sirup,Gunakan sesuai petunjuk pada kemasan. Jika sakit berlanjut hubungi dokter.,18000,166,/static/medicines/Konidin Sirup.webp
Konidin OBH Sirup,"Succus liquiritiae, Ephedrine, CTM",Batuk berdahak dengan alergi,Mengantuk,Obat Batuk,Konimex,false,true,batuk berdahak alergi,Gunakan sesuai petunjuk pada kemasan. Jika sakit berlanjut hubungi dokter.,19000,168,/static/medicines/Konidin OBH Sirup.webp
Actifed Kuning (Sirup),"Triprolidine, Pseudoephedrine","Pilek alergi, hidung meler","Mengantuk, berdebar",Obat Batuk,GSK,false,true,pilek alergi; hidung meler,Gunakan sesuai petunjuk pada kemasan. Jika sakit berlanjut hubungi dokter.,65000,129,/static/medicines/Actifed Kuning (Sirup).webp
Actifed Hijau (Expectorant),"Triprolidine, Pseudoephedrine, Guaifenesin",Batuk berdahak dengan pilek,"Mengantuk, berdebar",Obat Batuk,GSK,false,true,batuk berdahak pilek; ekspektoran,Gunakan sesuai petunjuk pada kemasan. Jika sakit berlanjut hubungi dokter.,68000,111,/static/medicines/Actifed Hijau (Expectorant).webp
Actifed Merah (Cough Suppressant),"Triprolidine, Pseudoephedrine, Dextromethorphan",Batuk kering dengan pilek,"Mengantuk, berdebar",Obat Batuk,GSK,false,true,batuk kering pilek,Gunakan sesuai petunjuk pada kemasan. Jika sakit berlanjut hubungi dokter.,68000,157,/static/medicines/Actifed Merah (Cough Suppressant).webp
Mucos Tablet,Ambroxol HCl 30mg,Batuk berdahak tebal,Mual ringan,Obat Batuk,Meprofarm,false,true,dahak pekat; bronkitis ringan,Gunakan sesuai petunjuk pada kemasan. Jika sakit berlanjut hubungi dokter.,18000,177,/static/medicines/Mucos Tablet.webp
Mucos Botol 60ml,Ambroxol HCl,Batuk berdahak sirup,Mual,Obat Batuk,Meprofarm,false,true,dahak kental sirup,Gunakan sesuai petunjuk pada kemasan. Jika sakit berlanjut hubungi dokter.,28000,154,/static/medicines/Mucos Botol 60ml.webp
Ambroxol Tablet,Ambroxol HCl 30mg,Pengencer dahak generik,Mual ringan,Obat Batuk,Generic,false,true,dahak kental; batuk berdahak,Gunakan sesuai petunjuk pada kemasan. Jika sakit berlanjut hubungi dokter.,5000,133,/static/medicines/Ambroxol Tablet.webp
Dextromethorphan Tablet,Dextromethorphan 15mg,Batuk kering generik,Mengantuk,Obat Batuk,Generic,false,true,batuk kering; batuk tidak berdahak,Gunakan sesuai petunjuk pada kemasan. Jika sakit berlanjut hubungi dokter.,3000,94,/static/medicines/Dextromethorphan Tablet.webp
Guaifenesin Sirup,Guaifenesin 100mg/5ml,Ekspektoran generik,Mual,Obat Batuk,Generic,false,true,ekspektoran; batuk berdahak,Gunakan sesuai petunjuk pada kemasan. Jika sakit berlanjut hubungi dokter.,12000,164,/static/medicines/Guaifenesin Sirup.webp
Erdosteine Kapsul,Erdosteine 300mg,"Batuk dengan dahak sangat kental, bronkitis kronis",Mual,Obat Batuk,Sanbe Farma,false,true,PPOK; bronkitis kronis; dahak sangat kental,Gunakan sesuai petunjuk pada kemasan. Jika sakit berlanjut hubungi dokter.,35000,173,/static/medicines/Erdosteine Kapsul.webp
Benadryl Sirup 60ml,Diphenhydramine HCl,"Batuk alergi, rhinitis",Sangat mengantuk,Obat Batuk,J&J,false,true,batuk alergi; rhinitis,Gunakan sesuai petunjuk pada kemasan. Jika sakit berlanjut hubungi dokter.,28000,106,/static/medicines/Benadryl Sirup 60ml.webp
Gliseril Guaiakolat Tablet,Guaifenesin 100mg,Batuk berdahak murah,Mual,Obat Batuk,Generic,false,true,batuk berdahak murah; generik,Gunakan sesuai petunjuk pada kemasan. Jika sakit berlanjut hubungi dokter.,2500,137,/static/medicines/Gliseril Guaiakolat Tablet.webp
Respinova Sirup,"Ambrosol, Guaifenesin",Batuk berdahak anak kombinasi,Mual,Obat Batuk,Kimia Farma,false,true,batuk berdahak anak; kombinasi,Gunakan sesuai petunjuk pada kemasan. Jika sakit berlanjut hubungi dokter.,22000,186,/static/medicines/Respinova Sirup.webp
Mixagrip Flu,"Paracetamol 500mg, Phenylephrine 5mg, CTM 2mg",Flu dan pilek,Mengantuk,Flu & Pilek,Tempo Scan,false,true,flu; pilek; meriang,Gunakan sesuai petunjuk pada kemasan. Jika sakit berlanjut hubungi dokter.,5000,93,/static/medicines/Mixagrip Flu.webp
Mixagrip Flu & Batuk,"Paracetamol, Phenylephrine, CTM, Dextromethorphan","Flu, pilek, batuk",Mengantuk,Flu & Pilek,Tempo Scan,false,true,flu batuk; pilek batuk,Gunakan sesuai petunjuk pada kemasan. Jika sakit berlanjut hubungi dokter.,6000,82,/static/medicines/Mixagrip Flu & Batuk.webp
Mixagrip Pegel Linu,"Paracetamol, Ibuprofen, Phenylephrine",Flu dengan pegal linu,"Mengantuk, nyeri lambung",Flu & Pilek,Tempo Scan,false,true,flu pegal; meriang pegal,Gunakan sesuai petunjuk pada kemasan. Jika sakit berlanjut hubungi dokter.,6000,107,/static/medicines/Mixagrip Pegel Linu.webp
Decolgen Tablet,"Paracetamol 500mg, PPA 12.5mg, CTM 2mg",Flu dan hidung tersumbat,"Mengantuk, berdebar",Flu & Pilek,Medifarma,false,true,pilek; hidung tersumbat; flu,Gunakan sesuai petunjuk pada kemasan. Jika sakit berlanjut hubungi dokter.,4500,152,/static/medicines/Decolgen Tablet.webp
Decolgen Sirup,"Paracetamol, PPA, CTM",Flu anak,Mengantuk,Flu & Pilek,Medifarma,false,true,flu anak; pilek anak,Gunakan sesuai petunjuk pada kemasan. Jika sakit berlanjut hubungi dokter.,15000,115,/static/medicines/Decolgen Sirup.webp
Neozep Forte Tablet,"Paracetamol 500mg, Phenylephrine 10mg, CTM 2mg",Flu berat dan hidung meler,Mengantuk,Flu & Pilek,Konimex,false,true,hidung meler; flu berat,Gunakan sesuai petunjuk pada kemasan. Jika sakit berlanjut hubungi dokter.,5500,81,/static/medicines/Neozep Forte Tablet.webp
Procold Flu Tablet,"Paracetamol 500mg, Pseudoephedrine 30mg",Flu dan demam,Berdebar,Flu & Pilek,Kalbe,false,true,flu meriang; pusing flu,Gunakan sesuai petunjuk pada kemasan. Jika sakit berlanjut hubungi dokter.,6000,91,/static/medicines/Procold Flu Tablet.webp
Procold Flu & Batuk,"Paracetamol, Pseudoephedrine, Dextromethorphan",Flu dan batuk,"Berdebar, mengantuk",Flu & Pilek,Kalbe,false,true,flu batuk; pilek batuk,Gunakan sesuai petunjuk pada kemasan. Jika sakit berlanjut hubungi dokter.,7000,81,/static/medicines/Procold Flu & Batuk.webp
Inza Tablet,"Paracetamol 500mg, Pseudoephedrine, CTM",Flu ringan dan bersin,Mengantuk,Flu & Pilek,Konimex,false,true,flu ringan; bersin,Gunakan sesuai petunjuk pada kemasan. Jika sakit berlanjut hubungi dokter.,4000,154,/static/medicines/Inza Tablet.webp
Inza Botol 60ml,"Paracetamol, Pseudoephedrine, CTM sirup",Flu anak,Mengantuk,Flu & Pilek,Konimex,false,true,flu anak; pilek anak,Gunakan sesuai petunjuk pada kemasan. Jika sakit berlanjut hubungi dokter.,18000,129,/static/medicines/Inza Botol 60ml.webp
Inza Strip 10s,"Paracetamol, Pseudoephedrine, CTM",Flu ringan strip,Mengantuk,Flu & Pilek,Konimex,false,true,flu; pilek,Gunakan sesuai petunjuk pada kemasan. Jika sakit berlanjut hubungi dokter.,8000,118,/static/medicines/Inza Strip 10s.webp
Sanaflu Tablet,"Paracetamol 500mg, Phenylephrine, CTM",Flu dan sakit kepala,Mengantuk,Flu & Pilek,Sanbe Farma,false,true,flu sakit kepala,Gunakan sesuai petunjuk pada kemasan. Jika sakit berlanjut hubungi dokter.,4500,120,/static/medicines/Sanaflu Tablet.webp
Sanaflu Botol 120ml,"Paracetamol, Phenylephrine, CTM sirup",Flu anak sirup,Mengantuk,Flu & Pilek,Sanbe Farma,false,true,flu anak sirup,Gunakan sesuai petunjuk pada kemasan. Jika sakit berlanjut hubungi dokter.,22000,177,/static/medicines/Sanaflu Botol 120ml.webp
Ultraflu Tablet,"Paracetamol 500mg, PPA, CTM",Flu dan pilek,Mengantuk,Flu & Pilek,Henson Farma,false,true,flu; bersin; pilek,Gunakan sesuai petunjuk pada kemasan. Jika sakit berlanjut hubungi dokter.,4000,134,/static/medicines/Ultraflu Tablet.webp
Ultraflu Extra,"Paracetamol 650mg, Phenylephrine, CTM",Flu berat,Mengantuk,Flu & Pilek,Henson Farma,false,true,flu berat; meriang,Gunakan sesuai petunjuk pada kemasan. Jika sakit berlanjut hubungi dokter.,5000,122,/static/medicines/Ultraflu Extra.webp
Ultraflu Box 50s,"Paracetamol, PPA, CTM",Flu stok keluarga,Mengantuk,Flu & Pilek,Henson Farma,false,true,flu; stok banyak,Gunakan sesuai petunjuk pada kemasan. Jika sakit berlanjut hubungi dokter.,40000,146,/static/medicines/Ultraflu Box 50s.webp
Rhinos SR Kapsul,"Loratadine 5mg, Pseudoephedrine 120mg","Rinitis alergi, hidung buntu berat","Mulut kering, insomnia",Flu & Pilek,Dexa Medica,false,true,hidung buntu; rinitis alergi; pilek parah,Gunakan sesuai petunjuk pada kemasan. Jika sakit berlanjut hubungi dokter.,65000,154,/static/medicines/Rhinos SR Kapsul.webp
Rhinos Junior Sirup,"Loratadine 2.5mg, Pseudoephedrine 30mg / 5ml",Rinitis alergi anak,Mulut kering,Flu & Pilek,Dexa Medica,false,true,pilek alergi anak; hidung tersumbat anak,Gunakan sesuai petunjuk pada kemasan. Jika sakit berlanjut hubungi dokter.,48000,142,/static/medicines/Rhinos Junior Sirup.webp
Rhinos Neo Drops,"Loratadine, Pseudoephedrine drops",Rinitis alergi bayi dan balita,Mulut kering,Flu & Pilek,Dexa Medica,false,true,pilek bayi; rinitis alergi bayi,Gunakan sesuai petunjuk pada kemasan. Jika sakit berlanjut hubungi dokter.,60000,100,/static/medicines/Rhinos Neo Drops.webp
Rhinos Strip 10s,"Loratadine 5mg, Pseudoephedrine 60mg",Rinitis alergi,Mulut kering,Flu & Pilek,Dexa Medica,false,true,rinitis alergi; pilek strip,Gunakan sesuai petunjuk pada kemasan. Jika sakit berlanjut hubungi dokter.,35000,164,/static/medicines/Rhinos Strip 10s.webp
Tremenza Tablet,"Triprolidine 2.5mg, Pseudoephedrine 60mg","Flu alergi, hidung meler berat","Sangat mengantuk, mulut kering",Flu & Pilek,Sanbe Farma,false,true,flu alergi; pilek tak kunjung sembuh,Gunakan sesuai petunjuk pada kemasan. Jika sakit berlanjut hubungi dokter.,35000,137,/static/medicines/Tremenza Tablet.webp
Tremenza Sirup,"Triprolidine, Pseudoephedrine sirup",Flu alergi anak,"Mengantuk, mulut kering",Flu & Pilek,Sanbe Farma,false,true,flu alergi anak,Gunakan sesuai petunjuk pada kemasan. Jika sakit berlanjut hubungi dokter.,42000,89,/static/medicines/Tremenza Sirup.webp
Ternolol Strip 10s,"Paracetamol, Pseudoephedrine",Flu anak,Berdebar,Flu & Pilek,Kalbe,false,true,flu anak; demam pilek,Gunakan sesuai petunjuk pada kemasan. Jika sakit berlanjut hubungi dokter.,20000,133,/static/medicines/Ternolol Strip 10s.webp
Ternolol Box 100s,"Paracetamol, Pseudoephedrine",Flu anak stok banyak,Berdebar,Flu & Pilek,Kalbe,false,true,flu anak; stok,Gunakan sesuai petunjuk pada kemasan. Jika sakit berlanjut hubungi dokter.,145000,90,/static/medicines/Ternolol Box 100s.webp
Triaminic Sirup 60ml,"Pheniramine, Phenylephrine",Batuk pilek anak,Mengantuk,Flu & Pilek,Novartis,false,true,batuk pilek anak; rhinitis anak,Gunakan sesuai petunjuk pada kemasan. Jika sakit berlanjut hubungi dokter.,45000,111,/static/medicines/Triaminic Sirup 60ml.webp
Paediatric Tempral Sirup,"Paracetamol, Phenylephrine, CTM",Flu demam anak,Mengantuk,Flu & Pilek,Kalbe,false,true,flu anak; demam pilek,Gunakan sesuai petunjuk pada kemasan. Jika sakit berlanjut hubungi dokter.,35000,117,/static/medicines/Paediatric Tempral Sirup.webp
Stopcold Tablet,"Paracetamol, Pseudoephedrine, Cetirizine",Flu alergi kombinasi lengkap,Mengantuk ringan,Flu & Pilek,Tempo Scan,false,true,flu alergi lengkap,Gunakan sesuai petunjuk pada kemasan. Jika sakit berlanjut hubungi dokter.,12000,118,/static/medicines/Stopcold Tablet.webp
Promag Tablet Kunyah,"Hydrotalcite 200mg, Mg(OH)2 150mg, Simethicone 50mg","Maag, perut kembung, ulu hati perih",Diare/sembelit ringan,Lambung & Maag,Kalbe,false,true,maag; asam lambung; kembung,Gunakan sesuai petunjuk pada kemasan. Jika sakit berlanjut hubungi dokter.,9000,97,/static/medicines/Promag Tablet Kunyah.webp
Promag Forte Tablet,"Hydrotalcite 500mg, Mg(OH)2, Simethicone",Maag berat dan kembung parah,Sembelit,Lambung & Maag,Kalbe,false,true,maag berat; asam lambung tinggi,Gunakan sesuai petunjuk pada kemasan. Jika sakit berlanjut hubungi dokter.,12000,165,/static/medicines/Promag Forte Tablet.webp
Promag Cair Sachet,"Hydrotalcite, Mg(OH)2, Simethicone cair",Maag akut cepat saji,Diare,Lambung & Maag,Kalbe,false,true,maag cepat; sachet praktis,Gunakan sesuai petunjuk pada kemasan. Jika sakit berlanjut hubungi dokter.,3000,142,/static/medicines/Promag Cair Sachet.webp
Promag Double Action,"Omeprazole 10mg, Hydrotalcite 200mg",Maag dengan asam lambung tinggi kombinasi,"Sakit kepala, diare",Lambung & Maag,Kalbe,false,true,maag kombinasi; asam lambung,Gunakan sesuai petunjuk pada kemasan. Jika sakit berlanjut hubungi dokter.,15000,124,/static/medicines/Promag Double Action.webp
Promag Herbal,"Temulawak, Kunyit, Menthol",Maag herbal,Jarang,Lambung & Maag,Kalbe,false,true,maag herbal; lambung herbal,Gunakan sesuai petunjuk pada kemasan. Jika sakit berlanjut hubungi dokter.,18000,93,/static/medicines/Promag Herbal.webp
Promag Botol 30ml,"Hydrotalcite, Mg(OH)2, Simethicone suspensi",Maag suspensi cair,Diare/sembelit,Lambung & Maag,Kalbe,false,true,maag cair; suspensi maag,Gunakan sesuai petunjuk pada kemasan. Jika sakit berlanjut hubungi dokter.,12000,137,/static/medicines/Promag Botol 30ml.webp
Mylanta Tablet,"Al(OH)3 200mg, Mg(OH)2 200mg, Simethicone 20mg",Asam lambung tinggi,Sembelit,Lambung & Maag,J&J,false,true,asam lambung naik; perih perut,Gunakan sesuai petunjuk pada kemasan. Jika sakit berlanjut hubungi dokter.,12000,91,/static/medicines/Mylanta Tablet.webp
Mylanta Cair 50 ml,"Al(OH)3, Mg(OH)2, Simethicone suspensi",Asam lambung tinggi suspensi,Sembelit,Lambung & Maag,J&J,false,true,asam lambung; mulas,Gunakan sesuai petunjuk pada kemasan. Jika sakit berlanjut hubungi dokter.,18000,135,/static/medicines/Mylanta Cair 50 ml.webp
Mylanta Cair 150 ml,"Al(OH)3, Mg(OH)2, Simethicone suspensi besar",Asam lambung tinggi kemasan besar,Sembelit,Lambung & Maag,J&J,false,true,asam lambung; kemasan besar,Gunakan sesuai petunjuk pada kemasan. Jika sakit berlanjut hubungi dokter.,45000,183,/static/medicines/Mylanta Cair 150 ml.webp
Mylanta Strip 4s,"Al(OH)3, Mg(OH)2, Simethicone",Asam lambung strip praktis,Sembelit,Lambung & Maag,J&J,false,true,asam lambung strip,Gunakan sesuai petunjuk pada kemasan. Jika sakit berlanjut hubungi dokter.,5000,94,/static/medicines/Mylanta Strip 4s.webp
Polysilane Tablet Kunyah,"Simethicone, Al(OH)3, Mg(OH)2",Kembung dan maag,Sembelit,Lambung & Maag,Pharos,false,true,perut kembung parah; ulu hati,Gunakan sesuai petunjuk pada kemasan. Jika sakit berlanjut hubungi dokter.,11000,135,/static/medicines/Polysilane Tablet Kunyah.webp
Polysilane Suspensi 100ml,"Simethicone, Al(OH)3, Mg(OH)2 suspensi",Kembung dan maag suspensi,Sembelit,Lambung & Maag,Pharos,false,true,kembung suspensi,Gunakan sesuai petunjuk pada kemasan. Jika sakit berlanjut hubungi dokter.,28000,180,/static/medicines/Polysilane Suspensi 100ml.webp
Polysilane Max Peppermint,"Simethicone, Antasida, Menthol",Kembung dan maag rasa mint,Sembelit,Lambung & Maag,Pharos,false,true,kembung mint; maag mint,Gunakan sesuai petunjuk pada kemasan. Jika sakit berlanjut hubungi dokter.,15000,85,/static/medicines/Polysilane Max Peppermint.webp
Waisan Sachet,"Antasida, Sodium Bicarbonate",Sakit maag sachet praktis,"Sendawa, kembung karena gas",Lambung & Maag,Bintang Toedjoe,false,true,mual maag; perih sachet,Gunakan sesuai petunjuk pada kemasan. Jika sakit berlanjut hubungi dokter.,2500,110,/static/medicines/Waisan Sachet.webp
Antasida Doen Tablet,"Al(OH)3 200mg, Mg(OH)2 200mg",Maag generik murah,Sembelit,Lambung & Maag,Generic,false,true,maag murah; generik antasida,Gunakan sesuai petunjuk pada kemasan. Jika sakit berlanjut hubungi dokter.,3000,157,/static/medicines/Antasida Doen Tablet.webp
Antasida Doen Sirup 60ml,"Al(OH)3, Mg(OH)2 suspensi generik",Maag suspensi generik,Sembelit,Lambung & Maag,Generic,false,true,maag sirup generik,Gunakan sesuai petunjuk pada kemasan. Jika sakit berlanjut hubungi dokter.,7000,110,/static/medicines/Antasida Doen Sirup 60ml.webp
Antasida Doen Botol 60ml,"Al(OH)3, Mg(OH)2",Maag generik botol,Sembelit,Lambung & Maag,Generic,false,true,maag generik botol,Gunakan sesuai petunjuk pada kemasan. Jika sakit berlanjut hubungi dokter.,8000,171,/static/medicines/Antasida Doen Botol 60ml.webp
Plantacid Forte Tablet,"Al(OH)3, Mg(OH)2, Simethicone dosis tinggi",Maag dan tukak lambung,Sembelit,Lambung & Maag,Kalbe,false,true,tukak lambung; maag berat,Gunakan sesuai petunjuk pada kemasan. Jika sakit berlanjut hubungi dokter.,18000,173,/static/medicines/Plantacid Forte Tablet.webp
Plantacid Sirup 100ml,"Al(OH)3, Mg(OH)2, Simethicone sirup",Tukak lambung sirup,Sembelit,Lambung & Maag,Kalbe,false,true,tukak lambung sirup,Gunakan sesuai petunjuk pada kemasan. Jika sakit berlanjut hubungi dokter.,35000,122,/static/medicines/Plantacid Sirup 100ml.webp
Plantacid Forte Sirup 100ml,"Al(OH)3, Mg(OH)2, Simethicone forte sirup",Tukak lambung berat,Sembelit,Lambung & Maag,Kalbe,false,true,tukak lambung berat sirup,Gunakan sesuai petunjuk pada kemasan. Jika sakit berlanjut hubungi dokter.,45000,181,/static/medicines/Plantacid Forte Sirup 100ml.webp
Omeprazole Kapsul 20mg,Omeprazole 20mg,"GERD, maag kronis, tukak lambung","Sakit kepala, diare",Lambung & Maag,Generic,false,true,gerd; asam lambung kronis; maag berat,Gunakan sesuai petunjuk pada kemasan. Jika sakit berlanjut hubungi dokter.,15000,159,/static/medicines/Omeprazole Kapsul 20mg.webp
Omeprazole Strip 10s,Omeprazole 20mg,GERD strip praktis,Sakit kepala,Lambung & Maag,Generic,false,true,gerd strip; asam lambung,Gunakan sesuai petunjuk pada kemasan. Jika sakit berlanjut hubungi dokter.,12000,99,/static/medicines/Omeprazole Strip 10s.webp
Lansoprazole Kapsul 30mg,Lansoprazole 30mg,"GERD berat, tukak lambung","Diare, sakit kepala",Lambung & Maag,Generic,false,true,gerd berat; maag tidak sembuh,Gunakan sesuai petunjuk pada kemasan. Jika sakit berlanjut hubungi dokter.,25000,117,/static/medicines/Lansoprazole Kapsul 30mg.webp
Polycrol Forte Tablet,"Simethicone, Antasida",Kembung keras dan maag,Konstipasi,Lambung & Maag,Nicholas,false,true,kembung keras; lambung penuh,Gunakan sesuai petunjuk pada kemasan. Jika sakit berlanjut hubungi dokter.,22000,127,/static/medicines/Polycrol Forte Tablet.webp
Polycrol Forte Gel 100ml,"Simethicone, Antasida gel",Maag dengan kembung berat gel,Konstipasi,Lambung & Maag,Nicholas,false,true,kembung gel; lambung perih,Gunakan sesuai petunjuk pada kemasan. Jika sakit berlanjut hubungi dokter.,42000,134,/static/medicines/Polycrol Forte Gel 100ml.webp
Ranitidine Tablet 150mg,Ranitidine HCl 150mg,Maag dan GERD (H2 blocker),"Sakit kepala, pusing",Lambung & Maag,Generic,false,true,maag h2 blocker; gerd; asam lambung,Gunakan sesuai petunjuk pada kemasan. Jika sakit berlanjut hubungi dokter.,8000,117,/static/medicines/Ranitidine Tablet 150mg.webp
Sucralfate Suspensi,Sucralfate 500mg/5ml,Tukak lambung dan GERD pelindung mukosa,Sembelit,Lambung & Maag,Kimia Farma,false,true,tukak lambung pelindung; gerd,Gunakan sesuai petunjuk pada kemasan. Jika sakit berlanjut hubungi dokter.,35000,181,/static/medicines/Sucralfate Suspensi.webp
Gasmotin Tablet,Mosapride Citrate 5mg,"Dispepsia, lambung lambat, mual","Diare, nyeri kepala",Lambung & Maag,Eisai,false,true,lambung lambat; dispepsia; mual,Gunakan sesuai petunjuk pada kemasan. Jika sakit berlanjut hubungi dokter.,45000,108,/static/medicines/Gasmotin Tablet.webp
Nairet Tablet,Bismuth Subcitrate,Tukak lambung H. pylori,"Feses hitam, mual",Lambung & Maag,Kalbe,false,true,helicobacter pylori; tukak lambung,Gunakan sesuai petunjuk pada kemasan. Jika sakit berlanjut hubungi dokter.,25000,120,/static/medicines/Nairet Tablet.webp
Entrostop Tablet,"Attapulgite 300mg, Pectin 100mg",Diare non-spesifik,"Sembelit, mual",Pencernaan & Diare,Kalbe,false,true,diare; mencret; mulas,Gunakan sesuai petunjuk pada kemasan. Jika sakit berlanjut hubungi dokter.,9000,163,/static/medicines/Entrostop Tablet.webp
Entrostop Anak Sirup,"Attapulgite, Pectin sirup anak",Diare anak,Sembelit,Pencernaan & Diare,Kalbe,false,true,diare anak; mencret anak,Gunakan sesuai petunjuk pada kemasan. Jika sakit berlanjut hubungi dokter.,18000,83,/static/medicines/Entrostop Anak Sirup.webp
Diatabs Tablet,Attapulgite 600mg,Diare menyerap racun,Sembelit,Pencernaan & Diare,Medifarma,false,true,diare keracunan; mencret air,Gunakan sesuai petunjuk pada kemasan. Jika sakit berlanjut hubungi dokter.,7500,154,/static/medicines/Diatabs Tablet.webp
Diapet Kapsul Strip 4s,"Daun Jambu Biji, Kunyit",Diare herbal,Jarang,Pencernaan & Diare,Soho,false,true,diare herbal; mules,Gunakan sesuai petunjuk pada kemasan. Jika sakit berlanjut hubungi dokter.,3500,138,/static/medicines/Diapet Kapsul Strip 4s.webp
Diapet Kapsul Strip 10s,"Daun Jambu Biji, Kunyit",Diare herbal kemasan besar,Jarang,Pencernaan & Diare,Soho,false,true,diare herbal,Gunakan sesuai petunjuk pada kemasan. Jika sakit berlanjut hubungi dokter.,8000,83,/static/medicines/Diapet Kapsul Strip 10s.webp
Diapet Anak Sirup,"Daun Jambu Biji, Kunyit sirup",Diare anak herbal,Jarang,Pencernaan & Diare,Soho,false,true,diare anak herbal; mencret anak,Gunakan sesuai petunjuk pada kemasan. Jika sakit berlanjut hubungi dokter.,15000,155,/static/medicines/Diapet Anak Sirup.webp
Diapet Box isi 120 Tablet,"Daun Jambu Biji, Kunyit tablet",Diare herbal stok besar,Jarang,Pencernaan & Diare,Soho,false,true,diare herbal besar,Gunakan sesuai petunjuk pada kemasan. Jika sakit berlanjut hubungi dokter.,65000,118,/static/medicines/Diapet Box isi 120 Tablet.webp
Norit Tube (40 Tablet),Activated Charcoal 260mg,"Keracunan makanan, kembung berlebih",Feses hitam,Pencernaan & Diare,Erela,false,true,keracunan makanan; salah makan; norit,Gunakan sesuai petunjuk pada kemasan. Jika sakit berlanjut hubungi dokter.,25000,133,/static/medicines/Norit Tube (40 Tablet).webp
Norit Box 50s,Activated Charcoal 260mg,Keracunan makanan stok,Feses hitam,Pencernaan & Diare,Erela,false,true,keracunan; norit,Gunakan sesuai petunjuk pada kemasan. Jika sakit berlanjut hubungi dokter.,30000,137,/static/medicines/Norit Box 50s.webp
Dulcolax Tablet 5 mg,Bisacodyl 5mg,Sembelit,"Kram perut, diare",Pencernaan & Diare,Sanofi,false,true,susah bab; sembelit; pencahar,Gunakan sesuai petunjuk pada kemasan. Jika sakit berlanjut hubungi dokter.,22000,149,/static/medicines/Dulcolax Tablet 5 mg.webp
Dulcolax Suppositoria 10mg,Bisacodyl 10mg,Sembelit dengan suppositoria dewasa,Kram perut,Pencernaan & Diare,Sanofi,false,true,sembelit berat; suppositoria dewasa,Gunakan sesuai petunjuk pada kemasan. Jika sakit berlanjut hubungi dokter.,35000,163,/static/medicines/Dulcolax Suppositoria 10mg.webp
Dulcolax Anak Suppositoria 5mg,Bisacodyl 5mg,Sembelit anak dengan suppositoria,Kram perut,Pencernaan & Diare,Sanofi,false,true,sembelit anak; suppositoria anak,Gunakan sesuai petunjuk pada kemasan. Jika sakit berlanjut hubungi dokter.,30000,182,/static/medicines/Dulcolax Anak Suppositoria 5mg.webp
Dulcolax Botol 120ml,Bisacodyl 5mg/5ml sirup,Sembelit sirup,"Kram perut, mual",Pencernaan & Diare,Sanofi,false,true,sembelit sirup; susah bab sirup,Gunakan sesuai petunjuk pada kemasan. Jika sakit berlanjut hubungi dokter.,35000,82,/static/medicines/Dulcolax Botol 120ml.webp
Microlax Tube 5ml,"Na Lauryl Sulfoacetate, Sorbitol",Sembelit segera cair,Ketidaknyamanan anus,Pencernaan & Diare,Pharos,false,true,bab keras; sembelit parah; pencahar instan,Gunakan sesuai petunjuk pada kemasan. Jika sakit berlanjut hubungi dokter.,28000,128,/static/medicines/Microlax Tube 5ml.webp
Oralit Sachet,"Glukosa 20g, NaCl 3.5g, KCl 1.5g, NaHCO3 2.5g",Rehidrasi saat diare,Mual bila terlalu cepat,Pencernaan & Diare,Generic,false,true,dehidrasi diare; oralit; cairan tubuh,Gunakan sesuai petunjuk pada kemasan. Jika sakit berlanjut hubungi dokter.,1000,130,/static/medicines/Oralit Sachet.webp
Lodia Tablet,Loperamide HCl 2mg,Diare akut menghentikan segera,"Sembelit, pusing",Pencernaan & Diare,Sanbe Farma,false,true,diare akut parah; diare air,Gunakan sesuai petunjuk pada kemasan. Jika sakit berlanjut hubungi dokter.,25000,179,/static/medicines/Lodia Tablet.webp
Lodia Box 100s,Loperamide HCl 2mg,Diare akut stok besar,Sembelit,Pencernaan & Diare,Sanbe Farma,false,true,diare akut stok,Gunakan sesuai petunjuk pada kemasan. Jika sakit berlanjut hubungi dokter.,180000,158,/static/medicines/Lodia Box 100s.webp
Lacto-B Sachet,"Lactobacillus acidophilus, L. bulgaricus, Streptococcus thermophilus",Diare anak + probiotik,Jarang,Pencernaan & Diare,Novell,false,true,probiotik diare; mencret anak; flora usus,Gunakan sesuai petunjuk pada kemasan. Jika sakit berlanjut hubungi dokter.,8000,185,/static/medicines/Lacto-B Sachet.webp
Liprolac Sachet,Multi-strain probiotik,Kesehatan pencernaan,Jarang,Pencernaan & Diare,Kalbe,false,true,probiotik; pencernaan sehat,Gunakan sesuai petunjuk pada kemasan. Jika sakit berlanjut hubungi dokter.,9000,174,/static/medicines/Liprolac Sachet.webp
Liprolac Baby Drops,Multi-strain probiotik drops,Pencernaan bayi sehat,Jarang,Pencernaan & Diare,Kalbe,false,true,probiotik bayi; kolik bayi,Gunakan sesuai petunjuk pada kemasan. Jika sakit berlanjut hubungi dokter.,150000,109,/static/medicines/Liprolac Baby Drops.webp
Liprolac Botol 30ml,Multi-strain probiotik sirup,Pencernaan anak,Jarang,Pencernaan & Diare,Kalbe,false,true,probiotik anak,Gunakan sesuai petunjuk pada kemasan. Jika sakit berlanjut hubungi dokter.,45000,120,/static/medicines/Liprolac Botol 30ml.webp
Liprolac Botol 120ml,Multi-strain probiotik sirup besar,Pencernaan keluarga,Jarang,Pencernaan & Diare,Kalbe,false,true,probiotik keluarga,Gunakan sesuai petunjuk pada kemasan. Jika sakit berlanjut hubungi dokter.,85000,121,/static/medicines/Liprolac Botol 120ml.webp
Plantago Ovata Granul,Psyllium Husk,Sembelit kronis dan melancarkan BAB,Kembung sementara,Pencernaan & Diare,Bayer,false,true,sembelit kronis; konstipasi; BAB tidak lancar,Gunakan sesuai petunjuk pada kemasan. Jika sakit berlanjut hubungi dokter.,45000,98,/static/medicines/Plantago Ovata Granul.webp
Biolysin Sirup,"Lysine, Vitamin B Kompleks, Zinc",Nafsu makan anak,Jarang,Pencernaan & Diare,Sanbe Farma,false,true,nafsu makan anak; anak susah makan,Gunakan sesuai petunjuk pada kemasan. Jika sakit berlanjut hubungi dokter.,38000,137,/static/medicines/Biolysin Sirup.webp
Curcuma Plus Sirup,"Curcuma Xanthorrhiza, Vitamin, Zinc","Nafsu makan kurang, pencernaan",Jarang,Pencernaan & Diare,Combiphar,false,true,nafsu makan; anak kurus; curcuma,Gunakan sesuai petunjuk pada kemasan. Jika sakit berlanjut hubungi dokter.,45000,156,/static/medicines/Curcuma Plus Sirup.webp
Scott's Emulsion,"Cod Liver Oil, Calcium, Vitamin A & D","Nafsu makan, daya tahan, pertumbuhan",Mual bila berlebih,Pencernaan & Diare,GSK,false,true,minyak ikan; nafsu makan; vitamin ad,Gunakan sesuai petunjuk pada kemasan. Jika sakit berlanjut hubungi dokter.,55000,185,/static/medicines/Scott's Emulsion.webp
Noprovit Sirup,"Zinc, Vitamin B1, B6, B12",Nafsu makan anak,Jarang,Pencernaan & Diare,Pharos,false,true,nafsu makan anak; zinc,Gunakan sesuai petunjuk pada kemasan. Jika sakit berlanjut hubungi dokter.,35000,167,/static/medicines/Noprovit Sirup.webp
Enervon C Strip 4s,"Vitamin C 500mg, Vitamin B Kompleks",Daya tahan tubuh,Urin kuning cerah,Suplemen,Darya-Varia,false,true,imun; vitamin c; capek,Gunakan sesuai petunjuk pada kemasan. Jika sakit berlanjut hubungi dokter.,5000,98,/static/medicines/Enervon C Strip 4s.webp
Enervon C Effervescent,"Vitamin C 1000mg, Vitamin B Kompleks effervescent",Daya tahan dan energi,Kembung,Suplemen,Darya-Varia,false,true,imun effervescent; vitamin c tinggi,Gunakan sesuai petunjuk pada kemasan. Jika sakit berlanjut hubungi dokter.,35000,132,/static/medicines/Enervon C Effervescent.webp
Enervon C Plus Sirup,"Vitamin C 100mg, Vitamin B Kompleks sirup",Daya tahan anak,Urin kuning,Suplemen,Darya-Varia,false,true,vitamin c anak; imun anak,Gunakan sesuai petunjuk pada kemasan. Jika sakit berlanjut hubungi dokter.,25000,167,/static/medicines/Enervon C Plus Sirup.webp
Vitacimin Lemon Strip,Vitamin C 500mg hisap rasa lemon,Suplemen Vitamin C hisap,Nyeri lambung,Suplemen,Takeda,false,true,vitamin hisap; sariawan; vitamin c,Gunakan sesuai petunjuk pada kemasan. Jika sakit berlanjut hubungi dokter.,2500,81,/static/medicines/Vitacimin Lemon Strip.webp
Vitacimin Sweet Orange Strip,Vitamin C 500mg hisap rasa jeruk,Suplemen Vitamin C hisap,Nyeri lambung,Suplemen,Takeda,false,true,vitamin hisap; jeruk,Gunakan sesuai petunjuk pada kemasan. Jika sakit berlanjut hubungi dokter.,2500,175,/static/medicines/Vitacimin Sweet Orange Strip.webp
Vitacimin Blueberry Strip,Vitamin C 500mg hisap rasa blueberry,Suplemen Vitamin C hisap,Nyeri lambung,Suplemen,Takeda,false,true,vitamin hisap; blueberry,Gunakan sesuai petunjuk pada kemasan. Jika sakit berlanjut hubungi dokter.,2500,152,/static/medicines/Vitacimin Blueberry Strip.webp
Vitacimin Box 100s,Vitamin C 500mg hisap,Vitamin C stok besar,Nyeri lambung,Suplemen,Takeda,false,true,vitamin c stok besar,Gunakan sesuai petunjuk pada kemasan. Jika sakit berlanjut hubungi dokter.,65000,105,/static/medicines/Vitacimin Box 100s.webp
Vicee Strawberry Strip,Vitamin C 500mg rasa stroberi,Suplemen Vitamin C,Nyeri lambung,Suplemen,Kalbe,false,true,vitamin c stroberi; imun,Gunakan sesuai petunjuk pada kemasan. Jika sakit berlanjut hubungi dokter.,2000,93,/static/medicines/Vicee Strawberry Strip.webp
Vicee Orange Strip,Vitamin C 500mg rasa jeruk,Suplemen Vitamin C,Nyeri lambung,Suplemen,Kalbe,false,true,vitamin c jeruk; imun,Gunakan sesuai petunjuk pada kemasan. Jika sakit berlanjut hubungi dokter.,2000,117,/static/medicines/Vicee Orange Strip.webp
Imboost Strip 4s,"Echinacea purpurea 250mg, Zinc 10mg, Vitamin C",Meningkatkan imun tubuh,Alergi (jarang),Suplemen,Soho,false,true,sistem imun; cegah sakit; echinacea,Gunakan sesuai petunjuk pada kemasan. Jika sakit berlanjut hubungi dokter.,20000,187,/static/medicines/Imboost Strip 4s.webp
Imboost Force Tablet,"Echinacea, Zinc, Vitamin C, Elderberry",Imun booster tingkat lanjut,Alergi jarang,Suplemen,Soho,false,true,imun booster; elderberry,Gunakan sesuai petunjuk pada kemasan. Jika sakit berlanjut hubungi dokter.,65000,180,/static/medicines/Imboost Force Tablet.webp
Imboost Kids Sirup,"Echinacea, Zinc, Vitamin C sirup anak",Imun anak sering sakit,Jarang,Suplemen,Soho,false,true,imun anak; anak sering sakit,Gunakan sesuai petunjuk pada kemasan. Jika sakit berlanjut hubungi dokter.,40000,82,/static/medicines/Imboost Kids Sirup.webp
Imboost Extra Vitamin C,"Echinacea, Zinc, Vitamin C 1000mg",Imun dan vitamin C ekstra,Nyeri lambung,Suplemen,Soho,false,true,imun vitamin c tinggi,Gunakan sesuai petunjuk pada kemasan. Jika sakit berlanjut hubungi dokter.,45000,113,/static/medicines/Imboost Extra Vitamin C.webp
Stimuno Forte Kapsul,Phyllanthus niruri 50mg,Imunomodulator fitofarmaka,Jarang,Suplemen,Dexa Medica,false,true,imunomodulator; gampang sakit; daya tahan,Gunakan sesuai petunjuk pada kemasan. Jika sakit berlanjut hubungi dokter.,35000,171,/static/medicines/Stimuno Forte Kapsul.webp
Stimuno Sirup Anggur,Phyllanthus niruri sirup rasa anggur,Daya tahan anak,Jarang,Suplemen,Dexa Medica,false,true,imun anak anggur,Gunakan sesuai petunjuk pada kemasan. Jika sakit berlanjut hubungi dokter.,32000,86,/static/medicines/Stimuno Sirup Anggur.webp
Stimuno Sirup Jeruk,Phyllanthus niruri sirup rasa jeruk,Daya tahan anak,Jarang,Suplemen,Dexa Medica,false,true,imun anak jeruk,Gunakan sesuai petunjuk pada kemasan. Jika sakit berlanjut hubungi dokter.,32000,147,/static/medicines/Stimuno Sirup Jeruk.webp
CDR Tube 10 Tablet,"Calcium 500mg, Vitamin C, D3, B6 effervescent",Kesehatan tulang dan imun,Kembung,Suplemen,Bayer,false,true,kalsium; tulang kuat; imun,Gunakan sesuai petunjuk pada kemasan. Jika sakit berlanjut hubungi dokter.,48000,135,/static/medicines/CDR Tube 10 Tablet.webp
CDR Tube 15 Tablet,"Calcium 500mg, Vitamin C, D3, B6 effervescent isi 15",Kesehatan tulang besar,Kembung,Suplemen,Bayer,false,true,kalsium; tulang; osteoporosis,Gunakan sesuai petunjuk pada kemasan. Jika sakit berlanjut hubungi dokter.,68000,137,/static/medicines/CDR Tube 15 Tablet.webp
CDR Strip 4s,"Calcium, Vitamin C, D3 effervescent mini",Kalsium praktis,Kembung,Suplemen,Bayer,false,true,kalsium strip; tulang,Gunakan sesuai petunjuk pada kemasan. Jika sakit berlanjut hubungi dokter.,15000,99,/static/medicines/CDR Strip 4s.webp
Redoxon Triple Action 10s,"Vitamin C 1000mg, Zinc 10mg, Vitamin D3 400IU",Daya tahan tubuh tiga arah,Nyeri lambung,Suplemen,Bayer,false,true,vitamin c triple; imun tinggi,Gunakan sesuai petunjuk pada kemasan. Jika sakit berlanjut hubungi dokter.,52000,112,/static/medicines/Redoxon Triple Action 10s.webp
Redoxon Zinc 10s,"Zinc 10mg, Vitamin C 1000mg effervescent",Imun dan penyembuhan luka,Nyeri lambung,Suplemen,Bayer,false,true,zinc imun; penyembuhan luka,Gunakan sesuai petunjuk pada kemasan. Jika sakit berlanjut hubungi dokter.,45000,115,/static/medicines/Redoxon Zinc 10s.webp
Redoxon Kids Gummy,"Vitamin C, D, Zinc gummy anak",Suplemen imun anak yang menyenangkan,Jarang,Suplemen,Bayer,false,true,vitamin gummy anak; imun anak menyenangkan,Gunakan sesuai petunjuk pada kemasan. Jika sakit berlanjut hubungi dokter.,35000,180,/static/medicines/Redoxon Kids Gummy.webp
Fatigon Putih Tablet,"Vitamin B1, B6, B12, E",Mengatasi kelelahan dan capek,Jarang,Suplemen,Kalbe,false,true,capek; kelelahan; pegal linu,Gunakan sesuai petunjuk pada kemasan. Jika sakit berlanjut hubungi dokter.,7000,166,/static/medicines/Fatigon Putih Tablet.webp
Fatigon Spirit Tablet,"Vitamin B Kompleks, Ginseng",Capek dan kurang tenaga,Insomnia ringan,Suplemen,Kalbe,false,true,capek; kurang tenaga; ginseng,Gunakan sesuai petunjuk pada kemasan. Jika sakit berlanjut hubungi dokter.,8500,122,/static/medicines/Fatigon Spirit Tablet.webp
Fatigon Promuno,"Echinacea, Vitamin C, Zinc",Imun dan pemulihan dari sakit,Jarang,Suplemen,Kalbe,false,true,pemulihan sakit; imun,Gunakan sesuai petunjuk pada kemasan. Jika sakit berlanjut hubungi dokter.,15000,95,/static/medicines/Fatigon Promuno.webp
Fatigon Strip 4s,"Vitamin B Kompleks, Vitamin E",Capek strip praktis,Jarang,Suplemen,Kalbe,false,true,capek strip; vitamin b,Gunakan sesuai petunjuk pada kemasan. Jika sakit berlanjut hubungi dokter.,5000,87,/static/medicines/Fatigon Strip 4s.webp
Renovit Multivitamin Strip,"12 Vitamin, 13 Mineral",Kebutuhan vitamin harian lengkap,Jarang,Suplemen,Dexa Medica,false,true,multivitamin; vitamin lengkap,Gunakan sesuai petunjuk pada kemasan. Jika sakit berlanjut hubungi dokter.,15000,148,/static/medicines/Renovit Multivitamin Strip.webp
Renovit Gold Strip,"12 Vitamin, 13 Mineral + Ginseng",Multivitamin premium,Insomnia ringan,Suplemen,Dexa Medica,false,true,multivitamin premium; ginseng,Gunakan sesuai petunjuk pada kemasan. Jika sakit berlanjut hubungi dokter.,18000,166,/static/medicines/Renovit Gold Strip.webp
Renovit Sachet 5ml,Multivitamin cair sachet,Vitamin harian praktis,Jarang,Suplemen,Dexa Medica,false,true,vitamin sachet; vitamin cair,Gunakan sesuai petunjuk pada kemasan. Jika sakit berlanjut hubungi dokter.,8000,186,/static/medicines/Renovit Sachet 5ml.webp
Sangobion Kapsul Strip,"Ferrous Gluconate 250mg, Folic Acid, Vit B12, Vit C",Anemia kurang zat besi,"Feses hitam, sembelit",Suplemen,Merck,false,true,kurang darah; anemia; pusing pucat,Gunakan sesuai petunjuk pada kemasan. Jika sakit berlanjut hubungi dokter.,18000,130,/static/medicines/Sangobion Kapsul Strip.webp
Sangobion Sirup,"Ferrous Gluconate, Folic Acid, Vitamin B12 sirup",Anemia dan kurang darah,Feses hitam,Suplemen,Merck,false,true,kurang darah sirup; anemia sirup,Gunakan sesuai petunjuk pada kemasan. Jika sakit berlanjut hubungi dokter.,35000,115,/static/medicines/Sangobion Sirup.webp
Sangobion Kids Sirup,"Ferrous Gluconate, Vit B12 sirup anak",Anemia anak,Feses hitam,Suplemen,Merck,false,true,anemia anak; kurang darah anak,Gunakan sesuai petunjuk pada kemasan. Jika sakit berlanjut hubungi dokter.,32000,129,/static/medicines/Sangobion Kids Sirup.webp
Sangobion Baby Drops,Ferrous Gluconate drops bayi,Anemia bayi,Feses hitam,Suplemen,Merck,false,true,anemia bayi; zat besi bayi,Gunakan sesuai petunjuk pada kemasan. Jika sakit berlanjut hubungi dokter.,40000,115,/static/medicines/Sangobion Baby Drops.webp
Hemabion Kapsul Strip,"Ferrous Fumarate, Asam Folat, Vit B12",Anemia ibu hamil,"Mual, konstipasi",Suplemen,Pharos,false,true,tambah darah hamil; anemia ibu hamil,Gunakan sesuai petunjuk pada kemasan. Jika sakit berlanjut hubungi dokter.,16000,118,/static/medicines/Hemabion Kapsul Strip.webp
Hemabion Strip 10s,"Ferrous Fumarate, Asam Folat, Vit B12 strip 10s",Anemia dan kehamilan,Mual,Suplemen,Pharos,false,true,zat besi ibu hamil,Gunakan sesuai petunjuk pada kemasan. Jika sakit berlanjut hubungi dokter.,22000,159,/static/medicines/Hemabion Strip 10s.webp
You C1000 Vitamin Orange Botol,Vitamin C 1000mg minuman,Minuman vitamin C segar harian,Nyeri lambung,Suplemen,Djojonegoro,false,true,minuman vitamin c; segar,Gunakan sesuai petunjuk pada kemasan. Jika sakit berlanjut hubungi dokter.,8000,161,/static/medicines/You C1000 Vitamin Orange Botol.webp
You C1000 Vitamin Lemon Botol,Vitamin C 1000mg minuman rasa lemon,Vitamin C minum segar lemon,Nyeri lambung,Suplemen,Djojonegoro,false,true,vitamin c lemon; minuman vitamin,Gunakan sesuai petunjuk pada kemasan. Jika sakit berlanjut hubungi dokter.,8000,170,/static/medicines/You C1000 Vitamin Lemon Botol.webp
You C1000 Vitamin Lemon,Vitamin C 1000mg tablet isap lemon,Vitamin C isap lemon,Nyeri lambung,Suplemen,Djojonegoro,false,true,vitamin c isap lemon,Gunakan sesuai petunjuk pada kemasan. Jika sakit berlanjut hubungi dokter.,6000,82,/static/medicines/You C1000 Vitamin Lemon.webp
Bear Brand Susu Steril Kaleng 189ml,100% Susu Sapi Murni Steril,"Pemulihan pasca sakit, tipes",Alergi laktosa,Suplemen,Nestle,false,true,susu steril; tipes; pemulihan; bear brand,Gunakan sesuai petunjuk pada kemasan. Jika sakit berlanjut hubungi dokter.,12000,188,/static/medicines/Bear Brand Susu Steril Kaleng 189ml.webp
Tje Fuk Kapsul Gingseng,Ginseng Extract 100mg,Stamina dan vitalitas,"Insomnia ringan, berdebar",Suplemen,Tje Fuk,false,true,stamina; ginseng; vitalitas,Gunakan sesuai petunjuk pada kemasan. Jika sakit berlanjut hubungi dokter.,150000,137,/static/medicines/Tje Fuk Kapsul Gingseng.webp
Blackmores Vitamin C 500mg,Ascorbic Acid 500mg,Suplemen vitamin C paten premium,Nyeri lambung,Suplemen,Blackmores,false,true,vitamin c premium; imun,Gunakan sesuai petunjuk pada kemasan. Jika sakit berlanjut hubungi dokter.,85000,142,/static/medicines/Blackmores Vitamin C 500mg.webp
Nature-E Kapsul,Vitamin E 100 IU,Antioksidan dan kesehatan kulit,Jarang,Suplemen,Darya-Varia,false,true,vitamin e; antioksidan; kulit sehat,Gunakan sesuai petunjuk pada kemasan. Jika sakit berlanjut hubungi dokter.,35000,83,/static/medicines/Nature-E Kapsul.svg
Neurobion Forte Tablet,"Vitamin B1 100mg, B6 200mg, B12 200mcg","Nyeri saraf, kesemutan, kekurangan vitamin B",Jarang,Suplemen,Merck,false,true,kesemutan; nyeri saraf; vitamin b,Gunakan sesuai petunjuk pada kemasan. Jika sakit berlanjut hubungi dokter.,25000,170,/static/medicines/Neurobion Forte Tablet.webp
Heptasan Sirup,"Cyproheptadine, Vitamin B Kompleks",Penambah nafsu makan,Sangat mengantuk,Suplemen,Sanbe Farma,false,true,nafsu makan; kurus; anak tidak mau makan,Gunakan sesuai petunjuk pada kemasan. Jika sakit berlanjut hubungi dokter.,35000,99,/static/medicines/Heptasan Sirup.webp
Theragran-M Tablet,Multivitamin + Mineral Lengkap,Kebutuhan vitamin mineral harian,Jarang,Suplemen,BMS,false,true,multivitamin; mineral; lengkap,Gunakan sesuai petunjuk pada kemasan. Jika sakit berlanjut hubungi dokter.,45000,119,/static/medicines/Theragran-M Tablet.webp
Elkana Sirup,"Lysine, Vitamin B Kompleks, Zinc sirup",Nafsu makan dan pertumbuhan anak,Jarang,Suplemen,Kalbe,false,true,nafsu makan anak; pertumbuhan anak,Gunakan sesuai petunjuk pada kemasan. Jika sakit berlanjut hubungi dokter.,42000,177,/static/medicines/Elkana Sirup.webp
Cetirizine Tablet 10mg,Cetirizine HCl 10mg,"Alergi gatal, biduran, bersin alergi",Mengantuk ringan,Alergi & Gatal,Generic,false,true,alergi; biduran; bersin debu,Gunakan sesuai petunjuk pada kemasan. Jika sakit berlanjut hubungi dokter.,6000,81,/static/medicines/Cetirizine Tablet 10mg.webp
Cetirizine Sirup 60ml,Cetirizine HCl 2.5mg/5ml,Alergi anak,Mengantuk ringan,Alergi & Gatal,Generic,false,true,alergi anak; biduran anak,Gunakan sesuai petunjuk pada kemasan. Jika sakit berlanjut hubungi dokter.,25000,186,/static/medicines/Cetirizine Sirup 60ml.webp
Cetirizine Box 50s,Cetirizine HCl 10mg,Alergi stok keluarga,Mengantuk ringan,Alergi & Gatal,Generic,false,true,alergi stok; biduran,Gunakan sesuai petunjuk pada kemasan. Jika sakit berlanjut hubungi dokter.,45000,182,/static/medicines/Cetirizine Box 50s.webp
Loratadine Tablet 10mg,Loratadine 10mg,Alergi tanpa mengantuk berat,Mulut kering,Alergi & Gatal,Generic,false,true,alergi kerja; biduran pagi,Gunakan sesuai petunjuk pada kemasan. Jika sakit berlanjut hubungi dokter.,8000,141,/static/medicines/Loratadine Tablet 10mg.webp
Incidal-OD Kapsul,Cetirizine HCl 10mg,Alergi paten sehari sekali,Mengantuk,Alergi & Gatal,Bayer,false,true,alergi paten; gatal paten,Gunakan sesuai petunjuk pada kemasan. Jika sakit berlanjut hubungi dokter.,35000,85,/static/medicines/Incidal-OD Kapsul.webp
Incidal-OD Sirup,Cetirizine HCl sirup,Alergi anak paten,Mengantuk,Alergi & Gatal,Bayer,false,true,alergi anak paten; biduran anak,Gunakan sesuai petunjuk pada kemasan. Jika sakit berlanjut hubungi dokter.,55000,149,/static/medicines/Incidal-OD Sirup.webp
Incidal-OD Strip 10s,Cetirizine HCl 10mg,Alergi paten strip,Mengantuk,Alergi & Gatal,Bayer,false,true,alergi strip paten,Gunakan sesuai petunjuk pada kemasan. Jika sakit berlanjut hubungi dokter.,25000,83,/static/medicines/Incidal-OD Strip 10s.webp
Alleron Tablet,CTM (Chlorpheniramine Maleate) 4mg,Alergi gatal dan rhinitis murah,Sangat mengantuk,Alergi & Gatal,Mecosin,false,true,alergi murah; gatal malam; CTM,Gunakan sesuai petunjuk pada kemasan. Jika sakit berlanjut hubungi dokter.,3000,107,/static/medicines/Alleron Tablet.webp
Alleron Botol 60ml,CTM 2mg/5ml sirup,Alergi anak murah,Sangat mengantuk,Alergi & Gatal,Mecosin,false,true,alergi anak murah,Gunakan sesuai petunjuk pada kemasan. Jika sakit berlanjut hubungi dokter.,15000,133,/static/medicines/Alleron Botol 60ml.webp
CTM Tablet 4mg,Chlorpheniramine Maleate 4mg,Antihistamin generasi pertama murah,Sangat mengantuk,Alergi & Gatal,Generic,false,true,obat gatal murah; antihistamin; CTM,Gunakan sesuai petunjuk pada kemasan. Jika sakit berlanjut hubungi dokter.,2000,156,/static/medicines/CTM Tablet 4mg.webp
Caladine Lotion 60ml,"Calamine 8%, Zinc Oxide 5%, Diphenhydramine 1%","Gatal biang keringat, gigitan serangga",Kulit sedikit kering,Alergi & Gatal,Galenium,false,true,biang keringat; gatal oles; gigitan serangga,Gunakan sesuai petunjuk pada kemasan. Jika sakit berlanjut hubungi dokter.,18000,155,/static/medicines/Caladine Lotion 60ml.webp
Caladine Lotion 95ml,"Calamine, Zinc Oxide, Diphenhydramine",Gatal biang keringat kemasan besar,Kulit sedikit kering,Alergi & Gatal,Galenium,false,true,biang keringat besar; gatal kulit,Gunakan sesuai petunjuk pada kemasan. Jika sakit berlanjut hubungi dokter.,25000,151,/static/medicines/Caladine Lotion 95ml.webp
Caladine Powder 60g,"Calamine, Zinc Oxide, Menthol bedak",Gatal biang keringat bedak,Kulit sedikit kering,Alergi & Gatal,Galenium,false,true,bedak gatal; biang keringat bedak,Gunakan sesuai petunjuk pada kemasan. Jika sakit berlanjut hubungi dokter.,12000,169,/static/medicines/Caladine Powder 60g.webp
Caladine Powder 100g,"Calamine, Zinc Oxide, Menthol bedak besar",Gatal biang keringat bedak besar,Kulit kering,Alergi & Gatal,Galenium,false,true,bedak gatal besar,Gunakan sesuai petunjuk pada kemasan. Jika sakit berlanjut hubungi dokter.,18000,169,/static/medicines/Caladine Powder 100g.webp
Caladine Baby Balm 30 g,"Calamine, Zinc Oxide, Beeswax",Ruam popok dan gatal bayi,Kulit kering,Alergi & Gatal,Galenium,false,true,ruam popok; gatal bayi; iritasi bayi,Gunakan sesuai petunjuk pada kemasan. Jika sakit berlanjut hubungi dokter.,25000,180,/static/medicines/Caladine Baby Balm 30 g.webp
Herocyn Bedak 75g,"Menthol 0.5%, Sulfur, Salicylic Acid bedak",Gatal badan dan kaki bedak,Pedih di luka terbuka,Alergi & Gatal,Coronet Crown,false,true,bedak gatal badan; biang keringat dewasa,Gunakan sesuai petunjuk pada kemasan. Jika sakit berlanjut hubungi dokter.,15000,179,/static/medicines/Herocyn Bedak 75g.webp
Herocyn Bedak 150g,"Menthol, Sulfur, Salicylic Acid bedak besar",Gatal badan kemasan besar,Pedih di luka,Alergi & Gatal,Coronet Crown,false,true,bedak gatal besar,Gunakan sesuai petunjuk pada kemasan. Jika sakit berlanjut hubungi dokter.,25000,188,/static/medicines/Herocyn Bedak 150g.webp
Herocyn Baby Powder,"Menthol, Zinc Oxide bedak bayi",Biang keringat dan ruam bayi,Pedih di luka,Alergi & Gatal,Coronet Crown,false,true,bedak bayi gatal; biang keringat bayi,Gunakan sesuai petunjuk pada kemasan. Jika sakit berlanjut hubungi dokter.,18000,186,/static/medicines/Herocyn Baby Powder.webp
Telfast Tablet 120mg,Fexofenadine HCl 120mg,Alergi rinitis berat tanpa kantuk,Sakit kepala ringan,Alergi & Gatal,Aventis,false,true,alergi tanpa ngantuk; gatal rinitis,Gunakan sesuai petunjuk pada kemasan. Jika sakit berlanjut hubungi dokter.,85000,166,/static/medicines/Telfast Tablet 120mg.webp
Telfast Tablet 180mg,Fexofenadine HCl 180mg,Alergi berat tanpa kantuk,Sakit kepala,Alergi & Gatal,Aventis,false,true,alergi berat; urtikaria,Gunakan sesuai petunjuk pada kemasan. Jika sakit berlanjut hubungi dokter.,95000,179,/static/medicines/Telfast Tablet 180mg.webp
Telfast botol 120ml,Fexofenadine HCl 30mg/5ml sirup,Alergi anak tanpa kantuk,Sakit kepala ringan,Alergi & Gatal,Aventis,false,true,alergi anak tanpa ngantuk,Gunakan sesuai petunjuk pada kemasan. Jika sakit berlanjut hubungi dokter.,145000,158,/static/medicines/Telfast botol 120ml.webp
Ryvel Tablet,Cetirizine HCl 10mg,Alergi paten lainnya,Mengantuk,Alergi & Gatal,Novell,false,true,biduran; alergi kulit,Gunakan sesuai petunjuk pada kemasan. Jika sakit berlanjut hubungi dokter.,40000,114,/static/medicines/Ryvel Tablet.webp
Ryvel Sirup,Cetirizine HCl sirup,Alergi anak paten,Mengantuk,Alergi & Gatal,Novell,false,true,alergi anak,Gunakan sesuai petunjuk pada kemasan. Jika sakit berlanjut hubungi dokter.,65000,180,/static/medicines/Ryvel Sirup.webp
Ryvel Drops,Cetirizine HCl drops bayi,Alergi bayi,Mengantuk ringan,Alergi & Gatal,Novell,false,true,alergi bayi; biduran bayi,Gunakan sesuai petunjuk pada kemasan. Jika sakit berlanjut hubungi dokter.,70000,88,/static/medicines/Ryvel Drops.webp
Ryvel Botol 120ml,Cetirizine HCl sirup besar,Alergi kemasan besar,Mengantuk,Alergi & Gatal,Novell,false,true,alergi sirup besar,Gunakan sesuai petunjuk pada kemasan. Jika sakit berlanjut hubungi dokter.,85000,165,/static/medicines/Ryvel Botol 120ml.webp
Desloratadine Tablet,Desloratadine 5mg,Alergi generasi ketiga tanpa kantuk,Jarang,Alergi & Gatal,Generic,false,true,alergi tanpa kantuk; antihistamin modern,Gunakan sesuai petunjuk pada kemasan. Jika sakit berlanjut hubungi dokter.,18000,154,/static/medicines/Desloratadine Tablet.webp
Avil Tablet,Pheniramine Maleate 25mg,"Alergi berat, reaksi alergi akut",Sangat mengantuk,Alergi & Gatal,Aventis,false,true,reaksi alergi; gatal parah; antihistamin,Gunakan sesuai petunjuk pada kemasan. Jika sakit berlanjut hubungi dokter.,5000,149,/static/medicines/Avil Tablet.webp
Hydrocortisone Cream 2.5%,Hydrocortisone 2.5%,"Gatal radang kulit, eksim ringan",Penipisan kulit (pemakaian lama),Alergi & Gatal,Generic,false,true,eksim; gatal radang; kortison topikal,Gunakan sesuai petunjuk pada kemasan. Jika sakit berlanjut hubungi dokter.,15000,104,/static/medicines/Hydrocortisone Cream 2.5%.webp
Elocon Cream 5g,Mometasone Furoate 0.1%,"Eksim, psoriasis, dermatitis atopik",Penipisan kulit,Alergi & Gatal,Schering,false,true,eksim parah; psoriasis; dermatitis,Gunakan sesuai petunjuk pada kemasan. Jika sakit berlanjut hubungi dokter.,85000,138,/static/medicines/Elocon Cream 5g.webp
Caladryl Lotion,"Calamine, Diphenhydramine","Gatal akibat poison ivy, biang keringat",Kulit kering,Alergi & Gatal,J&J,false,true,gatal parah; calamine premium,Gunakan sesuai petunjuk pada kemasan. Jika sakit berlanjut hubungi dokter.,35000,116,/static/medicines/Caladryl Lotion.webp
Betadine Solution 15ml,Povidone Iodine 10%,Antiseptik luka kecil,Iritasi ringan,Obat Kulit & Luka,Mundipharma,false,true,obat merah; luka lecet; antiseptik,Gunakan sesuai petunjuk pada kemasan. Jika sakit berlanjut hubungi dokter.,18000,132,/static/medicines/Betadine Solution 15ml.webp
Betadine Solution 30ml,Povidone Iodine 10%,Antiseptik luka medium,Iritasi ringan,Obat Kulit & Luka,Mundipharma,false,true,antiseptik; luka potong,Gunakan sesuai petunjuk pada kemasan. Jika sakit berlanjut hubungi dokter.,32000,132,/static/medicines/Betadine Solution 30ml.webp
Betadine Solution 60ml,Povidone Iodine 10%,Antiseptik luka kemasan besar,Iritasi ringan,Obat Kulit & Luka,Mundipharma,false,true,antiseptik besar,Gunakan sesuai petunjuk pada kemasan. Jika sakit berlanjut hubungi dokter.,55000,160,/static/medicines/Betadine Solution 60ml.webp
Betadine Ointment 10g,Povidone Iodine 10% salep,"Luka berinfeksi, borok",Iritasi lokal,Obat Kulit & Luka,Mundipharma,false,true,luka bernanah; antiseptik salep,Gunakan sesuai petunjuk pada kemasan. Jika sakit berlanjut hubungi dokter.,25000,128,/static/medicines/Betadine Ointment 10g.webp
Betadine Plaster,Povidone Iodine 10% plaster,Luka lecet kecil plaster antiseptik,Iritasi lokal,Obat Kulit & Luka,Mundipharma,false,true,plaster antiseptik; luka kecil,Gunakan sesuai petunjuk pada kemasan. Jika sakit berlanjut hubungi dokter.,5000,190,/static/medicines/Betadine Plaster.webp
Rivanol 100 ml,Ethacridine Lactate 0.1%,"Membersihkan luka basah, kompres luka",Kulit menguning sementara,Obat Kulit & Luka,Generic,false,true,cuci luka; luka basah; kompres,Gunakan sesuai petunjuk pada kemasan. Jika sakit berlanjut hubungi dokter.,6000,147,/static/medicines/Rivanol 100 ml.webp
Rivanol 300 ml,Ethacridine Lactate 0.1% besar,Membersihkan luka besar,Kulit menguning,Obat Kulit & Luka,Generic,false,true,cuci luka besar,Gunakan sesuai petunjuk pada kemasan. Jika sakit berlanjut hubungi dokter.,12000,150,/static/medicines/Rivanol 300 ml.webp
Hansaplast Spray Antiseptik 50ml,Octenidine Dihydrochloride,Cuci luka tanpa perih modern,Jarang,Obat Kulit & Luka,Beiersdorf,false,true,cuci luka gak perih; semprot luka; luka bayi,Gunakan sesuai petunjuk pada kemasan. Jika sakit berlanjut hubungi dokter.,45000,159,/static/medicines/Hansaplast Spray Antiseptik 50ml.webp
Hansaplast Koyo Panas,"Methyl Salicylate, Menthol koyo",Nyeri otot dan pegal lewat koyo,Kemerahan kulit,Obat Kulit & Luka,Beiersdorf,false,true,koyo panas; pegal linu; nyeri punggung,Gunakan sesuai petunjuk pada kemasan. Jika sakit berlanjut hubungi dokter.,8000,113,/static/medicines/Hansaplast Koyo Panas.webp
Hansaplast Koyo Hangat,"Capsaicin, Menthol koyo hangat",Pegal hangat,Kemerahan kulit,Obat Kulit & Luka,Beiersdorf,false,true,koyo hangat; pegal,Gunakan sesuai petunjuk pada kemasan. Jika sakit berlanjut hubungi dokter.,8000,114,/static/medicines/Hansaplast Koyo Hangat.webp
Hansaplast Tube 15g,"Dexpanthenol, Chlorhexidine cream",Perawatan luka dan kulit sensitif,Jarang,Obat Kulit & Luka,Beiersdorf,false,true,perawatan luka; kulit sensitif,Gunakan sesuai petunjuk pada kemasan. Jika sakit berlanjut hubungi dokter.,25000,142,/static/medicines/Hansaplast Tube 15g.webp
Bioplacenton Gel 15g,"Placenta Extract 10%, Neomycin Sulfate 0.5%","Luka bakar knalpot, luka bakar ringan",Alergi neomycin (jarang),Obat Kulit & Luka,Kalbe,false,true,luka bakar; luka knalpot; salep luka bakar,Gunakan sesuai petunjuk pada kemasan. Jika sakit berlanjut hubungi dokter.,35000,151,/static/medicines/Bioplacenton Gel 15g.webp
Burnazin Cream 35g,Silver Sulfadiazine 1%,Luka bakar derajat 2,Iritasi kulit sementara,Obat Kulit & Luka,Darya-Varia,false,true,luka bakar parah; silver sulfadiazine,Gunakan sesuai petunjuk pada kemasan. Jika sakit berlanjut hubungi dokter.,85000,107,/static/medicines/Burnazin Cream 35g.webp
Dermatix Ultra Gel 5g,"Cyclopentasiloxane, Vitamin C Ester gel","Bekas luka menonjol, keloid, stretchmark",Jarang,Obat Kulit & Luka,Menarini,false,true,bekas luka; keloid; stretchmark,Gunakan sesuai petunjuk pada kemasan. Jika sakit berlanjut hubungi dokter.,120000,149,/static/medicines/Dermatix Ultra Gel 5g.webp
Mebo Ointment 20g,"Radix Scutellariae, Cortex Phellodendri, Minyak Wijen","Luka bakar, ulkus herbal",Bau wijen kuat,Obat Kulit & Luka,Mebo,false,true,luka bakar herbal; ulkus; bau wijen,Gunakan sesuai petunjuk pada kemasan. Jika sakit berlanjut hubungi dokter.,110000,182,/static/medicines/Mebo Ointment 20g.webp
Mebo Tube 50g,"Radix Scutellariae, minyak wijen tube besar",Luka bakar besar herbal,Bau wijen,Obat Kulit & Luka,Mebo,false,true,luka bakar luas; herbal,Gunakan sesuai petunjuk pada kemasan. Jika sakit berlanjut hubungi dokter.,220000,165,/static/medicines/Mebo Tube 50g.webp
Nebacetin Ointment 5g,"Neomycin Sulfate 3500IU, Bacitracin 250IU","Luka bernanah, infeksi bakteri kulit",Alergi lokal,Obat Kulit & Luka,Pharos,false,true,luka bernanah; koreng; infeksi kulit,Gunakan sesuai petunjuk pada kemasan. Jika sakit berlanjut hubungi dokter.,28000,106,/static/medicines/Nebacetin Ointment 5g.webp
Nebacetin Powder 5g,"Neomycin Sulfate, Bacitracin bubuk",Luka basah bernanah bubuk,Alergi lokal,Obat Kulit & Luka,Pharos,false,true,luka basah; koreng bubuk,Gunakan sesuai petunjuk pada kemasan. Jika sakit berlanjut hubungi dokter.,35000,154,/static/medicines/Nebacetin Powder 5g.webp
Garamycin Cream 5g,Gentamicin Sulfate 0.1% cream,"Impetigo, infeksi kulit bakteri",Gatal ringan,Obat Kulit & Luka,Schering,false,true,impetigo; infeksi kulit,Gunakan sesuai petunjuk pada kemasan. Jika sakit berlanjut hubungi dokter.,45000,135,/static/medicines/Garamycin Cream 5g.webp
Garamycin Ointment 15g,Gentamicin Sulfate 0.1% salep,Infeksi kulit kronis,Gatal,Obat Kulit & Luka,Schering,false,true,infeksi kulit kronis; bisul besar,Gunakan sesuai petunjuk pada kemasan. Jika sakit berlanjut hubungi dokter.,85000,80,/static/medicines/Garamycin Ointment 15g.webp
Fusycom Gel,Fusidic Acid 2%,"Impetigo, infeksi bakteri kulit",Iritasi lokal,Obat Kulit & Luka,Kalbe,false,true,impetigo; infeksi kulit bakteri,Gunakan sesuai petunjuk pada kemasan. Jika sakit berlanjut hubungi dokter.,35000,147,/static/medicines/Fusycom Gel.webp
Mupirocin Salep,Mupirocin 2%,Infeksi kulit stafilokokus,Iritasi lokal,Obat Kulit & Luka,GSK,false,true,bisul; infeksi kulit stafilokokus,Gunakan sesuai petunjuk pada kemasan. Jika sakit berlanjut hubungi dokter.,45000,82,/static/medicines/Mupirocin Salep.webp
Acne-Aid Bar Sabun,"Triclosan, Zinc",Sabun jerawat anti bakteri,Kulit kering,Obat Kulit & Luka,Stiefel,false,true,jerawat; sabun anti jerawat,Gunakan sesuai petunjuk pada kemasan. Jika sakit berlanjut hubungi dokter.,35000,100,/static/medicines/Acne-Aid Bar Sabun.webp
Benzolac Gel 2.5%,Benzoyl Peroxide 2.5%,Jerawat ringan sedang,"Kulit kering, mengelupas",Obat Kulit & Luka,Pharos,false,true,jerawat; benzoyl peroxide; obat jerawat,Gunakan sesuai petunjuk pada kemasan. Jika sakit berlanjut hubungi dokter.,25000,154,/static/medicines/Benzolac Gel 2.5%.webp
Acnes Sealing Jell,"Triclosan, Zinc, Vitamin E",Gel jerawat anti bakteri,Kulit kering,Obat Kulit & Luka,Lion,false,true,gel jerawat; anti bakteri jerawat,Gunakan sesuai petunjuk pada kemasan. Jika sakit berlanjut hubungi dokter.,28000,119,/static/medicines/Acnes Sealing Jell.webp
Kalpanax K Cream 5g,Miconazole Nitrate 2%,"Panu, kurap, kutu air cream",Rasa terbakar,Antijamur & Kulit,Kalbe,false,true,panu; kurap; jamur kulit,Gunakan sesuai petunjuk pada kemasan. Jika sakit berlanjut hubungi dokter.,15000,129,/static/medicines/Kalpanax K Cream 5g.webp
Kalpanax Cair 10ml,"Salicylic Acid, Benzoic Acid cair",Panu keras dan kutu air cair,Rasa terbakar kuat,Antijamur & Kulit,Kalbe,false,true,panu keras; kutu air cair,Gunakan sesuai petunjuk pada kemasan. Jika sakit berlanjut hubungi dokter.,12000,183,/static/medicines/Kalpanax Cair 10ml.webp
Kalpanax Box 30s,Miconazole Nitrate tablet kunyah/kapsul,Jamur sistemik atau luas,Gangguan lambung,Antijamur & Kulit,Kalbe,false,true,jamur sistemik; panu luas,Gunakan sesuai petunjuk pada kemasan. Jika sakit berlanjut hubungi dokter.,55000,117,/static/medicines/Kalpanax Box 30s.webp
Daktarin Cream 15g,Miconazole Nitrate 2% cream,Infeksi jamur kulit dan lipatan tubuh,Iritasi ringan,Antijamur & Kulit,J&J,false,true,jamur selangkangan; kutu air; dermatofitosis,Gunakan sesuai petunjuk pada kemasan. Jika sakit berlanjut hubungi dokter.,55000,98,/static/medicines/Daktarin Cream 15g.webp
Daktarin Powder 20g,Miconazole Nitrate 2% bedak,Jamur kaki dan sela jari bedak,Iritasi,Antijamur & Kulit,J&J,false,true,bedak jamur kaki; kutu air bedak,Gunakan sesuai petunjuk pada kemasan. Jika sakit berlanjut hubungi dokter.,65000,106,/static/medicines/Daktarin Powder 20g.webp
Daktarin Diaper Cream,"Miconazole Nitrate, Zinc Oxide krim popok",Ruam popok karena jamur,Iritasi,Antijamur & Kulit,J&J,false,true,ruam popok jamur; jamur popok,Gunakan sesuai petunjuk pada kemasan. Jika sakit berlanjut hubungi dokter.,75000,87,/static/medicines/Daktarin Diaper Cream.webp
Canesten Cream 10g,Clotrimazole 1% cream,"Panu, kadas, kurap",Kemerahan lokal,Antijamur & Kulit,Bayer,false,true,jamur kulit paten; kadas; ringworm,Gunakan sesuai petunjuk pada kemasan. Jika sakit berlanjut hubungi dokter.,48000,82,/static/medicines/Canesten Cream 10g.webp
Fungiderm Cream 5g,Clotrimazole 1% cream kecil,Infeksi jamur ringan,Iritasi,Antijamur & Kulit,Konimex,false,true,jamur kulit murah; panu,Gunakan sesuai petunjuk pada kemasan. Jika sakit berlanjut hubungi dokter.,18000,146,/static/medicines/Fungiderm Cream 5g.webp
Fungiderm Cream 15g,Clotrimazole 1% cream besar,Infeksi jamur sedang,Iritasi,Antijamur & Kulit,Konimex,false,true,jamur selangkangan,Gunakan sesuai petunjuk pada kemasan. Jika sakit berlanjut hubungi dokter.,35000,92,/static/medicines/Fungiderm Cream 15g.webp
Mycoral Cream 5g,Ketoconazole 2% cream,Jamur membandel pada kulit,Gatal ringan,Antijamur & Kulit,Kalbe,false,true,kurap parah; jamur membandel,Gunakan sesuai petunjuk pada kemasan. Jika sakit berlanjut hubungi dokter.,22000,163,/static/medicines/Mycoral Cream 5g.webp
Mycoral Tablet 200mg,Ketoconazole 200mg tablet,Jamur sistemik dan kulit luas,"Mual, gangguan hati",Antijamur & Kulit,Kalbe,false,true,jamur kuku; panu luas; tinea versicolor,Gunakan sesuai petunjuk pada kemasan. Jika sakit berlanjut hubungi dokter.,55000,171,/static/medicines/Mycoral Tablet 200mg.webp
Mycoral Tube 50g,Ketoconazole 2% tube besar,Jamur kulit luas,Gatal ringan,Antijamur & Kulit,Kalbe,false,true,jamur luas; panu seluruh tubuh,Gunakan sesuai petunjuk pada kemasan. Jika sakit berlanjut hubungi dokter.,65000,165,/static/medicines/Mycoral Tube 50g.webp
Scabimite Cream 10g,Permethrin 5%,"Kudis (Scabies), tungau kulit",Rasa panas,Antijamur & Kulit,Galderma,false,true,kudis; scabies; tungau kasur; gatal malam,Gunakan sesuai petunjuk pada kemasan. Jika sakit berlanjut hubungi dokter.,65000,173,/static/medicines/Scabimite Cream 10g.webp
Scabimite Cream 30g,Permethrin 5% kemasan besar,Kudis seluruh badan,Rasa panas,Antijamur & Kulit,Galderma,false,true,kudis badan; scabies luas,Gunakan sesuai petunjuk pada kemasan. Jika sakit berlanjut hubungi dokter.,110000,174,/static/medicines/Scabimite Cream 30g.webp
Salep 88 Pot 6g,"Salicylic Acid 6%, Benzoic Acid 12%, Sulfur 4%",Panu keras tradisional,"Panas menyengat, kulit terkelupas",Antijamur & Kulit,Meccaya,false,true,panu keras; salep gatal panas; murah,Gunakan sesuai petunjuk pada kemasan. Jika sakit berlanjut hubungi dokter.,12000,94,/static/medicines/Salep 88 Pot 6g.webp
Ketoconazole Cream 10g,Ketoconazole 2% generik,Jamur kulit generik murah,Iritasi,Antijamur & Kulit,Generic,false,true,jamur murah; kurap generik,Gunakan sesuai petunjuk pada kemasan. Jika sakit berlanjut hubungi dokter.,10000,178,/static/medicines/Ketoconazole Cream 10g.webp
Ketoconazole Tablet,Ketoconazole 200mg generik,Jamur sistemik generik,Mual,Antijamur & Kulit,Generic,false,true,jamur sistemik murah,Gunakan sesuai petunjuk pada kemasan. Jika sakit berlanjut hubungi dokter.,15000,104,/static/medicines/Ketoconazole Tablet.webp
Ketoconazole Box 100s,Ketoconazole 200mg generik isi banyak,Jamur stok banyak,"Mual, hati",Antijamur & Kulit,Generic,false,true,jamur sistemik stok,Gunakan sesuai petunjuk pada kemasan. Jika sakit berlanjut hubungi dokter.,95000,123,/static/medicines/Ketoconazole Box 100s.webp
Terbinafine Cream,Terbinafine HCl 1%,"Kutu air berat, tinea pedis",Iritasi ringan,Antijamur & Kulit,Novartis,false,true,kutu air berat; jamur kaki; tinea pedis,Gunakan sesuai petunjuk pada kemasan. Jika sakit berlanjut hubungi dokter.,45000,185,/static/medicines/Terbinafine Cream.webp
Fluconazole Kapsul 150mg,Fluconazole 150mg,"Jamur vaginal, kandidiasis oral","Mual, sakit kepala",Antijamur & Kulit,Pfizer,false,true,jamur vaginal; kandidiasis,Gunakan sesuai petunjuk pada kemasan. Jika sakit berlanjut hubungi dokter.,35000,86,/static/medicines/Fluconazole Kapsul 150mg.webp
Ciclopirox Olamine Cream,Ciclopirox Olamine 1%,"Tinea versicolor, dermatofitosis",Iritasi,Antijamur & Kulit,Stiefel,false,true,tinea versicolor; panu parah,Gunakan sesuai petunjuk pada kemasan. Jika sakit berlanjut hubungi dokter.,55000,119,/static/medicines/Ciclopirox Olamine Cream.webp
Counterpain Krim 15g,"Methyl Salicylate 32.2%, Menthol 10%, Eugenol 1.25%","Nyeri otot, keseleo, pegal linu",Panas berlebih jika dikompres,Obat Oles Nyeri,Taisho,false,true,keseleo; salah urat; pegal linu,Gunakan sesuai petunjuk pada kemasan. Jika sakit berlanjut hubungi dokter.,25000,119,/static/medicines/Counterpain Krim 15g.webp
Counterpain Krim 30g,"Methyl Salicylate, Menthol, Eugenol cream medium",Nyeri otot medium,Panas berlebih,Obat Oles Nyeri,Taisho,false,true,pegal; nyeri otot,Gunakan sesuai petunjuk pada kemasan. Jika sakit berlanjut hubungi dokter.,45000,92,/static/medicines/Counterpain Krim 30g.webp
Counterpain Cool Gel 30g,"Methyl Salicylate, Menthol gel dingin","Cedera baru, bengkak akut, peradangan",Jarang,Obat Oles Nyeri,Taisho,false,true,bengkak baru; keseleo dingin; RICE,Gunakan sesuai petunjuk pada kemasan. Jika sakit berlanjut hubungi dokter.,50000,147,/static/medicines/Counterpain Cool Gel 30g.webp
Voltaren Emulgel 10g,Diclofenac Diethylamine 1.16%,"Nyeri sendi, tendinitis, memar",Kemerahan kulit,Obat Oles Nyeri,GSK,false,true,nyeri sendi lutut; bengkak keseleo; diclofenac,Gunakan sesuai petunjuk pada kemasan. Jika sakit berlanjut hubungi dokter.,55000,122,/static/medicines/Voltaren Emulgel 10g.webp
Voltaren Emulgel 20g,Diclofenac Diethylamine 1.16% medium,Nyeri sendi dan otot medium,Kemerahan,Obat Oles Nyeri,GSK,false,true,nyeri sendi; otot,Gunakan sesuai petunjuk pada kemasan. Jika sakit berlanjut hubungi dokter.,85000,116,/static/medicines/Voltaren Emulgel 20g.webp
Voltaren Botol 30ml,Diclofenac Diethylamine cair,Nyeri otot cair,Kemerahan,Obat Oles Nyeri,GSK,false,true,nyeri sendi; diclofenac cair,Gunakan sesuai petunjuk pada kemasan. Jika sakit berlanjut hubungi dokter.,75000,173,/static/medicines/Voltaren Botol 30ml.webp
Hot In Cream Botol 120ml,"Methyl Salicylate, Menthol, Pine Oil",Pegal linu dan masuk angin botol besar,Panas kulit sensitif,Obat Oles Nyeri,Bintang Toedjoe,false,true,pegal parah; capek badan,Gunakan sesuai petunjuk pada kemasan. Jika sakit berlanjut hubungi dokter.,35000,84,/static/medicines/Hot In Cream Botol 120ml.webp
Hot In Cream Tube 60g,"Methyl Salicylate, Menthol, Pine Oil tube",Pegal linu tube,Panas,Obat Oles Nyeri,Bintang Toedjoe,false,true,pegal; krim panas,Gunakan sesuai petunjuk pada kemasan. Jika sakit berlanjut hubungi dokter.,22000,128,/static/medicines/Hot In Cream Tube 60g.webp
Hot In Cream Aromatherapy 120ml,"Methyl Salicylate, Eucalyptus, Lavender",Pegal linu aromaterapi,Panas,Obat Oles Nyeri,Bintang Toedjoe,false,true,pegal aromaterapi; relaksasi,Gunakan sesuai petunjuk pada kemasan. Jika sakit berlanjut hubungi dokter.,38000,100,/static/medicines/Hot In Cream Aromatherapy 120ml.webp
Hot In Cream Strong 120ml,"Methyl Salicylate ekstra kuat, Capsaicin",Pegal linu berat dan rematik,Sangat panas,Obat Oles Nyeri,Bintang Toedjoe,false,true,rematik; pegal berat; capsaicin,Gunakan sesuai petunjuk pada kemasan. Jika sakit berlanjut hubungi dokter.,40000,150,/static/medicines/Hot In Cream Strong 120ml.webp
Geliga Balsem Otot 10g,"Methyl Salicylate, Peppermint Oil",Nyeri punggung dan pegal,Panas lokal,Obat Oles Nyeri,Eagle Indo Pharma,false,true,balsem panas; sakit pinggang,Gunakan sesuai petunjuk pada kemasan. Jika sakit berlanjut hubungi dokter.,8000,186,/static/medicines/Geliga Balsem Otot 10g.webp
Geliga Balsem Otot 20g,"Methyl Salicylate, Peppermint Oil medium",Nyeri punggung dan pegal,Panas lokal,Obat Oles Nyeri,Eagle Indo Pharma,false,true,balsem; pegal linu,Gunakan sesuai petunjuk pada kemasan. Jika sakit berlanjut hubungi dokter.,14000,108,/static/medicines/Geliga Balsem Otot 20g.webp
Geliga Krim 30g,"Methyl Salicylate, Peppermint Oil cream",Pegal dan nyeri otot cream,Panas,Obat Oles Nyeri,Eagle Indo Pharma,false,true,krim pegal; nyeri punggung,Gunakan sesuai petunjuk pada kemasan. Jika sakit berlanjut hubungi dokter.,18000,159,/static/medicines/Geliga Krim 30g.webp
GPU Minyak Gosok Botol 30ml,"Nutmeg Oil, Eucalyptus Oil, Citronella","Urut, keseleo, pegal minyak gosok",Iritasi lokal,Obat Oles Nyeri,Cap Lang,false,true,minyak urut; keseleo; pijat,Gunakan sesuai petunjuk pada kemasan. Jika sakit berlanjut hubungi dokter.,12000,170,/static/medicines/GPU Minyak Gosok Botol 30ml.webp
GPU Minyak Gosok Botol 60ml,"Nutmeg Oil, Eucalyptus Oil, Citronella medium",Urut dan pegal medium,Iritasi,Obat Oles Nyeri,Cap Lang,false,true,minyak gosok; pegal,Gunakan sesuai petunjuk pada kemasan. Jika sakit berlanjut hubungi dokter.,20000,90,/static/medicines/GPU Minyak Gosok Botol 60ml.webp
GPU Minyak Gosok Botol 100ml,"Nutmeg Oil, Eucalyptus Oil, Citronella besar",Minyak gosok kemasan besar,Iritasi,Obat Oles Nyeri,Cap Lang,false,true,minyak gosok besar; pijat,Gunakan sesuai petunjuk pada kemasan. Jika sakit berlanjut hubungi dokter.,32000,127,/static/medicines/GPU Minyak Gosok Botol 100ml.webp
Salonpas Koyo Hijau 10s,"Methyl Salicylate, Menthol koyo",Koyo pereda nyeri otot standar,Kemerahan kulit,Obat Oles Nyeri,Hisamitsu,false,true,koyo tempel; salah bantal; pegal,Gunakan sesuai petunjuk pada kemasan. Jika sakit berlanjut hubungi dokter.,9000,147,/static/medicines/Salonpas Koyo Hijau 10s.webp
Salonpas Koyo Merah Hot 10s,"Methyl Salicylate, Menthol, Capsicin koyo panas",Koyo pereda nyeri panas,"Kemerahan, panas",Obat Oles Nyeri,Hisamitsu,false,true,koyo panas; nyeri otot,Gunakan sesuai petunjuk pada kemasan. Jika sakit berlanjut hubungi dokter.,11000,179,/static/medicines/Salonpas Koyo Merah Hot 10s.webp
Salonpas Gel 15g,"Methyl Salicylate, Menthol gel oles",Nyeri otot gel,Jarang,Obat Oles Nyeri,Hisamitsu,false,true,nyeri gel; pegal linu,Gunakan sesuai petunjuk pada kemasan. Jika sakit berlanjut hubungi dokter.,18000,151,/static/medicines/Salonpas Gel 15g.webp
Salonpas Liniment Cair 50ml,"Methyl Salicylate, Menthol, Camphor cair",Nyeri otot cair,Iritasi,Obat Oles Nyeri,Hisamitsu,false,true,nyeri cair; pegal gosok,Gunakan sesuai petunjuk pada kemasan. Jika sakit berlanjut hubungi dokter.,25000,190,/static/medicines/Salonpas Liniment Cair 50ml.webp
Freshcare Roll On Citrus 10ml,"Menthol, Camphor, Citrus Essential Oil","Pusing, mabuk, kembung perut roll on",Iritasi mata,Obat Oles Nyeri,Ultra Sakti,false,true,mabuk darat; pusing; roll on citrus,Gunakan sesuai petunjuk pada kemasan. Jika sakit berlanjut hubungi dokter.,15000,171,/static/medicines/Freshcare Roll On Citrus 10ml.webp
Freshcare Roll On Green Tea 10ml,"Menthol, Camphor, Green Tea",Pusing dan mabuk roll on hijau,Iritasi mata,Obat Oles Nyeri,Ultra Sakti,false,true,mabuk; pusing; green tea,Gunakan sesuai petunjuk pada kemasan. Jika sakit berlanjut hubungi dokter.,15000,86,/static/medicines/Freshcare Roll On Green Tea 10ml.webp
Freshcare Roll On Strong 10ml,"Menthol ekstra kuat, Camphor, Eucalyptus",Pusing berat roll on kuat,Iritasi,Obat Oles Nyeri,Ultra Sakti,false,true,pusing kuat; minyak angin kuat,Gunakan sesuai petunjuk pada kemasan. Jika sakit berlanjut hubungi dokter.,16000,136,/static/medicines/Freshcare Roll On Strong 10ml.webp
Freshcare Smash Double Inhaler,"Menthol, Camphor, Double Chamber","Hidung tersumbat, mabuk, pusing inhaler",Iritasi,Obat Oles Nyeri,Ultra Sakti,false,true,inhaler pusing; hidung tersumbat; minyak angin,Gunakan sesuai petunjuk pada kemasan. Jika sakit berlanjut hubungi dokter.,22000,100,/static/medicines/Freshcare Smash Double Inhaler.webp
Tolak Angin Care Roll On 10ml,"Peppermint Oil, Ginger Oil, Menthol",Mabuk perjalanan dan masuk angin roll on,Jarang,Obat Oles Nyeri,Sido Muncul,false,true,minyak angin herbal; mabuk darat,Gunakan sesuai petunjuk pada kemasan. Jika sakit berlanjut hubungi dokter.,16000,145,/static/medicines/Tolak Angin Care Roll On 10ml.webp
Rheumason Gel,"Diclofenac, Menthol gel",Nyeri sendi dan otot gel,Kemerahan,Obat Oles Nyeri,Sanbe Farma,false,true,nyeri sendi gel; otot,Gunakan sesuai petunjuk pada kemasan. Jika sakit berlanjut hubungi dokter.,35000,91,/static/medicines/Rheumason Gel.webp
Piroxicam Gel 0.5%,Piroxicam 0.5%,Nyeri sendi ringan topikal,Kemerahan lokal,Obat Oles Nyeri,Generic,false,true,nyeri sendi topikal; rematik ringan,Gunakan sesuai petunjuk pada kemasan. Jika sakit berlanjut hubungi dokter.,18000,103,/static/medicines/Piroxicam Gel 0.5%.webp
Minyak Tawon,"Eucalyptus Oil, Clove Oil, Camphor","Pegal linu, masuk angin herbal",Panas ringan,Obat Oles Nyeri,Eagle Indo Pharma,false,true,minyak tawon; pegal herbal,Gunakan sesuai petunjuk pada kemasan. Jika sakit berlanjut hubungi dokter.,12000,130,/static/medicines/Minyak Tawon.webp
Kwan Loong Oil,"Eucalyptus Oil, Menthol, Camphor","Pegal linu, pusing, mabuk minyak gosok","Panas, iritasi",Obat Oles Nyeri,Kwan Loong,false,true,minyak gosok pusing; pegal,Gunakan sesuai petunjuk pada kemasan. Jika sakit berlanjut hubungi dokter.,25000,129,/static/medicines/Kwan Loong Oil.webp
Insto Regular 7.5ml,Tetrahydrozoline HCl 0.05%,Mata merah karena iritasi debu,Mata kering bila lama,Mata & Telinga,Sterling,false,true,mata merah debu; mata perih; obat tetes mata,Gunakan sesuai petunjuk pada kemasan. Jika sakit berlanjut hubungi dokter.,16000,101,/static/medicines/Insto Regular 7.5ml.webp
Insto Dry Eyes 7.5ml,HPMC 0.3% (Artificial Tears),"Mata kering sindrom, softlens",Pandangan kabur sementara,Mata & Telinga,Sterling,false,true,mata kering; softlens; mata lelah,Gunakan sesuai petunjuk pada kemasan. Jika sakit berlanjut hubungi dokter.,18000,106,/static/medicines/Insto Dry Eyes 7.5ml.webp
Insto Cool 7.5ml,"Tetrahydrozoline, Menthol",Mata merah dengan sensasi sejuk,Mata sangat dingin,Mata & Telinga,Sterling,false,true,mata merah ngantuk; dingin mata,Gunakan sesuai petunjuk pada kemasan. Jika sakit berlanjut hubungi dokter.,18000,152,/static/medicines/Insto Cool 7.5ml.webp
Rohto Cool 7ml,"Naphazoline HCl, Menthol 0.08%",Mata merah dengan rasa dingin khas,Rasa pedas/dingin kuat,Mata & Telinga,Rohto,false,true,tetes mata dingin; mata merah ngantuk,Gunakan sesuai petunjuk pada kemasan. Jika sakit berlanjut hubungi dokter.,18000,182,/static/medicines/Rohto Cool 7ml.webp
Rohto V-Extra 7ml,"Naphazoline, Menthol, Vitamin B6, E",Mata merah lelah dengan vitamin,Rasa dingin kuat,Mata & Telinga,Rohto,false,true,mata lelah; tetes vitamin mata,Gunakan sesuai petunjuk pada kemasan. Jika sakit berlanjut hubungi dokter.,25000,104,/static/medicines/Rohto V-Extra 7ml.webp
Rohto C-Cube 7ml,"Vitamin C, B6, E + Menthol",Mata merah dan nutrisi mata,Rasa dingin,Mata & Telinga,Rohto,false,true,mata premium; vitamin c mata,Gunakan sesuai petunjuk pada kemasan. Jika sakit berlanjut hubungi dokter.,35000,83,/static/medicines/Rohto C-Cube 7ml.webp
Cendo Xitrol Minidose 5x0.6ml,"Dexamethasone, Neomycin, Polymyxin B",Radang mata bakteri (Perlu pengawasan),"Pandangan kabur, tekanan bola mata",Mata & Telinga,Cendo,false,true,mata belekan parah; radang mata; bintitan,Gunakan sesuai petunjuk pada kemasan. Jika sakit berlanjut hubungi dokter.,35000,183,/static/medicines/Cendo Xitrol Minidose 5x0.6ml.webp
Cendo Lyteers Minidose 5x0.6ml,"NaCl, KCl, CaCl2 (Artificial Tears)",Mata kering minidose steril,Pandangan kabur sementara,Mata & Telinga,Cendo,false,true,mata kering softlens; minidose steril,Gunakan sesuai petunjuk pada kemasan. Jika sakit berlanjut hubungi dokter.,28000,94,/static/medicines/Cendo Lyteers Minidose 5x0.6ml.webp
Cendo Fenicol Salep Mata,Chloramphenicol 1% salep mata,"Belekan bakteri, bintitan",Pandangan kabur,Mata & Telinga,Cendo,false,true,belekan kuning; bintitan; salep mata,Gunakan sesuai petunjuk pada kemasan. Jika sakit berlanjut hubungi dokter.,25000,187,/static/medicines/Cendo Fenicol Salep Mata.webp
Cendo Cenfresh Minidose,"HPMC, Sodium Hyaluronate artificial tears",Mata kering premium minidose,Pandangan kabur,Mata & Telinga,Cendo,false,true,mata kering premium; sodium hyaluronate,Gunakan sesuai petunjuk pada kemasan. Jika sakit berlanjut hubungi dokter.,30000,109,/static/medicines/Cendo Cenfresh Minidose.webp
Visine Original 6ml,Tetrahydrozoline HCl 0.05%,"Mata merah iritasi asap, polusi",Mata kering,Mata & Telinga,J&J,false,true,mata iritasi asap; polusi,Gunakan sesuai petunjuk pada kemasan. Jika sakit berlanjut hubungi dokter.,18000,166,/static/medicines/Visine Original 6ml.webp
Visine Tears 6ml,"PEG 400 1%, PG 0.6% artificial tears",Mata kering dan lelah,Pandangan kabur,Mata & Telinga,J&J,false,true,mata kering; mata lelah layar,Gunakan sesuai petunjuk pada kemasan. Jika sakit berlanjut hubungi dokter.,22000,174,/static/medicines/Visine Tears 6ml.webp
Otopain Tetes Telinga 8ml,"Polymyxin B, Neomycin, Fludrocortisone, Lidocaine",Infeksi dan nyeri telinga (Perlu pengawasan),Terbakar sementara,Mata & Telinga,Interbat,false,true,telinga bernanah; sakit telinga; otitis,Gunakan sesuai petunjuk pada kemasan. Jika sakit berlanjut hubungi dokter.,65000,100,/static/medicines/Otopain Tetes Telinga 8ml.webp
Forumen Tetes Telinga 10ml,Docusate Sodium 5%,Kotoran telinga keras (serumen),Telinga terasa penuh sementara,Mata & Telinga,Sanbe Farma,false,true,telinga mampet; kotoran telinga keras; serumen,Gunakan sesuai petunjuk pada kemasan. Jika sakit berlanjut hubungi dokter.,45000,115,/static/medicines/Forumen Tetes Telinga 10ml.webp
Erlamycetin Salep Mata 5g,Chloramphenicol 1% salep,Belekan bakteri dan bintitan,Pandangan kabur,Mata & Telinga,Erela,false,true,belekan kuning murah; bintitan murah,Gunakan sesuai petunjuk pada kemasan. Jika sakit berlanjut hubungi dokter.,18000,145,/static/medicines/Erlamycetin Salep Mata 5g.webp
Erlamycetin Tetes Telinga 10ml,Chloramphenicol 1% tetes telinga,Infeksi bakteri telinga,Rasa terbakar,Mata & Telinga,Erela,false,true,telinga gatal infeksi; belekan telinga,Gunakan sesuai petunjuk pada kemasan. Jika sakit berlanjut hubungi dokter.,22000,138,/static/medicines/Erlamycetin Tetes Telinga 10ml.webp
Cendo Tobroson Minidose,"Tobramycin, Dexamethasone",Konjungtivitis bakteri akut (Perlu resep),Tekanan bola mata,Mata & Telinga,Cendo,false,true,mata merah infeksi; konjungtivitis,Gunakan sesuai petunjuk pada kemasan. Jika sakit berlanjut hubungi dokter.,45000,156,/static/medicines/Cendo Tobroson Minidose.webp
Refresh Tears 10ml,Carboxymethylcellulose Sodium 0.5%,Mata kering ringan sehari-hari,Pandangan kabur,Mata & Telinga,Allergan,false,true,mata kering premium; artificial tears,Gunakan sesuai petunjuk pada kemasan. Jika sakit berlanjut hubungi dokter.,65000,128,/static/medicines/Refresh Tears 10ml.webp
Systane Ultra 10ml,"Propylene Glycol, PEG 400","Mata kering berat, sindrom mata kering",Pandangan kabur sementara,Mata & Telinga,Alcon,false,true,sindrom mata kering; mata kering berat,Gunakan sesuai petunjuk pada kemasan. Jika sakit berlanjut hubungi dokter.,85000,84,/static/medicines/Systane Ultra 10ml.webp
Cendo Deflucon Drop,Fluorometholone 0.1%,Radang mata non infeksi (Perlu resep),"Glaukoma, katarak (pemakaian lama)",Mata & Telinga,Cendo,false,true,radang mata non infeksi; alergi mata,Gunakan sesuai petunjuk pada kemasan. Jika sakit berlanjut hubungi dokter.,55000,83,/static/medicines/Cendo Deflucon Drop.webp
Betadine Mouthwash and Gargle 100ml,Povidone Iodine 1%,"Sakit tenggorokan, kumur antiseptik",Perubahan warna gigi (jarang),Mulut & Tenggorokan,Mundipharma,false,true,kumur sakit tenggorokan; gusi bengkak,Gunakan sesuai petunjuk pada kemasan. Jika sakit berlanjut hubungi dokter.,25000,134,/static/medicines/Betadine Mouthwash and Gargle 100ml.webp
Betadine Gargle 190ml,Povidone Iodine 1% besar,"Sakit tenggorokan, kumur besar",Perubahan warna gigi,Mulut & Tenggorokan,Mundipharma,false,true,kumur antiseptik besar,Gunakan sesuai petunjuk pada kemasan. Jika sakit berlanjut hubungi dokter.,42000,183,/static/medicines/Betadine Gargle 190ml.webp
Betadine Throat Spray 50ml,Povidone Iodine 0.45% spray,Sakit tenggorokan spray praktis,Rasa tidak enak,Mulut & Tenggorokan,Mundipharma,false,true,semprot tenggorokan iodine; sakit menelan,Gunakan sesuai petunjuk pada kemasan. Jika sakit berlanjut hubungi dokter.,120000,168,/static/medicines/Betadine Throat Spray 50ml.webp
Tantum Verde Gargle 120ml,Benzydamine HCl 0.15%,"Radang tenggorokan dengan efek bius, sariawan",Mulut kebas,Mulut & Tenggorokan,Angelini,false,true,sariawan parah; sakit menelan; radang tenggorokan,Gunakan sesuai petunjuk pada kemasan. Jika sakit berlanjut hubungi dokter.,45000,112,/static/medicines/Tantum Verde Gargle 120ml.webp
Tantum Verde Oral Rinse 60ml,Benzydamine HCl 0.15% kecil,Sariawan dan radang ringan,Mulut kebas,Mulut & Tenggorokan,Angelini,false,true,sariawan; kumur; radang ringan,Gunakan sesuai petunjuk pada kemasan. Jika sakit berlanjut hubungi dokter.,30000,155,/static/medicines/Tantum Verde Oral Rinse 60ml.webp
SP Troches Strawberry Strip 12s,Dequalinium Chloride 0.25mg permen,Infeksi mulut bakteri/jamur permen,Kesat mulut,Mulut & Tenggorokan,Meiji,false,true,permen sariawan; tenggorokan antiseptik,Gunakan sesuai petunjuk pada kemasan. Jika sakit berlanjut hubungi dokter.,15000,181,/static/medicines/SP Troches Strawberry Strip 12s.webp
SP Troches Melon Strip 12s,Dequalinium Chloride 0.25mg permen melon,Infeksi mulut permen melon,Kesat mulut,Mulut & Tenggorokan,Meiji,false,true,permen sariawan melon,Gunakan sesuai petunjuk pada kemasan. Jika sakit berlanjut hubungi dokter.,15000,118,/static/medicines/SP Troches Melon Strip 12s.webp
FG Troches Strip 10s,"Fradiomycin Sulfate, Gramicidin permen","Radang tenggorokan bakteri, amandel",Gangguan flora mulut,Mulut & Tenggorokan,Meiji,false,true,radang tenggorokan; amandel; permen antibiotik,Gunakan sesuai petunjuk pada kemasan. Jika sakit berlanjut hubungi dokter.,18000,80,/static/medicines/FG Troches Strip 10s.webp
Cooling 5 Spray Cherry 15ml,Phenol Crystal 0.5% spray,Sakit tenggorokan dan gatal spray,Rasa kebas sesaat,Mulut & Tenggorokan,Darya-Varia,false,true,semprot tenggorokan; gatal tenggorokan cherry,Gunakan sesuai petunjuk pada kemasan. Jika sakit berlanjut hubungi dokter.,38000,105,/static/medicines/Cooling 5 Spray Cherry 15ml.webp
Cooling 5 Spray Mint 15ml,Phenol Crystal 0.5% spray mint,Sakit tenggorokan spray mint,Rasa kebas,Mulut & Tenggorokan,Darya-Varia,false,true,semprot tenggorokan mint,Gunakan sesuai petunjuk pada kemasan. Jika sakit berlanjut hubungi dokter.,38000,125,/static/medicines/Cooling 5 Spray Mint 15ml.webp
Cooling 5 Plus Orange Spray,"Phenol Crystal, Vitamin C spray",Tenggorokan + vitamin C,Rasa kebas,Mulut & Tenggorokan,Darya-Varia,false,true,semprot tenggorokan vitamin c,Gunakan sesuai petunjuk pada kemasan. Jika sakit berlanjut hubungi dokter.,42000,113,/static/medicines/Cooling 5 Plus Orange Spray.webp
Cooling 5 Box 50s,Phenol Crystal lozenges box,Sariawan dan tenggorokan stok banyak,Rasa kebas,Mulut & Tenggorokan,Darya-Varia,false,true,lozenges tenggorokan stok,Gunakan sesuai petunjuk pada kemasan. Jika sakit berlanjut hubungi dokter.,55000,181,/static/medicines/Cooling 5 Box 50s.webp
Aloclair Gel 8ml,"Aloe Vera, Sodium Hyaluronate gel","Sariawan parah, luka kawat gigi (membentuk lapisan)",Jarang,Mulut & Tenggorokan,Kalbe,false,true,sariawan kawat gigi; sariawan parah; luka mulut,Gunakan sesuai petunjuk pada kemasan. Jika sakit berlanjut hubungi dokter.,95000,161,/static/medicines/Aloclair Gel 8ml.webp
Aloclair Plus Spray 15ml,"Aloe Vera, Sodium Hyaluronate spray",Sariawan spray praktis,Jarang,Mulut & Tenggorokan,Kalbe,false,true,sariawan spray; luka mulut spray,Gunakan sesuai petunjuk pada kemasan. Jika sakit berlanjut hubungi dokter.,115000,165,/static/medicines/Aloclair Plus Spray 15ml.webp
Aloclair Botol 200ml,"Aloe Vera, Sodium Hyaluronate kumur",Sariawan kumur,Jarang,Mulut & Tenggorokan,Kalbe,false,true,sariawan kumur; sariawan besar,Gunakan sesuai petunjuk pada kemasan. Jika sakit berlanjut hubungi dokter.,145000,121,/static/medicines/Aloclair Botol 200ml.webp
Kenalog In Orabase 5g,Triamcinolone Acetonide 0.1% pasta,Sariawan berat kortikosteroid,Infeksi jamur sekunder,Mulut & Tenggorokan,Taisho,false,true,salep sariawan; sariawan meradang; kortison,Gunakan sesuai petunjuk pada kemasan. Jika sakit berlanjut hubungi dokter.,75000,184,/static/medicines/Kenalog In Orabase 5g.webp
Kenalog Tube 15g,Triamcinolone Acetonide 0.1% tube besar,Sariawan berat tube besar,Infeksi jamur sekunder,Mulut & Tenggorokan,Taisho,false,true,sariawan kortison besar,Gunakan sesuai petunjuk pada kemasan. Jika sakit berlanjut hubungi dokter.,120000,130,/static/medicines/Kenalog Tube 15g.webp
Enkasari Mouthwash 120ml,"Ekstrak Saga, Sirih, Akar Manis",Sariawan dan bau mulut herbal,Jarang,Mulut & Tenggorokan,Kimia Farma,false,true,kumur sariawan herbal; bau mulut herbal,Gunakan sesuai petunjuk pada kemasan. Jika sakit berlanjut hubungi dokter.,22000,128,/static/medicines/Enkasari Mouthwash 120ml.webp
Strepsils Madu Lemon,"Amylmetacresol, 2,4-Dichlorobenzyl alcohol permen",Sakit tenggorokan dan batuk ringan permen,Rasa manis berlebihan,Mulut & Tenggorokan,Reckitt,false,true,permen tenggorokan; sakit menelan,Gunakan sesuai petunjuk pada kemasan. Jika sakit berlanjut hubungi dokter.,12000,170,/static/medicines/Strepsils Madu Lemon.webp
Strepsils Intensive,Flurbiprofen 8.75mg lozenges,Sakit tenggorokan berat dengan NSAID,"Mual, nyeri lambung",Mulut & Tenggorokan,Reckitt,false,true,sakit tenggorokan berat; NSAID lozenges,Gunakan sesuai petunjuk pada kemasan. Jika sakit berlanjut hubungi dokter.,25000,147,/static/medicines/Strepsils Intensive.webp
Hexadol Gargle,Hexetidine 0.1%,Infeksi mulut dan gingivitis antiseptik kumur,Rasa tidak enak,Mulut & Tenggorokan,Sanofi,false,true,radang gusi; gingivitis; kumur antiseptik,Gunakan sesuai petunjuk pada kemasan. Jika sakit berlanjut hubungi dokter.,35000,120,/static/medicines/Hexadol Gargle.webp
Listerine Cool Mint 80ml,"Essential Oils (Thymol, Eucalyptol, Menthol)",Membunuh kuman mulut dan napas segar,Sensasi terbakar,Mulut & Tenggorokan,J&J,false,true,kumur antibakteri; napas segar; listerine,Gunakan sesuai petunjuk pada kemasan. Jika sakit berlanjut hubungi dokter.,22000,83,/static/medicines/Listerine Cool Mint 80ml.webp
Nystatin Drop,Nystatin 100.000 unit/ml drops,Kandidiasis oral bayi (sariawan jamur),Mual (jarang),Mulut & Tenggorokan,Generic,false,true,sariawan jamur bayi; kandidiasis oral,Gunakan sesuai petunjuk pada kemasan. Jika sakit berlanjut hubungi dokter.,35000,125,/static/medicines/Nystatin Drop.webp
Tolak Angin Cair Box 5s,"Adas, Kayu Ules, Cengkeh, Jahe, Madu","Masuk angin, perut kembung, mual",Alergi (jarang),Herbal & Tradisional,Sido Muncul,false,true,masuk angin; mual; kembung perut,Gunakan sesuai petunjuk pada kemasan. Jika sakit berlanjut hubungi dokter.,20000,134,/static/medicines/Tolak Angin Cair Box 5s.webp
Tolak Angin Anax Box 5s,"Adas, Cengkeh, Jahe, Madu formula anak",Masuk angin anak,Jarang,Herbal & Tradisional,Sido Muncul,false,true,masuk angin anak; perut kembung anak,Gunakan sesuai petunjuk pada kemasan. Jika sakit berlanjut hubungi dokter.,18000,88,/static/medicines/Tolak Angin Anax Box 5s.webp
Tolak Angin FluBox 5s,"Adas, Cengkeh, Jahe, Echinacea",Masuk angin dengan flu,Jarang,Herbal & Tradisional,Sido Muncul,false,true,masuk angin flu; greges,Gunakan sesuai petunjuk pada kemasan. Jika sakit berlanjut hubungi dokter.,22000,151,/static/medicines/Tolak Angin FluBox 5s.webp
Tolak Angin Permen Sachet,"Ekstrak Adas, Cengkeh permen",Masuk angin ringan permen,Jarang,Herbal & Tradisional,Sido Muncul,false,true,masuk angin permen; mual ringan,Gunakan sesuai petunjuk pada kemasan. Jika sakit berlanjut hubungi dokter.,5000,148,/static/medicines/Tolak Angin Permen Sachet.webp
Tolak Angin Botol 60ml,"Adas, Cengkeh, Jahe botol besar",Masuk angin kemasan besar,Jarang,Herbal & Tradisional,Sido Muncul,false,true,masuk angin banyak; keluarga,Gunakan sesuai petunjuk pada kemasan. Jika sakit berlanjut hubungi dokter.,35000,155,/static/medicines/Tolak Angin Botol 60ml.webp
Antangin JRG Cair isi 12 Sachet,"Jahe, Royal Jelly, Ginseng cair","Masuk angin, greges, badan lemah",Rasa hangat berlebih,Herbal & Tradisional,Deltomed,false,true,greges; meriang; lemah badan,Gunakan sesuai petunjuk pada kemasan. Jika sakit berlanjut hubungi dokter.,38000,149,/static/medicines/Antangin JRG Cair isi 12 Sachet.webp
Antangin Habbatussauda Box 5s,"Jahe, Habbatussauda, Madu",Masuk angin dengan habatussauda,Jarang,Herbal & Tradisional,Deltomed,false,true,masuk angin habbatussauda; imun herbal,Gunakan sesuai petunjuk pada kemasan. Jika sakit berlanjut hubungi dokter.,20000,137,/static/medicines/Antangin Habbatussauda Box 5s.webp
Antangin Mint Box 5s,"Jahe, Royal Jelly, Ginseng, Mint",Masuk angin rasa mint segar,Jarang,Herbal & Tradisional,Deltomed,false,true,masuk angin mint; segar,Gunakan sesuai petunjuk pada kemasan. Jika sakit berlanjut hubungi dokter.,18000,101,/static/medicines/Antangin Mint Box 5s.webp
Antangin Tablet 4s,"Jahe, Royal Jelly tablet",Masuk angin tablet praktis,Jarang,Herbal & Tradisional,Deltomed,false,true,masuk angin tablet murah,Gunakan sesuai petunjuk pada kemasan. Jika sakit berlanjut hubungi dokter.,4000,134,/static/medicines/Antangin Tablet 4s.webp
Bejo Anak Jahe Merah Box 5s,"Jahe Merah, Adas, Madu anak",Masuk angin anak,Perut hangat,Herbal & Tradisional,Bintang Toedjoe,false,true,meriang anak; masuk angin anak jahe,Gunakan sesuai petunjuk pada kemasan. Jika sakit berlanjut hubungi dokter.,15000,129,/static/medicines/Bejo Anak Jahe Merah Box 5s.webp
Bejo Wedang Susu Jahe Merah Box 5s,"Jahe Merah, Susu, Madu wedang",Masuk angin hangat,Perut hangat,Herbal & Tradisional,Bintang Toedjoe,false,true,wedang jahe; hangat; masuk angin,Gunakan sesuai petunjuk pada kemasan. Jika sakit berlanjut hubungi dokter.,18000,157,/static/medicines/Bejo Wedang Susu Jahe Merah Box 5s.webp
Kuldon Tablet Strip 4s,"Daun Saga, Bunga Krisan, Alang-alang","Panas dalam, sariawan, sembelit herbal",Jarang,Herbal & Tradisional,Deltomed,false,true,panas dalam; sariawan pil; jamu,Gunakan sesuai petunjuk pada kemasan. Jika sakit berlanjut hubungi dokter.,3500,112,/static/medicines/Kuldon Tablet Strip 4s.webp
Kuldon Strip 10s,"Daun Saga, Bunga Krisan herbal lebih banyak",Panas dalam strip 10s,Jarang,Herbal & Tradisional,Deltomed,false,true,panas dalam strip 10s,Gunakan sesuai petunjuk pada kemasan. Jika sakit berlanjut hubungi dokter.,7000,147,/static/medicines/Kuldon Strip 10s.webp
Adem Sari Sachet 5s,"Ekstrak Citrus, Pulosari, Vitamin C sachet",Panas dalam sachet,Kembung (gas),Herbal & Tradisional,Sari Enesis,false,true,tenggorokan kering; panas dalam sachet,Gunakan sesuai petunjuk pada kemasan. Jika sakit berlanjut hubungi dokter.,15000,118,/static/medicines/Adem Sari Sachet 5s.webp
Adem Sari Ching Ku Botol 320ml,"Gypsum Fibrosum, Calcitum, Citrus minuman",Panas dalam minuman,Jarang,Herbal & Tradisional,Sari Enesis,false,true,air panas dalam; tenggorokan panas,Gunakan sesuai petunjuk pada kemasan. Jika sakit berlanjut hubungi dokter.,8000,88,/static/medicines/Adem Sari Ching Ku Botol 320ml.webp
Adem Sari Botol 200ml,"Gypsum Fibrosum, Citrus Extract botol kecil",Panas dalam botol kecil,Jarang,Herbal & Tradisional,Sari Enesis,false,true,panas dalam botol kecil,Gunakan sesuai petunjuk pada kemasan. Jika sakit berlanjut hubungi dokter.,7000,155,/static/medicines/Adem Sari Botol 200ml.webp
Larutan Cap Kaki Tiga Botol 320ml,"Gypsum Fibrosum, Calcitum (obat panas dalam)",Panas dalam tradisional,Jarang,Herbal & Tradisional,Kinocare,false,true,air panas dalam; bibir pecah-pecah,Gunakan sesuai petunjuk pada kemasan. Jika sakit berlanjut hubungi dokter.,7000,151,/static/medicines/Larutan Cap Kaki Tiga Botol 320ml.webp
Larutan Cap Kaki Tiga Botol 500ml,"Gypsum Fibrosum, Calcitum besar",Panas dalam stok besar,Jarang,Herbal & Tradisional,Kinocare,false,true,panas dalam besar,Gunakan sesuai petunjuk pada kemasan. Jika sakit berlanjut hubungi dokter.,10000,181,/static/medicines/Larutan Cap Kaki Tiga Botol 500ml.webp
Larutan Cap Kaki Tiga Kaleng Berperisa 320ml,"Gypsum Fibrosum, Calcitum berperisa",Panas dalam berperisa,Jarang,Herbal & Tradisional,Kinocare,false,true,panas dalam berperisa,Gunakan sesuai petunjuk pada kemasan. Jika sakit berlanjut hubungi dokter.,8000,155,/static/medicines/Larutan Cap Kaki Tiga Kaleng Berperisa 320ml.webp
Jamu Beras Kencur Sachet,"Beras, Kencur, Jahe, Asam Jawa","Pegal linu, badan pegal herbal tradisional",Jarang,Herbal & Tradisional,Jamu Jago,false,true,pegal herbal; badan pegal jamu,Gunakan sesuai petunjuk pada kemasan. Jika sakit berlanjut hubungi dokter.,3000,190,/static/medicines/Jamu Beras Kencur Sachet.webp
Jamu Kudu Laos Sachet,"Mengkudu, Laos, Kunyit","Lambung sehat, masuk angin herbal",Jarang,Herbal & Tradisional,Jamu Jago,false,true,lambung herbal; jamu kudu,Gunakan sesuai petunjuk pada kemasan. Jika sakit berlanjut hubungi dokter.,3000,91,/static/medicines/Jamu Kudu Laos Sachet.webp
Habatussauda Oil Capsule,Black Seed Oil (Nigella Sativa),"Imun, asma ringan, stamina herbal Islam",Mulas (jarang),Herbal & Tradisional,Al-Afiat,false,true,habbatussauda; imun Islam; stamina,Gunakan sesuai petunjuk pada kemasan. Jika sakit berlanjut hubungi dokter.,55000,95,/static/medicines/Habatussauda Oil Capsule.webp
Minyak Kayu Putih Cap Lang 60ml,Cajuput Oil 100%,"Kembung bayi, masuk angin, gigitan serangga",Panas lokal,Herbal & Tradisional,Eagle Indo Pharma,false,true,kembung bayi; masuk angin; minyak kayu putih,Gunakan sesuai petunjuk pada kemasan. Jika sakit berlanjut hubungi dokter.,18000,83,/static/medicines/Minyak Kayu Putih Cap Lang 60ml.webp
Sido Muncul Herbal Jahe Merah,Jahe Merah Extract sachet,Stamina dan kehangatan tubuh herbal,Perut hangat,Herbal & Tradisional,Sido Muncul,false,true,stamina herbal; jahe merah; badan hangat,Gunakan sesuai petunjuk pada kemasan. Jika sakit berlanjut hubungi dokter.,8000,150,/static/medicines/Sido Muncul Herbal Jahe Merah.webp
Curcuma Force Kapsul,Curcuma longa 500mg,"Radang, antioksidan, kesehatan hati herbal",Jarang,Herbal & Tradisional,Kalbe,false,true,antiinflamasi herbal; hati sehat; kunyit,Gunakan sesuai petunjuk pada kemasan. Jika sakit berlanjut hubungi dokter.,35000,190,/static/medicines/Curcuma Force Kapsul.webp
Sterimar Nasal Hygiene 50ml,Isotonic Sea Water 0.9% NaCl,"Membersihkan hidung dari kotoran, polusi",Rasa asin,Perawatan Hidung & Pernapasan,Church & Dwight,false,true,cuci hidung; hidung berlendir; polusi,Gunakan sesuai petunjuk pada kemasan. Jika sakit berlanjut hubungi dokter.,125000,181,/static/medicines/Sterimar Nasal Hygiene 50ml.webp
Sterimar Baby Nasal Hygiene 50ml,Isotonic Sea Water 0.9% NaCl baby,Membersihkan hidung bayi tersumbat,Rasa asin,Perawatan Hidung & Pernapasan,Church & Dwight,false,true,hidung bayi mampet; cuci hidung bayi,Gunakan sesuai petunjuk pada kemasan. Jika sakit berlanjut hubungi dokter.,135000,121,/static/medicines/Sterimar Baby Nasal Hygiene 50ml.webp
Sterimar Blocked Nose 50ml,Hypertonic Sea Water 2.2% NaCl,Hidung buntu parah hypertonic,Rasa sangat asin,Perawatan Hidung & Pernapasan,Church & Dwight,false,true,hidung buntu parah; hypertonic,Gunakan sesuai petunjuk pada kemasan. Jika sakit berlanjut hubungi dokter.,145000,151,/static/medicines/Sterimar Blocked Nose 50ml.webp
Breathy Nasal Drops 30ml,Sodium Chloride 0.65% drops,"Hidung kering bayi, cuci hidung lembut",Jarang,Perawatan Hidung & Pernapasan,Pharos,false,true,tetes hidung bayi; hidung kering,Gunakan sesuai petunjuk pada kemasan. Jika sakit berlanjut hubungi dokter.,45000,167,/static/medicines/Breathy Nasal Drops 30ml.webp
Breathy Tube 50g,NaCl 0.9% gel nasal,Hidung kering gel,Jarang,Perawatan Hidung & Pernapasan,Pharos,false,true,hidung kering gel; nasal gel,Gunakan sesuai petunjuk pada kemasan. Jika sakit berlanjut hubungi dokter.,55000,118,/static/medicines/Breathy Tube 50g.webp
Iliadin Dewasa Nasal Spray 10ml,Oxymetazoline HCl 0.05% spray dewasa,Hidung buntu berat (maks 3 hari),Rebound congestion >3 hari,Perawatan Hidung & Pernapasan,Merck,false,true,hidung buntu parah; semprot hidung; oxymetazoline,Gunakan sesuai petunjuk pada kemasan. Jika sakit berlanjut hubungi dokter.,65000,150,/static/medicines/Iliadin Dewasa Nasal Spray 10ml.webp
Iliadin Anak Nasal Drops 10ml,Oxymetazoline HCl 0.025% drops anak,Hidung buntu anak (maks 3 hari),Rebound congestion,Perawatan Hidung & Pernapasan,Merck,false,true,hidung mampet anak; tetes hidung mampet,Gunakan sesuai petunjuk pada kemasan. Jika sakit berlanjut hubungi dokter.,60000,170,/static/medicines/Iliadin Anak Nasal Drops 10ml.webp
Vicks Inhaler,"Menthol 51.6%, Camphor 33.1%, Pine Needle Oil",Hidung tersumbat instan inhaler,Iritasi ringan,Perawatan Hidung & Pernapasan,P&G,false,true,hirup hidung; hidung tersumbat instan; vicks,Gunakan sesuai petunjuk pada kemasan. Jika sakit berlanjut hubungi dokter.,18000,138,/static/medicines/Vicks Inhaler.webp
Transpulmin Baby Balsam 10g,"Eucalyptus Oil, Chamomile, Almond Oil","Dada bayi, napas lega baby balsam",Kemerahan (jarang),Perawatan Hidung & Pernapasan,Menarini,false,true,balsem dada bayi; napas lega bayi; dada sesak bayi,Gunakan sesuai petunjuk pada kemasan. Jika sakit berlanjut hubungi dokter.,65000,93,/static/medicines/Transpulmin Baby Balsam 10g.webp
Balsem Lang Pot 10g,"Menthol, Camphor, Eucalyptus Oil",Masuk angin dan dada sesak balsem,Perih kulit berlebih,Perawatan Hidung & Pernapasan,Eagle Indo Pharma,false,true,balsem putih; dada sesak flu,Gunakan sesuai petunjuk pada kemasan. Jika sakit berlanjut hubungi dokter.,8000,126,/static/medicines/Balsem Lang Pot 10g.webp
Balsem Lang Pot 20g,"Menthol, Camphor, Eucalyptus Oil medium",Masuk angin medium balsem,Perih,Perawatan Hidung & Pernapasan,Eagle Indo Pharma,false,true,balsem masuk angin; dada,Gunakan sesuai petunjuk pada kemasan. Jika sakit berlanjut hubungi dokter.,14000,91,/static/medicines/Balsem Lang Pot 20g.webp
Balsem Lang Pot 40g,"Menthol, Camphor, Eucalyptus Oil besar",Balsem keluarga kemasan besar,Perih,Perawatan Hidung & Pernapasan,Eagle Indo Pharma,false,true,balsem besar; keluarga,Gunakan sesuai petunjuk pada kemasan. Jika sakit berlanjut hubungi dokter.,24000,140,/static/medicines/Balsem Lang Pot 40g.webp
Balsem Lang Tube 50g,"Menthol, Camphor, Eucalyptus Oil tube",Balsem masuk angin tube,Perih,Perawatan Hidung & Pernapasan,Eagle Indo Pharma,false,true,balsem tube; napas lega,Gunakan sesuai petunjuk pada kemasan. Jika sakit berlanjut hubungi dokter.,22000,166,/static/medicines/Balsem Lang Tube 50g.webp
Flixonase Nasal Spray,Fluticasone Propionate 50mcg/dose,Rinitis alergi kronis (Perlu pengawasan),Mimisan sesekali,Perawatan Hidung & Pernapasan,GSK,false,true,rinitis alergi kronis; hidung berair alergi,Gunakan sesuai petunjuk pada kemasan. Jika sakit berlanjut hubungi dokter.,120000,90,/static/medicines/Flixonase Nasal Spray.webp
Rhinocort Nasal Spray,Budesonide 64mcg/dose,Rinitis alergi dan polip hidung (Perlu pengawasan),Mimisan,Perawatan Hidung & Pernapasan,AstraZeneca,false,true,rinitis kronis; polip hidung,Gunakan sesuai petunjuk pada kemasan. Jika sakit berlanjut hubungi dokter.,145000,140,/static/medicines/Rhinocort Nasal Spray.webp
Afrin Nasal Spray,Oxymetazoline 0.05%,Hidung tersumbat berat (maks 3 hari),Rebound congestion,Perawatan Hidung & Pernapasan,Schering,false,true,hidung mampet berat; oxymetazoline,Gunakan sesuai petunjuk pada kemasan. Jika sakit berlanjut hubungi dokter.,55000,90,/static/medicines/Afrin Nasal Spray.webp
Minyak Kayu Putih Konicare 60ml,"Cajuput Oil, Eucalyptus Oil, Camphor","Kembung, masuk angin, hidung tersumbat oles dada",Panas lokal,Perawatan Hidung & Pernapasan,Konimex,false,true,kembung bayi; dada sesak; minyak kayu putih,Gunakan sesuai petunjuk pada kemasan. Jika sakit berlanjut hubungi dokter.,22000,94,/static/medicines/Minyak Kayu Putih Konicare 60ml.webp
Migran Tablet,"Paracetamol 500mg, Caffeine 50mg, Ergotamine 1mg",Migrain dan sakit kepala berat,"Mual, berdebar",Nyeri & Demam,Dexa Medica,false,true,migrain; sakit kepala sebelah,Gunakan sesuai petunjuk pada kemasan. Jika sakit berlanjut hubungi dokter.,22000,104,/static/medicines/Migran Tablet.webp
Renadinac Tablet,Natrium Diklofenak 50mg,"Nyeri akut, sendi, haid",Nyeri lambung,Nyeri & Demam,Fahrenheit,false,true,nyeri akut; nyeri sendi; diclofenac,Gunakan sesuai petunjuk pada kemasan. Jika sakit berlanjut hubungi dokter.,18000,108,/static/medicines/Renadinac Tablet.webp
Novalgin Tablet,Metampiron 500mg,"Nyeri berat, kolik",Agranulositosis (jarang),Nyeri & Demam,Sanofi,false,true,nyeri kolik; sakit perut mendadak,Gunakan sesuai petunjuk pada kemasan. Jika sakit berlanjut hubungi dokter.,18000,186,/static/medicines/Novalgin Tablet.webp
Actalipid Tablet,Simvastatin 10mg,Kolesterol tinggi (Perlu pantau dokter),"Nyeri otot, hepatotoksisitas",Suplemen,Kalbe,false,true,kolesterol; lemak darah tinggi,Gunakan sesuai petunjuk pada kemasan. Jika sakit berlanjut hubungi dokter.,25000,121,/static/medicines/Actalipid Tablet.webp
Glucosamine Tablet,Glucosamine Sulfate 500mg,"Nyeri sendi lutut, osteoarthritis","Mual ringan, gatal",Nyeri & Demam,Blackmores,false,true,nyeri lutut; sendi aus; glucosamine,Gunakan sesuai petunjuk pada kemasan. Jika sakit berlanjut hubungi dokter.,85000,128,/static/medicines/Glucosamine Tablet.webp
MSM Tablet,Methylsulfonylmethane 500mg,Nyeri sendi dan peradangan,Jarang,Nyeri & Demam,Blackmores,false,true,sendi; anti radang; msm,Gunakan sesuai petunjuk pada kemasan. Jika sakit berlanjut hubungi dokter.,65000,114,/static/medicines/MSM Tablet.webp
Natrium Diklofenak 50mg,Natrium Diklofenak 50mg,Nyeri dan radang sendi,Nyeri lambung,Nyeri & Demam,Generic,false,true,nyeri sendi; rematik,Gunakan sesuai petunjuk pada kemasan. Jika sakit berlanjut hubungi dokter.,8000,84,/static/medicines/Natrium Diklofenak 50mg.webp
Meloxicam Tablet,Meloxicam 7.5mg,"Osteoarthritis, rematik",Nyeri lambung,Nyeri & Demam,Generic,false,true,rematik; sendi; meloxicam,Gunakan sesuai petunjuk pada kemasan. Jika sakit berlanjut hubungi dokter.,12000,124,/static/medicines/Meloxicam Tablet.webp
Ketorolac Tablet,Ketorolac Tromethamine 10mg,Nyeri sedang-berat,Perdarahan GI,Nyeri & Demam,Generic,false,true,nyeri pasca operasi; nyeri hebat,Gunakan sesuai petunjuk pada kemasan. Jika sakit berlanjut hubungi dokter.,18000,132,/static/medicines/Ketorolac Tablet.webp
Omega-3 Fish Oil,"EPA 360mg, DHA 240mg per kapsul","Kesehatan jantung, kolesterol, otak","Bau ikan, mual",Suplemen,Blackmores,false,true,jantung; otak; omega 3; kolesterol,Gunakan sesuai petunjuk pada kemasan. Jika sakit berlanjut hubungi dokter.,85000,145,/static/medicines/Omega-3 Fish Oil.webp
Vitamin D3 1000IU,Cholecalciferol 1000 IU,"Tulang, imun, mood",Toksisitas dosis sangat tinggi,Suplemen,Blackmores,false,true,vitamin d; tulang; imun,Gunakan sesuai petunjuk pada kemasan. Jika sakit berlanjut hubungi dokter.,75000,158,/static/medicines/Vitamin D3 1000IU.webp
Vitamin B12 500mcg,Cyanocobalamin 500mcg,"Anemia, kesemutan, energi",Jarang,Suplemen,Generic,false,true,B12; anemia; kesemutan; energi,Gunakan sesuai petunjuk pada kemasan. Jika sakit berlanjut hubungi dokter.,15000,167,/static/medicines/Vitamin B12 500mcg.webp
Zinc Tablet 20mg,Zinc Gluconate 20mg,"Imun, penyembuhan luka, tumbuh kembang",Mual dosis tinggi,Suplemen,Generic,false,true,zinc; imun; luka tidak sembuh,Gunakan sesuai petunjuk pada kemasan. Jika sakit berlanjut hubungi dokter.,12000,173,/static/medicines/Zinc Tablet 20mg.webp
Folic Acid Tablet 400mcg,Asam Folat 400mcg,"Pencegahan cacat lahir, ibu hamil",Jarang,Suplemen,Generic,false,true,asam folat; ibu hamil; kehamilan,Gunakan sesuai petunjuk pada kemasan. Jika sakit berlanjut hubungi dokter.,8000,127,/static/medicines/Folic Acid Tablet 400mcg.webp
Biotin Tablet 2.5mg,D-Biotin 2.5mg,"Kesehatan rambut, kuku, kulit",Jarang,Suplemen,Blackmores,false,true,rambut rontok; kuku lemah; biotin,Gunakan sesuai petunjuk pada kemasan. Jika sakit berlanjut hubungi dokter.,55000,182,/static/medicines/Biotin Tablet 2.5mg.webp
Kolagen Tripeptide,Marine Collagen Peptide 1000mg,"Kesehatan kulit, sendi, tulang rawan",Jarang,Suplemen,Nuvara,false,true,kulit kencang; sendi; kolagen,Gunakan sesuai petunjuk pada kemasan. Jika sakit berlanjut hubungi dokter.,115000,186,/static/medicines/Kolagen Tripeptide.webp
Magnesium Tablet 250mg,Magnesium Oxide 250mg,"Kram otot, insomnia, kelelahan",Diare dosis tinggi,Suplemen,Generic,false,true,kram kaki malam; insomnia; magnesium,Gunakan sesuai petunjuk pada kemasan. Jika sakit berlanjut hubungi dokter.,25000,110,/static/medicines/Magnesium Tablet 250mg.webp
Berocca Effervescent,B Vitamins + Vitamin C + Zinc effervescent,Energi dan fokus mental,"Kembung, urin kuning",Suplemen,Bayer,false,true,energi; fokus; vitamin b kompleks,Gunakan sesuai petunjuk pada kemasan. Jika sakit berlanjut hubungi dokter.,45000,93,/static/medicines/Berocca Effervescent.webp
Suplemen Koenzim Q10,Coenzyme Q10 100mg,"Energi sel, jantung, antioksidan","Jarang, insomnia ringan",Suplemen,Blackmores,false,true,antioksidan; jantung; energi sel,Gunakan sesuai petunjuk pada kemasan. Jika sakit berlanjut hubungi dokter.,125000,177,/static/medicines/Suplemen Koenzim Q10.webp
Curcumin Kapsul,"Curcumin 500mg, Piperine 5mg","Anti radang, antioksidan premium","Jarang, mual ringan",Suplemen,Kalbe,false,true,anti radang; antioksidan; kunyit premium,Gunakan sesuai petunjuk pada kemasan. Jika sakit berlanjut hubungi dokter.,65000,109,/static/medicines/Curcumin Kapsul.webp
Prenavit Tablet,Multivitamin Mineral Ibu Hamil,Nutrisi lengkap kehamilan,Mual,Suplemen,Sanbe Farma,false,true,hamil; kehamilan; vitamin prenatal,Gunakan sesuai petunjuk pada kemasan. Jika sakit berlanjut hubungi dokter.,55000,178,/static/medicines/Prenavit Tablet.webp
Noni Gold Kapsul,Morinda citrifolia 500mg,Stamina dan imun herbal mengkudu,Jarang,Suplemen,Sido Muncul,false,true,stamina; imun; mengkudu; noni,Gunakan sesuai petunjuk pada kemasan. Jika sakit berlanjut hubungi dokter.,45000,98,/static/medicines/Noni Gold Kapsul.webp
Spirulina Tablet 500mg,Arthrospira platensis 500mg,"Protein nabati, antioksidan, energi",Jarang (reaksi alergi),Suplemen,Vitarich,false,true,protein nabati; vegan; spirulina; energi,Gunakan sesuai petunjuk pada kemasan. Jika sakit berlanjut hubungi dokter.,85000,131,/static/medicines/Spirulina Tablet 500mg.webp
Mefenacid Tablet,Asam Mefenamat 250mg,"Nyeri haid ringan, gigi",Iritasi lambung,Nyeri & Demam,Kimia Farma,false,true,nyeri haid ringan; gigi,Gunakan sesuai petunjuk pada kemasan. Jika sakit berlanjut hubungi dokter.,8000,106,/static/medicines/Mefenacid Tablet.webp
Acnevil Gel,Clindamycin 1%,Jerawat meradang,Kulit kering,Obat Kulit & Luka,Pharos,false,true,jerawat meradang; clindamycin; jerawat batu,Gunakan sesuai petunjuk pada kemasan. Jika sakit berlanjut hubungi dokter.,35000,166,/static/medicines/Acnevil Gel.webp
Skinoren Gel 15g,Azelaic Acid 20%,"Jerawat, hiperpigmentasi","Kulit kering, perih",Obat Kulit & Luka,Bayer,false,true,jerawat; bekas jerawat hitam; azelaic acid,Gunakan sesuai petunjuk pada kemasan. Jika sakit berlanjut hubungi dokter.,85000,94,/static/medicines/Skinoren Gel 15g.webp
Clobetasol Cream 0.05%,Clobetasol Propionate 0.05%,"Psoriasis, lichen planus",Penipisan kulit,Obat Kulit & Luka,Generic,false,true,psoriasis; kulit bersisik; gatal parah,Gunakan sesuai petunjuk pada kemasan. Jika sakit berlanjut hubungi dokter.,25000,145,/static/medicines/Clobetasol Cream 0.05%.webp
Chloramphenicol Cream,Chloramphenicol 2%,Infeksi kulit bakteri gram positif,Alergi lokal,Obat Kulit & Luka,Generic,false,true,infeksi kulit; luka bernanah murah,Gunakan sesuai petunjuk pada kemasan. Jika sakit berlanjut hubungi dokter.,12000,150,/static/medicines/Chloramphenicol Cream.webp
Gentamicin Cream 0.1%,Gentamicin Sulfate 0.1%,"Impetigo, folikulitis",Gatal lokal,Obat Kulit & Luka,Generic,false,true,impetigo murah; folikulitis,Gunakan sesuai petunjuk pada kemasan. Jika sakit berlanjut hubungi dokter.,8000,185,/static/medicines/Gentamicin Cream 0.1%.webp
Tretinoin Cream 0.025%,Tretinoin 0.025%,Jerawat dan anti penuaan,"Kulit merah, mengelupas",Obat Kulit & Luka,Generic,false,true,jerawat; anti aging; retinol,Gunakan sesuai petunjuk pada kemasan. Jika sakit berlanjut hubungi dokter.,25000,162,/static/medicines/Tretinoin Cream 0.025%.webp
Calcipotriol Cream,Calcipotriol 50mcg/g,Psoriasis plak ringan-sedang,Iritasi lokal,Obat Kulit & Luka,Leo Pharma,false,true,psoriasis plak; kulit bersisik tebal,Gunakan sesuai petunjuk pada kemasan. Jika sakit berlanjut hubungi dokter.,135000,168,/static/medicines/Calcipotriol Cream.webp
Alphosyl HC Krim,"Hydrocortisone, Coal Tar",Psoriasis dan seborrheic dermatitis,Kulit sensitif,Obat Kulit & Luka,GSK,false,true,psoriasis; ketombe berat; seborrheic,Gunakan sesuai petunjuk pada kemasan. Jika sakit berlanjut hubungi dokter.,95000,119,/static/medicines/Alphosyl HC Krim.svg
Duoderm CGF Plester,"Gelatin, Pectin, CMC hidrokoloid","Luka kronik, dekubitus, luka operasi",Maserasi kulit,Obat Kulit & Luka,ConvaTec,false,true,luka kronik; luka diabetes; decubitus,Gunakan sesuai petunjuk pada kemasan. Jika sakit berlanjut hubungi dokter.,85000,87,/static/medicines/Duoderm CGF Plester.webp
Mebo Scar Gel 15g,"Allium Cepa Extract, Heparin, Allantoin",Bekas luka dan keloid,Jarang,Obat Kulit & Luka,Mebo,false,true,bekas luka tonjolan; keloid; scar,Gunakan sesuai petunjuk pada kemasan. Jika sakit berlanjut hubungi dokter.,95000,94,/static/medicines/Mebo Scar Gel 15g.webp
Kloderma Cream,Clobetasone Butyrate 0.05%,"Eksim ringan, dermatitis kontak",Penipisan kulit bila lama,Obat Kulit & Luka,Schering,false,true,eksim; dermatitis kontak; gatal meradang,Gunakan sesuai petunjuk pada kemasan. Jika sakit berlanjut hubungi dokter.,55000,90,/static/medicines/Kloderma Cream.webp
Hydrocortisone 1% Cream,Hydrocortisone 1%,"Gatal radang ringan, diapers rash",Penipisan kulit,Obat Kulit & Luka,Generic,false,true,gatal radang; diapers rash; kortison ringan,Gunakan sesuai petunjuk pada kemasan. Jika sakit berlanjut hubungi dokter.,8000,177,/static/medicines/Hydrocortisone 1% Cream.webp
Iodine Povidone 10% 60ml,Povidone Iodine 10%,Antiseptik kulit luka terbuka,"Iritasi, kulit coklat",Obat Kulit & Luka,Generic,false,true,antiseptik generic; luka murah,Gunakan sesuai petunjuk pada kemasan. Jika sakit berlanjut hubungi dokter.,18000,109,/static/medicines/Iodine Povidone 10% 60ml.webp
Metronidazole Gel,Metronidazole 0.75%,"Rosacea, jerawat infeksi anaerob","Iritasi lokal, mulut metalik",Obat Kulit & Luka,Generic,false,true,rosacea; jerawat anaerob; kemerahan wajah,Gunakan sesuai petunjuk pada kemasan. Jika sakit berlanjut hubungi dokter.,22000,94,/static/medicines/Metronidazole Gel.webp
Pityriasis Shampoo,Selenium Sulfide 1%,"Ketombe berat, tinea capitis",Kulit kepala kering,Antijamur & Kulit,Generic,false,true,ketombe parah; kutu rambut jamur,Gunakan sesuai petunjuk pada kemasan. Jika sakit berlanjut hubungi dokter.,35000,188,/static/medicines/Pityriasis Shampoo.webp
Nizoral Shampoo 60ml,Ketoconazole 2% shampoo,"Ketombe jamur, seborrheic dermatitis kepala",Iritasi kulit kepala,Antijamur & Kulit,J&J,false,true,ketombe jamur; kulit kepala bersisik,Gunakan sesuai petunjuk pada kemasan. Jika sakit berlanjut hubungi dokter.,65000,102,/static/medicines/Nizoral Shampoo 60ml.webp
Selsun Shampoo 60ml,Selenium Sulfide 1.8%,Ketombe berat dan jamur kepala,Rambut kering,Antijamur & Kulit,Sanofi,false,true,ketombe; tinea versicolor kepala,Gunakan sesuai petunjuk pada kemasan. Jika sakit berlanjut hubungi dokter.,45000,164,/static/medicines/Selsun Shampoo 60ml.webp
Amoxicillin Kapsul 500mg,Amoxicillin Trihydrate 500mg,Infeksi bakteri ringan-sedang (perlu resep dokter),"Alergi, diare",Obat Kulit & Luka,Generic,false,true,infeksi; amoxicillin; antibiotik,Gunakan sesuai petunjuk pada kemasan. Jika sakit berlanjut hubungi dokter.,18000,113,/static/medicines/Amoxicillin Kapsul 500mg.webp
Amoxicillin Sirup 60ml,Amoxicillin 125mg/5ml sirup,Infeksi bakteri anak (perlu resep),"Alergi, diare",Obat Kulit & Luka,Generic,false,true,infeksi anak; antibiotik anak,Gunakan sesuai petunjuk pada kemasan. Jika sakit berlanjut hubungi dokter.,22000,173,/static/medicines/Amoxicillin Sirup 60ml.svg
Ampicillin Kapsul 500mg,Ampicillin Trihydrate 500mg,"Infeksi saluran napas, kemih","Alergi, diare",Obat Kulit & Luka,Generic,false,true,infeksi napas; saluran kemih,Gunakan sesuai petunjuk pada kemasan. Jika sakit berlanjut hubungi dokter.,12000,116,/static/medicines/Ampicillin Kapsul 500mg.webp
Cotrimoxazole Tablet,"Sulfamethoxazole 400mg, Trimethoprim 80mg","Infeksi saluran kemih, diare bakteri","Alergi sulfa, mual",Obat Kulit & Luka,Generic,false,true,ISK; infeksi kemih; bactrim generik,Gunakan sesuai petunjuk pada kemasan. Jika sakit berlanjut hubungi dokter.,5000,186,/static/medicines/Cotrimoxazole Tablet.webp
Erythromycin Tablet 500mg,Erythromycin Ethylsuccinate 500mg,"Infeksi kulit, napas, alergi penisilin","Mual, nyeri perut",Obat Kulit & Luka,Generic,false,true,infeksi kulit; alergi penisilin,Gunakan sesuai petunjuk pada kemasan. Jika sakit berlanjut hubungi dokter.,15000,110,/static/medicines/Erythromycin Tablet 500mg.webp
Chloramphenicol Kapsul 250mg,Chloramphenicol 250mg,"Tifoid, infeksi berat",Aplasia sumsum tulang (jarang),Obat Kulit & Luka,Generic,false,true,tifoid; demam tifoid; typhus,Gunakan sesuai petunjuk pada kemasan. Jika sakit berlanjut hubungi dokter.,8000,113,/static/medicines/Chloramphenicol Kapsul 250mg.webp
Tetracycline Kapsul 250mg,Tetracycline HCl 250mg,"Jerawat parah, klamidia, leptospirosis","Fotosensitisasi, gigi kuning anak",Obat Kulit & Luka,Generic,false,true,jerawat parah; tetracycline,Gunakan sesuai petunjuk pada kemasan. Jika sakit berlanjut hubungi dokter.,8000,183,/static/medicines/Tetracycline Kapsul 250mg.webp
Metronidazole Tablet 500mg,Metronidazole 500mg,"Amebiasis, trikomoniasis, infeksi anaerob","Mual, metalik mulut, tidak boleh alkohol",Pencernaan & Diare,Generic,false,true,amuba; diare bakteri anaerob; flagyl,Gunakan sesuai petunjuk pada kemasan. Jika sakit berlanjut hubungi dokter.,8000,148,/static/medicines/Metronidazole Tablet 500mg.webp
Thiamphenicol Kapsul 500mg,Thiamphenicol 500mg,"Infeksi saluran napas, ISK","Mual, agranulositosis",Obat Kulit & Luka,Generic,false,true,infeksi napas; tifoid,Gunakan sesuai petunjuk pada kemasan. Jika sakit berlanjut hubungi dokter.,15000,163,/static/medicines/Thiamphenicol Kapsul 500mg.webp
Spiramycin Tablet,Spiramycin 500mg,Infeksi mulut dan tenggorokan,"Mual, diare",Mulut & Tenggorokan,Darya-Varia,false,true,infeksi gigi; periodontitis,Gunakan sesuai petunjuk pada kemasan. Jika sakit berlanjut hubungi dokter.,25000,81,/static/medicines/Spiramycin Tablet.webp
Urinozinc Tablet,"Zinc Oxide, Saw Palmetto, Lycopene",Kesehatan prostat dan saluran kemih pria,Jarang,Suplemen,Kalbe,false,true,prostat; saluran kemih pria; ISK pria,Gunakan sesuai petunjuk pada kemasan. Jika sakit berlanjut hubungi dokter.,95000,163,/static/medicines/Urinozinc Tablet.webp
Cranberry Extract Kapsul,Vaccinium Macrocarpon 400mg,Pencegahan ISK wanita,Mual ringan,Suplemen,Blackmores,false,true,ISK wanita; infeksi kandung kemih; cranberry,Gunakan sesuai petunjuk pada kemasan. Jika sakit berlanjut hubungi dokter.,75000,93,/static/medicines/Cranberry Extract Kapsul.webp
Kejibeling Kapsul,Strobilanthes crispus,"Batu ginjal, melancarkan kemih herbal",Jarang,Herbal & Tradisional,Sido Muncul,false,true,batu ginjal; kencing batu; herbal ginjal,Gunakan sesuai petunjuk pada kemasan. Jika sakit berlanjut hubungi dokter.,25000,98,/static/medicines/Kejibeling Kapsul.webp
Tempuyung Kapsul,Sonchus arvensis Extract,Batu ginjal dan melancarkan urin,Jarang,Herbal & Tradisional,Kimia Farma,false,true,batu ginjal; sulit kencing; tempuyung,Gunakan sesuai petunjuk pada kemasan. Jika sakit berlanjut hubungi dokter.,22000,159,/static/medicines/Tempuyung Kapsul.webp
Potasium Sitrat Tablet,Kalium Sitrat 1080mg,"Batu ginjal kalsium, asidosis",Mual,Suplemen,Kalbe,false,true,batu ginjal; asidosis; alkalinisasi urin,Gunakan sesuai petunjuk pada kemasan. Jika sakit berlanjut hubungi dokter.,65000,81,/static/medicines/Potasium Sitrat Tablet.webp
Insulin Plant Kapsul,Costus Igneus Ekstrak,Membantu metabolisme gula darah herbal,Jarang,Herbal & Tradisional,Sido Muncul,false,true,gula darah tinggi; diabetes herbal,Gunakan sesuai petunjuk pada kemasan. Jika sakit berlanjut hubungi dokter.,35000,99,/static/medicines/Insulin Plant Kapsul.webp
Bitter Melon Kapsul,Momordica charantia 500mg,Membantu kontrol gula darah,"Hipoglikemia, mual",Herbal & Tradisional,Vitarich,false,true,pare; gula darah; diabetes,Gunakan sesuai petunjuk pada kemasan. Jika sakit berlanjut hubungi dokter.,45000,180,/static/medicines/Bitter Melon Kapsul.webp
Chromium Picolinate,Chromium 200mcg,Membantu metabolisme glukosa,Jarang,Suplemen,Blackmores,false,true,gula darah; insulin sensitif; chromium,Gunakan sesuai petunjuk pada kemasan. Jika sakit berlanjut hubungi dokter.,65000,181,/static/medicines/Chromium Picolinate.webp
Alpha Lipoic Acid Kapsul,Alpha Lipoic Acid 600mg,"Neuropati diabetik, antioksidan","Mual, ruam kulit",Suplemen,Generic,false,true,neuropati; kesemutan diabetes; antioksidan kuat,Gunakan sesuai petunjuk pada kemasan. Jika sakit berlanjut hubungi dokter.,75000,92,/static/medicines/Alpha Lipoic Acid Kapsul.webp
Gymnema Sylvestre Kapsul,Gymnema Sylvestre 400mg,Membantu mengurangi absorpsi gula,Jarang,Herbal & Tradisional,Vitarich,false,true,gula darah; diabetes; gymnema,Gunakan sesuai petunjuk pada kemasan. Jika sakit berlanjut hubungi dokter.,55000,189,/static/medicines/Gymnema Sylvestre Kapsul.webp
CoQ10 Kapsul 100mg,Ubiquinone 100mg,"Fungsi jantung, energi, tekanan darah","Insomnia ringan, mual",Suplemen,Blackmores,false,true,jantung; tensi; coq10; energi,Gunakan sesuai petunjuk pada kemasan. Jika sakit berlanjut hubungi dokter.,125000,113,/static/medicines/CoQ10 Kapsul 100mg.webp
Resveratrol Kapsul,Trans-Resveratrol 100mg,"Antioksidan jantung, kolesterol",Jarang,Suplemen,Vitarich,false,true,antioksidan; jantung; kolesterol; anggur merah,Gunakan sesuai petunjuk pada kemasan. Jika sakit berlanjut hubungi dokter.,95000,130,/static/medicines/Resveratrol Kapsul.webp
Celery Seed Extract,Apium graveolens Seed 450mg,Tekanan darah tinggi herbal,Jarang,Herbal & Tradisional,Blackmores,false,true,tekanan darah; hipertensi herbal; seledri,Gunakan sesuai petunjuk pada kemasan. Jika sakit berlanjut hubungi dokter.,95000,119,/static/medicines/Celery Seed Extract.webp
Garlic Extract Tablet,Allium sativum 1000mg,"Kolesterol, tekanan darah, imun","Bau bawang, mual",Herbal & Tradisional,Blackmores,false,true,kolesterol; tekanan darah; bawang putih,Gunakan sesuai petunjuk pada kemasan. Jika sakit berlanjut hubungi dokter.,65000,134,/static/medicines/Garlic Extract Tablet.webp
Hawthorn Berry Kapsul,Crataegus monogyna 600mg,Kesehatan jantung herbal barat,Jarang,Herbal & Tradisional,Vitarich,false,true,jantung herbal; palpitasi ringan,Gunakan sesuai petunjuk pada kemasan. Jika sakit berlanjut hubungi dokter.,85000,129,/static/medicines/Hawthorn Berry Kapsul.webp
Propolis Kapsul,Brazilian Green Propolis 500mg,"Imun, antibakteri alami, antioksidan",Alergi lebah (jarang),Herbal & Tradisional,Sido Muncul,false,true,propolis; antibakteri; imun premium,Gunakan sesuai petunjuk pada kemasan. Jika sakit berlanjut hubungi dokter.,95000,88,/static/medicines/Propolis Kapsul.webp
Soyisoflavon Kapsul,Soya Isoflavones 40mg,"Menopause, hot flash, kesehatan wanita",Jarang,Suplemen,Blackmores,false,true,menopause; hot flash; isoflavon,Gunakan sesuai petunjuk pada kemasan. Jika sakit berlanjut hubungi dokter.,115000,123,/static/medicines/Soyisoflavon Kapsul.svg
Eve Primrose Oil Kapsul,Gamma Linolenic Acid 45mg,"PMS, nyeri haid, hormonal balance","Jarang, sakit kepala ringan",Suplemen,Blackmores,false,true,PMS; nyeri haid hormonal; evening primrose,Gunakan sesuai petunjuk pada kemasan. Jika sakit berlanjut hubungi dokter.,95000,112,/static/medicines/Eve Primrose Oil Kapsul.webp
Vitex Agnus Castus,Vitex Agnus Castus Extract 400mg,"Ketidakseimbangan hormon wanita, PMS",Jarang,Herbal & Tradisional,Vitarich,false,true,hormonal wanita; PMS parah; vitex,Gunakan sesuai petunjuk pada kemasan. Jika sakit berlanjut hubungi dokter.,85000,189,/static/medicines/Vitex Agnus Castus.webp
Calcium Pantothenate,Calcium Pantothenate 500mg (Vit B5),"Metabolisme, kesehatan kulit dan rambut",Jarang,Suplemen,Generic,false,true,vitamin b5; kulit; metabolisme,Gunakan sesuai petunjuk pada kemasan. Jika sakit berlanjut hubungi dokter.,25000,107,/static/medicines/Calcium Pantothenate.webp
Iron Chelate Kapsul,Ferrous Bisglycinate 25mg,Anemia tanpa efek sembelit,"Lebih mahal, jarang",Suplemen,Jarrow,false,true,anemia; zat besi lembut; hamil,Gunakan sesuai petunjuk pada kemasan. Jika sakit berlanjut hubungi dokter.,85000,136,/static/medicines/Iron Chelate Kapsul.webp
Melatonin 3mg Tablet,Melatonin 3mg,"Insomnia, jet lag, gangguan tidur","Mengantuk, mimpi vivid",Suplemen,Blackmores,false,true,insomnia; susah tidur; jet lag,Gunakan sesuai petunjuk pada kemasan. Jika sakit berlanjut hubungi dokter.,95000,106,/static/medicines/Melatonin 3mg Tablet.webp
Passiflora Kapsul,Passiflora incarnata 400mg,Cemas ringan dan gangguan tidur herbal,Mengantuk,Herbal & Tradisional,Vitarich,false,true,cemas; susah tidur; herbal relaksasi,Gunakan sesuai petunjuk pada kemasan. Jika sakit berlanjut hubungi dokter.,65000,167,/static/medicines/Passiflora Kapsul.webp
Valerian Root Kapsul,Valeriana officinalis 300mg,"Insomnia herbal, cemas",Mengantuk siang,Herbal & Tradisional,Blackmores,false,true,insomnia herbal; valerian; relaksasi,Gunakan sesuai petunjuk pada kemasan. Jika sakit berlanjut hubungi dokter.,85000,132,/static/medicines/Valerian Root Kapsul.webp
Diphenhydramine Tablet 25mg,Diphenhydramine HCl 25mg,"Gangguan tidur, antihistamin","Sangat mengantuk, mulut kering",Alergi & Gatal,Generic,false,true,susah tidur; insomnia ringan; antihistamin,Gunakan sesuai petunjuk pada kemasan. Jika sakit berlanjut hubungi dokter.,5000,167,/static/medicines/Diphenhydramine Tablet 25mg.webp
Enterogermina Oral Suspension,Bacillus clausii 2 billion/5ml,"Diare akut, pemulihan antibiotik",Jarang,Pencernaan & Diare,Sanofi,false,true,probiotik spore; diare antibiotik; pemulihan,Gunakan sesuai petunjuk pada kemasan. Jika sakit berlanjut hubungi dokter.,55000,171,/static/medicines/Enterogermina Oral Suspension.webp
Bio Lacto B Drops,Lactobacillus acidophilus drops bayi,"Kolik, diare bayi, imun saluran cerna bayi",Jarang,Pencernaan & Diare,Novell,false,true,kolik bayi; probiotik drops bayi,Gunakan sesuai petunjuk pada kemasan. Jika sakit berlanjut hubungi dokter.,95000,112,/static/medicines/Bio Lacto B Drops.webp
Simethicone Tablet 40mg,Simethicone 40mg,Kembung dan gas berlebih generik murah,Jarang,Pencernaan & Diare,Generic,false,true,kembung generik; gas perut; anak kembung,Gunakan sesuai petunjuk pada kemasan. Jika sakit berlanjut hubungi dokter.,3000,166,/static/medicines/Simethicone Tablet 40mg.webp
Domperidone Tablet 10mg,Domperidone 10mg,"Mual, muntah, lambung lambat","Sakit kepala, galaktore (jarang)",Lambung & Maag,Generic,false,true,mual; muntah; lambung lambat; motilitas,Gunakan sesuai petunjuk pada kemasan. Jika sakit berlanjut hubungi dokter.,12000,155,/static/medicines/Domperidone Tablet 10mg.webp
Ondansetron Tablet 4mg,Ondansetron HCl 4mg,"Mual muntah kehamilan, pasca kemo","Sakit kepala, konstipasi",Pencernaan & Diare,Generic,false,true,mual muntah kehamilan; morning sickness,Gunakan sesuai petunjuk pada kemasan. Jika sakit berlanjut hubungi dokter.,22000,118,/static/medicines/Ondansetron Tablet 4mg.webp
Hyoscine Tablet 10mg,Hyoscine Butylbromide 10mg,"Kram perut, kolik, nyeri spasmodik","Mulut kering, sembelit",Pencernaan & Diare,Generic,false,true,kram perut; kolik; perut kejang,Gunakan sesuai petunjuk pada kemasan. Jika sakit berlanjut hubungi dokter.,8000,97,/static/medicines/Hyoscine Tablet 10mg.webp
Cisapride Tablet,Cisapride 5mg,"Lambung kosong lambat, GERD ringan",Palpitasi (jangan dg aritmia),Lambung & Maag,Janssen,false,true,lambung lambat; kembung; dispepsia,Gunakan sesuai petunjuk pada kemasan. Jika sakit berlanjut hubungi dokter.,35000,111,/static/medicines/Cisapride Tablet.webp
Activated Charcoal Kapsul,Karbon aktif 250mg kapsul,"Keracunan, kembung berlebih kapsul",Feses hitam,Pencernaan & Diare,Generic,false,true,keracunan makanan; mual keracunan; norit kapsul,Gunakan sesuai petunjuk pada kemasan. Jika sakit berlanjut hubungi dokter.,8000,184,/static/medicines/Activated Charcoal Kapsul.webp
Bifodan Kapsul,"Bifidobacterium, Lactobacillus probiotik","Keseimbangan flora usus, IBS",Jarang,Pencernaan & Diare,Soho,false,true,IBS; usus sensitif; probiotik premium,Gunakan sesuai petunjuk pada kemasan. Jika sakit berlanjut hubungi dokter.,65000,176,/static/medicines/Bifodan Kapsul.webp
Lactulose Sirup,Lactulose 3.35g/5ml,Sembelit kronis dan ensefalopati hepatik,"Kembung, kram",Pencernaan & Diare,Abbott,false,true,sembelit kronis; bab tidak lancar; lactulose,Gunakan sesuai petunjuk pada kemasan. Jika sakit berlanjut hubungi dokter.,45000,83,/static/medicines/Lactulose Sirup.webp
Bisacodyl Suppositoria Anak,Bisacodyl 5mg suppositoria,Sembelit anak segera,"Kram perut, iritasi lokal",Pencernaan & Diare,Generic,false,true,sembelit bayi; anak tidak bisa bab; pencahar instan,Gunakan sesuai petunjuk pada kemasan. Jika sakit berlanjut hubungi dokter.,15000,122,/static/medicines/Bisacodyl Suppositoria Anak.webp
Clindamycin Gel 1%,Clindamycin Phosphate 1%,Jerawat meradang topikal,Kulit kering,Obat Kulit & Luka,Generic,false,true,jerawat meradang gel; acne gel,Gunakan sesuai petunjuk pada kemasan. Jika sakit berlanjut hubungi dokter.,22000,151,/static/medicines/Clindamycin Gel 1%.webp
Nicotinamide Gel,Niacinamide 4%,"Pori besar, produksi sebum berlebih",Jarang,Obat Kulit & Luka,Galderma,false,true,pori-pori besar; minyak wajah; niacinamide,Gunakan sesuai petunjuk pada kemasan. Jika sakit berlanjut hubungi dokter.,85000,150,/static/medicines/Nicotinamide Gel.webp
Salicylic Acid 2% Gel,Salicylic Acid 2% gel,"Komedo, jerawat ringan, kulit berminyak","Kulit kering, perih",Obat Kulit & Luka,Generic,false,true,komedo; jerawat ringan; SA gel,Gunakan sesuai petunjuk pada kemasan. Jika sakit berlanjut hubungi dokter.,18000,149,/static/medicines/Salicylic Acid 2% Gel.webp
Benzoyl Peroxide 5% Gel,Benzoyl Peroxide 5%,Jerawat sedang membandel,"Kulit kering parah, mengelupas",Obat Kulit & Luka,Stiefel,false,true,jerawat bandel; bp5; benzoyl peroxide,Gunakan sesuai petunjuk pada kemasan. Jika sakit berlanjut hubungi dokter.,35000,138,/static/medicines/Benzoyl Peroxide 5% Gel.webp
Fluocinolone Cream 0.025%,Fluocinolone Acetonide 0.025%,"Eksim, psoriasis, lichen",Penipisan kulit,Obat Kulit & Luka,Generic,false,true,eksim kronis; psoriasis ringan,Gunakan sesuai petunjuk pada kemasan. Jika sakit berlanjut hubungi dokter.,18000,111,/static/medicines/Fluocinolone Cream 0.025%.webp
Gentamicin Eye Drops,Gentamicin Sulfate 0.3% tetes mata,Konjungtivitis bakteri,Iritasi mata,Mata & Telinga,Generic,false,true,belekan; mata bernanah; konjungtivitis,Gunakan sesuai petunjuk pada kemasan. Jika sakit berlanjut hubungi dokter.,18000,90,/static/medicines/Gentamicin Eye Drops.webp
Kloramfenikol Tetes Mata,Chloramphenicol 0.5%,Belekan bakteri mata generik,Pandangan kabur sementara,Mata & Telinga,Generic,false,true,belekan murah; mata bernanah generik,Gunakan sesuai petunjuk pada kemasan. Jika sakit berlanjut hubungi dokter.,8000,129,/static/medicines/Kloramfenikol Tetes Mata.webp
Silver Sulfadiazine Cream 1%,Silver Sulfadiazine 1%,"Luka bakar, luka infeksi kronis","Iritasi lokal, bercak hitam",Obat Kulit & Luka,Generic,false,true,luka bakar generik; silver sulfadiazine,Gunakan sesuai petunjuk pada kemasan. Jika sakit berlanjut hubungi dokter.,35000,124,/static/medicines/Silver Sulfadiazine Cream 1%.webp
Antimo Tablet,"Diphenhydramine HCl 25mg, Caffeine 20mg",Mabuk perjalanan,Mengantuk atau justru antri tidur,Obat Batuk,Phapros,false,true,mabuk darat; mabuk perjalanan; mabuk laut,Gunakan sesuai petunjuk pada kemasan. Jika sakit berlanjut hubungi dokter.,5000,182,/static/medicines/Antimo Tablet.webp
Antimo Anak Sirup,Diphenhydramine HCl sirup anak,Mabuk perjalanan anak,Mengantuk,Obat Batuk,Phapros,false,true,mabuk perjalanan anak; mabuk mobil anak,Gunakan sesuai petunjuk pada kemasan. Jika sakit berlanjut hubungi dokter.,15000,124,/static/medicines/Antimo Anak Sirup.webp
Scopola Tablet,Dimenhydrinate 50mg,Mabuk perjalanan dewasa,"Sangat mengantuk, mulut kering",Obat Batuk,Kimia Farma,false,true,mabuk laut; mabuk udara,Gunakan sesuai petunjuk pada kemasan. Jika sakit berlanjut hubungi dokter.,5000,150,/static/medicines/Scopola Tablet.webp
Prochlorperazine Tablet,Prochlorperazine 5mg,"Mual muntah, vertigo","Mengantuk, extrapyramidal",Pencernaan & Diare,Generic,false,true,vertigo; mual muntah; prochlorperazine,Gunakan sesuai petunjuk pada kemasan. Jika sakit berlanjut hubungi dokter.,12000,169,/static/medicines/Prochlorperazine Tablet.webp
Betahistine Tablet,Betahistine HCl 8mg,"Vertigo (Meniere's), tinnitus","Sakit kepala, mual ringan",Pencernaan & Diare,Generic,false,true,vertigo; meniere; telinga berdenging,Gunakan sesuai petunjuk pada kemasan. Jika sakit berlanjut hubungi dokter.,18000,175,/static/medicines/Betahistine Tablet.webp
Cinnarizine Tablet 25mg,Cinnarizine 25mg,"Vertigo, mabuk perjalanan, pusing berputar","Mengantuk, mulut kering",Obat Batuk,Generic,false,true,vertigo; pusing berputar; cinnarizine,Gunakan sesuai petunjuk pada kemasan. Jika sakit berlanjut hubungi dokter.,5000,116,/static/medicines/Cinnarizine Tablet 25mg.webp
Flunarizine Kapsul 5mg,Flunarizine 5mg,"Migrain profilaktik, vertigo","Mengantuk, depresi",Nyeri & Demam,Generic,false,true,pencegahan migrain; vertigo kronis,Gunakan sesuai petunjuk pada kemasan. Jika sakit berlanjut hubungi dokter.,18000,86,/static/medicines/Flunarizine Kapsul 5mg.webp
ORS Sachets Oralit WHO,"NaCl 3.5g, KCl 1.5g, Glukosa 20g, NaHCO3",Rehidrasi standar WHO,Mual bila cepat,Pencernaan & Diare,Generic,false,true,oralit who; dehidrasi; elektrolit,Gunakan sesuai petunjuk pada kemasan. Jika sakit berlanjut hubungi dokter.,1500,82,/static/medicines/ORS Sachets Oralit WHO.webp
Bioron Tablet,"Boron 3mg, Calcium, Vitamin D3",Kesehatan tulang dan sendi,Jarang,Suplemen,Vitarich,false,true,tulang; sendi; osteoporosis pencegahan,Gunakan sesuai petunjuk pada kemasan. Jika sakit berlanjut hubungi dokter.,55000,187,/static/medicines/Bioron Tablet.webp
Chondroitin Kapsul,Chondroitin Sulfate 400mg,Kesehatan sendi dan tulang rawan,Mual ringan,Nyeri & Demam,Generic,false,true,sendi aus; lutut nyeri; tulang rawan,Gunakan sesuai petunjuk pada kemasan. Jika sakit berlanjut hubungi dokter.,65000,102,/static/medicines/Chondroitin Kapsul.webp
Atorvastatin 10mg,Atorvastatin Calcium 10mg,Kolesterol tinggi (Perlu resep dokter),"Nyeri otot, hati",Suplemen,Generic,false,true,kolesterol; lemak darah; statin,Gunakan sesuai petunjuk pada kemasan. Jika sakit berlanjut hubungi dokter.,22000,112,/static/medicines/Atorvastatin 10mg.webp
Acarbose Tablet,Acarbose 50mg,Diabetes tipe 2 (Perlu resep),"Kembung, diare",Herbal & Tradisional,Generic,false,true,diabetes; gula darah; acarbose,Gunakan sesuai petunjuk pada kemasan. Jika sakit berlanjut hubungi dokter.,15000,113,/static/medicines/Acarbose Tablet.webp
Glibenclamide Tablet,Glibenclamide 5mg,Diabetes tipe 2 (Perlu resep),Hipoglikemia,Herbal & Tradisional,Generic,false,true,diabetes; gula darah; sulfonilurea,Gunakan sesuai petunjuk pada kemasan. Jika sakit berlanjut hubungi dokter.,5000,126,/static/medicines/Glibenclamide Tablet.webp
Metformin Tablet 500mg,Metformin HCl 500mg,Diabetes tipe 2 (Perlu resep),"Mual, diare GI",Herbal & Tradisional,Generic,false,true,diabetes; gula darah; metformin,Gunakan sesuai petunjuk pada kemasan. Jika sakit berlanjut hubungi dokter.,5000,85,/static/medicines/Metformin Tablet 500mg.webp
Amlodipine Tablet 5mg,Amlodipine Besylate 5mg,"Hipertensi, angina (Perlu resep)","Kaki bengkak, kemerahan wajah",Herbal & Tradisional,Generic,false,true,tekanan darah tinggi; hipertensi; CCB,Gunakan sesuai petunjuk pada kemasan. Jika sakit berlanjut hubungi dokter.,8000,98,/static/medicines/Amlodipine Tablet 5mg.webp
Captopril Tablet 25mg,Captopril 25mg,"Hipertensi, gagal jantung (Perlu resep)","Batuk kering, hipotensi",Herbal & Tradisional,Generic,false,true,hipertensi; ACE inhibitor,Gunakan sesuai petunjuk pada kemasan. Jika sakit berlanjut hubungi dokter.,5000,144,/static/medicines/Captopril Tablet 25mg.webp
Simvastatin Tablet 10mg,Simvastatin 10mg,Kolesterol (Perlu resep),"Nyeri otot, hati",Herbal & Tradisional,Generic,false,true,kolesterol; simvastatin; lemak darah,Gunakan sesuai petunjuk pada kemasan. Jika sakit berlanjut hubungi dokter.,5000,106,/static/medicines/Simvastatin Tablet 10mg.webp
Candesartan Tablet,Candesartan Cilexetil 8mg,"Hipertensi, perlindungan ginjal (Perlu resep)","Pusing, hipotensi",Herbal & Tradisional,Generic,false,true,hipertensi; ARB; tekanan darah tinggi,Gunakan sesuai petunjuk pada kemasan. Jika sakit berlanjut hubungi dokter.,18000,130,/static/medicines/Candesartan Tablet.webp
Lisinopril Tablet 5mg,Lisinopril 5mg,"Hipertensi, gagal jantung (Perlu resep)","Batuk kering, hipotensi",Herbal & Tradisional,Generic,false,true,tekanan darah; ACE inhibitor; jantung,Gunakan sesuai petunjuk pada kemasan. Jika sakit berlanjut hubungi dokter.,8000,110,/static/medicines/Lisinopril Tablet 5mg.webp
Salbutamol Inhaler,Salbutamol 100mcg/dosis MDI,Asma akut dan PPOK (perlu resep di sebagian apotek),"Berdebar, tremor tangan",Perawatan Hidung & Pernapasan,GSK,false,true,asma; sesak napas; bronkodilator; inhaler,Gunakan sesuai petunjuk pada kemasan. Jika sakit berlanjut hubungi dokter.,55000,137,/static/medicines/Salbutamol Inhaler.webp
Ventolin Inhaler,Salbutamol 100mcg/dosis,Asma dan PPOK,"Berdebar, tremor",Perawatan Hidung & Pernapasan,GSK,false,true,asma; ventolin; bronkodilator,Gunakan sesuai petunjuk pada kemasan. Jika sakit berlanjut hubungi dokter.,85000,104,/static/medicines/Ventolin Inhaler.webp
Formoterol Inhaler,Formoterol 12mcg/dosis,Asma maintenance (perlu resep),"Berdebar, kram otot",Perawatan Hidung & Pernapasan,AstraZeneca,false,true,asma maintenance; PPOK; LABA,Gunakan sesuai petunjuk pada kemasan. Jika sakit berlanjut hubungi dokter.,125000,137,/static/medicines/Formoterol Inhaler.webp
Symbicort Inhaler,Budesonide + Formoterol MDI,Asma dan PPOK kombinasi (perlu resep),"Sariawan mulut, berdebar",Perawatan Hidung & Pernapasan,AstraZeneca,false,true,asma berat; PPOK kombinasi; symbicort,Gunakan sesuai petunjuk pada kemasan. Jika sakit berlanjut hubungi dokter.,350000,183,/static/medicines/Symbicort Inhaler.webp
Combivent MDI,Salbutamol + Ipratropium,"PPOK, asma berat (perlu resep)","Berdebar, mulut kering",Perawatan Hidung & Pernapasan,Boehringer,false,true,PPOK; asma berat; bronkodilator ganda,Gunakan sesuai petunjuk pada kemasan. Jika sakit berlanjut hubungi dokter.,145000,135,/static/medicines/Combivent MDI.webp
Mucolite Kapsul,Erdosteine 300mg,"Batuk PPOK, bronkitis kronis",Mual,Obat Batuk,Menarini,false,true,PPOK; bronkitis kronis; erdosteine,Gunakan sesuai petunjuk pada kemasan. Jika sakit berlanjut hubungi dokter.,45000,167,/static/medicines/Mucolite Kapsul.webp
Spiriva Handihaler,Tiotropium Bromide 18mcg,PPOK maintenance (perlu resep),"Mulut kering, retensi urin",Perawatan Hidung & Pernapasan,Boehringer,false,true,PPOK maintenance; tiotropium; anticholinergik,Gunakan sesuai petunjuk pada kemasan. Jika sakit berlanjut hubungi dokter.,250000,165,/static/medicines/Spiriva Handihaler.webp
Budesonide Nasal Spray,Budesonide 64mcg/dosis,Rinitis alergi kronis,"Mimisan, iritasi hidung",Perawatan Hidung & Pernapasan,Generic,false,true,rinitis alergi; hidung meler kronis; steroid nasal,Gunakan sesuai petunjuk pada kemasan. Jika sakit berlanjut hubungi dokter.,65000,143,/static/medicines/Budesonide Nasal Spray.webp
Mometasone Nasal Spray,Mometasone Furoate 50mcg,"Rinitis alergi, polip hidung","Mimisan, iritasi",Perawatan Hidung & Pernapasan,Generic,false,true,rinitis alergi; polip; nasonex generik,Gunakan sesuai petunjuk pada kemasan. Jika sakit berlanjut hubungi dokter.,85000,83,/static/medicines/Mometasone Nasal Spray.webp
Xyzal Tablet 5mg,Levocetirizine HCl 5mg,Alergi generasi ketiga tanpa kantuk,Mengantuk minimal,Alergi & Gatal,UCB,false,true,alergi terkini; antihistamin baru; gatal,Gunakan sesuai petunjuk pada kemasan. Jika sakit berlanjut hubungi dokter.,65000,177,/static/medicines/Xyzal Tablet 5mg.webp
Bilastine Tablet 20mg,Bilastine 20mg,Rinitis alergi dan urtikaria tanpa kantuk,Jarang,Alergi & Gatal,Menarini,false,true,alergi tanpa kantuk premium; urtikaria,Gunakan sesuai petunjuk pada kemasan. Jika sakit berlanjut hubungi dokter.,85000,177,/static/medicines/Bilastine Tablet 20mg.webp
Rupatadine Tablet 10mg,Rupatadine 10mg,Rinitis alergi dan urtikaria kronis,Mengantuk ringan,Alergi & Gatal,Menarini,false,true,alergi kronis; urtikaria; anti-PAF,Gunakan sesuai petunjuk pada kemasan. Jika sakit berlanjut hubungi dokter.,75000,151,/static/medicines/Rupatadine Tablet 10mg.webp
Pheniramine Maleate Tablet,Pheniramine Maleate 25mg,Alergi dan rhinitis generasi 1,Sangat mengantuk,Alergi & Gatal,Generic,false,true,alergi murah; gatal; rhinitis,Gunakan sesuai petunjuk pada kemasan. Jika sakit berlanjut hubungi dokter.,4000,148,/static/medicines/Pheniramine Maleate Tablet.webp
Betadine Feminine Wash,Povidone Iodine 10% sabun wanita,Kebersihan area kewanitaan,Iritasi lokal (gunakan sesuai petunjuk),Obat Kulit & Luka,Mundipharma,false,true,keputihan; gatal area wanita; vaginal wash,Gunakan sesuai petunjuk pada kemasan. Jika sakit berlanjut hubungi dokter.,28000,131,/static/medicines/Betadine Feminine Wash.webp
Carefree Pantyliner,Non-medicated pantyliner,Kelembaban harian wanita,Alergi (jarang),Suplemen,J&J,false,true,pantyliner; wanita; kebersihan,Gunakan sesuai petunjuk pada kemasan. Jika sakit berlanjut hubungi dokter.,15000,137,/static/medicines/Carefree Pantyliner.webp
Canesten Krim Vaginal,Clotrimazole 1% krim vaginal,"Kandidiasis vaginal, gatal keputihan",Iritasi lokal,Antijamur & Kulit,Bayer,false,true,jamur vaginal; keputihan berbau; gatal intim,Gunakan sesuai petunjuk pada kemasan. Jika sakit berlanjut hubungi dokter.,55000,119,/static/medicines/Canesten Krim Vaginal.webp
Betadine Feminine Gel,Povidone Iodine 10% gel intim,Keputihan dan kebersihan intim gel,Iritasi,Obat Kulit & Luka,Mundipharma,false,true,keputihan gel; gatal intim,Gunakan sesuai petunjuk pada kemasan. Jika sakit berlanjut hubungi dokter.,35000,92,/static/medicines/Betadine Feminine Gel.webp
Gynecosid Tablet,Methylergometrine 0.125mg,"Perdarahan post-partum, haid tidak teratur","Mual, berdebar (jarang tanpa resep)",Suplemen,Generic,false,true,perdarahan; haid tidak lancar; methylergometrine,Gunakan sesuai petunjuk pada kemasan. Jika sakit berlanjut hubungi dokter.,15000,128,/static/medicines/Gynecosid Tablet.webp
Mefenamic Forte 500mg,Mefenamic Acid 500mg,"Nyeri haid berat, nyeri akut",Iritasi lambung parah,Nyeri & Demam,Sanbe Farma,false,true,nyeri haid berat; dismenore; mefenamat,Gunakan sesuai petunjuk pada kemasan. Jika sakit berlanjut hubungi dokter.,15000,186,/static/medicines/Mefenamic Forte 500mg.webp
Ibuprofen 400mg Tablet,Ibuprofen 400mg,"Nyeri sedang, haid, gigi, radang sendi",Nyeri lambung lebih,Nyeri & Demam,Generic,false,true,nyeri sedang; ibuprofen 400; haid,Gunakan sesuai petunjuk pada kemasan. Jika sakit berlanjut hubungi dokter.,8000,139,/static/medicines/Ibuprofen 400mg Tablet.webp
Ibuprofen 200mg Strip,Ibuprofen 200mg strip 4s,Nyeri ringan praktis,Nyeri lambung,Nyeri & Demam,Generic,false,true,nyeri ringan strip; ibuprofen murah,Gunakan sesuai petunjuk pada kemasan. Jika sakit berlanjut hubungi dokter.,4000,190,/static/medicines/Ibuprofen 200mg Strip.webp
Aspirin 500mg Tablet,Acetylsalicylic Acid 500mg,"Nyeri dan demam dewasa, anti platelet","Perdarahan GI, asma aspirin",Nyeri & Demam,Bayer,false,true,aspirin; anti nyeri; anti demam,Gunakan sesuai petunjuk pada kemasan. Jika sakit berlanjut hubungi dokter.,8000,180,/static/medicines/Aspirin 500mg Tablet.webp
Aspirin 80mg Kardio,Acetylsalicylic Acid 80mg,Pencegahan serangan jantung/stroke (resep),Perdarahan lambung,Herbal & Tradisional,Bayer,false,true,aspirin jantung; anti platelet; pencegahan stroke,Gunakan sesuai petunjuk pada kemasan. Jika sakit berlanjut hubungi dokter.,15000,144,/static/medicines/Aspirin 80mg Kardio.webp
Codein Fosfat Tablet,Codeine Phosphate 10mg,Batuk keras (perlu resep narkotika),"Sembelit, mengantuk, adiksi",Obat Batuk,Generic,false,true,batuk berdahak keras; opioid batuk,Gunakan sesuai petunjuk pada kemasan. Jika sakit berlanjut hubungi dokter.,8000,176,/static/medicines/Codein Fosfat Tablet.webp
Pseudoephedrine Tablet,Pseudoephedrine HCl 30mg,"Hidung tersumbat berat, sinusitis","Berdebar, insomnia",Flu & Pilek,Generic,false,true,hidung mampet; sinusitis; pseudoefedrin,Gunakan sesuai petunjuk pada kemasan. Jika sakit berlanjut hubungi dokter.,8000,106,/static/medicines/Pseudoephedrine Tablet.webp
Cetirizine 5mg Tablet,Cetirizine HCl 5mg (dosis anak-remaja),Alergi anak lebih besar,Mengantuk ringan,Alergi & Gatal,Generic,false,true,alergi anak 6-12; cetirizine setengah,Gunakan sesuai petunjuk pada kemasan. Jika sakit berlanjut hubungi dokter.,5000,89,/static/medicines/Cetirizine 5mg Tablet.webp
Loratadine Sirup 60ml,Loratadine 5mg/5ml sirup,Alergi anak tanpa kantuk berat sirup,Mulut kering,Alergi & Gatal,Generic,false,true,alergi anak sirup; biduran anak sirup,Gunakan sesuai petunjuk pada kemasan. Jika sakit berlanjut hubungi dokter.,22000,151,/static/medicines/Loratadine Sirup 60ml.webp
Diphenhydramine Sirup,Diphenhydramine HCl 12.5mg/5ml,"Batuk alergi anak, rinitis alergi",Sangat mengantuk,Obat Batuk,Generic,false,true,batuk alergi anak; benadryl generik,Gunakan sesuai petunjuk pada kemasan. Jika sakit berlanjut hubungi dokter.,15000,101,/static/medicines/Diphenhydramine Sirup.webp
Chlorpheniramine Sirup,CTM 2mg/5ml,Alergi anak generasi pertama murah,Sangat mengantuk,Alergi & Gatal,Generic,false,true,alergi anak murah; CTM sirup,Gunakan sesuai petunjuk pada kemasan. Jika sakit berlanjut hubungi dokter.,10000,175,/static/medicines/Chlorpheniramine Sirup.webp
Promethazine Tablet 25mg,Promethazine HCl 25mg,"Alergi berat, mabuk, mual, insomnia","Sangat mengantuk, mulut kering",Alergi & Gatal,Generic,false,true,alergi parah; mabuk; prometazin,Gunakan sesuai petunjuk pada kemasan. Jika sakit berlanjut hubungi dokter.,5000,110,/static/medicines/Promethazine Tablet 25mg.webp
Dexamethasone Tablet 0.5mg,Dexamethasone 0.5mg,"Radang berat, alergi berat (Perlu resep)","Cushing, imuno-supresi",Alergi & Gatal,Generic,false,true,radang berat; alergi parah; steroid,Gunakan sesuai petunjuk pada kemasan. Jika sakit berlanjut hubungi dokter.,3000,170,/static/medicines/Dexamethasone Tablet 0.5mg.webp
Methylprednisolone Tablet 4mg,Methylprednisolone 4mg,"Radang, alergi berat (Perlu resep)","Berat badan naik, ulkus",Alergi & Gatal,Generic,false,true,radang sendi; alergi sistemik; methylpred,Gunakan sesuai petunjuk pada kemasan. Jika sakit berlanjut hubungi dokter.,8000,178,/static/medicines/Methylprednisolone Tablet 4mg.webp
Prednisone Tablet 5mg,Prednisone 5mg,"Asma, rematik, alergi berat (Perlu resep)","Cushing, katarak",Alergi & Gatal,Generic,false,true,asma; rematik; prednison,Gunakan sesuai petunjuk pada kemasan. Jika sakit berlanjut hubungi dokter.,5000,142,/static/medicines/Prednisone Tablet 5mg.webp
Intunal Tablet,"Paracetamol 500mg, Phenylpropanolamine HCl 15mg","Flu, sakit kepala, demam, hidung tersumbat","Mengantuk ringan, mulut kering",Flu & Pilek,Meprofarm,false,true,flu berat; sakit kepala flu; intunal,Gunakan sesuai petunjuk pada kemasan. Jika sakit berlanjut hubungi dokter.,12000,172,/static/medicines/Intunal Tablet.webp
Vfresh Sirup,"Guaifenesin 50mg/5ml, Salbutamol 1mg/5ml","Vfresh adalah minyak angin aromaterapi dalam bentuk roll on yang praktis. Memberikan sensasi segar dan hangat untuk meredakan pusing, mual, dan masuk angin. Dapat diaplikasikan langsung ke kulit.","Berdebar ringan, tremor",Obat Batuk,Pharos,false,true,batuk dahak mengi; vfresh sirup,Gunakan sesuai petunjuk pada kemasan. Jika sakit berlanjut hubungi dokter.,35000,83,/static/medicines/Vfresh Sirup.webp
Vegeta Kapsul,"Vitamin A, B1, B2, B6, B12, C, D, E, Nicotinamide, Ca, Fe, Zn, Mg",Suplemen multivitamin mineral lengkap,Jarang,Suplemen,Sanbe Farma,false,true,multivitamin; suplemen lengkap; vegeta,Gunakan sesuai petunjuk pada kemasan. Jika sakit berlanjut hubungi dokter.,45000,94,/static/medicines/Vegeta Kapsul.svg
Vegeta Junior Tablet Hisap,Multivitamin Mineral anak rasa buah,Suplemen pertumbuhan anak,Jarang,Suplemen,Sanbe Farma,false,true,vitamin anak; multivitamin hisap; tumbuh kembang,Gunakan sesuai petunjuk pada kemasan. Jika sakit berlanjut hubungi dokter.,35000,136,/static/medicines/Vegeta Junior Tablet Hisap.webp
Vegeta Herbal,Multivitamin Mineral Ibu Hamil,Vegeta Herbal digunakan sebagai minuman herbal serat untuk membantu melancarkan pencernaan dan menjaga kesehatan tubuh.,Mual ringan,Suplemen,Sanbe Farma,false,true,vitamin hamil; kehamilan; multivitamin bumil,Gunakan sesuai petunjuk pada kemasan. Jika sakit berlanjut hubungi dokter.,55000,186,/static/medicines/Vegeta Herbal.webp
Enervon C Tablet,"Vitamin C 500mg, B Kompleks, Zinc",Energi dan imun vitamin C plus B kompleks,Urin kuning,Suplemen,Combiphar,false,true,energi; vitamin C; imun tubuh,Gunakan sesuai petunjuk pada kemasan. Jika sakit berlanjut hubungi dokter.,35000,113,/static/medicines/Enervon C Tablet.webp
Enervon Active Effervescent,"Vitamin C 1000mg, B Kompleks, Zinc effervescent",Imun dan energi sachet effervescent,Kembung ringan,Suplemen,Combiphar,false,true,imun effervescent; antioksidan vitamin C,Gunakan sesuai petunjuk pada kemasan. Jika sakit berlanjut hubungi dokter.,50000,90,/static/medicines/Enervon Active Effervescent.webp
Hemaviton Action Kapsul,"Vitamin B Kompleks, E, Ginseng, Guarana","Stamina pria, energi, vitalitas",Insomnia (malam),Suplemen,Kalbe,false,true,stamina pria; vitalitas; energi pria,Gunakan sesuai petunjuk pada kemasan. Jika sakit berlanjut hubungi dokter.,45000,80,/static/medicines/Hemaviton Action Kapsul.webp
Hemaviton Energy Drink,"B Kompleks, C, Kafein, Taurin",Stamina cair instan,"Berdebar, insomnia",Suplemen,Kalbe,false,true,minuman energi; stamina instan,Gunakan sesuai petunjuk pada kemasan. Jika sakit berlanjut hubungi dokter.,12000,119,/static/medicines/Hemaviton Energy Drink.webp
Fatigon Tablet,"Vitamin B1, B2, B6, B12, Ca Pantothenate",Suplemen energi harian,Urin kuning,Suplemen,Kalbe,false,true,energi murah; vitamin b kompleks; fatigon,Gunakan sesuai petunjuk pada kemasan. Jika sakit berlanjut hubungi dokter.,3000,151,/static/medicines/Fatigon Tablet.webp
Cavit D3 Kapsul,Vitamin D3 400 IU,Tulang dan imun anak sampai dewasa,Toksisitas (kelebihan dosis),Suplemen,Pharos,false,true,vitamin d kapsul; tulang; imun,Gunakan sesuai petunjuk pada kemasan. Jika sakit berlanjut hubungi dokter.,18000,152,/static/medicines/Cavit D3 Kapsul.webp
Cavit D3 Sirup,Vitamin D3 400 IU/ml tetes,Vitamin D bayi dan anak tetes,Toksisitas dosis berlebih,Suplemen,Pharos,false,true,vitamin d bayi; tetes vitamin d; kalsium,Gunakan sesuai petunjuk pada kemasan. Jika sakit berlanjut hubungi dokter.,45000,123,/static/medicines/Cavit D3 Sirup.webp
Natalac 500mg Tablet,Calcium Laktat 500mg,"Kalsium tulang, kehamilan, laktasi",Sembelit ringan,Suplemen,Kimia Farma,false,true,kalsium; tulang; hamil,Gunakan sesuai petunjuk pada kemasan. Jika sakit berlanjut hubungi dokter.,8000,149,/static/medicines/Natalac 500mg Tablet.webp
Calcigran Sirup,"Calcium, Vitamin D, Vitamin C, B6",Pertumbuhan tinggi anak,Jarang,Suplemen,Soho,false,true,tinggi anak; kalsium anak; vitamin pertumbuhan,Gunakan sesuai petunjuk pada kemasan. Jika sakit berlanjut hubungi dokter.,55000,102,/static/medicines/Calcigran Sirup.webp
Becom C Tablet,"Vitamin B Kompleks, C, E, Zinc",Suplemen harian keluarga,Urin kuning,Suplemen,Novell,false,true,vitamin keluarga; becom c; suplemen harian,Gunakan sesuai petunjuk pada kemasan. Jika sakit berlanjut hubungi dokter.,25000,127,/static/medicines/Becom C Tablet.webp
Becom Z Kapsul,"Vitamin B Kompleks, C, Zinc",Imun dan metabolisme Zinc plus vitamin,Mual perut kosong,Suplemen,Novell,false,true,imun zinc; vitamin lengkap murah,Gunakan sesuai petunjuk pada kemasan. Jika sakit berlanjut hubungi dokter.,30000,145,/static/medicines/Becom Z Kapsul.webp
Yusimox Kapsul,Amoxicillin 500mg,Infeksi bakteri resep dokter,"Alergi, diare",Obat Kulit & Luka,Yusuf Medika,false,true,infeksi; amoxicillin merk yusimox,Gunakan sesuai petunjuk pada kemasan. Jika sakit berlanjut hubungi dokter.,22000,80,/static/medicines/Yusimox Kapsul.webp
Rhinos Neo Sirup,"Pseudoephedrine, Chlorpheniramine, Paracetamol","Flu anak, pilek, demam",Mengantuk,Flu & Pilek,Mersi,false,true,flu anak; pilek demam anak,Gunakan sesuai petunjuk pada kemasan. Jika sakit berlanjut hubungi dokter.,25000,106,/static/medicines/Rhinos Neo Sirup.webp
Bodrexin Tablet,"Paracetamol 500mg, Caffeine 50mg",Sakit kepala migrain ringan plus kafein,"Berdebar, gelisah",Nyeri & Demam,Takeda,false,true,sakit kepala; migrain ringan; bodrexin,Gunakan sesuai petunjuk pada kemasan. Jika sakit berlanjut hubungi dokter.,8000,113,/static/medicines/Bodrexin Tablet.webp
Paramex Tablet,"Paracetamol 500mg, Caffeine 50mg, B1 25mg","Sakit kepala, migrain, demam nyeri","Mual, gelisah",Nyeri & Demam,Meprofarm,false,true,sakit kepala migrain; paramex,Gunakan sesuai petunjuk pada kemasan. Jika sakit berlanjut hubungi dokter.,5000,116,/static/medicines/Paramex Tablet.webp
Paramex Sirup,Paracetamol 120mg/5ml + Caffeine,Demam dan nyeri anak,Jarang,Nyeri & Demam,Meprofarm,false,true,demam anak; nyeri anak; paramex sirup,Gunakan sesuai petunjuk pada kemasan. Jika sakit berlanjut hubungi dokter.,15000,112,/static/medicines/Paramex Sirup.webp
Sanmol Forte Tablet,Paracetamol 650mg,Nyeri dan demam dewasa dosis tinggi,Hati (overdosis),Nyeri & Demam,Sanbe Farma,false,true,demam tinggi; nyeri berat; sanmol forte,Gunakan sesuai petunjuk pada kemasan. Jika sakit berlanjut hubungi dokter.,8000,164,/static/medicines/Sanmol Forte Tablet.webp
Tempra Drop,Paracetamol 80mg/0.8ml drop,Demam bayi 2-12 bulan,Jarang,Nyeri & Demam,Mead Johnson,false,true,demam bayi; tetes demam; tempra drop,Gunakan sesuai petunjuk pada kemasan. Jika sakit berlanjut hubungi dokter.,45000,171,/static/medicines/Tempra Drop.webp
Proris Sirup,Ibuprofen 100mg/5ml,Demam dan nyeri anak anti radang,Lambung (jika kosong),Nyeri & Demam,Pharos,false,true,demam anak anti radang; proris,Gunakan sesuai petunjuk pada kemasan. Jika sakit berlanjut hubungi dokter.,35000,100,/static/medicines/Proris Sirup.webp
Dumin Sirup,Dexibuprofen 100mg/5ml,Demam anak anti radang kerja cepat,Mual,Nyeri & Demam,Dexa Medica,false,true,demam anak; radang anak; dumin,Gunakan sesuai petunjuk pada kemasan. Jika sakit berlanjut hubungi dokter.,40000,167,/static/medicines/Dumin Sirup.webp
Colsancetin Tablet,"Paracetamol 500mg, Chlorpheniramine 2mg",Flu ringan dan bersin,Mengantuk,Flu & Pilek,Pharos,false,true,flu ringan; bersin pilek; colsancetin,Gunakan sesuai petunjuk pada kemasan. Jika sakit berlanjut hubungi dokter.,5000,81,/static/medicines/Colsancetin Tablet.webp
Biogesic Tablet,Paracetamol 500mg,Demam dan nyeri murah,Jarang,Nyeri & Demam,Darya-Varia,false,true,panas murah; demam generik; biogesic,Gunakan sesuai petunjuk pada kemasan. Jika sakit berlanjut hubungi dokter.,3000,101,/static/medicines/Biogesic Tablet.webp
Parasetamol Tablet 500mg,Paracetamol 500mg,Demam dan nyeri dewasa,Jarang,Nyeri & Demam,Generic,false,true,paracetamol generik; demam; nyeri,Gunakan sesuai petunjuk pada kemasan. Jika sakit berlanjut hubungi dokter.,2000,121,/static/medicines/Parasetamol Tablet 500mg.webp
Therasystan Kapsul,Nystatin 500.000 IU,Jamur mulut dan saluran cerna (sariawan parah),Gangguan GI,Mulut & Tenggorokan,Soho,false,true,jamur mulut; sariawan jamur; candidiasis oral,Gunakan sesuai petunjuk pada kemasan. Jika sakit berlanjut hubungi dokter.,35000,115,/static/medicines/Therasystan Kapsul.webp
Losio Krim Tabir Surya,"Titanium Dioxide 5%, Octyl Methoxycinnamate 7.5%",Pelindung kulit dari sinar UV,Iritasi (jarang),Obat Kulit & Luka,Kimia Farma,false,true,tabir surya; sunscreen; losio kimia farma,Gunakan sesuai petunjuk pada kemasan. Jika sakit berlanjut hubungi dokter.,30000,89,/static/medicines/Losio Krim Tabir Surya.webp
Listerine Cool Mint 100ml,"Eucalyptol 0.092%, Menthol 0.043%, Thymol 0.064%","Antiseptik mulut, cegah plak, nafas segar",Rasa perih sementara,Mulut & Tenggorokan,J&J,false,true,kumur kumur; nafas segar; antiseptik mulut,Gunakan sesuai petunjuk pada kemasan. Jika sakit berlanjut hubungi dokter.,25000,147,/static/medicines/Listerine Cool Mint 100ml.webp
Listerine Total Care 250ml,"Essential Oils (Menthol, Thymol, Eucalyptol, Methyl Salicylate)","Kesehatan mulut total, mengurangi plak",Rasa panas,Mulut & Tenggorokan,J&J,false,true,obat kumur kesehatan mulut; listerine,Gunakan sesuai petunjuk pada kemasan. Jika sakit berlanjut hubungi dokter.,40000,91,/static/medicines/Listerine Total Care 250ml.webp
Betadine Mouthwash 100ml,Povidone Iodine 1%,Antiseptik mulut sariawan dan infeksi gusi,"Rasa tidak enak, gigi coklat",Mulut & Tenggorokan,Mundipharma,false,true,sariawan infeksi mulut; kumur betadine,Gunakan sesuai petunjuk pada kemasan. Jika sakit berlanjut hubungi dokter.,25000,161,/static/medicines/Betadine Mouthwash 100ml.svg
Gargle Betadine 50ml,Povidone Iodine 1% gargle concentrate,Radang tenggorokan berkumur,Rasa metalik,Mulut & Tenggorokan,Mundipharma,false,true,radang tenggorokan kumur; gargle,Gunakan sesuai petunjuk pada kemasan. Jika sakit berlanjut hubungi dokter.,20000,151,/static/medicines/Gargle Betadine 50ml.webp
Salonpas Koyo,"Methyl Salicylate, Menthol, Camphor","Nyeri otot, pegal linu koyo plester",Iritasi kulit,Obat Oles Nyeri,Hisamitsu,false,true,pegal linu; nyeri otot; koyo plester,Gunakan sesuai petunjuk pada kemasan. Jika sakit berlanjut hubungi dokter.,8000,164,/static/medicines/Salonpas Koyo.webp
Salonpas Hot Koyo,"Capsaicin 0.025%, Methyl Salicylate, Menthol",Nyeri otot hangat koyo panas,Rasa panas berlebih,Obat Oles Nyeri,Hisamitsu,false,true,koyo panas; nyeri otot hangat,Gunakan sesuai petunjuk pada kemasan. Jika sakit berlanjut hubungi dokter.,12000,106,/static/medicines/Salonpas Hot Koyo.webp
Koyo Sport,"Methyl Salicylate, Menthol, Camphor plester",Pegal setelah olahraga koyo sport,Iritasi,Obat Oles Nyeri,Kimia Farma,false,true,koyo olahraga; pegal olahraga,Gunakan sesuai petunjuk pada kemasan. Jika sakit berlanjut hubungi dokter.,5000,120,/static/medicines/Koyo Sport.webp
Counterpain Cream,"Methyl Salicylate 10%, Menthol 3%","Nyeri otot, pegal linu cream",Rasa panas,Obat Oles Nyeri,Meprofarm,false,true,cream pegal; nyeri otot; counterpain,Gunakan sesuai petunjuk pada kemasan. Jika sakit berlanjut hubungi dokter.,15000,101,/static/medicines/Counterpain Cream.svg
Cream Cap Lang Merah,"Methyl Salicylate, Menthol, Camphor, Capsicum",Pegal linu dan nyeri otot krim merah,"Kulit memerah, panas",Obat Oles Nyeri,Eagle Indo Pharma,false,true,linu pegal merah; krim cap lang,Gunakan sesuai petunjuk pada kemasan. Jika sakit berlanjut hubungi dokter.,25000,137,/static/medicines/Cream Cap Lang Merah.webp
Tiger Balm White,"Camphor 11%, Menthol 10%","Pegal linu, sakit kepala dioles putih",Iritasi kulit,Obat Oles Nyeri,Haw Par,false,true,tiger balm putih; pegal linu oles,Gunakan sesuai petunjuk pada kemasan. Jika sakit berlanjut hubungi dokter.,35000,109,/static/medicines/Tiger Balm White.webp
Tiger Balm Red,"Camphor 11%, Menthol 10%, Cajuput Oil",Pegal linu dan nyeri lebih hangat,Panas berlebih kulit,Obat Oles Nyeri,Haw Par,false,true,tiger balm merah; pegal linu kuat,Gunakan sesuai petunjuk pada kemasan. Jika sakit berlanjut hubungi dokter.,38000,154,/static/medicines/Tiger Balm Red.webp
Deep Heat Rub,"Methyl Salicylate 20%, Menthol 5%, Eucalyptus Oil 2.5%",Pregame sport rub dan nyeri otot kronis,"Sangat panas, iritasi kuat",Obat Oles Nyeri,Sanofi,false,true,pemanasan olahraga; nyeri otot kronis,Gunakan sesuai petunjuk pada kemasan. Jika sakit berlanjut hubungi dokter.,45000,149,/static/medicines/Deep Heat Rub.webp
Voltaren Emulgel 25g,Diclofenac Diethylammonium 1.16%,"Nyeri sendi, otot, dan radang lokal","Gatal, ruam",Obat Oles Nyeri,GSK,false,true,nyeri sendi oles; radang lokal; voltaren,Gunakan sesuai petunjuk pada kemasan. Jika sakit berlanjut hubungi dokter.,65000,95,/static/medicines/Voltaren Emulgel 25g.webp
Voltaren Emulgel 50g,Diclofenac Diethylammonium 1.16% ukuran besar,Nyeri sendi dan otot lebih hemat,Iritasi ringan,Obat Oles Nyeri,GSK,false,true,nyeri sendi oles besar; anti inflamasi topikal,Gunakan sesuai petunjuk pada kemasan. Jika sakit berlanjut hubungi dokter.,95000,100,/static/medicines/Voltaren Emulgel 50g.webp
Myonal Tablet,Eperisone HCl 50mg,"Kekakuan otot, nyeri punggung, spasme otot","Mual, pusing, kelemahan otot",Nyeri & Demam,Eisai,false,true,kaku otot; nyeri punggung; eperisone,Gunakan sesuai petunjuk pada kemasan. Jika sakit berlanjut hubungi dokter.,15000,99,/static/medicines/Myonal Tablet.webp
Termorex Sirup,"Paracetamol 250mg/5ml, Guaifenesin 50mg/5ml",Demam batuk pilek anak,Mengantuk,Flu & Pilek,Konimex,false,true,demam batuk pilek anak; termorex,Gunakan sesuai petunjuk pada kemasan. Jika sakit berlanjut hubungi dokter.,15000,146,/static/medicines/Termorex Sirup.webp
Togafurin Sirup,"Paracetamol 120mg/5ml, Thymus Extract 20mg",Demam dan imunitas anak,Jarang,Nyeri & Demam,Toga,false,true,demam anak imun; toga,Gunakan sesuai petunjuk pada kemasan. Jika sakit berlanjut hubungi dokter.,18000,83,/static/medicines/Togafurin Sirup.webp
Sanaflu Sirup,"Paracetamol 120mg/5ml, Pseudoephedrine, Chlorpheniramine",Flu anak dan demam,Mengantuk,Flu & Pilek,Darya-Varia,false,true,flu anak; demam pilek anak; sanaflu sirup,Gunakan sesuai petunjuk pada kemasan. Jika sakit berlanjut hubungi dokter.,15000,104,/static/medicines/Sanaflu Sirup.webp
OBH Combi Batuk,"Glyceryl Guaiacolate, Ammonium Chloride, Succus Liquiritiae",Batuk berdahak dewasa,Mual,Obat Batuk,Combiphar,false,true,batuk berdahak; obh combi,Gunakan sesuai petunjuk pada kemasan. Jika sakit berlanjut hubungi dokter.,12000,111,/static/medicines/OBH Combi Batuk.webp
OBH Combi Batuk Anak,"Glyceryl Guaiacolate, Ammonium Chloride anak",Batuk berdahak anak,Mual anak,Obat Batuk,Combiphar,false,true,batuk berdahak anak; obh anak,Gunakan sesuai petunjuk pada kemasan. Jika sakit berlanjut hubungi dokter.,15000,91,/static/medicines/OBH Combi Batuk Anak.webp
