name,composition,uses,side_effects,category,manufacturer,requires_prescription,is_otc,symptom_keywords,recommendation_note,price,stock,image_url,source_url
A Vogel Devils Claw Harpagophytum,,", dan Efek Samping"",""meta_description"":""Informasi lengkap obat Vitamin B Kompleks IPI; Harga, Manfaat, Dosis \u0026 Cara pakai, Kandungan, Efek Samping, dan lainnya di sini."",""meta_robots_index"":""index"",""meta_robots_follow"":""follow"",""type"":""obat"",""media_images"":[{""original"":""https://asset-cdn.medkom",Konsultasikan dengan dokter,Suplemen,,False,True,vitamin,Sumber: KlikDokter,,,,https://www.klikdokter.com/obat/vitamin-dan-suplemen-dewasa/a-vogel-devils-claw-harpagophytum
A-B Vask,,"dan Efek Samping"" data-next-head=""""/>",Konsultasikan dengan dokter,Nyeri & Demam,,False,True,"dan efek samping"" data-next-head=""""/>",Sumber: KlikDokter,,,,https://www.klikdokter.com/obat/obat-hipertensi/ab-vask
Abajos,,", Dosis &amp; Cara pakai, Kandungan, Efek Samping, dan lainnya di sini."" data-next-head=""""/>",Konsultasikan dengan dokter,Nyeri & Demam,,False,True,", dosis &amp; cara pakai, kandungan, efek samping, dan lainn",Sumber: KlikDokter,,,,https://www.klikdokter.com/obat/obat-antinyeri/abajos
Abate,,", Dosis &amp; Cara pakai, Kandungan, Efek Samping, dan lainnya di sini"" data-next-head=""""/>",Konsultasikan dengan dokter,Herbal & Tradisional,,False,True,", dosis &amp; cara pakai, kandungan, efek samping, dan lainn",Sumber: KlikDokter,,,https://s3-publishing-cmn-svc-prd.s3.ap-southeast-1.amazonaws.com/article/d2jcsq82NlrdCmja0s9c9/original/025100100_1602140069-shutterstock_1354413635.jpg,https://www.klikdokter.com/obat/obat-lainnya/abate
Abbotic,,", Dosis &amp; Cara pakai, Kandungan, Efek Samping, dan lainnya di sini."" data-next-head=""""/>",Konsultasikan dengan dokter,Flu & Pilek,,False,True,", dosis &amp; cara pakai, kandungan, efek samping, dan lainn",Sumber: KlikDokter,,,,https://www.klikdokter.com/obat/obat-antibiotik/abbotic
ABC Menthol Cone,,", Dosis &amp; Cara pakai, Kandungan, Efek Samping, dan lainnya di sini."" data-next-head=""""/>",Konsultasikan dengan dokter,Flu & Pilek,,False,True,", dosis &amp; cara pakai, kandungan, efek samping, dan lainn",Sumber: KlikDokter,,,,https://www.klikdokter.com/obat/obat-batuk-pilek-dan-flu/abc-menthol-cone
Abdelyn,,", Dosis &amp; Cara pakai, Kandungan, Efek Samping, dan lainnya di sini."" data-next-head=""""/>",Konsultasikan dengan dokter,Suplemen,,False,True,", dosis &amp; cara pakai, kandungan, efek samping, dan lainn",Sumber: KlikDokter,,,,https://www.klikdokter.com/obat/vitamin-dan-suplemen-dewasa/abdelyn
Abetens,,"dan Cara Pemakaian"",""meta_description"":""Informasi lengkap obat Propolis SM; Harga, Manfaat, Dosis \u0026 Cara Pakai, Kandungan, Efek Samping, dan lainnya di sini."",""meta_robots_index"":""index"",""meta_robots_follow"":""follow"",""thumbnail_url"":""https://s3-publishing-cmn-svc-prd.s3.ap-southeast-1.amazonaws",Konsultasikan dengan dokter,Herbal & Tradisional,,False,True,"dan cara pemakaian"",""meta_description"":""informasi lengkap ob",Sumber: KlikDokter,,,,https://www.klikdokter.com/obat/obat-herbal/abetens
Abilify,,", Dosis &amp; Cara minum, Kandungan, Efek Samping, dan lainnya di sini."" data-next-head=""""/>",Konsultasikan dengan dokter,Herbal & Tradisional,,False,True,", dosis &amp; cara minum, kandungan, efek samping, dan lainn",Sumber: KlikDokter,,,https://s3-publishing-cmn-svc-prd.s3.ap-southeast-1.amazonaws.com/article/vylgTaBqAGi2qLk1RJb17/original/075795400_1641867355-bipolar.jpg,https://www.klikdokter.com/obat/obat-gangguan-saraf-pusat/abilify
Abirom,,", Dosis &amp; Cara pakai, Kandungan, Efek Samping, dan lainnya di sini."" data-next-head=""""/>",Konsultasikan dengan dokter,Flu & Pilek,,False,True,", dosis &amp; cara pakai, kandungan, efek samping, dan lainn",Sumber: KlikDokter,,,https://s3-publishing-cmn-svc-prd.s3.ap-southeast-1.amazonaws.com/article/aSNcTnD2fT3ExehvRcYll/original/025650300_1593763517-Sering-Sesak-Napas-Hati-hati_-Gejala-Hipertensi-Paru-shutterstock_1716789742.jpg,https://www.klikdokter.com/obat/obat-antibiotik/abirom
Abixa,,"dan Efek Samping"" data-next-head=""""/>",Konsultasikan dengan dokter,Herbal & Tradisional,,False,True,"dan efek samping"" data-next-head=""""/>",Sumber: KlikDokter,,,,https://www.klikdokter.com/obat/obat-gangguan-saraf-pusat/abixa
Abixim,,"dan Efek Samping"" data-next-head=""""/>",Konsultasikan dengan dokter,Flu & Pilek,,False,True,"dan efek samping"" data-next-head=""""/>",Sumber: KlikDokter,,,,https://www.klikdokter.com/obat/obat-antibiotik/abixim
Abu Ali,,"dan Cara Pemakaian"",""meta_description"":""Informasi lengkap obat Propolis SM; Harga, Manfaat, Dosis \u0026 Cara Pakai, Kandungan, Efek Samping, dan lainnya di sini."",""meta_robots_index"":""index"",""meta_robots_follow"":""follow"",""thumbnail_url"":""https://s3-publishing-cmn-svc-prd.s3.ap-southeast-1.amazonaws",Konsultasikan dengan dokter,Herbal & Tradisional,,False,True,"dan cara pemakaian"",""meta_description"":""informasi lengkap ob",Sumber: KlikDokter,,,,https://www.klikdokter.com/obat/obat-herbal/abu-ali
Abufen C,,", Dosis, Cara Pakai dan Efek Samping"",""meta_description"":""Tramadol adalah obat untuk mengatasi nyeri yang bersifat sedang hingga berat. Cari tau Dosis \u0026 Cara pakai, Efek Samping, dan lainnya di sini."",""meta_robots_index"":""index"",""meta_robots_follow"":""follow"",""thumbnail_url"":""https://s3-publish",Konsultasikan dengan dokter,Nyeri & Demam,,False,True,nyeri,Sumber: KlikDokter,,,https://s3-publishing-cmn-svc-prd.s3.ap-southeast-1.amazonaws.com/article/zqTjt2D57X7LfjGOQV0oU/original/052048900_1483448302-topic_article_Kenali-Gaya-Hidup-Penyebab-Radang-Sendi.jpg,https://www.klikdokter.com/obat/obat-antinyeri/abufen-c
Acai Plus,,", Dosis &amp; Cara minum, Kandungan, Efek Samping, dan lainnya di sini."" data-next-head=""""/>",Konsultasikan dengan dokter,Herbal & Tradisional,,False,True,", dosis &amp; cara minum, kandungan, efek samping, dan lainn",Sumber: KlikDokter,,,,https://www.klikdokter.com/obat/obat-herbal/acai-plus
Acamprosate,,", Dosis, dan Efek Samping"" data-next-head=""""/>",Konsultasikan dengan dokter,Herbal & Tradisional,,False,True,", dosis, dan efek samping"" data-next-head=""""/>",Sumber: KlikDokter,,,https://s3-publishing-cmn-svc-prd.s3.ap-southeast-1.amazonaws.com/article/klMeONiQjwB_FvSTL8f1n/original/027406700_1639656294-Sederet_Dampak_Buruk_Ketoasidosis_Alkoholik_bagi_Kesehatan.jpg,https://www.klikdokter.com/obat/obat-antiracun/acamprosate
Acarbose,,", Dosis &amp; Cara pakai, Kandungan, Efek Samping, dan lainnya di sini."" data-next-head=""""/>",Konsultasikan dengan dokter,Suplemen,,False,True,", dosis &amp; cara pakai, kandungan, efek samping, dan lainn",Sumber: KlikDokter,,,https://s3-publishing-cmn-svc-prd.s3.ap-southeast-1.amazonaws.com/drugs/tknv9ewbVJuGaDRorlaSm/original/OBT0005000.jpg,https://www.klikdokter.com/obat/obat-diabetes/acarbose
Acdat,,", Dosis, dan Efek Samping"" data-next-head=""""/>",Konsultasikan dengan dokter,Flu & Pilek,,False,True,", dosis, dan efek samping"" data-next-head=""""/>",Sumber: KlikDokter,,,https://s3-publishing-cmn-svc-prd.s3.ap-southeast-1.amazonaws.com/article/mkYenL1WLyKJi_luS_kGl/original/1676883409-Untitled%20design%2895%29.jpg,https://www.klikdokter.com/obat/obat-antibiotik/acdat
Ace Max's,,"dan Efek Samping"" data-next-head=""""/>",Konsultasikan dengan dokter,Suplemen,,False,True,"dan efek samping"" data-next-head=""""/>",Sumber: KlikDokter,,,,https://www.klikdokter.com/obat/vitamin-dan-suplemen-dewasa/ace-maxs
Acebutolol,,", Dosis &amp; Cara pakai, Kandungan, Efek Samping, dan lainnya di sini."" data-next-head=""""/>",Konsultasikan dengan dokter,Nyeri & Demam,,False,True,", dosis &amp; cara pakai, kandungan, efek samping, dan lainn",Sumber: KlikDokter,,,https://s3-publishing-cmn-svc-prd.s3.ap-southeast-1.amazonaws.com/article/8J19M1FSGqZgs7w_Z5i1W/original/003313400_1593768897-Pengertian-Hipertensi-shutterstock_366528356.jpg,https://www.klikdokter.com/obat/obat-hipertensi/acebutolol
Acelaxon,,"dan Efek Samping"" data-next-head=""""/>",Konsultasikan dengan dokter,Nyeri & Demam,,False,True,"dan efek samping"" data-next-head=""""/>",Sumber: KlikDokter,,,,https://www.klikdokter.com/obat/obat-antiinflamasi/acelaxon
Acepress,,", Dosis &amp; Cara minum, Kandungan, Efek Samping, dan lainnya di sini."" data-next-head=""""/>",Konsultasikan dengan dokter,Nyeri & Demam,,False,True,", dosis &amp; cara minum, kandungan, efek samping, dan lainn",Sumber: KlikDokter,,,,https://www.klikdokter.com/obat/obat-hipertensi/acepress
Acetensa,,"dan Efek Samping"" data-next-head=""""/>",Konsultasikan dengan dokter,Nyeri & Demam,,False,True,"dan efek samping"" data-next-head=""""/>",Sumber: KlikDokter,,,,https://www.klikdokter.com/obat/obat-hipertensi/acetensa
Acetin,,", Dosis &amp; Cara minum, Kandungan, Efek Samping, dan lainnya di sini."" data-next-head=""""/>",Konsultasikan dengan dokter,Flu & Pilek,,False,True,", dosis &amp; cara minum, kandungan, efek samping, dan lainn",Sumber: KlikDokter,,,,https://www.klikdokter.com/obat/obat-batuk-pilek-dan-flu/acetin
Acetram,,", Dosis, dan Efek Samping"" data-next-head=""""/>",Konsultasikan dengan dokter,Nyeri & Demam,,False,True,", dosis, dan efek samping"" data-next-head=""""/>",Sumber: KlikDokter,,,https://s3-publishing-cmn-svc-prd.s3.ap-southeast-1.amazonaws.com/drugs/Mka4FC2JwWy40NDaS5htY/original/6l5fj20v5uzxwnq82o80yoop0pydc2zx.jpeg,https://www.klikdokter.com/obat/obat-antinyeri/acetram
Acetro,,", Dosis &amp; Cara minum, Kandungan, Efek Samping, dan lainnya di sini."" data-next-head=""""/>",Konsultasikan dengan dokter,Nyeri & Demam,,False,True,", dosis &amp; cara minum, kandungan, efek samping, dan lainn",Sumber: KlikDokter,,,,https://www.klikdokter.com/obat/gangguan-tulang-otot-dan-sendi/acetro
Acetylcysteine,,", Dosis &amp; Cara pakai, Kandungan, Efek Samping, dan lainnya di sini."" data-next-head=""""/>",Konsultasikan dengan dokter,Flu & Pilek,,False,True,", dosis &amp; cara pakai, kandungan, efek samping, dan lainn",Sumber: KlikDokter,,,,https://www.klikdokter.com/obat/obat-batuk-pilek-dan-flu/acetylcysteine
Aciblock,,", Dosis &amp; Cara pakai, Kandungan, Efek Samping, dan lainnya di sini."" data-next-head=""""/>",Konsultasikan dengan dokter,Pencernaan & Diare,,False,True,", dosis &amp; cara pakai, kandungan, efek samping, dan lainn",Sumber: KlikDokter,,,,https://www.klikdokter.com/obat/obat-gangguan-pencernaan/aciblock
Acifar,,", Dosis &amp; Cara minum, Kandungan, Efek Samping, dan lainnya di sini."" data-next-head=""""/>",Konsultasikan dengan dokter,Antijamur & Kulit,,False,True,", dosis &amp; cara minum, kandungan, efek samping, dan lainn",Sumber: KlikDokter,,,,https://www.klikdokter.com/obat/obat-kulit/acifar
Acilaz,,", Dosis &amp; Cara pakai, Kandungan, Efek Samping, dan lainnya di sini."" data-next-head=""""/>",Konsultasikan dengan dokter,Pencernaan & Diare,,False,True,", dosis &amp; cara pakai, kandungan, efek samping, dan lainn",Sumber: KlikDokter,,,https://s3-publishing-cmn-svc-prd.s3.ap-southeast-1.amazonaws.com/article/jXDyzf1bsG8_w5x_VKUyn/original/056432800_1576490752-Penyebab-Masalah-Asam-Lambung-Sering-Kambuh-di-Malam-Hari-Shutterstock_176963621.jpg,https://www.klikdokter.com/obat/obat-gangguan-pencernaan/acilaz
Acitral,Acitral,", Dosis &amp; Cara pakai, Kandungan, Efek Samping, dan lainnya di sini."" data-next-head=""""/>",Konsultasikan dengan dokter,Pencernaan & Diare,,False,True,", dosis &amp; cara pakai, kandungan, efek samping, dan lainn",Sumber: KlikDokter,,,,https://www.klikdokter.com/obat/obat-gangguan-pencernaan/acitral
Acitretin,,", Dosis &amp; Cara pakai, Kandungan, Efek Samping, dan lainnya di sini."" data-next-head=""""/>",Konsultasikan dengan dokter,Antijamur & Kulit,,False,True,", dosis &amp; cara pakai, kandungan, efek samping, dan lainn",Sumber: KlikDokter,,,https://s3-publishing-cmn-svc-prd.s3.ap-southeast-1.amazonaws.com/article/fUaqKLGZErrtJtSWIATAk/original/097074300_1540808107-8-Makanan-Ini-Picu-Psoriasis-By-MK-photograp55-Shutterstock.jpg,https://www.klikdokter.com/obat/obat-kulit/acitretin
Aclam,,", Dosis &amp; Cara minum, Kandungan, Efek Samping, dan lainnya di sini."" data-next-head=""""/>",Konsultasikan dengan dokter,Flu & Pilek,,False,True,", dosis &amp; cara minum, kandungan, efek samping, dan lainn",Sumber: KlikDokter,,,,https://www.klikdokter.com/obat/obat-antibiotik/aclam
Aclasta,,", Dosis &amp; Cara pakai, Kandungan, Efek Samping, dan lainnya di sini."" data-next-head=""""/>",Konsultasikan dengan dokter,Nyeri & Demam,,False,True,", dosis &amp; cara pakai, kandungan, efek samping, dan lainn",Sumber: KlikDokter,,,https://s3-publishing-cmn-svc-prd.s3.ap-southeast-1.amazonaws.com/article/WjG2T93zuW-OiP1gm2_0V/original/059402000_1540171056-Ketahui-4-Penyebab-Osteoporosis-By_Alex-Mit-Shutterstock.jpg,https://www.klikdokter.com/obat/gangguan-tulang-otot-dan-sendi/aclasta
Aclonac,,", Dosis &amp; Cara minum, Kandungan, Efek Samping, dan lainnya di sini."" data-next-head=""""/>",Konsultasikan dengan dokter,Nyeri & Demam,,False,True,", dosis &amp; cara minum, kandungan, efek samping, dan lainn",Sumber: KlikDokter,,,,https://www.klikdokter.com/obat/obat-antinyeri/aclonac
Acnacare Plus,,", dan Efek Samping"",""meta_description"":""Informasi lengkap obat Vitamin B Kompleks IPI; Harga, Manfaat, Dosis \u0026 Cara pakai, Kandungan, Efek Samping, dan lainnya di sini."",""meta_robots_index"":""index"",""meta_robots_follow"":""follow"",""type"":""obat"",""media_images"":[{""original"":""https://asset-cdn.medkom",Konsultasikan dengan dokter,Suplemen,,False,True,vitamin,Sumber: KlikDokter,,,,https://www.klikdokter.com/obat/vitamin-dan-suplemen-dewasa/acnacare-plus
Acne Feldin,,", Dosis &amp; Cara pakai, Kandungan, Efek Samping, dan lainnya di sini."" data-next-head=""""/>",Konsultasikan dengan dokter,Antijamur & Kulit,,False,True,", dosis &amp; cara pakai, kandungan, efek samping, dan lainn",Sumber: KlikDokter,,,https://s3-publishing-cmn-svc-prd.s3.ap-southeast-1.amazonaws.com/article/ikOIgzWCDQysRszO2_1O-/original/084786200_1596697014-Obat-jerawat-shutterstock_1097602553.jpg,https://www.klikdokter.com/obat/obat-kulit/acne-feldin
Acnebenz,,", Dosis, Cara Penggunaan dan Efek Samping"",""meta_description"":""Ingin tau Gentamicin obat apa, cari tau Manfaat, Dosis \u0026 Cara pakai, Kandungan, Efek Samping, dan lainnya di sini."",""meta_robots_index"":""index"",""meta_robots_follow"":""follow"",""thumbnail_url"":""https://s3-publishing-cmn-svc-prd.s3.ap-s",Konsultasikan dengan dokter,Antijamur & Kulit,,False,True,", dosis, cara penggunaan dan efek samping"",""meta_description",Sumber: KlikDokter,,,,https://www.klikdokter.com/obat/obat-kulit/acnebenz
Acnebenz CL,,", Dosis, Cara Penggunaan dan Efek Samping"",""meta_description"":""Ingin tau Gentamicin obat apa, cari tau Manfaat, Dosis \u0026 Cara pakai, Kandungan, Efek Samping, dan lainnya di sini."",""meta_robots_index"":""index"",""meta_robots_follow"":""follow"",""thumbnail_url"":""https://s3-publishing-cmn-svc-prd.s3.ap-s",Konsultasikan dengan dokter,Antijamur & Kulit,,False,True,", dosis, cara penggunaan dan efek samping"",""meta_description",Sumber: KlikDokter,,,,https://www.klikdokter.com/obat/obat-kulit/acnebenz-cl
Acnelia,,"dan Cara Pemakaian"",""meta_description"":""Informasi lengkap obat Propolis SM; Harga, Manfaat, Dosis \u0026 Cara Pakai, Kandungan, Efek Samping, dan lainnya di sini."",""meta_robots_index"":""index"",""meta_robots_follow"":""follow"",""thumbnail_url"":""https://s3-publishing-cmn-svc-prd.s3.ap-southeast-1.amazonaws",Konsultasikan dengan dokter,Herbal & Tradisional,,False,True,"dan cara pemakaian"",""meta_description"":""informasi lengkap ob",Sumber: KlikDokter,,,,https://www.klikdokter.com/obat/obat-herbal/acnelia
Acnes Creamy Wash,,", Cara memakai, penyimpanan, Efek Samping, dan lainnya di sini."" data-next-head=""""/>",Konsultasikan dengan dokter,Antijamur & Kulit,,False,True,", cara memakai, penyimpanan, efek samping, dan lainnya di si",Sumber: KlikDokter,,,,https://www.klikdokter.com/obat/perawatan-kulit-dan-tubuh/acnes-creamy-wash
Acnes Sealing Jell,,", Dosis &amp; Cara pakai, Kandungan, Efek Samping, dan lainnya di sini."" data-next-head=""""/>",Konsultasikan dengan dokter,Antijamur & Kulit,,False,True,", dosis &amp; cara pakai, kandungan, efek samping, dan lainn",Sumber: KlikDokter,,,https://s3-publishing-cmn-svc-prd.s3.ap-southeast-1.amazonaws.com/drugs/i6tWjMj9nUUB2yERzP22I/original/4u1fg7picca6e6axeloleb0omkhxk3kz.png,https://www.klikdokter.com/obat/obat-kulit/acnes-sealing-jell
Acnes Spot Care,,", Dosis &amp; Cara pakai, Kandungan, dan lainnya di sini."" data-next-head=""""/>",Konsultasikan dengan dokter,Antijamur & Kulit,,False,True,", dosis &amp; cara pakai, kandungan, dan lainnya di sini."" d",Sumber: KlikDokter,,,,https://www.klikdokter.com/obat/perawatan-kulit-dan-tubuh/acnes-spot-care
Acnes Washing Bar,,", Dosis &amp; Cara pakai, Kandungan, dan lainnya di sini."" data-next-head=""""/>",Konsultasikan dengan dokter,Antijamur & Kulit,,False,True,", dosis &amp; cara pakai, kandungan, dan lainnya di sini."" d",Sumber: KlikDokter,,,,https://www.klikdokter.com/obat/perawatan-kulit-dan-tubuh/acnes-washing-bar
Acnol Lotion,,", Dosis &amp; Cara minum, Kandungan, Efek Samping, dan lainnya di sini."" data-next-head=""""/>",Konsultasikan dengan dokter,Antijamur & Kulit,,False,True,", dosis &amp; cara minum, kandungan, efek samping, dan lainn",Sumber: KlikDokter,,,,https://www.klikdokter.com/obat/perawatan-kulit-dan-tubuh/acnol-lotion
Acnosil,,", Dosis, Cara Penggunaan dan Efek Samping"",""meta_description"":""Ingin tau Gentamicin obat apa, cari tau Manfaat, Dosis \u0026 Cara pakai, Kandungan, Efek Samping, dan lainnya di sini."",""meta_robots_index"":""index"",""meta_robots_follow"":""follow"",""thumbnail_url"":""https://s3-publishing-cmn-svc-prd.s3.ap-s",Konsultasikan dengan dokter,Antijamur & Kulit,,False,True,", dosis, cara penggunaan dan efek samping"",""meta_description",Sumber: KlikDokter,,,,https://www.klikdokter.com/obat/obat-kulit/acnosil
Acpulsif,,"dan Efek Samping"" data-next-head=""""/>",Konsultasikan dengan dokter,Pencernaan & Diare,,False,True,"dan efek samping"" data-next-head=""""/>",Sumber: KlikDokter,,,,https://www.klikdokter.com/obat/obat-gangguan-pencernaan/acpulsif
Acran,,", Dosis &amp; Cara pakai, Kandungan, Efek Samping, dan lainnya di sini."" data-next-head=""""/>",Konsultasikan dengan dokter,Pencernaan & Diare,,False,True,", dosis &amp; cara pakai, kandungan, efek samping, dan lainn",Sumber: KlikDokter,,,https://s3-publishing-cmn-svc-prd.s3.ap-southeast-1.amazonaws.com/article/VHEKmvr-GJpvAlr6iKELg/original/019004700_1600326449-Asam-Lambung-Naik-shutterstock_756954385.jpg,https://www.klikdokter.com/obat/obat-gangguan-pencernaan/acran
Acrios,,"dan Efek Samping"" data-next-head=""""/>",Konsultasikan dengan dokter,Suplemen,,False,True,"dan efek samping"" data-next-head=""""/>",Sumber: KlikDokter,,,,https://www.klikdokter.com/obat/obat-diabetes/acrios
Acrivastine,,", Dosis &amp; Cara pakai, Kandungan, Efek Samping, dan lainnya di sini."" data-next-head=""""/>",Konsultasikan dengan dokter,Alergi & Gatal,,False,True,", dosis &amp; cara pakai, kandungan, efek samping, dan lainn",Sumber: KlikDokter,,,https://s3-publishing-cmn-svc-prd.s3.ap-southeast-1.amazonaws.com/article/MQxIPxHxdgP0wb6LCCKHD/original/054589600_1483459999-Apa-Beda-Kulit-Berjamur-dan-Kulit-Alergi.jpg,https://www.klikdokter.com/obat/obat-alergi/acrivastine
Act-HIB,,"dan Efek Samping"" data-next-head=""""/>",Konsultasikan dengan dokter,Herbal & Tradisional,,False,True,"dan efek samping"" data-next-head=""""/>",Sumber: KlikDokter,,,,https://www.klikdokter.com/obat/obat-herbal/act-hib
Actabone,,"dan Efek Samping"" data-next-head=""""/>",Konsultasikan dengan dokter,Nyeri & Demam,,False,True,"dan efek samping"" data-next-head=""""/>",Sumber: KlikDokter,,,,https://www.klikdokter.com/obat/gangguan-tulang-otot-dan-sendi/actabone
Actalipid,,"dan Efek Samping"" data-next-head=""""/>",Konsultasikan dengan dokter,Herbal & Tradisional,,False,True,"dan efek samping"" data-next-head=""""/>",Sumber: KlikDokter,,,,https://www.klikdokter.com/obat/obat-kolesterol/actalipid
Actapin,,", Dosis &amp; Cara pakai, Kandungan, Efek Samping, dan lainnya di sini."" data-next-head=""""/>",Konsultasikan dengan dokter,Nyeri & Demam,,False,True,", dosis &amp; cara pakai, kandungan, efek samping, dan lainn",Sumber: KlikDokter,,,,https://www.klikdokter.com/obat/obat-hipertensi/actapin
Actaxon,,"dan Efek Samping"" data-next-head=""""/>",Konsultasikan dengan dokter,Flu & Pilek,,False,True,"dan efek samping"" data-next-head=""""/>",Sumber: KlikDokter,,,,https://www.klikdokter.com/obat/obat-antibiotik/actaxon
Actemra,,", Dosis &amp; Cara pakai, Kandungan, Efek Samping, dan lainnya di sini."" data-next-head=""""/>",Konsultasikan dengan dokter,Nyeri & Demam,,False,True,", dosis &amp; cara pakai, kandungan, efek samping, dan lainn",Sumber: KlikDokter,,,https://s3-publishing-cmn-svc-prd.s3.ap-southeast-1.amazonaws.com/article/6xgx-BGuf74tc2cCZUE1X/original/049703700_1625734481-Actemra.jpg,https://www.klikdokter.com/obat/obat-antiinflamasi/actemra
Acticoat,,"dan Efek Samping"" data-next-head=""""/>",Konsultasikan dengan dokter,Suplemen,,False,True,"dan efek samping"" data-next-head=""""/>",Sumber: KlikDokter,,,,https://www.klikdokter.com/obat/obat-diabetes/acticoat
Acticoat Flex 3,,", Dosis, dan Efek Samping"",""slug"":""naviblef-wipes-manfaat-dosis-dan-efek-samping"",""short_desc"":""Naviblef Wipes adalah tisu steril untuk membersihkan kotoran di sekitar bulu mata dan kelopak mata akibat peradangan, alergi, atau gangguan mata seperti infestasi demodex. Hanya untuk pemakaian luar."",""ur",Konsultasikan dengan dokter,Herbal & Tradisional,,False,True,alergi; mata,Sumber: KlikDokter,,,,https://www.klikdokter.com/obat/alat-kesehatan/acticoat-flex-3
Actifed,,", Dosis &amp; Cara pakai, Kandungan, Efek Samping, dan lainnya di sini."" data-next-head=""""/>",Konsultasikan dengan dokter,Flu & Pilek,,False,True,", dosis &amp; cara pakai, kandungan, efek samping, dan lainn",Sumber: KlikDokter,,,https://s3-publishing-cmn-svc-prd.s3.ap-southeast-1.amazonaws.com/drugs/61xpqiTF_SDB4Sdx6NwMt/original/1676017637-Actifed.jpg,https://www.klikdokter.com/obat/obat-batuk-pilek-dan-flu/actifed
Actifed Plus Cough Suppressant,,", Dosis &amp; Cara pakai, Kandungan, Efek Samping, dan lainnya di sini."" data-next-head=""""/>",Konsultasikan dengan dokter,Flu & Pilek,,False,True,", dosis &amp; cara pakai, kandungan, efek samping, dan lainn",Sumber: KlikDokter,,,,https://www.klikdokter.com/obat/obat-batuk-pilek-dan-flu/actifed-plus-cough-suppressant
Actifed Plus Expectorant,,", Dosis &amp; Cara minum, Kandungan, Efek Samping, dan lainnya di sini."" data-next-head=""""/>",Konsultasikan dengan dokter,Flu & Pilek,,False,True,", dosis &amp; cara minum, kandungan, efek samping, dan lainn",Sumber: KlikDokter,,,,https://www.klikdokter.com/obat/obat-batuk-pilek-dan-flu/actifed-plus-expectorant
Actilyse,,"dan Efek Samping"" data-next-head=""""/>",Konsultasikan dengan dokter,Herbal & Tradisional,,False,True,"dan efek samping"" data-next-head=""""/>",Sumber: KlikDokter,,,,https://www.klikdokter.com/obat/obat-gangguan-darah/actilyse
Active Calcium,,", dan Efek Samping"",""meta_description"":""Informasi lengkap obat Vitamin B Kompleks IPI; Harga, Manfaat, Dosis \u0026 Cara pakai, Kandungan, Efek Samping, dan lainnya di sini."",""meta_robots_index"":""index"",""meta_robots_follow"":""follow"",""type"":""obat"",""media_images"":[{""original"":""https://asset-cdn.medkom",Konsultasikan dengan dokter,Suplemen,,False,True,vitamin,Sumber: KlikDokter,,,,https://www.klikdokter.com/obat/vitamin-dan-suplemen-dewasa/active-calcium
Actonel,,", Dosis &amp; Cara pakai, Kandungan, Efek Samping, dan lainnya di sini."" data-next-head=""""/>",Konsultasikan dengan dokter,Nyeri & Demam,,False,True,", dosis &amp; cara pakai, kandungan, efek samping, dan lainn",Sumber: KlikDokter,,,https://s3-publishing-cmn-svc-prd.s3.ap-southeast-1.amazonaws.com/article/zDlCLE_6pdCEssN7n3CGl/original/045647200_1586401890-osteoporosis_dipicu_karena_diet.jpg,https://www.klikdokter.com/obat/gangguan-tulang-otot-dan-sendi/actonel
Actoplus Met,,", Dosis &amp; Cara pakai, Kandungan, Efek Samping, dan lainnya di sini."" data-next-head=""""/>",Konsultasikan dengan dokter,Suplemen,,False,True,", dosis &amp; cara pakai, kandungan, efek samping, dan lainn",Sumber: KlikDokter,,,https://s3-publishing-cmn-svc-prd.s3.ap-southeast-1.amazonaws.com/category-topic/NlQa_nCoJXbFjZezl_H3q/original/1660449051-Diabetes2.png,https://www.klikdokter.com/obat/obat-diabetes/actoplus-met
Actos,,"dan Efek Samping"" data-next-head=""""/>",Konsultasikan dengan dokter,Suplemen,,False,True,"dan efek samping"" data-next-head=""""/>",Sumber: KlikDokter,,,,https://www.klikdokter.com/obat/obat-diabetes/actos
Actosmet,,", Dosis &amp; Cara minum, Kandungan, Efek Samping, dan lainnya di sini."" data-next-head=""""/>",Konsultasikan dengan dokter,Suplemen,,False,True,", dosis &amp; cara minum, kandungan, efek samping, dan lainn",Sumber: KlikDokter,,,,https://www.klikdokter.com/obat/obat-diabetes/actosmet
Actrapid HM,,", Dosis &amp; Cara minum, Kandungan, Efek Samping, dan lainnya di sini."" data-next-head=""""/>",Konsultasikan dengan dokter,Suplemen,,False,True,", dosis &amp; cara minum, kandungan, efek samping, dan lainn",Sumber: KlikDokter,,,,https://www.klikdokter.com/obat/obat-diabetes/actrapid-hm
Acuatim Cream,,"dan Efek Samping"" data-next-head=""""/>",Konsultasikan dengan dokter,Flu & Pilek,,False,True,"dan efek samping"" data-next-head=""""/>",Sumber: KlikDokter,,,,https://www.klikdokter.com/obat/obat-antibiotik/acuatim
Acucel,,", Dosis, Cara Penggunaan dan Efek Samping"",""meta_description"":""Ingin tau Gentamicin obat apa, cari tau Manfaat, Dosis \u0026 Cara pakai, Kandungan, Efek Samping, dan lainnya di sini."",""meta_robots_index"":""index"",""meta_robots_follow"":""follow"",""thumbnail_url"":""https://s3-publishing-cmn-svc-prd.s3.ap-s",Konsultasikan dengan dokter,Antijamur & Kulit,,False,True,", dosis, cara penggunaan dan efek samping"",""meta_description",Sumber: KlikDokter,,,,https://www.klikdokter.com/obat/obat-kulit/acucel
Acyclovir,,", Dosis &amp; Cara pakai, Kandungan, Efek Samping, dan lainnya di sini."" data-next-head=""""/>",Konsultasikan dengan dokter,Antijamur & Kulit,,False,True,", dosis &amp; cara pakai, kandungan, efek samping, dan lainn",Sumber: KlikDokter,,,https://s3-publishing-cmn-svc-prd.s3.ap-southeast-1.amazonaws.com/drugs/brOQl8UnnIiRn9RuVN0cu/original/OBT0005058.jpg,https://www.klikdokter.com/obat/obat-kulit/acyclovir
Acyfote,,", Dosis &amp; Cara pakai, Kandungan, Efek Samping, dan lainnya di sini."" data-next-head=""""/>",Konsultasikan dengan dokter,Suplemen,,False,True,", dosis &amp; cara pakai, kandungan, efek samping, dan lainn",Sumber: KlikDokter,,,,https://www.klikdokter.com/obat/vitamin-dan-suplemen-dewasa/acyfote
Adalat,,", Dosis &amp; Cara pakai, Kandungan, Efek Samping, dan lainnya di sini."" data-next-head=""""/>",Konsultasikan dengan dokter,Nyeri & Demam,,False,True,", dosis &amp; cara pakai, kandungan, efek samping, dan lainn",Sumber: KlikDokter,,,https://s3-publishing-cmn-svc-prd.s3.ap-southeast-1.amazonaws.com/article/DKP4a8GIWFqybu5q92Wcy/original/041021700_1607930712-Kesamaan-Hipertensi-dan-Diabetes-by-pressfoto-Freepik.jpg,https://www.klikdokter.com/obat/obat-hipertensi/adalat
Adalat Oros,,", Dosis, dan Efek Samping"" data-next-head=""""/>",Konsultasikan dengan dokter,Nyeri & Demam,,False,True,", dosis, dan efek samping"" data-next-head=""""/>",Sumber: KlikDokter,,,https://s3-publishing-cmn-svc-prd.s3.ap-southeast-1.amazonaws.com/drugs/hBXdJgQXLmMKxAMkuF1UH/original/9ns9pu3cymvpchwwsazcpe3okotwkjeh.png,https://www.klikdokter.com/obat/obat-hipertensi/adalat-oros
Adant Dispo,,"dan Efek Samping"" data-next-head=""""/>",Konsultasikan dengan dokter,Nyeri & Demam,,False,True,"dan efek samping"" data-next-head=""""/>",Sumber: KlikDokter,,,,https://www.klikdokter.com/obat/gangguan-tulang-otot-dan-sendi/adant-dispo
Addawa On,,"dan Cara Pemakaian"",""meta_description"":""Informasi lengkap obat Propolis SM; Harga, Manfaat, Dosis \u0026 Cara Pakai, Kandungan, Efek Samping, dan lainnya di sini."",""meta_robots_index"":""index"",""meta_robots_follow"":""follow"",""thumbnail_url"":""https://s3-publishing-cmn-svc-prd.s3.ap-southeast-1.amazonaws",Konsultasikan dengan dokter,Herbal & Tradisional,,False,True,"dan cara pemakaian"",""meta_description"":""informasi lengkap ob",Sumber: KlikDokter,,,,https://www.klikdokter.com/obat/obat-herbal/addawa-on
Addawa Pegagan,,"dan Cara Pemakaian"",""meta_description"":""Informasi lengkap obat Propolis SM; Harga, Manfaat, Dosis \u0026 Cara Pakai, Kandungan, Efek Samping, dan lainnya di sini."",""meta_robots_index"":""index"",""meta_robots_follow"":""follow"",""thumbnail_url"":""https://s3-publishing-cmn-svc-prd.s3.ap-southeast-1.amazonaws",Konsultasikan dengan dokter,Herbal & Tradisional,,False,True,"dan cara pemakaian"",""meta_description"":""informasi lengkap ob",Sumber: KlikDokter,,,,https://www.klikdokter.com/obat/obat-herbal/addawa-pegagan
Addawa Sambiloto,,"dan Cara Pemakaian"",""meta_description"":""Informasi lengkap obat Propolis SM; Harga, Manfaat, Dosis \u0026 Cara Pakai, Kandungan, Efek Samping, dan lainnya di sini."",""meta_robots_index"":""index"",""meta_robots_follow"":""follow"",""thumbnail_url"":""https://s3-publishing-cmn-svc-prd.s3.ap-southeast-1.amazonaws",Konsultasikan dengan dokter,Herbal & Tradisional,,False,True,"dan cara pemakaian"",""meta_description"":""informasi lengkap ob",Sumber: KlikDokter,,,,https://www.klikdokter.com/obat/obat-herbal/addawa-sambiloto
Addawa Temulawak,,"dan Cara Pemakaian"",""meta_description"":""Informasi lengkap obat Propolis SM; Harga, Manfaat, Dosis \u0026 Cara Pakai, Kandungan, Efek Samping, dan lainnya di sini."",""meta_robots_index"":""index"",""meta_robots_follow"":""follow"",""thumbnail_url"":""https://s3-publishing-cmn-svc-prd.s3.ap-southeast-1.amazonaws",Konsultasikan dengan dokter,Herbal & Tradisional,,False,True,"dan cara pemakaian"",""meta_description"":""informasi lengkap ob",Sumber: KlikDokter,,,,https://www.klikdokter.com/obat/obat-herbal/addawa-temulawak
Adecco,,", Dosis &amp; Cara pakai, Kandungan, Efek Samping, dan lainnya di sini."" data-next-head=""""/>",Konsultasikan dengan dokter,Suplemen,,False,True,", dosis &amp; cara pakai, kandungan, efek samping, dan lainn",Sumber: KlikDokter,,,,https://www.klikdokter.com/obat/obat-diabetes/adecco
Adefovir,,", Dosis &amp; Cara pakai, Kandungan, Efek Samping, dan lainnya di sini."" data-next-head=""""/>",Konsultasikan dengan dokter,Herbal & Tradisional,,False,True,", dosis &amp; cara pakai, kandungan, efek samping, dan lainn",Sumber: KlikDokter,,,https://s3-publishing-cmn-svc-prd.s3.ap-southeast-1.amazonaws.com/article/7VWSl_eCjBROCBeFSVrBK/original/044983700_1499836479-Menguak-Fakta-di-Balik-Mitos-Penyakit-Hepatitis-B.jpg,https://www.klikdokter.com/obat/obat-antivirus/adefovir
Adem Pil,,"dan Cara Pemakaian"",""meta_description"":""Informasi lengkap obat Propolis SM; Harga, Manfaat, Dosis \u0026 Cara Pakai, Kandungan, Efek Samping, dan lainnya di sini."",""meta_robots_index"":""index"",""meta_robots_follow"":""follow"",""thumbnail_url"":""https://s3-publishing-cmn-svc-prd.s3.ap-southeast-1.amazonaws",Konsultasikan dengan dokter,Herbal & Tradisional,,False,True,"dan cara pemakaian"",""meta_description"":""informasi lengkap ob",Sumber: KlikDokter,,,,https://www.klikdokter.com/obat/obat-herbal/adem-pil
Adem Sari,,", Dosis &amp; Cara pakai, Kandungan, Efek Samping, dan lainnya di sini."" data-next-head=""""/>",Konsultasikan dengan dokter,Mulut & Tenggorokan,,False,True,", dosis &amp; cara pakai, kandungan, efek samping, dan lainn",Sumber: KlikDokter,,,https://s3-publishing-cmn-svc-prd.s3.ap-southeast-1.amazonaws.com/article/pAXcnHz7hn0dUIgy5mC4y/original/031245100_1577233788-Cara-Atasi-Sariawan-dengan-Resep-Alami-dari-Dapur-Anda-Shutterstock_518376937.jpg,https://www.klikdokter.com/obat/obat-mulut-dan-tenggorokan/adem-sari
Adineuron,,", dan Efek Samping"",""meta_description"":""Informasi lengkap obat Vitamin B Kompleks IPI; Harga, Manfaat, Dosis \u0026 Cara pakai, Kandungan, Efek Samping, dan lainnya di sini."",""meta_robots_index"":""index"",""meta_robots_follow"":""follow"",""type"":""obat"",""media_images"":[{""original"":""https://asset-cdn.medkom",Konsultasikan dengan dokter,Suplemen,,False,True,vitamin,Sumber: KlikDokter,,,,https://www.klikdokter.com/obat/vitamin-dan-suplemen-dewasa/adineuron
Aditusin,,", Dosis, Cara Pakai dan Efek Samping"",""meta_description"":""Rhinos SR adalah obat untuk meredakan berbagai gejala terkait rhinitis alergi seperti bersin, hidung tersumbat. Cari tau Dosis \u0026 Cara pakai, Efek Samping, dan manfaat lainnya disini."",""meta_robots_index"":""index"",""meta_robots_follow"":""fol",Konsultasikan dengan dokter,Flu & Pilek,,False,True,alergi,Sumber: KlikDokter,,,,https://www.klikdokter.com/obat/obat-batuk-pilek-dan-flu/aditusin
Adlansis,,", Dosis, dan Efek Samping"",""meta_description"":""Promag adalah yang digunakan untuk menetralisir kelebihan asam lambung. Promag mengandung hydrotalcite, magnesium hidroksida dan simethicone, "",""meta_robots_index"":""index"",""meta_robots_follow"":""follow"",""thumbnail_url"":""https://s3-publishing-cmn-svc-prd.",Konsultasikan dengan dokter,Pencernaan & Diare,,False,True,lambung,Sumber: KlikDokter,,,,https://www.klikdokter.com/obat/obat-gangguan-pencernaan/adlansis
Adona (AC-17),,", Dosis, dan Efek Samping"",""meta_description"":""Leucogen adalah obat dengan kandungan filgrastim yang digunakan untuk mengurangi gejala infeksi yang disebabkan oleh kekurangan jumlah neutrofil dalam darah."",""meta_robots_index"":""index"",""meta_robots_follow"":""follow"",""thumbnail_url"":""https://s3-publishi",Konsultasikan dengan dokter,Herbal & Tradisional,,False,True,infeksi,Sumber: KlikDokter,,,,https://www.klikdokter.com/obat/obat-gangguan-darah/adona-ac-17
Adona Forte,,", Dosis, dan Efek Samping"",""meta_description"":""Leucogen adalah obat dengan kandungan filgrastim yang digunakan untuk mengurangi gejala infeksi yang disebabkan oleh kekurangan jumlah neutrofil dalam darah."",""meta_robots_index"":""index"",""meta_robots_follow"":""follow"",""thumbnail_url"":""https://s3-publishi",Konsultasikan dengan dokter,Herbal & Tradisional,,False,True,infeksi,Sumber: KlikDokter,,,,https://www.klikdokter.com/obat/obat-gangguan-darah/adona-forte
Adrome,,"dan Efek Samping"" data-next-head=""""/>",Konsultasikan dengan dokter,Herbal & Tradisional,,False,True,"dan efek samping"" data-next-head=""""/>",Sumber: KlikDokter,,,https://s3-publishing-cmn-svc-prd.s3.ap-southeast-1.amazonaws.com/drugs/AZTQePntY75v-MUP4pfak/original/c3gvqc66po6910619pch30qb67prvx5z.png,https://www.klikdokter.com/obat/obat-gangguan-darah/adrome
Aerius,,", Dosis &amp; Cara pakai, Kandungan, Efek Samping, dan lainnya di sini."" data-next-head=""""/>",Konsultasikan dengan dokter,Alergi & Gatal,,False,True,", dosis &amp; cara pakai, kandungan, efek samping, dan lainn",Sumber: KlikDokter,,,https://s3-publishing-cmn-svc-prd.s3.ap-southeast-1.amazonaws.com/article/tIT4IGsChp83x961HPomL/original/075315500_1597143572-Vitamin-D-Bisakah-Atasi-Kulit-Gatal-shutterstock_1233215578.jpg,https://www.klikdokter.com/obat/obat-alergi/aerius
Aerius D-12,,"dan Efek Samping"" data-next-head=""""/>",Konsultasikan dengan dokter,Flu & Pilek,,False,True,"dan efek samping"" data-next-head=""""/>",Sumber: KlikDokter,,,,https://www.klikdokter.com/obat/obat-batuk-pilek-dan-flu/aerius-d-12
Aerrane,,"dan Efek Samping"" data-next-head=""""/>",Konsultasikan dengan dokter,Herbal & Tradisional,,False,True,"dan efek samping"" data-next-head=""""/>",Sumber: KlikDokter,,,,https://www.klikdokter.com/obat/obat-anestesi/aerrane
Afamed,,", Dosis, dan Efek Samping"" data-next-head=""""/>",Konsultasikan dengan dokter,Herbal & Tradisional,,False,True,", dosis, dan efek samping"" data-next-head=""""/>",Sumber: KlikDokter,,,,https://www.klikdokter.com/obat/obat-herbal/afamed
Afiabumin,,", dan Efek Samping"",""meta_description"":""Informasi lengkap obat Vitamin B Kompleks IPI; Harga, Manfaat, Dosis \u0026 Cara pakai, Kandungan, Efek Samping, dan lainnya di sini."",""meta_robots_index"":""index"",""meta_robots_follow"":""follow"",""type"":""obat"",""media_images"":[{""original"":""https://asset-cdn.medkom",Konsultasikan dengan dokter,Suplemen,,False,True,vitamin,Sumber: KlikDokter,,,,https://www.klikdokter.com/obat/vitamin-dan-suplemen-dewasa/afiabumin
Afiafit,,"dan Efek Samping"" data-next-head=""""/>",Konsultasikan dengan dokter,Herbal & Tradisional,,False,True,"dan efek samping"" data-next-head=""""/>",Sumber: KlikDokter,,,,https://www.klikdokter.com/obat/obat-herbal/afiafit
Afiafit Slim,,"dan Cara Pemakaian"",""meta_description"":""Informasi lengkap obat Propolis SM; Harga, Manfaat, Dosis \u0026 Cara Pakai, Kandungan, Efek Samping, dan lainnya di sini."",""meta_robots_index"":""index"",""meta_robots_follow"":""follow"",""thumbnail_url"":""https://s3-publishing-cmn-svc-prd.s3.ap-southeast-1.amazonaws",Konsultasikan dengan dokter,Herbal & Tradisional,,False,True,"dan cara pemakaian"",""meta_description"":""informasi lengkap ob",Sumber: KlikDokter,,,,https://www.klikdokter.com/obat/obat-herbal/afiafit-slim
Afiagin,,"dan Cara Pemakaian"",""meta_description"":""Informasi lengkap obat Propolis SM; Harga, Manfaat, Dosis \u0026 Cara Pakai, Kandungan, Efek Samping, dan lainnya di sini."",""meta_robots_index"":""index"",""meta_robots_follow"":""follow"",""thumbnail_url"":""https://s3-publishing-cmn-svc-prd.s3.ap-southeast-1.amazonaws",Konsultasikan dengan dokter,Herbal & Tradisional,,False,True,"dan cara pemakaian"",""meta_description"":""informasi lengkap ob",Sumber: KlikDokter,,,,https://www.klikdokter.com/obat/obat-herbal/afiagin
Afiamaagh,,"dan Cara Pemakaian"",""meta_description"":""Informasi lengkap obat Propolis SM; Harga, Manfaat, Dosis \u0026 Cara Pakai, Kandungan, Efek Samping, dan lainnya di sini."",""meta_robots_index"":""index"",""meta_robots_follow"":""follow"",""thumbnail_url"":""https://s3-publishing-cmn-svc-prd.s3.ap-southeast-1.amazonaws",Konsultasikan dengan dokter,Herbal & Tradisional,,False,True,"dan cara pemakaian"",""meta_description"":""informasi lengkap ob",Sumber: KlikDokter,,,,https://www.klikdokter.com/obat/obat-herbal/afiamaagh
Afiamorinda,,"dan Cara Pemakaian"",""meta_description"":""Informasi lengkap obat Propolis SM; Harga, Manfaat, Dosis \u0026 Cara Pakai, Kandungan, Efek Samping, dan lainnya di sini."",""meta_robots_index"":""index"",""meta_robots_follow"":""follow"",""thumbnail_url"":""https://s3-publishing-cmn-svc-prd.s3.ap-southeast-1.amazonaws",Konsultasikan dengan dokter,Herbal & Tradisional,,False,True,"dan cara pemakaian"",""meta_description"":""informasi lengkap ob",Sumber: KlikDokter,,,,https://www.klikdokter.com/obat/obat-herbal/afiamorinda
Afiapro,,"dan Cara Pemakaian"",""meta_description"":""Informasi lengkap obat Propolis SM; Harga, Manfaat, Dosis \u0026 Cara Pakai, Kandungan, Efek Samping, dan lainnya di sini."",""meta_robots_index"":""index"",""meta_robots_follow"":""follow"",""thumbnail_url"":""https://s3-publishing-cmn-svc-prd.s3.ap-southeast-1.amazonaws",Konsultasikan dengan dokter,Herbal & Tradisional,,False,True,"dan cara pemakaian"",""meta_description"":""informasi lengkap ob",Sumber: KlikDokter,,,,https://www.klikdokter.com/obat/obat-herbal/afiapro
Afibramol,,", Dosis &amp; Cara pakai, Kandungan, Efek Samping, dan lainnya di sini."" data-next-head=""""/>",Konsultasikan dengan dokter,Nyeri & Demam,,False,True,", dosis &amp; cara pakai, kandungan, efek samping, dan lainn",Sumber: KlikDokter,,,,https://www.klikdokter.com/obat/obat-antinyeri/afibramol
Aficitrin,,", Dosis, dan Efek Samping"",""meta_description"":""Informasi lengkap obat Combantrin; Harga, Manfaat, Dosis \u0026 Cara pakai, Kandungan, Efek Samping, dan lainnya di sini."",""meta_robots_index"":""index"",""meta_robots_follow"":""follow"",""thumbnail_url"":""https://s3-publishing-cmn-svc-prd.s3.ap-southeast-1.ama",Konsultasikan dengan dokter,Herbal & Tradisional,,False,True,", dosis, dan efek samping"",""meta_description"":""informasi len",Sumber: KlikDokter,,,,https://www.klikdokter.com/obat/obat-cacing/aficitrin
Afidol,,", Dosis, Cara Penggunaan dan Efek Samping"",""meta_description"":""Sanmol adalah obat yang mengandung paracetamol. Sanmol digunakan untuk mengobati demam dan meringankan sakit gigi serta meredakan sakit kepala."",""meta_robots_index"":""index"",""meta_robots_follow"":""follow"",""thumbnail_url"":""https://s3-publis",Konsultasikan dengan dokter,Herbal & Tradisional,,False,True,demam; sakit kepala,Sumber: KlikDokter,,,,https://www.klikdokter.com/obat/obat-demam/afidol
Afidryl Expectorant,,", Dosis, Cara Pakai dan Efek Samping"",""meta_description"":""Rhinos SR adalah obat untuk meredakan berbagai gejala terkait rhinitis alergi seperti bersin, hidung tersumbat. Cari tau Dosis \u0026 Cara pakai, Efek Samping, dan manfaat lainnya disini."",""meta_robots_index"":""index"",""meta_robots_follow"":""fol",Konsultasikan dengan dokter,Flu & Pilek,,False,True,alergi,Sumber: KlikDokter,,,,https://www.klikdokter.com/obat/obat-batuk-pilek-dan-flu/afidryl-expectorant
Afiflex,,", Dosis &amp; Cara minum, Kandungan, Efek Samping, dan lainnya di sini."" data-next-head=""""/>",Konsultasikan dengan dokter,Nyeri & Demam,,False,True,", dosis &amp; cara minum, kandungan, efek samping, dan lainn",Sumber: KlikDokter,,,,https://www.klikdokter.com/obat/gangguan-tulang-otot-dan-sendi/afiflex
Afitamol,,", Dosis, Cara Penggunaan dan Efek Samping"",""meta_description"":""Sanmol adalah obat yang mengandung paracetamol. Sanmol digunakan untuk mengobati demam dan meringankan sakit gigi serta meredakan sakit kepala."",""meta_robots_index"":""index"",""meta_robots_follow"":""follow"",""thumbnail_url"":""https://s3-publis",Konsultasikan dengan dokter,Herbal & Tradisional,,False,True,demam; sakit kepala,Sumber: KlikDokter,,,,https://www.klikdokter.com/obat/obat-demam/afitamol
Afitson,,", Dosis &amp; Cara pakai, Kandungan, Efek Samping, dan lainnya di sini."" data-next-head=""""/>",Konsultasikan dengan dokter,Herbal & Tradisional,,False,True,", dosis &amp; cara pakai, kandungan, efek samping, dan lainn",Sumber: KlikDokter,,,https://s3-publishing-cmn-svc-prd.s3.ap-southeast-1.amazonaws.com/drugs/T1GGqbmAHhEox1yHEB6kU/original/OTS0019053.jpg,https://www.klikdokter.com/obat/minyak-angin-dan-balsam/afitson
Aflucaps,,", Dosis &amp; Cara minum, Kandungan, Efek Samping, dan lainnya di sini."" data-next-head=""""/>",Konsultasikan dengan dokter,Flu & Pilek,,False,True,", dosis &amp; cara minum, kandungan, efek samping, dan lainn",Sumber: KlikDokter,,,,https://www.klikdokter.com/obat/obat-batuk-pilek-dan-flu/aflucaps
Afolat,,", Dosis &amp; Cara pakai, Kandungan, Efek Samping, dan lainnya di sini."" data-next-head=""""/>",Konsultasikan dengan dokter,Suplemen,,False,True,", dosis &amp; cara pakai, kandungan, efek samping, dan lainn",Sumber: KlikDokter,,,https://s3-publishing-cmn-svc-prd.s3.ap-southeast-1.amazonaws.com/article/0kL33C1AQT00b4Qp4Ushm/original/1669706726-Afolat.jpg,https://www.klikdokter.com/obat/vitamin-dan-suplemen-dewasa/afolat
Afomix,,", Dosis &amp; Cara Penggunaan, Cara penyimpanan, Efek Samping, dan lainnya di sini."" data-next-head=""""/>",Konsultasikan dengan dokter,Herbal & Tradisional,,False,True,", dosis &amp; cara penggunaan, cara penyimpanan, efek sampin",Sumber: KlikDokter,,,,https://www.klikdokter.com/obat/susu-dan-nutrisi/afomix
Afrin,,", Dosis &amp; Cara minum, Kandungan, Efek Samping, dan lainnya di sini."" data-next-head=""""/>",Konsultasikan dengan dokter,Flu & Pilek,,False,True,", dosis &amp; cara minum, kandungan, efek samping, dan lainn",Sumber: KlikDokter,,,,https://www.klikdokter.com/obat/obat-batuk-pilek-dan-flu/afrin
Afrin Drop,,", Dosis &amp; Cara pakai, Kandungan, Efek Samping, dan lainnya di sini."" data-next-head=""""/>",Konsultasikan dengan dokter,Flu & Pilek,,False,True,", dosis &amp; cara pakai, kandungan, efek samping, dan lainn",Sumber: KlikDokter,,,,https://www.klikdokter.com/obat/obat-batuk-pilek-dan-flu/afrin-drop
Afucid,,", Dosis &amp; Cara minum, Kandungan, Efek Samping, dan lainnya di sini."" data-next-head=""""/>",Konsultasikan dengan dokter,Antijamur & Kulit,,False,True,", dosis &amp; cara minum, kandungan, efek samping, dan lainn",Sumber: KlikDokter,,,,https://www.klikdokter.com/obat/obat-kulit/afucid
Agarillus Drop,,"dan Cara Pemakaian"",""meta_description"":""Informasi lengkap obat Propolis SM; Harga, Manfaat, Dosis \u0026 Cara Pakai, Kandungan, Efek Samping, dan lainnya di sini."",""meta_robots_index"":""index"",""meta_robots_follow"":""follow"",""thumbnail_url"":""https://s3-publishing-cmn-svc-prd.s3.ap-southeast-1.amazonaws",Konsultasikan dengan dokter,Herbal & Tradisional,,False,True,"dan cara pemakaian"",""meta_description"":""informasi lengkap ob",Sumber: KlikDokter,,,,https://www.klikdokter.com/obat/obat-herbal/agarillus-drop
Aggravan,,", Dosis &amp; Cara pakai, Kandungan, Efek Samping, dan lainnya di sini."" data-next-head=""""/>",Konsultasikan dengan dokter,Herbal & Tradisional,,False,True,", dosis &amp; cara pakai, kandungan, efek samping, dan lainn",Sumber: KlikDokter,,,,https://www.klikdokter.com/obat/obat-jantung/aggravan
Agrelano,,", Dosis, dan Efek Samping"",""slug"":""candesartan-cilexetil-manfaat-dosis-dan-efek-samping"",""short_desc"":"" Candesartan Cilexetil adalah obat untuk menurunkan tekanan darah tinggi dan mengobati gagal jantung."",""url"":""obat-jantung/candesartan-cilexetil-manfaat-dosis-dan-efek-samping"",""amp_url"":"""",""canoni",Konsultasikan dengan dokter,Herbal & Tradisional,,False,True,", dosis, dan efek samping"",""slug"":""candesartan-cilexetil-man",Sumber: KlikDokter,,,,https://www.klikdokter.com/obat/obat-jantung/agrelano
Agrippin,,", Dosis &amp; Cara pakai, Kandungan, Efek Samping, dan lainnya di sini."" data-next-head=""""/>",Konsultasikan dengan dokter,Flu & Pilek,,False,True,", dosis &amp; cara pakai, kandungan, efek samping, dan lainn",Sumber: KlikDokter,,,,https://www.klikdokter.com/obat/obat-batuk-pilek-dan-flu/agrippin
Agrylin,,"dan Efek Samping"" data-next-head=""""/>",Konsultasikan dengan dokter,Herbal & Tradisional,,False,True,"dan efek samping"" data-next-head=""""/>",Sumber: KlikDokter,,,,https://www.klikdokter.com/obat/obat-gangguan-darah/agrylin
AHFC,,", Dosis &amp; Cara Penggunaan, Cara Penyimpanan, Efek Samping, dan lainnya di sini."" data-next-head=""""/>",Konsultasikan dengan dokter,Herbal & Tradisional,,False,True,", dosis &amp; cara penggunaan, cara penyimpanan, efek sampin",Sumber: KlikDokter,,,,https://www.klikdokter.com/obat/obat-herbal/ahfc
Ailin,,", Dosis &amp; Cara minum, Kandungan, Efek Samping, dan lainnya di sini."" data-next-head=""""/>",Konsultasikan dengan dokter,Mata & Telinga,,False,True,", dosis &amp; cara minum, kandungan, efek samping, dan lainn",Sumber: KlikDokter,,,,https://www.klikdokter.com/obat/obat-mata/ailin
Airborne,,", Dosis &amp; Cara pakai, Kandungan, Efek Samping, dan lainnya di sini."" data-next-head=""""/>",Konsultasikan dengan dokter,Suplemen,,False,True,", dosis &amp; cara pakai, kandungan, efek samping, dan lainn",Sumber: KlikDokter,,,,https://www.klikdokter.com/obat/vitamin-dan-suplemen-dewasa/airborne
Aito,,", Dosis, dan Efek Samping"",""meta_description"":""Cendo Protagenta adalah obat tetes mata steril dengan kandungan Polyvinylpyrrolidone yang digunakan untuk mengatasi mata kering dan iritasi mata."",""meta_robots_index"":""index"",""meta_robots_follow"":""follow"",""thumbnail_url"":""https://s3-publishing-cmn-svc-p",Konsultasikan dengan dokter,Mata & Telinga,,False,True,mata,Sumber: KlikDokter,,,https://s3-publishing-cmn-svc-prd.s3.ap-southeast-1.amazonaws.com/drugs/VgnJ46ke8WsJgjMRiE45f/original/qmhugss63i3c8ryqot2e4jd6u6b18tuk.png,https://www.klikdokter.com/obat/obat-mata/aito
Akilen,,", Dosis &amp; Cara pakai, Kandungan, Efek Samping, dan lainnya di sini."" data-next-head=""""/>",Konsultasikan dengan dokter,Flu & Pilek,,False,True,", dosis &amp; cara pakai, kandungan, efek samping, dan lainn",Sumber: KlikDokter,,,,https://www.klikdokter.com/obat/obat-antibiotik/akilen
Akita,,", Dosis &amp; Cara pakai, Kandungan, Efek Samping, dan lainnya di sini."" data-next-head=""""/>",Konsultasikan dengan dokter,Pencernaan & Diare,,False,True,", dosis &amp; cara pakai, kandungan, efek samping, dan lainn",Sumber: KlikDokter,,,https://s3-publishing-cmn-svc-prd.s3.ap-southeast-1.amazonaws.com/article/MhS7Zo-9JuJNeH7rsyzqh/original/1662608621-Membedakan%20Diare%20Akut%20dan%20Diare%20Kronis.jpg,https://www.klikdokter.com/obat/obat-gangguan-pencernaan/akita
Aknil,,", Dosis &amp; Cara minum, Kandungan, Efek Samping, dan lainnya di sini."" data-next-head=""""/>",Konsultasikan dengan dokter,Flu & Pilek,,False,True,", dosis &amp; cara minum, kandungan, efek samping, dan lainn",Sumber: KlikDokter,,,,https://www.klikdokter.com/obat/obat-batuk-pilek-dan-flu/aknil
Akta-Vol,,", dan Efek Samping"",""meta_description"":""Informasi lengkap obat Vitamin B Kompleks IPI; Harga, Manfaat, Dosis \u0026 Cara pakai, Kandungan, Efek Samping, dan lainnya di sini."",""meta_robots_index"":""index"",""meta_robots_follow"":""follow"",""type"":""obat"",""media_images"":[{""original"":""https://asset-cdn.medkom",Konsultasikan dengan dokter,Suplemen,,False,True,vitamin,Sumber: KlikDokter,,,,https://www.klikdokter.com/obat/vitamin-dan-suplemen-dewasa/akta-vol
Aktoralin,,", Dosis, dan Efek Samping"",""meta_description"":""Informasi lengkap obat Yusimox; Harga, Manfaat, Dosis \u0026 Cara pakai, Kandungan, Efek Samping, dan lainnya di sini."",""meta_robots_index"":""index"",""meta_robots_follow"":""follow"",""thumbnail_url"":""https://s3-publishing-cmn-svc-prd.s3.ap-southeast-1.amazon",Konsultasikan dengan dokter,Flu & Pilek,,False,True,", dosis, dan efek samping"",""meta_description"":""informasi len",Sumber: KlikDokter,,,,https://www.klikdokter.com/obat/obat-antibiotik/aktoralin
Al-Jazira Sari Kurma,,", Dosis &amp; Cara minum, Kandungan, Efek Samping, dan lainnya di sini."" data-next-head=""""/>",Konsultasikan dengan dokter,Herbal & Tradisional,,False,True,", dosis &amp; cara minum, kandungan, efek samping, dan lainn",Sumber: KlikDokter,,,,https://www.klikdokter.com/obat/obat-herbal/al-jazira-sari-kurma
Ala 600,,", Dosis &amp; Cara pakai, Kandungan, Efek Samping, dan lainnya di sini."" data-next-head=""""/>",Konsultasikan dengan dokter,Suplemen,,False,True,", dosis &amp; cara pakai, kandungan, efek samping, dan lainn",Sumber: KlikDokter,,,,https://www.klikdokter.com/obat/obat-diabetes/ala-600
Alabetic,,", Dosis &amp; Cara minum, Kandungan, Efek Samping, dan lainnya di sini."" data-next-head=""""/>",Konsultasikan dengan dokter,Suplemen,,False,True,", dosis &amp; cara minum, kandungan, efek samping, dan lainn",Sumber: KlikDokter,,,,https://www.klikdokter.com/obat/obat-diabetes/alabetic
Alaxan FR,,", Dosis &amp; Cara pakai, Kandungan, Efek Samping, dan lainnya di sini."" data-next-head=""""/>",Konsultasikan dengan dokter,Nyeri & Demam,,False,True,", dosis &amp; cara pakai, kandungan, efek samping, dan lainn",Sumber: KlikDokter,,,https://s3-publishing-cmn-svc-prd.s3.ap-southeast-1.amazonaws.com/article/S6Mtfi0Tcd3SZ5LXU4tK5/original/1675058182-Untitled%20design%20%2822%29.jpg,https://www.klikdokter.com/obat/obat-antinyeri/alaxan-fr
Albapure 20,,"Dosis, Efek Samping"",""meta_description"":""NaCl adalah larutan garam sterili, yang dapat digunakan untuk infus pengganti cairan tubuh yang hilang,"",""meta_robots_index"":""index"",""meta_robots_follow"":""follow"",""thumbnail_url"":""https://s3-publishing-cmn-svc-prd.s3.ap-southeast-1.amazonaws.com/drugs/lUy7IvK",Konsultasikan dengan dokter,Herbal & Tradisional,,False,True,"dosis, efek samping"",""meta_description"":""nacl adalah larutan",Sumber: KlikDokter,,,,https://www.klikdokter.com/obat/larutan-steril/albapure-20
Albavance F,,", Dosis, Cara Penggunaan dan Efek Samping"",""meta_description"":""Ingin tau Gentamicin obat apa, cari tau Manfaat, Dosis \u0026 Cara pakai, Kandungan, Efek Samping, dan lainnya di sini."",""meta_robots_index"":""index"",""meta_robots_follow"":""follow"",""thumbnail_url"":""https://s3-publishing-cmn-svc-prd.s3.ap-s",Konsultasikan dengan dokter,Antijamur & Kulit,,False,True,", dosis, cara penggunaan dan efek samping"",""meta_description",Sumber: KlikDokter,,,,https://www.klikdokter.com/obat/obat-kulit/albavance-f
Albendazole,,", Dosis &amp; Cara pakai, Kandungan, Efek Samping, dan lainnya di sini."" data-next-head=""""/>",Konsultasikan dengan dokter,Herbal & Tradisional,,False,True,", dosis &amp; cara pakai, kandungan, efek samping, dan lainn",Sumber: KlikDokter,,,https://s3-publishing-cmn-svc-prd.s3.ap-southeast-1.amazonaws.com/drugs/a8pNsrqpofV2FZzKoRc1g/original/1660873780-OBT0005095.jpg,https://www.klikdokter.com/obat/obat-antiparasit/albendazole
Albetas,,"dan Cara Pemakaian"",""meta_description"":""Informasi lengkap obat Propolis SM; Harga, Manfaat, Dosis \u0026 Cara Pakai, Kandungan, Efek Samping, dan lainnya di sini."",""meta_robots_index"":""index"",""meta_robots_follow"":""follow"",""thumbnail_url"":""https://s3-publishing-cmn-svc-prd.s3.ap-southeast-1.amazonaws",Konsultasikan dengan dokter,Herbal & Tradisional,,False,True,"dan cara pemakaian"",""meta_description"":""informasi lengkap ob",Sumber: KlikDokter,,,,https://www.klikdokter.com/obat/obat-herbal/albetas
Albibet Al Biruni,,"dan Cara Pemakaian"",""meta_description"":""Informasi lengkap obat Propolis SM; Harga, Manfaat, Dosis \u0026 Cara Pakai, Kandungan, Efek Samping, dan lainnya di sini."",""meta_robots_index"":""index"",""meta_robots_follow"":""follow"",""thumbnail_url"":""https://s3-publishing-cmn-svc-prd.s3.ap-southeast-1.amazonaws",Konsultasikan dengan dokter,Herbal & Tradisional,,False,True,"dan cara pemakaian"",""meta_description"":""informasi lengkap ob",Sumber: KlikDokter,,,,https://www.klikdokter.com/obat/obat-herbal/albibet-al-biruni
Albimah,,"dan Cara Pemakaian"",""meta_description"":""Informasi lengkap obat Propolis SM; Harga, Manfaat, Dosis \u0026 Cara Pakai, Kandungan, Efek Samping, dan lainnya di sini."",""meta_robots_index"":""index"",""meta_robots_follow"":""follow"",""thumbnail_url"":""https://s3-publishing-cmn-svc-prd.s3.ap-southeast-1.amazonaws",Konsultasikan dengan dokter,Herbal & Tradisional,,False,True,"dan cara pemakaian"",""meta_description"":""informasi lengkap ob",Sumber: KlikDokter,,,,https://www.klikdokter.com/obat/obat-herbal/albimah
Albiotin,,", Dosis &amp; Cara minum, Kandungan, Efek Samping, dan lainnya di sini."" data-next-head=""""/>",Konsultasikan dengan dokter,Flu & Pilek,,False,True,", dosis &amp; cara minum, kandungan, efek samping, dan lainn",Sumber: KlikDokter,,,,https://www.klikdokter.com/obat/obat-antibiotik/albiotin
Albisam,,"dan Cara Pemakaian"",""meta_description"":""Informasi lengkap obat Propolis SM; Harga, Manfaat, Dosis \u0026 Cara Pakai, Kandungan, Efek Samping, dan lainnya di sini."",""meta_robots_index"":""index"",""meta_robots_follow"":""follow"",""thumbnail_url"":""https://s3-publishing-cmn-svc-prd.s3.ap-southeast-1.amazonaws",Konsultasikan dengan dokter,Herbal & Tradisional,,False,True,"dan cara pemakaian"",""meta_description"":""informasi lengkap ob",Sumber: KlikDokter,,,,https://www.klikdokter.com/obat/obat-herbal/albisam
Albistrok,,"dan Cara Pemakaian"",""meta_description"":""Informasi lengkap obat Propolis SM; Harga, Manfaat, Dosis \u0026 Cara Pakai, Kandungan, Efek Samping, dan lainnya di sini."",""meta_robots_index"":""index"",""meta_robots_follow"":""follow"",""thumbnail_url"":""https://s3-publishing-cmn-svc-prd.s3.ap-southeast-1.amazonaws",Konsultasikan dengan dokter,Herbal & Tradisional,,False,True,"dan cara pemakaian"",""meta_description"":""informasi lengkap ob",Sumber: KlikDokter,,,,https://www.klikdokter.com/obat/obat-herbal/albistrok
Albizon,,"dan Cara Pemakaian"",""meta_description"":""Informasi lengkap obat Propolis SM; Harga, Manfaat, Dosis \u0026 Cara Pakai, Kandungan, Efek Samping, dan lainnya di sini."",""meta_robots_index"":""index"",""meta_robots_follow"":""follow"",""thumbnail_url"":""https://s3-publishing-cmn-svc-prd.s3.ap-southeast-1.amazonaws",Konsultasikan dengan dokter,Herbal & Tradisional,,False,True,"dan cara pemakaian"",""meta_description"":""informasi lengkap ob",Sumber: KlikDokter,,,,https://www.klikdokter.com/obat/obat-herbal/albizon
Alboost,,"dan Cara Pemakaian"",""meta_description"":""Informasi lengkap obat Propolis SM; Harga, Manfaat, Dosis \u0026 Cara Pakai, Kandungan, Efek Samping, dan lainnya di sini."",""meta_robots_index"":""index"",""meta_robots_follow"":""follow"",""thumbnail_url"":""https://s3-publishing-cmn-svc-prd.s3.ap-southeast-1.amazonaws",Konsultasikan dengan dokter,Herbal & Tradisional,,False,True,"dan cara pemakaian"",""meta_description"":""informasi lengkap ob",Sumber: KlikDokter,,,,https://www.klikdokter.com/obat/obat-herbal/alboost
Albothyl,,", Dosis &amp; Cara minum, Kandungan, Efek Samping, dan lainnya di sini."" data-next-head=""""/>",Konsultasikan dengan dokter,Antijamur & Kulit,,False,True,", dosis &amp; cara minum, kandungan, efek samping, dan lainn",Sumber: KlikDokter,,,https://s3-publishing-cmn-svc-prd.s3.ap-southeast-1.amazonaws.com/drugs/L470pesPC-QfWt8AuEecs/original/drv1jsotk6vbxjgg1rstqibeu5iozk8z.png,https://www.klikdokter.com/obat/obat-kulit/albothyl
Albu G,,", Dosis &amp; Cara pakai, Kandungan, Efek Samping, dan lainnya di sini."" data-next-head=""""/>",Konsultasikan dengan dokter,Herbal & Tradisional,,False,True,", dosis &amp; cara pakai, kandungan, efek samping, dan lainn",Sumber: KlikDokter,,,https://s3-publishing-cmn-svc-prd.s3.ap-southeast-1.amazonaws.com/article/RKGL5HhWlhGUoTwNpKniD/original/010483000_1635933366-Perhatikan_Ini_Sebelum_Minum_Obat_Histigo_untuk_Atasi_Meniere.jpg,https://www.klikdokter.com/obat/obat-herbal/albu-g
Albucare,,"dan Cara Pemakaian"",""meta_description"":""Informasi lengkap obat Propolis SM; Harga, Manfaat, Dosis \u0026 Cara Pakai, Kandungan, Efek Samping, dan lainnya di sini."",""meta_robots_index"":""index"",""meta_robots_follow"":""follow"",""thumbnail_url"":""https://s3-publishing-cmn-svc-prd.s3.ap-southeast-1.amazonaws",Konsultasikan dengan dokter,Herbal & Tradisional,,False,True,"dan cara pemakaian"",""meta_description"":""informasi lengkap ob",Sumber: KlikDokter,,,,https://www.klikdokter.com/obat/obat-herbal/albucare
Albuforce,,", Dosis &amp; Cara minum, Kandungan, Efek Samping, dan lainnya di sini."" data-next-head=""""/>",Konsultasikan dengan dokter,Suplemen,,False,True,", dosis &amp; cara minum, kandungan, efek samping, dan lainn",Sumber: KlikDokter,,,,https://www.klikdokter.com/obat/vitamin-dan-suplemen-dewasa/albuforce
Albuforce Plus,,", Dosis, dan Efek Samping"" data-next-head=""""/>",Konsultasikan dengan dokter,Herbal & Tradisional,,False,True,", dosis, dan efek samping"" data-next-head=""""/>",Sumber: KlikDokter,,,https://s3-publishing-cmn-svc-prd.s3.ap-southeast-1.amazonaws.com/drugs/Qq2tWtlYnHqWlDyCjZ2WD/original/rfth3akk0tsyruokkgnz374337gidi7g.png,https://www.klikdokter.com/obat/obat-herbal/albuforce-plus
Albuga,,"dan Cara Pemakaian"",""meta_description"":""Informasi lengkap obat Propolis SM; Harga, Manfaat, Dosis \u0026 Cara Pakai, Kandungan, Efek Samping, dan lainnya di sini."",""meta_robots_index"":""index"",""meta_robots_follow"":""follow"",""thumbnail_url"":""https://s3-publishing-cmn-svc-prd.s3.ap-southeast-1.amazonaws",Konsultasikan dengan dokter,Herbal & Tradisional,,False,True,"dan cara pemakaian"",""meta_description"":""informasi lengkap ob",Sumber: KlikDokter,,,,https://www.klikdokter.com/obat/obat-herbal/albuga
Albugold,,"dan Cara Pemakaian"",""meta_description"":""Informasi lengkap obat Propolis SM; Harga, Manfaat, Dosis \u0026 Cara Pakai, Kandungan, Efek Samping, dan lainnya di sini."",""meta_robots_index"":""index"",""meta_robots_follow"":""follow"",""thumbnail_url"":""https://s3-publishing-cmn-svc-prd.s3.ap-southeast-1.amazonaws",Konsultasikan dengan dokter,Herbal & Tradisional,,False,True,"dan cara pemakaian"",""meta_description"":""informasi lengkap ob",Sumber: KlikDokter,,,,https://www.klikdokter.com/obat/obat-herbal/albugold
Albuminar,,"Dosis, Efek Samping"",""meta_description"":""NaCl adalah larutan garam sterili, yang dapat digunakan untuk infus pengganti cairan tubuh yang hilang,"",""meta_robots_index"":""index"",""meta_robots_follow"":""follow"",""thumbnail_url"":""https://s3-publishing-cmn-svc-prd.s3.ap-southeast-1.amazonaws.com/drugs/lUy7IvK",Konsultasikan dengan dokter,Herbal & Tradisional,,False,True,"dosis, efek samping"",""meta_description"":""nacl adalah larutan",Sumber: KlikDokter,,,,https://www.klikdokter.com/obat/larutan-steril/albuminar
Albuminchil,,"dan Cara Pemakaian"",""meta_description"":""Informasi lengkap obat Propolis SM; Harga, Manfaat, Dosis \u0026 Cara Pakai, Kandungan, Efek Samping, dan lainnya di sini."",""meta_robots_index"":""index"",""meta_robots_follow"":""follow"",""thumbnail_url"":""https://s3-publishing-cmn-svc-prd.s3.ap-southeast-1.amazonaws",Konsultasikan dengan dokter,Herbal & Tradisional,,False,True,"dan cara pemakaian"",""meta_description"":""informasi lengkap ob",Sumber: KlikDokter,,,,https://www.klikdokter.com/obat/obat-herbal/albuminchil
Albumino,,"dan Cara Pemakaian"",""meta_description"":""Informasi lengkap obat Propolis SM; Harga, Manfaat, Dosis \u0026 Cara Pakai, Kandungan, Efek Samping, dan lainnya di sini."",""meta_robots_index"":""index"",""meta_robots_follow"":""follow"",""thumbnail_url"":""https://s3-publishing-cmn-svc-prd.s3.ap-southeast-1.amazonaws",Konsultasikan dengan dokter,Herbal & Tradisional,,False,True,"dan cara pemakaian"",""meta_description"":""informasi lengkap ob",Sumber: KlikDokter,,,,https://www.klikdokter.com/obat/obat-herbal/albumino
Albus Kapsul,,"dan Cara Pemakaian"",""meta_description"":""Informasi lengkap obat Propolis SM; Harga, Manfaat, Dosis \u0026 Cara Pakai, Kandungan, Efek Samping, dan lainnya di sini."",""meta_robots_index"":""index"",""meta_robots_follow"":""follow"",""thumbnail_url"":""https://s3-publishing-cmn-svc-prd.s3.ap-southeast-1.amazonaws",Konsultasikan dengan dokter,Herbal & Tradisional,,False,True,"dan cara pemakaian"",""meta_description"":""informasi lengkap ob",Sumber: KlikDokter,,,,https://www.klikdokter.com/obat/obat-herbal/albus-kapsul
Albusmin,jamu Albusmin terbuat dari,", Dosis, dan Efek Samping"" data-next-head=""""/>",Konsultasikan dengan dokter,Herbal & Tradisional,,False,True,", dosis, dan efek samping"" data-next-head=""""/>",Sumber: KlikDokter,,,https://s3-publishing-cmn-svc-prd.s3.ap-southeast-1.amazonaws.com/drugs/bxP95F03gHazzUZ-6Gdl5/original/5069j04o229futq4cfxdnfhggnybm8le.png,https://www.klikdokter.com/obat/obat-herbal/albusmin
Albuvit,,"dan Efek Samping"" data-next-head=""""/>",Konsultasikan dengan dokter,Mata & Telinga,,False,True,"dan efek samping"" data-next-head=""""/>",Sumber: KlikDokter,,,,https://www.klikdokter.com/obat/obat-mata/albuvit
Albuzay,,"dan Cara Pemakaian"",""meta_description"":""Informasi lengkap obat Propolis SM; Harga, Manfaat, Dosis \u0026 Cara Pakai, Kandungan, Efek Samping, dan lainnya di sini."",""meta_robots_index"":""index"",""meta_robots_follow"":""follow"",""thumbnail_url"":""https://s3-publishing-cmn-svc-prd.s3.ap-southeast-1.amazonaws",Konsultasikan dengan dokter,Herbal & Tradisional,,False,True,"dan cara pemakaian"",""meta_description"":""informasi lengkap ob",Sumber: KlikDokter,,,,https://www.klikdokter.com/obat/obat-herbal/albuzay
Albuzen,,"dan Cara Pemakaian"",""meta_description"":""Informasi lengkap obat Propolis SM; Harga, Manfaat, Dosis \u0026 Cara Pakai, Kandungan, Efek Samping, dan lainnya di sini."",""meta_robots_index"":""index"",""meta_robots_follow"":""follow"",""thumbnail_url"":""https://s3-publishing-cmn-svc-prd.s3.ap-southeast-1.amazonaws",Konsultasikan dengan dokter,Herbal & Tradisional,,False,True,"dan cara pemakaian"",""meta_description"":""informasi lengkap ob",Sumber: KlikDokter,,,,https://www.klikdokter.com/obat/obat-herbal/albuzen
Alcet,,", Dosis, dan Efek Samping"",""meta_description"":""Proxona adalah obat dengan kandungan dexchlorpheniramine maleate dan dexamethasone untuk meringankan gejala alergi dan radang. Ini manfaat, harga, dosis, efek sampingnya."",""meta_robots_index"":""index"",""meta_robots_follow"":""follow"",""thumbnail_url"":""https:",Konsultasikan dengan dokter,Alergi & Gatal,,False,True,alergi,Sumber: KlikDokter,,,,https://www.klikdokter.com/obat/obat-alergi/alcet
Alco,,", Dosis &amp; Cara minum, Kandungan, Efek Samping, dan lainnya di sini."" data-next-head=""""/>",Konsultasikan dengan dokter,Flu & Pilek,,False,True,", dosis &amp; cara minum, kandungan, efek samping, dan lainn",Sumber: KlikDokter,,,,https://www.klikdokter.com/obat/obat-batuk-pilek-dan-flu/alco
Alco Plus,,", Dosis &amp; Cara minum, Kandungan, Efek Samping, dan lainnya di sini."" data-next-head=""""/>",Konsultasikan dengan dokter,Flu & Pilek,,False,True,", dosis &amp; cara minum, kandungan, efek samping, dan lainn",Sumber: KlikDokter,,,,https://www.klikdokter.com/obat/obat-batuk-pilek-dan-flu/alco-plus
Alco Plus DMP,,", Dosis &amp; Cara pakai, Kandungan, Efek Samping, dan lainnya di sini."" data-next-head=""""/>",Konsultasikan dengan dokter,Flu & Pilek,,False,True,", dosis &amp; cara pakai, kandungan, efek samping, dan lainn",Sumber: KlikDokter,,,,https://www.klikdokter.com/obat/obat-batuk-pilek-dan-flu/alco-plus-dmp
Alcon Tears Naturale II,,", Dosis &amp; Cara minum, Kandungan, Efek Samping, dan lainnya di sini."" data-next-head=""""/>",Konsultasikan dengan dokter,Mata & Telinga,,False,True,", dosis &amp; cara minum, kandungan, efek samping, dan lainn",Sumber: KlikDokter,,,,https://www.klikdokter.com/obat/obat-mata/alcon-tears-naturale-ii
Aldactone,,", Dosis, dan Efek Samping"",""meta_description"":""Mediresix adalah obat yang mengandung furosemide untuk mengatasi hipertensi dan pembengkakan pada jaringan. Ini dosis minum, manfaat, dan efek sampingnya."",""meta_robots_index"":""index"",""meta_robots_follow"":""follow"",""thumbnail_url"":""https://s3-publishing-",Konsultasikan dengan dokter,Nyeri & Demam,,False,True,", dosis, dan efek samping"",""meta_description"":""mediresix ada",Sumber: KlikDokter,,,,https://www.klikdokter.com/obat/obat-hipertensi/aldactone
Aldisa SR,,", dan Cara Menggunakann",Konsultasikan dengan dokter,Alergi & Gatal,,False,True,", dan cara menggunakann",Sumber: KlikDokter,,,https://s3-publishing-cmn-svc-prd.s3.ap-southeast-1.amazonaws.com/drugs/iY1Jwg1Okva6OjcobAYzp/original/v4gllu1gl2q1dre2hy5s4q7pwtvk4q1s.png,https://www.klikdokter.com/obat/obat-alergi/aldisa-sr
Aldomer,,", Dosis, dan Efek Samping"",""meta_description"":""Clorilex adalah obat dengan kandungan clozapine yang menjadi terapi Skizofrenia terutama pada pasien yang tidak responsif terhadap neuroleptik klasik."",""meta_robots_index"":""index"",""meta_robots_follow"":""follow"",""thumbnail_url"":""https://s3-publishing-cmn-",Konsultasikan dengan dokter,Herbal & Tradisional,,False,True,", dosis, dan efek samping"",""meta_description"":""clorilex adal",Sumber: KlikDokter,,,,https://www.klikdokter.com/obat/obat-gangguan-saraf-pusat/aldomer
Alegat,,"dan Cara Pemakaian"",""meta_description"":""Informasi lengkap obat Propolis SM; Harga, Manfaat, Dosis \u0026 Cara Pakai, Kandungan, Efek Samping, dan lainnya di sini."",""meta_robots_index"":""index"",""meta_robots_follow"":""follow"",""thumbnail_url"":""https://s3-publishing-cmn-svc-prd.s3.ap-southeast-1.amazonaws",Konsultasikan dengan dokter,Herbal & Tradisional,,False,True,"dan cara pemakaian"",""meta_description"":""informasi lengkap ob",Sumber: KlikDokter,,,,https://www.klikdokter.com/obat/obat-herbal/alegat
Alegi,,", Dosis &amp; Cara minum, Kandungan, Efek Samping, dan lainnya di sini."" data-next-head=""""/>",Konsultasikan dengan dokter,Alergi & Gatal,,False,True,", dosis &amp; cara minum, kandungan, efek samping, dan lainn",Sumber: KlikDokter,,,,https://www.klikdokter.com/obat/obat-alergi/alegi
Alegysal,,", Dosis &amp; Cara minum, Kandungan, Efek Samping, dan lainnya di sini."" data-next-head=""""/>",Konsultasikan dengan dokter,Mata & Telinga,,False,True,", dosis &amp; cara minum, kandungan, efek samping, dan lainn",Sumber: KlikDokter,,,,https://www.klikdokter.com/obat/obat-mata/alegysal
Alena,,"dan Efek Samping"" data-next-head=""""/>",Konsultasikan dengan dokter,Herbal & Tradisional,,False,True,"dan efek samping"" data-next-head=""""/>",Sumber: KlikDokter,,,,https://www.klikdokter.com/obat/obat-kesehatan-mental/alena
Alendion,,", Dosis, Cara Penggunaan dan Efek Samping"",""meta_description"":""Ingin tau Gentamicin obat apa, cari tau Manfaat, Dosis \u0026 Cara pakai, Kandungan, Efek Samping, dan lainnya di sini."",""meta_robots_index"":""index"",""meta_robots_follow"":""follow"",""thumbnail_url"":""https://s3-publishing-cmn-svc-prd.s3.ap-s",Konsultasikan dengan dokter,Antijamur & Kulit,,False,True,", dosis, cara penggunaan dan efek samping"",""meta_description",Sumber: KlikDokter,,,,https://www.klikdokter.com/obat/obat-kulit/alendion
Alerdex,,"dan Efek Samping"" data-next-head=""""/>",Konsultasikan dengan dokter,Flu & Pilek,,False,True,"dan efek samping"" data-next-head=""""/>",Sumber: KlikDokter,,,,https://www.klikdokter.com/obat/obat-batuk-pilek-dan-flu/alerdex
Alerfed,,"dan Efek Samping"" data-next-head=""""/>",Konsultasikan dengan dokter,Flu & Pilek,,False,True,"dan efek samping"" data-next-head=""""/>",Sumber: KlikDokter,,,,https://www.klikdokter.com/obat/obat-batuk-pilek-dan-flu/alerfed
Alergine,,", Dosis &amp; Cara pakai, Kandungan, Efek Samping, dan lainnya di sini."" data-next-head=""""/>",Konsultasikan dengan dokter,Alergi & Gatal,,False,True,", dosis &amp; cara pakai, kandungan, efek samping, dan lainn",Sumber: KlikDokter,,,,https://www.klikdokter.com/obat/obat-alergi/alergine
Alergo,,"dan Cara Pemakaian"",""meta_description"":""Informasi lengkap obat Propolis SM; Harga, Manfaat, Dosis \u0026 Cara Pakai, Kandungan, Efek Samping, dan lainnya di sini."",""meta_robots_index"":""index"",""meta_robots_follow"":""follow"",""thumbnail_url"":""https://s3-publishing-cmn-svc-prd.s3.ap-southeast-1.amazonaws",Konsultasikan dengan dokter,Herbal & Tradisional,,False,True,"dan cara pemakaian"",""meta_description"":""informasi lengkap ob",Sumber: KlikDokter,,,,https://www.klikdokter.com/obat/obat-herbal/alergo
Alermax,,", Dosis &amp; Cara pakai, Kandungan, Efek Samping, dan lainnya di sini."" data-next-head=""""/>",Konsultasikan dengan dokter,Alergi & Gatal,,False,True,", dosis &amp; cara pakai, kandungan, efek samping, dan lainn",Sumber: KlikDokter,,,https://s3-publishing-cmn-svc-prd.s3.ap-southeast-1.amazonaws.com/drugs/aZ2ykZ2RKIxZ9-Qhb9cpi/original/1667310000-Alermax.jpg,https://www.klikdokter.com/obat/obat-alergi/alermax
Alernitis,,", Dosis &amp; Cara pakai, Kandungan, Efek Samping, dan lainnya di sini."" data-next-head=""""/>",Konsultasikan dengan dokter,Alergi & Gatal,,False,True,", dosis &amp; cara pakai, kandungan, efek samping, dan lainn",Sumber: KlikDokter,,,,https://www.klikdokter.com/obat/obat-alergi/alernitis
Alernox,,", Dosis, dan Efek Samping"",""meta_description"":""Proxona adalah obat dengan kandungan dexchlorpheniramine maleate dan dexamethasone untuk meringankan gejala alergi dan radang. Ini manfaat, harga, dosis, efek sampingnya."",""meta_robots_index"":""index"",""meta_robots_follow"":""follow"",""thumbnail_url"":""https:",Konsultasikan dengan dokter,Alergi & Gatal,,False,True,alergi,Sumber: KlikDokter,,,,https://www.klikdokter.com/obat/obat-alergi/alernox
Aleros,,", Dosis &amp; Cara pakai, Kandungan, Efek Samping, dan lainnya di sini."" data-next-head=""""/>",Konsultasikan dengan dokter,Alergi & Gatal,,False,True,", dosis &amp; cara pakai, kandungan, efek samping, dan lainn",Sumber: KlikDokter,,,,https://www.klikdokter.com/obat/obat-alergi/aleros
Alfabio,,", Dosis &amp; Cara pakai, Kandungan, Efek Samping, dan lainnya di sini."" data-next-head=""""/>",Konsultasikan dengan dokter,Nyeri & Demam,,False,True,", dosis &amp; cara pakai, kandungan, efek samping, dan lainn",Sumber: KlikDokter,,,,https://www.klikdokter.com/obat/gangguan-tulang-otot-dan-sendi/alfabio
Alfentanil,,", Dosis &amp; Cara pakai, Kandungan, Efek Samping, dan lainnya di sini."" data-next-head=""""/>",Konsultasikan dengan dokter,Nyeri & Demam,,False,True,", dosis &amp; cara pakai, kandungan, efek samping, dan lainn",Sumber: KlikDokter,,,https://s3-publishing-cmn-svc-prd.s3.ap-southeast-1.amazonaws.com/article/UWKWWN2QKNVgNiNjHD3n8/original/031074700_1630911825-Bahaya-Suntik-Sabu-Lewat-Anus.jpg,https://www.klikdokter.com/obat/obat-antinyeri/alfentanil
Alfidon,,", Dosis, Cara Penggunaan dan Efek Samping"",""meta_description"":""Sanmol adalah obat yang mengandung paracetamol. Sanmol digunakan untuk mengobati demam dan meringankan sakit gigi serta meredakan sakit kepala."",""meta_robots_index"":""index"",""meta_robots_follow"":""follow"",""thumbnail_url"":""https://s3-publis",Konsultasikan dengan dokter,Herbal & Tradisional,,False,True,demam; sakit kepala,Sumber: KlikDokter,,,,https://www.klikdokter.com/obat/obat-demam/alfidon
Algabi,,"dan Cara Pemakaian"",""meta_description"":""Informasi lengkap obat Propolis SM; Harga, Manfaat, Dosis \u0026 Cara Pakai, Kandungan, Efek Samping, dan lainnya di sini."",""meta_robots_index"":""index"",""meta_robots_follow"":""follow"",""thumbnail_url"":""https://s3-publishing-cmn-svc-prd.s3.ap-southeast-1.amazonaws",Konsultasikan dengan dokter,Herbal & Tradisional,,False,True,"dan cara pemakaian"",""meta_description"":""informasi lengkap ob",Sumber: KlikDokter,,,,https://www.klikdokter.com/obat/obat-herbal/algabi
Alganax,,", Dosis &amp; Cara pakai, Kandungan, Efek Samping, dan lainnya di sini."" data-next-head=""""/>",Konsultasikan dengan dokter,Herbal & Tradisional,,False,True,", dosis &amp; cara pakai, kandungan, efek samping, dan lainn",Sumber: KlikDokter,,,https://s3-publishing-cmn-svc-prd.s3.ap-southeast-1.amazonaws.com/article/4MNGMFaipTUTu-rcg-2Gg/original/1669707468-Alganax.jpg,https://www.klikdokter.com/obat/obat-kesehatan-mental/alganax
"Algisite M -  Manfaat, Dosis, dan Efek Samping",,", Dosis, dan Efek Samping"" data-next-head=""""/>",Konsultasikan dengan dokter,Antijamur & Kulit,,False,True,", dosis, dan efek samping"" data-next-head=""""/>",Sumber: KlikDokter,,,,https://www.klikdokter.com/obat/obat-kulit/algisite-m-manfaat-dosis-dan-efek-samping
Alicron,,", dan Efek Samping"",""meta_description"":""Informasi lengkap obat Vitamin B Kompleks IPI; Harga, Manfaat, Dosis \u0026 Cara pakai, Kandungan, Efek Samping, dan lainnya di sini."",""meta_robots_index"":""index"",""meta_robots_follow"":""follow"",""type"":""obat"",""media_images"":[{""original"":""https://asset-cdn.medkom",Konsultasikan dengan dokter,Suplemen,,False,True,vitamin,Sumber: KlikDokter,,,,https://www.klikdokter.com/obat/vitamin-dan-suplemen-dewasa/alicron
Alif,,", Dosis, Cara Pakai dan Efek Samping"",""meta_description"":""Tramadol adalah obat untuk mengatasi nyeri yang bersifat sedang hingga berat. Cari tau Dosis \u0026 Cara pakai, Efek Samping, dan lainnya di sini."",""meta_robots_index"":""index"",""meta_robots_follow"":""follow"",""thumbnail_url"":""https://s3-publish",Konsultasikan dengan dokter,Nyeri & Demam,,False,True,nyeri,Sumber: KlikDokter,,,,https://www.klikdokter.com/obat/obat-antinyeri/alif
Alinamin,,", Dosis &amp; Cara pakai, Kandungan, Efek Samping, dan lainnya di sini."" data-next-head=""""/>",Konsultasikan dengan dokter,Suplemen,,False,True,", dosis &amp; cara pakai, kandungan, efek samping, dan lainn",Sumber: KlikDokter,,,https://s3-publishing-cmn-svc-prd.s3.ap-southeast-1.amazonaws.com/article/EnPmH1jt8aAOnBiEzVyes/original/085167100_1591259803-Minum-Obat-shutterstock_465772172.jpg,https://www.klikdokter.com/obat/vitamin-dan-suplemen-dewasa/alinamin
Alinesia,,"dan Cara Pemakaian"",""meta_description"":""Informasi lengkap obat Propolis SM; Harga, Manfaat, Dosis \u0026 Cara Pakai, Kandungan, Efek Samping, dan lainnya di sini."",""meta_robots_index"":""index"",""meta_robots_follow"":""follow"",""thumbnail_url"":""https://s3-publishing-cmn-svc-prd.s3.ap-southeast-1.amazonaws",Konsultasikan dengan dokter,Herbal & Tradisional,,False,True,"dan cara pemakaian"",""meta_description"":""informasi lengkap ob",Sumber: KlikDokter,,,,https://www.klikdokter.com/obat/obat-herbal/alinesia
Alkanzu,,"dan Cara Pemakaian"",""meta_description"":""Informasi lengkap obat Propolis SM; Harga, Manfaat, Dosis \u0026 Cara Pakai, Kandungan, Efek Samping, dan lainnya di sini."",""meta_robots_index"":""index"",""meta_robots_follow"":""follow"",""thumbnail_url"":""https://s3-publishing-cmn-svc-prd.s3.ap-southeast-1.amazonaws",Konsultasikan dengan dokter,Herbal & Tradisional,,False,True,"dan cara pemakaian"",""meta_description"":""informasi lengkap ob",Sumber: KlikDokter,,,,https://www.klikdokter.com/obat/obat-herbal/alkanzu
Allergen,,", Dosis &amp; Cara pakai, Kandungan, Efek Samping, dan lainnya di sini."" data-next-head=""""/>",Konsultasikan dengan dokter,Alergi & Gatal,,False,True,", dosis &amp; cara pakai, kandungan, efek samping, dan lainn",Sumber: KlikDokter,,,https://s3-publishing-cmn-svc-prd.s3.ap-southeast-1.amazonaws.com/article/pfoQgDmwqQPgLM--PkqRV/original/026561400_1589787048-Mata-Berair-atau-Epifora-shutterstock_773116984.jpg,https://www.klikdokter.com/obat/obat-alergi/allergen
Allerin Expectorant,,", Dosis, Cara Pakai dan Efek Samping"",""meta_description"":""Rhinos SR adalah obat untuk meredakan berbagai gejala terkait rhinitis alergi seperti bersin, hidung tersumbat. Cari tau Dosis \u0026 Cara pakai, Efek Samping, dan manfaat lainnya disini."",""meta_robots_index"":""index"",""meta_robots_follow"":""fol",Konsultasikan dengan dokter,Flu & Pilek,,False,True,alergi,Sumber: KlikDokter,,,,https://www.klikdokter.com/obat/obat-batuk-pilek-dan-flu/allerin
Alleron,,", Dosis &amp; Cara pakai, Kandungan, Efek Samping, dan lainnya di sini."" data-next-head=""""/>",Konsultasikan dengan dokter,Alergi & Gatal,,False,True,", dosis &amp; cara pakai, kandungan, efek samping, dan lainn",Sumber: KlikDokter,,,https://s3-publishing-cmn-svc-prd.s3.ap-southeast-1.amazonaws.com/drugs/t97muwt83huTYPZ7iQXFF/original/OBT0005142.jpg,https://www.klikdokter.com/obat/obat-alergi/alleron
Alletrol,,", Dosis &amp; Cara pakai, Kandungan, Efek Samping, dan lainnya di sini."" data-next-head=""""/>",Konsultasikan dengan dokter,Mata & Telinga,,False,True,", dosis &amp; cara pakai, kandungan, efek samping, dan lainn",Sumber: KlikDokter,,,https://s3-publishing-cmn-svc-prd.s3.ap-southeast-1.amazonaws.com/article/JUzNsNrAqeD2JAS9aUDZp/original/1664493026-Obat%20Tetes%20Mata.jpg,https://www.klikdokter.com/obat/obat-mata/alletrol
Allevyn Adhesive,,", Dosis &amp; Cara pakai, Kandungan, Efek Samping, dan lainnya di sini."" data-next-head=""""/>",Konsultasikan dengan dokter,Herbal & Tradisional,,False,True,", dosis &amp; cara pakai, kandungan, efek samping, dan lainn",Sumber: KlikDokter,,,,https://www.klikdokter.com/obat/obat-p3k/allevyn-adhesive
Allevyn Adhesive Foam Dressing Plus Cavity,,", Dosis &amp; Cara pakai, dan lainnya di sini."" data-next-head=""""/>",Konsultasikan dengan dokter,Herbal & Tradisional,,False,True,", dosis &amp; cara pakai, dan lainnya di sini."" data-next-he",Sumber: KlikDokter,,,,https://www.klikdokter.com/obat/obat-p3k/allevyn-adhesive-foam-dressing-plus-cavity
Allevyn Non-Adhesive,,", Dosis &amp; Cara minum, Kandungan, Efek Samping, dan lainnya di sini."" data-next-head=""""/>",Konsultasikan dengan dokter,Herbal & Tradisional,,False,True,", dosis &amp; cara minum, kandungan, efek samping, dan lainn",Sumber: KlikDokter,,,,https://www.klikdokter.com/obat/obat-p3k/allevyn-non-adhesive
Allogon,,", Dosis, Cara Pakai dan Efek Samping"",""meta_description"":""Tramadol adalah obat untuk mengatasi nyeri yang bersifat sedang hingga berat. Cari tau Dosis \u0026 Cara pakai, Efek Samping, dan lainnya di sini."",""meta_robots_index"":""index"",""meta_robots_follow"":""follow"",""thumbnail_url"":""https://s3-publish",Konsultasikan dengan dokter,Nyeri & Demam,,False,True,nyeri,Sumber: KlikDokter,,,,https://www.klikdokter.com/obat/obat-antinyeri/allogon
Allohex,,", Dosis &amp; Cara pakai, Kandungan, Efek Samping, dan lainnya di sini."" data-next-head=""""/>",Konsultasikan dengan dokter,Alergi & Gatal,,False,True,", dosis &amp; cara pakai, kandungan, efek samping, dan lainn",Sumber: KlikDokter,,,,https://www.klikdokter.com/obat/obat-alergi/allohex
Allopurinol,,", Dosis &amp; Cara pakai, Kandungan, Efek Samping, dan lainnya di sini."" data-next-head=""""/>",Konsultasikan dengan dokter,Nyeri & Demam,,False,True,", dosis &amp; cara pakai, kandungan, efek samping, dan lainn",Sumber: KlikDokter,,,https://s3-publishing-cmn-svc-prd.s3.ap-southeast-1.amazonaws.com/drugs/acAz9i1rGTV0CUkLcrRjg/original/OBT0005167.jpg,https://www.klikdokter.com/obat/gangguan-tulang-otot-dan-sendi/allopurinol
Alloris,,", Dosis &amp; Cara pakai, Kandungan, Efek Samping, dan lainnya di sini."" data-next-head=""""/>",Konsultasikan dengan dokter,Alergi & Gatal,,False,True,", dosis &amp; cara pakai, kandungan, efek samping, dan lainn",Sumber: KlikDokter,,,https://s3-publishing-cmn-svc-prd.s3.ap-southeast-1.amazonaws.com/article/ePODm7CUj1J-yqVRXC3Ix/original/1678159733-obat%20gatal%20alami%20yang%20ampuh.jpg,https://www.klikdokter.com/obat/obat-alergi/alloris
Alluric,,", Dosis &amp; Cara minum, Kandungan, Efek Samping, dan lainnya di sini."" data-next-head=""""/>",Konsultasikan dengan dokter,Nyeri & Demam,,False,True,", dosis &amp; cara minum, kandungan, efek samping, dan lainn",Sumber: KlikDokter,,,https://s3-publishing-cmn-svc-prd.s3.ap-southeast-1.amazonaws.com/drugs/WjDEZfX-51cmym2-KM5VB/original/1660876127-OBT0000012.JPG,https://www.klikdokter.com/obat/gangguan-tulang-otot-dan-sendi/alluric
Allus,,"dan Cara Pemakaian"",""meta_description"":""Informasi lengkap obat Propolis SM; Harga, Manfaat, Dosis \u0026 Cara Pakai, Kandungan, Efek Samping, dan lainnya di sini."",""meta_robots_index"":""index"",""meta_robots_follow"":""follow"",""thumbnail_url"":""https://s3-publishing-cmn-svc-prd.s3.ap-southeast-1.amazonaws",Konsultasikan dengan dokter,Herbal & Tradisional,,False,True,"dan cara pemakaian"",""meta_description"":""informasi lengkap ob",Sumber: KlikDokter,,,,https://www.klikdokter.com/obat/obat-herbal/allus
Allylestrenol,,", Dosis, dan Efek Samping"" data-next-head=""""/>",Konsultasikan dengan dokter,Herbal & Tradisional,,False,True,", dosis, dan efek samping"" data-next-head=""""/>",Sumber: KlikDokter,,,https://s3-publishing-cmn-svc-prd.s3.ap-southeast-1.amazonaws.com/article/wRxqHRNdrf-qZAmYPT4Xa/original/027122100_1638251871-Penyebab_dan_Cara_Mengatasi_Apnea_of_Prematurity.jpg,https://www.klikdokter.com/obat/obat-gangguan-hormon-dan-kesuburan/allylestrenol
Almacon,,", Dosis &amp; Cara minum, Kandungan, Efek Samping, dan lainnya di sini."" data-next-head=""""/>",Konsultasikan dengan dokter,Pencernaan & Diare,,False,True,", dosis &amp; cara minum, kandungan, efek samping, dan lainn",Sumber: KlikDokter,,,,https://www.klikdokter.com/obat/obat-gangguan-pencernaan/almacon
Almayra Resik Wajah,,"dan Cara Pemakaian"",""meta_description"":""Informasi lengkap obat Propolis SM; Harga, Manfaat, Dosis \u0026 Cara Pakai, Kandungan, Efek Samping, dan lainnya di sini."",""meta_robots_index"":""index"",""meta_robots_follow"":""follow"",""thumbnail_url"":""https://s3-publishing-cmn-svc-prd.s3.ap-southeast-1.amazonaws",Konsultasikan dengan dokter,Herbal & Tradisional,,False,True,"dan cara pemakaian"",""meta_description"":""informasi lengkap ob",Sumber: KlikDokter,,,,https://www.klikdokter.com/obat/obat-herbal/almayra-resik-wajah
Almen,,"dan Efek Samping"" data-next-head=""""/>",Konsultasikan dengan dokter,Herbal & Tradisional,,False,True,"dan efek samping"" data-next-head=""""/>",Sumber: KlikDokter,,,,https://www.klikdokter.com/obat/obat-gangguan-saraf-pusat/almen
Aloclair Plus,,", Dosis &amp; Cara pakai, Kandungan, Efek Samping, dan lainnya di sini."" data-next-head=""""/>",Konsultasikan dengan dokter,Mulut & Tenggorokan,,False,True,", dosis &amp; cara pakai, kandungan, efek samping, dan lainn",Sumber: KlikDokter,,,https://s3-publishing-cmn-svc-prd.s3.ap-southeast-1.amazonaws.com/article/ZIGS5kIqtH1YGjz_fR2p0/original/o1mur86yajv9m6kjbbxhez8lnry7otkm.jpg,https://www.klikdokter.com/obat/obat-mulut-dan-tenggorokan/aloclair-plus
Alodan,,", Dosis &amp; Cara pakai, Kandungan, Efek Samping, dan lainnya di sini."" data-next-head=""""/>",Konsultasikan dengan dokter,Suplemen,,False,True,", dosis &amp; cara pakai, kandungan, efek samping, dan lainn",Sumber: KlikDokter,,,,https://www.klikdokter.com/obat/vitamin-dan-suplemen-dewasa/alodan
Alofar,,", Dosis &amp; Cara pakai, Kandungan, Efek Samping, dan lainnya di sini."" data-next-head=""""/>",Konsultasikan dengan dokter,Nyeri & Demam,,False,True,", dosis &amp; cara pakai, kandungan, efek samping, dan lainn",Sumber: KlikDokter,,,,https://www.klikdokter.com/obat/gangguan-tulang-otot-dan-sendi/alofar
Alopros,,", Dosis &amp; Cara pakai, Kandungan, Efek Samping, dan lainnya di sini."" data-next-head=""""/>",Konsultasikan dengan dokter,Herbal & Tradisional,,False,True,", dosis &amp; cara pakai, kandungan, efek samping, dan lainn",Sumber: KlikDokter,,,,https://www.klikdokter.com/obat/obat-saluran-kemih-dan-prostat/alopros
Alostil,,", Dosis &amp; Cara Penggunaan, Cara Penyimpanan, Efek Samping, dan lainnya di sini."" data-next-head=""""/>",Konsultasikan dengan dokter,Flu & Pilek,,False,True,", dosis &amp; cara penggunaan, cara penyimpanan, efek sampin",Sumber: KlikDokter,,,,https://www.klikdokter.com/obat/obat-antibiotik/alostil
Alostop,,", dan Efek Samping"",""meta_description"":""Informasi lengkap obat Vitamin B Kompleks IPI; Harga, Manfaat, Dosis \u0026 Cara pakai, Kandungan, Efek Samping, dan lainnya di sini."",""meta_robots_index"":""index"",""meta_robots_follow"":""follow"",""type"":""obat"",""media_images"":[{""original"":""https://asset-cdn.medkom",Konsultasikan dengan dokter,Suplemen,,False,True,vitamin,Sumber: KlikDokter,,,,https://www.klikdokter.com/obat/vitamin-dan-suplemen-dewasa/alostop
Alovell,,", Dosis &amp; Cara minum, Kandungan, Efek Samping, dan lainnya di sini."" data-next-head=""""/>",Konsultasikan dengan dokter,Nyeri & Demam,,False,True,", dosis &amp; cara minum, kandungan, efek samping, dan lainn",Sumber: KlikDokter,,,,https://www.klikdokter.com/obat/gangguan-tulang-otot-dan-sendi/alovell
Aloxid,,"dan Efek Samping"" data-next-head=""""/>",Konsultasikan dengan dokter,Antijamur & Kulit,,False,True,"dan efek samping"" data-next-head=""""/>",Sumber: KlikDokter,,,,https://www.klikdokter.com/obat/perawatan-kulit-dan-tubuh/aloxid
Alpara,,", Dosis &amp; Cara pakai, Kandungan, Efek Samping, dan lainnya di sini."" data-next-head=""""/>",Konsultasikan dengan dokter,Flu & Pilek,,False,True,", dosis &amp; cara pakai, kandungan, efek samping, dan lainn",Sumber: KlikDokter,,,https://s3-publishing-cmn-svc-prd.s3.ap-southeast-1.amazonaws.com/article/TUuufbwfxZYWraqWxEqSn/original/023120500_1638439548-Membedakan_Gejala_Flu_dan_Tanda_Awal_Kehamilan.jpg,https://www.klikdokter.com/obat/obat-batuk-pilek-dan-flu/alpara
Alpentin,,Alpentin adalah sebagai terapi tambahan pada&nbsp;,Konsultasikan dengan dokter,Herbal & Tradisional,,False,True,alpentin adalah sebagai terapi tambahan pada&nbsp;,Sumber: KlikDokter,,,https://s3-publishing-cmn-svc-prd.s3.ap-southeast-1.amazonaws.com/drugs/l5aFZwilIyvW2a854Rc9O/original/OBT0005182.jpg,https://www.klikdokter.com/obat/obat-gangguan-saraf-pusat/alpentin
Alpha Gamat,,"dan Cara Pemakaian"",""meta_description"":""Informasi lengkap obat Propolis SM; Harga, Manfaat, Dosis \u0026 Cara Pakai, Kandungan, Efek Samping, dan lainnya di sini."",""meta_robots_index"":""index"",""meta_robots_follow"":""follow"",""thumbnail_url"":""https://s3-publishing-cmn-svc-prd.s3.ap-southeast-1.amazonaws",Konsultasikan dengan dokter,Herbal & Tradisional,,False,True,"dan cara pemakaian"",""meta_description"":""informasi lengkap ob",Sumber: KlikDokter,,,,https://www.klikdokter.com/obat/obat-herbal/alpha-gamat
Alpha Lipid Colostem,,", dan Efek Samping"",""meta_description"":""Informasi lengkap obat Vitamin B Kompleks IPI; Harga, Manfaat, Dosis \u0026 Cara pakai, Kandungan, Efek Samping, dan lainnya di sini."",""meta_robots_index"":""index"",""meta_robots_follow"":""follow"",""type"":""obat"",""media_images"":[{""original"":""https://asset-cdn.medkom",Konsultasikan dengan dokter,Suplemen,,False,True,vitamin,Sumber: KlikDokter,,,,https://www.klikdokter.com/obat/vitamin-dan-suplemen-dewasa/alpha-lipid-colostem
Alphamol,,", Dosis &amp; Cara minum, Kandungan, Efek Samping, dan lainnya di sini."" data-next-head=""""/>",Konsultasikan dengan dokter,Herbal & Tradisional,,False,True,", dosis &amp; cara minum, kandungan, efek samping, dan lainn",Sumber: KlikDokter,,,,https://www.klikdokter.com/obat/obat-demam/alphamol
Alprazolam,,", Dosis &amp; Cara pakai, Kandungan, Efek Samping, dan lainnya di sini."" data-next-head=""""/>",Konsultasikan dengan dokter,Herbal & Tradisional,,False,True,", dosis &amp; cara pakai, kandungan, efek samping, dan lainn",Sumber: KlikDokter,,,,https://www.klikdokter.com/obat/obat-kesehatan-mental/alprazolam
Alpukin,,"dan Cara Pemakaian"",""meta_description"":""Informasi lengkap obat Propolis SM; Harga, Manfaat, Dosis \u0026 Cara Pakai, Kandungan, Efek Samping, dan lainnya di sini."",""meta_robots_index"":""index"",""meta_robots_follow"":""follow"",""thumbnail_url"":""https://s3-publishing-cmn-svc-prd.s3.ap-southeast-1.amazonaws",Konsultasikan dengan dokter,Herbal & Tradisional,,False,True,"dan cara pemakaian"",""meta_description"":""informasi lengkap ob",Sumber: KlikDokter,,,,https://www.klikdokter.com/obat/obat-herbal/alpukin
Altadis,,", Dosis &amp; Cara minum, Kandungan, Efek Samping, dan lainnya di sini."" data-next-head=""""/>",Konsultasikan dengan dokter,Antijamur & Kulit,,False,True,", dosis &amp; cara minum, kandungan, efek samping, dan lainn",Sumber: KlikDokter,,,,https://www.klikdokter.com/obat/obat-kulit/altadis
Altofen,,", Dosis, Cara Pakai dan Efek Samping"",""meta_description"":""Tramadol adalah obat untuk mengatasi nyeri yang bersifat sedang hingga berat. Cari tau Dosis \u0026 Cara pakai, Efek Samping, dan lainnya di sini."",""meta_robots_index"":""index"",""meta_robots_follow"":""follow"",""thumbnail_url"":""https://s3-publish",Konsultasikan dengan dokter,Nyeri & Demam,,False,True,nyeri,Sumber: KlikDokter,,,,https://www.klikdokter.com/obat/obat-antinyeri/altofen
Altran,,", Dosis, Cara Pakai dan Efek Samping"",""meta_description"":""Tramadol adalah obat untuk mengatasi nyeri yang bersifat sedang hingga berat. Cari tau Dosis \u0026 Cara pakai, Efek Samping, dan lainnya di sini."",""meta_robots_index"":""index"",""meta_robots_follow"":""follow"",""thumbnail_url"":""https://s3-publish",Konsultasikan dengan dokter,Nyeri & Demam,,False,True,nyeri,Sumber: KlikDokter,,,,https://www.klikdokter.com/obat/obat-antinyeri/altran
Aludonna D,,", Dosis, dan Efek Samping"",""meta_description"":""Promag adalah yang digunakan untuk menetralisir kelebihan asam lambung. Promag mengandung hydrotalcite, magnesium hidroksida dan simethicone, "",""meta_robots_index"":""index"",""meta_robots_follow"":""follow"",""thumbnail_url"":""https://s3-publishing-cmn-svc-prd.",Konsultasikan dengan dokter,Pencernaan & Diare,,False,True,lambung,Sumber: KlikDokter,,,,https://www.klikdokter.com/obat/obat-gangguan-pencernaan/aludonna-d
Alugen,,", Dosis, dan Efek Samping"",""meta_description"":""Roculax adalah obat pelengkap anestesi umum dengan kandungan rocuronium bromide untuk mengendurkan otot selama tindakan operasi. Ini manfaat, harga, dosis, efek sampingnya."",""meta_robots_index"":""index"",""meta_robots_follow"":""follow"",""thumbnail_url"":""http",Konsultasikan dengan dokter,Nyeri & Demam,,False,True,", dosis, dan efek samping"",""meta_description"":""roculax adala",Sumber: KlikDokter,,,,https://www.klikdokter.com/obat/gangguan-tulang-otot-dan-sendi/alugen
Alumy,,", Dosis &amp; Cara minum, Kandungan, Efek Samping, dan lainnya di sini."" data-next-head=""""/>",Konsultasikan dengan dokter,Pencernaan & Diare,,False,True,", dosis &amp; cara minum, kandungan, efek samping, dan lainn",Sumber: KlikDokter,,,,https://www.klikdokter.com/obat/obat-gangguan-pencernaan/alumy
Aluss,,"dan Cara Pemakaian"",""meta_description"":""Informasi lengkap obat Propolis SM; Harga, Manfaat, Dosis \u0026 Cara Pakai, Kandungan, Efek Samping, dan lainnya di sini."",""meta_robots_index"":""index"",""meta_robots_follow"":""follow"",""thumbnail_url"":""https://s3-publishing-cmn-svc-prd.s3.ap-southeast-1.amazonaws",Konsultasikan dengan dokter,Herbal & Tradisional,,False,True,"dan cara pemakaian"",""meta_description"":""informasi lengkap ob",Sumber: KlikDokter,,,,https://www.klikdokter.com/obat/obat-herbal/aluss
Alveofact,,", Dosis, Cara Penggunaan dan Efek Samping"",""meta_description"":""Salbutamol adalah obat yang digunakan meringankan gangguan pernafasan seperti asma dan bronkitis kronis. Cari tau salbutamol manfaat, dosis, dan efek sampingnya."",""meta_robots_index"":""index"",""meta_robots_follow"":""follow"",""thumbnail_url"":",Konsultasikan dengan dokter,Herbal & Tradisional,,False,True,", dosis, cara penggunaan dan efek samping"",""meta_description",Sumber: KlikDokter,,,,https://www.klikdokter.com/obat/obat-asma-dan-gangguan-pernapasan/alveofact
Alvita,,", Dosis &amp; Cara minum, Kandungan, Efek Samping, dan lainnya di sini."" data-next-head=""""/>",Konsultasikan dengan dokter,Nyeri & Demam,,False,True,", dosis &amp; cara minum, kandungan, efek samping, dan lainn",Sumber: KlikDokter,,,https://s3-publishing-cmn-svc-prd.s3.ap-southeast-1.amazonaws.com/article/CwFCmL1989vikEtLjd0yP/original/1663734778-Bisakah%20Miom%20Keluar%20saat%20Haid.jpg,https://www.klikdokter.com/obat/obat-antinyeri/alvita
Alwadey Mabung,,"dan Cara Pemakaian"",""meta_description"":""Informasi lengkap obat Propolis SM; Harga, Manfaat, Dosis \u0026 Cara Pakai, Kandungan, Efek Samping, dan lainnya di sini."",""meta_robots_index"":""index"",""meta_robots_follow"":""follow"",""thumbnail_url"":""https://s3-publishing-cmn-svc-prd.s3.ap-southeast-1.amazonaws",Konsultasikan dengan dokter,Herbal & Tradisional,,False,True,"dan cara pemakaian"",""meta_description"":""informasi lengkap ob",Sumber: KlikDokter,,,,https://www.klikdokter.com/obat/obat-herbal/alwadey-mabung
Alxil,,", Dosis &amp; Cara pakai, Kandungan, Efek Samping, dan lainnya di sini."" data-next-head=""""/>",Konsultasikan dengan dokter,Flu & Pilek,,False,True,", dosis &amp; cara pakai, kandungan, efek samping, dan lainn",Sumber: KlikDokter,,,,https://www.klikdokter.com/obat/obat-antibiotik/alxil
Alychins,,"dan Cara Pemakaian"",""meta_description"":""Informasi lengkap obat Propolis SM; Harga, Manfaat, Dosis \u0026 Cara Pakai, Kandungan, Efek Samping, dan lainnya di sini."",""meta_robots_index"":""index"",""meta_robots_follow"":""follow"",""thumbnail_url"":""https://s3-publishing-cmn-svc-prd.s3.ap-southeast-1.amazonaws",Konsultasikan dengan dokter,Herbal & Tradisional,,False,True,"dan cara pemakaian"",""meta_description"":""informasi lengkap ob",Sumber: KlikDokter,,,,https://www.klikdokter.com/obat/obat-herbal/alychins
Alyrenol,,", Dosis, dan Efek Samping"",""meta_description"":""Duphaston adalah Obat dengan kandungan dydrogesterone untuk mengatasi Infertilitas dan mengontrol Menstruasi. Ini manfaat, dosis, harga dan efek sampingnya."",""meta_robots_index"":""index"",""meta_robots_follow"":""follow"",""thumbnail_url"":""https://s3-publishin",Konsultasikan dengan dokter,Herbal & Tradisional,,False,True,", dosis, dan efek samping"",""meta_description"":""duphaston ada",Sumber: KlikDokter,,,,https://www.klikdokter.com/obat/obat-gangguan-hormon-dan-kesuburan/alyrenol
Alzim,,", Dosis, dan Efek Samping"",""meta_description"":""Clorilex adalah obat dengan kandungan clozapine yang menjadi terapi Skizofrenia terutama pada pasien yang tidak responsif terhadap neuroleptik klasik."",""meta_robots_index"":""index"",""meta_robots_follow"":""follow"",""thumbnail_url"":""https://s3-publishing-cmn-",Konsultasikan dengan dokter,Herbal & Tradisional,,False,True,", dosis, dan efek samping"",""meta_description"":""clorilex adal",Sumber: KlikDokter,,,,https://www.klikdokter.com/obat/obat-gangguan-saraf-pusat/alzim
Amadiab,,", Dosis, dan Efek Samping"",""meta_description"":""Informasi lengkap obat Metformin; Harga, Manfaat, Dosis \u0026 Cara pakai, Kandungan, Efek Samping, dan lainnya di sini."",""meta_robots_index"":""index"",""meta_robots_follow"":""follow"",""thumbnail_url"":""https://s3-publishing-cmn-svc-prd.s3.ap-southeast-1.amaz",Konsultasikan dengan dokter,Suplemen,,False,True,", dosis, dan efek samping"",""meta_description"":""informasi len",Sumber: KlikDokter,,,,https://www.klikdokter.com/obat/obat-diabetes/amadiab
Amaropo Plus,,", Dosis &amp; Cara pakai, Kandungan, Efek Samping, dan lainnya di sini."" data-next-head=""""/>",Konsultasikan dengan dokter,Suplemen,,False,True,", dosis &amp; cara pakai, kandungan, efek samping, dan lainn",Sumber: KlikDokter,,,,https://www.klikdokter.com/obat/vitamin-dan-suplemen-dewasa/amaropo-plus
Amaryl,,", Dosis, dan Efek Samping"",""meta_description"":""Informasi lengkap obat Metformin; Harga, Manfaat, Dosis \u0026 Cara pakai, Kandungan, Efek Samping, dan lainnya di sini."",""meta_robots_index"":""index"",""meta_robots_follow"":""follow"",""thumbnail_url"":""https://s3-publishing-cmn-svc-prd.s3.ap-southeast-1.amaz",Konsultasikan dengan dokter,Suplemen,,False,True,", dosis, dan efek samping"",""meta_description"":""informasi len",Sumber: KlikDokter,,,,https://www.klikdokter.com/obat/obat-diabetes/amaryl
Amaryl M,,", Dosis, dan Efek Samping"",""meta_description"":""Informasi lengkap obat Metformin; Harga, Manfaat, Dosis \u0026 Cara pakai, Kandungan, Efek Samping, dan lainnya di sini."",""meta_robots_index"":""index"",""meta_robots_follow"":""follow"",""thumbnail_url"":""https://s3-publishing-cmn-svc-prd.s3.ap-southeast-1.amaz",Konsultasikan dengan dokter,Suplemen,,False,True,", dosis, dan efek samping"",""meta_description"":""informasi len",Sumber: KlikDokter,,,,https://www.klikdokter.com/obat/obat-diabetes/amaryl-m
Ambefaz,,"dan Cara Pemakaian"",""meta_description"":""Informasi lengkap obat Propolis SM; Harga, Manfaat, Dosis \u0026 Cara Pakai, Kandungan, Efek Samping, dan lainnya di sini."",""meta_robots_index"":""index"",""meta_robots_follow"":""follow"",""thumbnail_url"":""https://s3-publishing-cmn-svc-prd.s3.ap-southeast-1.amazonaws",Konsultasikan dengan dokter,Herbal & Tradisional,,False,True,"dan cara pemakaian"",""meta_description"":""informasi lengkap ob",Sumber: KlikDokter,,,,https://www.klikdokter.com/obat/obat-herbal/ambefaz
Ambeherb,,"dan Cara Pemakaian"",""meta_description"":""Informasi lengkap obat Propolis SM; Harga, Manfaat, Dosis \u0026 Cara Pakai, Kandungan, Efek Samping, dan lainnya di sini."",""meta_robots_index"":""index"",""meta_robots_follow"":""follow"",""thumbnail_url"":""https://s3-publishing-cmn-svc-prd.s3.ap-southeast-1.amazonaws",Konsultasikan dengan dokter,Herbal & Tradisional,,False,True,"dan cara pemakaian"",""meta_description"":""informasi lengkap ob",Sumber: KlikDokter,,,,https://www.klikdokter.com/obat/obat-herbal/ambeherb
Ambeigard,,"dan Cara Pemakaian"",""meta_description"":""Informasi lengkap obat Propolis SM; Harga, Manfaat, Dosis \u0026 Cara Pakai, Kandungan, Efek Samping, dan lainnya di sini."",""meta_robots_index"":""index"",""meta_robots_follow"":""follow"",""thumbnail_url"":""https://s3-publishing-cmn-svc-prd.s3.ap-southeast-1.amazonaws",Konsultasikan dengan dokter,Herbal & Tradisional,,False,True,"dan cara pemakaian"",""meta_description"":""informasi lengkap ob",Sumber: KlikDokter,,,,https://www.klikdokter.com/obat/obat-herbal/ambeigard
Ambelin,,"dan Cara Pemakaian"",""meta_description"":""Informasi lengkap obat Propolis SM; Harga, Manfaat, Dosis \u0026 Cara Pakai, Kandungan, Efek Samping, dan lainnya di sini."",""meta_robots_index"":""index"",""meta_robots_follow"":""follow"",""thumbnail_url"":""https://s3-publishing-cmn-svc-prd.s3.ap-southeast-1.amazonaws",Konsultasikan dengan dokter,Herbal & Tradisional,,False,True,"dan cara pemakaian"",""meta_description"":""informasi lengkap ob",Sumber: KlikDokter,,,,https://www.klikdokter.com/obat/obat-herbal/ambelin
Ambemax Bharata,,"dan Cara Pemakaian"",""meta_description"":""Informasi lengkap obat Propolis SM; Harga, Manfaat, Dosis \u0026 Cara Pakai, Kandungan, Efek Samping, dan lainnya di sini."",""meta_robots_index"":""index"",""meta_robots_follow"":""follow"",""thumbnail_url"":""https://s3-publishing-cmn-svc-prd.s3.ap-southeast-1.amazonaws",Konsultasikan dengan dokter,Herbal & Tradisional,,False,True,"dan cara pemakaian"",""meta_description"":""informasi lengkap ob",Sumber: KlikDokter,,,,https://www.klikdokter.com/obat/obat-herbal/ambemax-bharata
Ambenol,,"dan Cara Pemakaian"",""meta_description"":""Informasi lengkap obat Propolis SM; Harga, Manfaat, Dosis \u0026 Cara Pakai, Kandungan, Efek Samping, dan lainnya di sini."",""meta_robots_index"":""index"",""meta_robots_follow"":""follow"",""thumbnail_url"":""https://s3-publishing-cmn-svc-prd.s3.ap-southeast-1.amazonaws",Konsultasikan dengan dokter,Herbal & Tradisional,,False,True,"dan cara pemakaian"",""meta_description"":""informasi lengkap ob",Sumber: KlikDokter,,,,https://www.klikdokter.com/obat/obat-herbal/ambenol
Ambepil,,", Dosis, Efek Samping"",""meta_description"":""Informasi lengkap obat Lactulax; Harga, Fungsi, Dosis \u0026 Cara Penggunaan, Cara Penyimpanan, Efek Samping, dan lainnya di sini."",""meta_robots_index"":""index"",""meta_robots_follow"":""follow"",""thumbnail_url"":""https://s3-publishing-cmn-svc-prd.s3.ap-southeast-",Konsultasikan dengan dokter,Herbal & Tradisional,,False,True,", dosis, efek samping"",""meta_description"":""informasi lengkap",Sumber: KlikDokter,,,,https://www.klikdokter.com/obat/obat-sembelit/ambepil
Ambetas,,"dan Cara Pemakaian"",""meta_description"":""Informasi lengkap obat Propolis SM; Harga, Manfaat, Dosis \u0026 Cara Pakai, Kandungan, Efek Samping, dan lainnya di sini."",""meta_robots_index"":""index"",""meta_robots_follow"":""follow"",""thumbnail_url"":""https://s3-publishing-cmn-svc-prd.s3.ap-southeast-1.amazonaws",Konsultasikan dengan dokter,Herbal & Tradisional,,False,True,"dan cara pemakaian"",""meta_description"":""informasi lengkap ob",Sumber: KlikDokter,,,,https://www.klikdokter.com/obat/obat-herbal/ambetas
Ambetop De Nature,,"dan Cara Pemakaian"",""meta_description"":""Informasi lengkap obat Propolis SM; Harga, Manfaat, Dosis \u0026 Cara Pakai, Kandungan, Efek Samping, dan lainnya di sini."",""meta_robots_index"":""index"",""meta_robots_follow"":""follow"",""thumbnail_url"":""https://s3-publishing-cmn-svc-prd.s3.ap-southeast-1.amazonaws",Konsultasikan dengan dokter,Herbal & Tradisional,,False,True,"dan cara pemakaian"",""meta_description"":""informasi lengkap ob",Sumber: KlikDokter,,,,https://www.klikdokter.com/obat/obat-herbal/ambetop-de-nature
Ambeven,,", Dosis &amp; Cara pakai, Kandungan, Efek Samping, dan lainnya di sini."" data-next-head=""""/>",Konsultasikan dengan dokter,Herbal & Tradisional,,False,True,", dosis &amp; cara pakai, kandungan, efek samping, dan lainn",Sumber: KlikDokter,,,,https://www.klikdokter.com/obat/obat-sembelit/ambeven
Ambikap,,"dan Cara Pemakaian"",""meta_description"":""Informasi lengkap obat Propolis SM; Harga, Manfaat, Dosis \u0026 Cara Pakai, Kandungan, Efek Samping, dan lainnya di sini."",""meta_robots_index"":""index"",""meta_robots_follow"":""follow"",""thumbnail_url"":""https://s3-publishing-cmn-svc-prd.s3.ap-southeast-1.amazonaws",Konsultasikan dengan dokter,Herbal & Tradisional,,False,True,"dan cara pemakaian"",""meta_description"":""informasi lengkap ob",Sumber: KlikDokter,,,,https://www.klikdokter.com/obat/obat-herbal/ambikap
Ambiofit,,"dan Cara Pemakaian"",""meta_description"":""Informasi lengkap obat Propolis SM; Harga, Manfaat, Dosis \u0026 Cara Pakai, Kandungan, Efek Samping, dan lainnya di sini."",""meta_robots_index"":""index"",""meta_robots_follow"":""follow"",""thumbnail_url"":""https://s3-publishing-cmn-svc-prd.s3.ap-southeast-1.amazonaws",Konsultasikan dengan dokter,Herbal & Tradisional,,False,True,"dan cara pemakaian"",""meta_description"":""informasi lengkap ob",Sumber: KlikDokter,,,,https://www.klikdokter.com/obat/obat-herbal/ambiofit
Ambiopi,,", Dosis &amp; Cara minum, Kandungan, Efek Samping, dan lainnya di sini."" data-next-head=""""/>",Konsultasikan dengan dokter,Flu & Pilek,,False,True,", dosis &amp; cara minum, kandungan, efek samping, dan lainn",Sumber: KlikDokter,,,,https://www.klikdokter.com/obat/obat-antibiotik/ambiopi
Ambroxol,,", Dosis, Efek Samping dan Rekomendasi"" data-next-head=""""/>",Konsultasikan dengan dokter,Flu & Pilek,,False,True,", dosis, efek samping dan rekomendasi"" data-next-head=""""/>",Sumber: KlikDokter,,,https://s3-publishing-cmn-svc-prd.s3.ap-southeast-1.amazonaws.com/article/JljU7d8tlym1xOnuUZEAV/original/033289500_1646740746-Batuk-Disertai-Nyeri-Punggung-Bawah-Perlukah-Khawatir.jpg,https://www.klikdokter.com/obat/obat-batuk-pilek-dan-flu/ambroxol
Amcor,,", Dosis &amp; Cara pakai, Kandungan, Efek Samping, dan lainnya di sini."" data-next-head=""""/>",Konsultasikan dengan dokter,Nyeri & Demam,,False,True,", dosis &amp; cara pakai, kandungan, efek samping, dan lainn",Sumber: KlikDokter,,,,https://www.klikdokter.com/obat/obat-hipertensi/amcor
Amerol,,"dan Efek Samping"" data-next-head=""""/>",Konsultasikan dengan dokter,Herbal & Tradisional,,False,True,"dan efek samping"" data-next-head=""""/>",Sumber: KlikDokter,,,,https://www.klikdokter.com/obat/obat-diare/amerol
Amiclav,,"dan Efek Samping"" data-next-head=""""/>",Konsultasikan dengan dokter,Flu & Pilek,,False,True,"dan efek samping"" data-next-head=""""/>",Sumber: KlikDokter,,,,https://www.klikdokter.com/obat/obat-antibiotik/amiclav
Amidol,,", Dosis, Cara Penggunaan dan Efek Samping"",""meta_description"":""Sanmol adalah obat yang mengandung paracetamol. Sanmol digunakan untuk mengobati demam dan meringankan sakit gigi serta meredakan sakit kepala."",""meta_robots_index"":""index"",""meta_robots_follow"":""follow"",""thumbnail_url"":""https://s3-publis",Konsultasikan dengan dokter,Herbal & Tradisional,,False,True,demam; sakit kepala,Sumber: KlikDokter,,,,https://www.klikdokter.com/obat/obat-demam/amidol
Amikacin,,", Dosis, dan Efek Samping"" data-next-head=""""/>",Konsultasikan dengan dokter,Flu & Pilek,,False,True,", dosis, dan efek samping"" data-next-head=""""/>",Sumber: KlikDokter,,,https://s3-publishing-cmn-svc-prd.s3.ap-southeast-1.amazonaws.com/article/2QHmeRiA9H_DtXsNYRMMg/original/1666078187-Hati-Hati-Infeksi-Bakteri-Listeria-Ini-Gejalanya.jpg,https://www.klikdokter.com/obat/obat-antibiotik/amikacin
Aminefron,,", Dosis &amp; Cara pakai, Kandungan, Efek Samping, dan lainnya di sini. "" data-next-head=""""/>",Konsultasikan dengan dokter,Suplemen,,False,True,", dosis &amp; cara pakai, kandungan, efek samping, dan lainn",Sumber: KlikDokter,,,https://s3-publishing-cmn-svc-prd.s3.ap-southeast-1.amazonaws.com/article/tVVZmzOsnEuedE4z1cN85/original/049488800_1643857794-Mengenal_Fungsi_Lengkung_Henle_dalam_Anatomi_Ginjal.jpg,https://www.klikdokter.com/obat/vitamin-dan-suplemen-dewasa/aminefron
Aminofluid,"utama dari Aminofluid, yakni elektrolit, glukosa, dan asam amino. Aminofluid diproduksi oleh PT Otsuka dan cara pemberiannya bukan melalui mulut, tapi pembuluh darah (parenteral).&nbsp;",", Dosis &amp; Cara minum, Kandungan, Efek Samping, dan lainnya di sini."" data-next-head=""""/>",Konsultasikan dengan dokter,Herbal & Tradisional,,False,True,", dosis &amp; cara minum, kandungan, efek samping, dan lainn",Sumber: KlikDokter,,,,https://www.klikdokter.com/obat/nutrisi-parenteral/aminofluid
Aminofusin Hepar,"dalam Aminofusin Hepar digunakan sebagai nutrisi untuk pasien gangguan hati, seperti sirosis hati dan metastasis hati (penyebaran sel",", Dosis &amp; Cara pakai, Kandungan, Efek Samping, dan lainnya di sini."" data-next-head=""""/>",Konsultasikan dengan dokter,Herbal & Tradisional,,False,True,", dosis &amp; cara pakai, kandungan, efek samping, dan lainn",Sumber: KlikDokter,,,https://s3-publishing-cmn-svc-prd.s3.ap-southeast-1.amazonaws.com/drugs/DmrY8YpRWUBWgzcurz_dy/original/1671523681-020337500_1578454840-Aminofusin_Hepar_Infus_500_mL_1.jpg,https://www.klikdokter.com/obat/obat-herbal/aminofusin-hepar
Aminofusin L-600,,", Dosis, dan Efek Samping"",""meta_description"":""Amiparen adalah cairan infus yang mengandung suplai asam amino pada pasien hipoproteinemia, malnutrisi, dan operasi. Ini manfaat, dosis, dan efek samping.\n"",""meta_robots_index"":""index"",""meta_robots_follow"":""follow"",""thumbnail_url"":""https://s3-publishin",Konsultasikan dengan dokter,Herbal & Tradisional,,False,True,", dosis, dan efek samping"",""meta_description"":""amiparen adal",Sumber: KlikDokter,,,,https://www.klikdokter.com/obat/nutrisi-parenteral/aminofusin-l-600
Aminofusin Paed,,", Dosis, dan Efek Samping"",""slug"":""-entrasoy-manfaat-dosis-dan-efek-samping"",""short_desc"":""Entrasoy adalah susu dari kacang hijau dan isolat kedelai untuk membantu memenuhi nutrisi pada pasien dewasa dengan malnutrisi, penurunan berat badan, atau intoleransi laktosa."",""url"":""susu-dan-nutrisi/-entras",Konsultasikan dengan dokter,Herbal & Tradisional,,False,True,", dosis, dan efek samping"",""slug"":""-entrasoy-manfaat-dosis-d",Sumber: KlikDokter,,,,https://www.klikdokter.com/obat/susu-dan-nutrisi/aminofusin-paed
Aminoleban,,", Dosis, dan Efek Samping"",""meta_description"":""Amiparen adalah cairan infus yang mengandung suplai asam amino pada pasien hipoproteinemia, malnutrisi, dan operasi. Ini manfaat, dosis, dan efek samping.\n"",""meta_robots_index"":""index"",""meta_robots_follow"":""follow"",""thumbnail_url"":""https://s3-publishin",Konsultasikan dengan dokter,Herbal & Tradisional,,False,True,", dosis, dan efek samping"",""meta_description"":""amiparen adal",Sumber: KlikDokter,,,,https://www.klikdokter.com/obat/nutrisi-parenteral/aminoleban
Aminophylline,,", Dosis &amp; Cara pakai, Kandungan, Efek Samping, dan lainnya di sini."" data-next-head=""""/>",Konsultasikan dengan dokter,Herbal & Tradisional,,False,True,", dosis &amp; cara pakai, kandungan, efek samping, dan lainn",Sumber: KlikDokter,,,https://s3-publishing-cmn-svc-prd.s3.ap-southeast-1.amazonaws.com/article/yhg_EvaAVWuAVtlQY_PEt/original/039129400_1561711285-Benarkah-Asma-Bisa-Picu-Serangan-Jantung-By-Phat1978-Shutterstock.jpg,https://www.klikdokter.com/obat/obat-asma-dan-gangguan-pernapasan/aminophylline
Aminoral,,", Dosis &amp; Cara minum, Kandungan, Efek Samping, dan lainnya di sini."" data-next-head=""""/>",Konsultasikan dengan dokter,Herbal & Tradisional,,False,True,", dosis &amp; cara minum, kandungan, efek samping, dan lainn",Sumber: KlikDokter,,,,https://www.klikdokter.com/obat/obat-saluran-kemih-dan-prostat/aminoral
Aminosteril,,", Dosis &amp; Cara minum, Kandungan, Efek Samping, dan lainnya di sini."" data-next-head=""""/>",Konsultasikan dengan dokter,Herbal & Tradisional,,False,True,", dosis &amp; cara minum, kandungan, efek samping, dan lainn",Sumber: KlikDokter,,,,https://www.klikdokter.com/obat/nutrisi-parenteral/aminosteril
Aminosteril N-Hepa,,", Dosis, dan Efek Samping"",""meta_description"":""Amiparen adalah cairan infus yang mengandung suplai asam amino pada pasien hipoproteinemia, malnutrisi, dan operasi. Ini manfaat, dosis, dan efek samping.\n"",""meta_robots_index"":""index"",""meta_robots_follow"":""follow"",""thumbnail_url"":""https://s3-publishin",Konsultasikan dengan dokter,Herbal & Tradisional,,False,True,", dosis, dan efek samping"",""meta_description"":""amiparen adal",Sumber: KlikDokter,,,,https://www.klikdokter.com/obat/nutrisi-parenteral/aminosteril-n-hepa
Aminovel 600,,", Dosis, dan Efek Samping"",""meta_description"":""Amiparen adalah cairan infus yang mengandung suplai asam amino pada pasien hipoproteinemia, malnutrisi, dan operasi. Ini manfaat, dosis, dan efek samping.\n"",""meta_robots_index"":""index"",""meta_robots_follow"":""follow"",""thumbnail_url"":""https://s3-publishin",Konsultasikan dengan dokter,Herbal & Tradisional,,False,True,", dosis, dan efek samping"",""meta_description"":""amiparen adal",Sumber: KlikDokter,,,,https://www.klikdokter.com/obat/nutrisi-parenteral/aminovel-600
Amiodarone,,", Dosis &amp; Cara pakai, Kandungan, Efek Samping, dan lainnya di sini."" data-next-head=""""/>",Konsultasikan dengan dokter,Herbal & Tradisional,,False,True,", dosis &amp; cara pakai, kandungan, efek samping, dan lainn",Sumber: KlikDokter,,,https://s3-publishing-cmn-svc-prd.s3.ap-southeast-1.amazonaws.com/article/f_xcAvdxvV5wz5au7HQ8E/original/069438700_1611905985-tinnitus-pulsatile_-saat-anda-mendengar-detak-jantung-sendiri.jpg,https://www.klikdokter.com/obat/obat-jantung/amiodarone
Amiosin,,", Dosis, dan Efek Samping"",""meta_description"":""Informasi lengkap obat Yusimox; Harga, Manfaat, Dosis \u0026 Cara pakai, Kandungan, Efek Samping, dan lainnya di sini."",""meta_robots_index"":""index"",""meta_robots_follow"":""follow"",""thumbnail_url"":""https://s3-publishing-cmn-svc-prd.s3.ap-southeast-1.amazon",Konsultasikan dengan dokter,Flu & Pilek,,False,True,", dosis, dan efek samping"",""meta_description"":""informasi len",Sumber: KlikDokter,,,,https://www.klikdokter.com/obat/obat-antibiotik/amiosin
Amiparen,,", Dosis, dan Efek Samping"" data-next-head=""""/>",Konsultasikan dengan dokter,Herbal & Tradisional,,False,True,", dosis, dan efek samping"" data-next-head=""""/>",Sumber: KlikDokter,,,https://s3-publishing-cmn-svc-prd.s3.ap-southeast-1.amazonaws.com/article/c4PSKQLMiKO8VWWMrRsje/original/002081600_1562234449-Kenali-Efek-Infus-Kromosom-bagi-Kesehatan-By-BlurryMe-Shutterstock.jpg,https://www.klikdokter.com/obat/nutrisi-parenteral/amiparen
Amitriptyline,,", Dosis &amp; Cara pakai, Kandungan, Efek Samping, dan lainnya di sini."" data-next-head=""""/>",Konsultasikan dengan dokter,Herbal & Tradisional,,False,True,", dosis &amp; cara pakai, kandungan, efek samping, dan lainn",Sumber: KlikDokter,,,https://s3-publishing-cmn-svc-prd.s3.ap-southeast-1.amazonaws.com/article/GhuxdrBdjAY_oU6kSKEzn/original/1669724282-Amitriptyline.jpg,https://www.klikdokter.com/obat/obat-kesehatan-mental/amitriptyline
Amivask,,", dan Efek Samping"",""meta_description"":""Informasi lengkap obat Vitamin B Kompleks IPI; Harga, Manfaat, Dosis \u0026 Cara pakai, Kandungan, Efek Samping, dan lainnya di sini."",""meta_robots_index"":""index"",""meta_robots_follow"":""follow"",""type"":""obat"",""media_images"":[{""original"":""https://asset-cdn.medkom",Konsultasikan dengan dokter,Suplemen,,False,True,vitamin,Sumber: KlikDokter,,,,https://www.klikdokter.com/obat/vitamin-dan-suplemen-dewasa/amivask
Amlocor,,", Dosis &amp; Cara minum, Kandungan, Efek Samping, dan lainnya di sini."" data-next-head=""""/>",Konsultasikan dengan dokter,Nyeri & Demam,,False,True,", dosis &amp; cara minum, kandungan, efek samping, dan lainn",Sumber: KlikDokter,,,,https://www.klikdokter.com/obat/obat-hipertensi/amlocor
Amlodipine,,", Dosis &amp; Cara minum, Kandungan, Efek Samping, dan lainnya di sini."" data-next-head=""""/>",Konsultasikan dengan dokter,Nyeri & Demam,,False,True,", dosis &amp; cara minum, kandungan, efek samping, dan lainn",Sumber: KlikDokter,,,https://s3-publishing-cmn-svc-prd.s3.ap-southeast-1.amazonaws.com/drugs/zpYD42p8fs4cXAso15iJ6/original/78x6fdfsyp8fr13132hqb5xbr2gkkmaq.png,https://www.klikdokter.com/obat/obat-hipertensi/amlodipine
Amlogal,,", Dosis &amp; Cara minum, Kandungan, Efek Samping, dan lainnya di sini."" data-next-head=""""/>",Konsultasikan dengan dokter,Nyeri & Demam,,False,True,", dosis &amp; cara minum, kandungan, efek samping, dan lainn",Sumber: KlikDokter,,,,https://www.klikdokter.com/obat/obat-hipertensi/amlogal
Ammeltz Yoko Yoko,,", Dosis &amp; Cara minum, Kandungan, Efek Samping, dan lainnya di sini."" data-next-head=""""/>",Konsultasikan dengan dokter,Nyeri & Demam,,False,True,", dosis &amp; cara minum, kandungan, efek samping, dan lainn",Sumber: KlikDokter,,,,https://www.klikdokter.com/obat/gangguan-tulang-otot-dan-sendi/ammeltz-yoko-yoko
Amobarbital,,", Dosis &amp; Cara pakai, Kandungan, Efek Samping, dan lainnya di sini."" data-next-head=""""/>",Konsultasikan dengan dokter,Herbal & Tradisional,,False,True,", dosis &amp; cara pakai, kandungan, efek samping, dan lainn",Sumber: KlikDokter,,,https://s3-publishing-cmn-svc-prd.s3.ap-southeast-1.amazonaws.com/article/2nAL-lVsd8QZNQsLY9Ej_/original/062803400_1647593508-pil-potassium-iodide-menangkal-radiasi-nuklir.jpg,https://www.klikdokter.com/obat/obat-kesehatan-mental/amobarbital
Amobiotic,,", Dosis &amp; Cara pakai, Kandungan, Efek Samping, dan lainnya di sini."" data-next-head=""""/>",Konsultasikan dengan dokter,Flu & Pilek,,False,True,", dosis &amp; cara pakai, kandungan, efek samping, dan lainn",Sumber: KlikDokter,,,https://s3-publishing-cmn-svc-prd.s3.ap-southeast-1.amazonaws.com/article/DaMw4jzjRPST3vQ77b-jE/original/085412200_1533283354-Kulit-Sering-Gatal-Mungkinkan-Diabetes-Mellitus-By-NamtipStudio-Shutterstock.jpg,https://www.klikdokter.com/obat/obat-antibiotik/amobiotic
Amosir,,"dan Cara Pemakaian"",""meta_description"":""Informasi lengkap obat Propolis SM; Harga, Manfaat, Dosis \u0026 Cara Pakai, Kandungan, Efek Samping, dan lainnya di sini."",""meta_robots_index"":""index"",""meta_robots_follow"":""follow"",""thumbnail_url"":""https://s3-publishing-cmn-svc-prd.s3.ap-southeast-1.amazonaws",Konsultasikan dengan dokter,Herbal & Tradisional,,False,True,"dan cara pemakaian"",""meta_description"":""informasi lengkap ob",Sumber: KlikDokter,,,,https://www.klikdokter.com/obat/obat-herbal/amosir
Amosterra,,", Dosis &amp; Cara pakai, Kandungan, Efek Samping, dan lainnya di sini."" data-next-head=""""/>",Konsultasikan dengan dokter,Flu & Pilek,,False,True,", dosis &amp; cara pakai, kandungan, efek samping, dan lainn",Sumber: KlikDokter,,,https://s3-publishing-cmn-svc-prd.s3.ap-southeast-1.amazonaws.com/article/rAII5LbehWz1Jjr92sVjp/original/080448000_1575030219-Amandel-Bengkak-Manfaatkan-5-Obat-Amandel-Alami-Ini-by-primagefactory-123rf-95465264_s-.jpg,https://www.klikdokter.com/obat/obat-antibiotik/amosterra
Amotrend,,"dan Cara Pemakaian"",""meta_description"":""Informasi lengkap obat Propolis SM; Harga, Manfaat, Dosis \u0026 Cara Pakai, Kandungan, Efek Samping, dan lainnya di sini."",""meta_robots_index"":""index"",""meta_robots_follow"":""follow"",""thumbnail_url"":""https://s3-publishing-cmn-svc-prd.s3.ap-southeast-1.amazonaws",Konsultasikan dengan dokter,Herbal & Tradisional,,False,True,"dan cara pemakaian"",""meta_description"":""informasi lengkap ob",Sumber: KlikDokter,,,,https://www.klikdokter.com/obat/obat-herbal/amotrend
Amovask,,", Dosis, dan Efek Samping"",""meta_description"":""Mediresix adalah obat yang mengandung furosemide untuk mengatasi hipertensi dan pembengkakan pada jaringan. Ini dosis minum, manfaat, dan efek sampingnya."",""meta_robots_index"":""index"",""meta_robots_follow"":""follow"",""thumbnail_url"":""https://s3-publishing-",Konsultasikan dengan dokter,Nyeri & Demam,,False,True,", dosis, dan efek samping"",""meta_description"":""mediresix ada",Sumber: KlikDokter,,,,https://www.klikdokter.com/obat/obat-hipertensi/amovask
Amoxicillin,,", Dosis &amp; Cara pakai, Kandungan, Efek Samping, dan lainnya di sini."" data-next-head=""""/>",Konsultasikan dengan dokter,Flu & Pilek,,False,True,", dosis &amp; cara pakai, kandungan, efek samping, dan lainn",Sumber: KlikDokter,,,https://s3-publishing-cmn-svc-prd.s3.ap-southeast-1.amazonaws.com/article/DfeUnZTH6bEB9KosuvmV6/original/075057600_1656920374-Atasi_Gusi_Bengkak_dengan_Amoxicillin.jpg,https://www.klikdokter.com/obat/obat-antibiotik/amoxicillin
Amoxsan,,", Dosis &amp; Cara pakai, Kandungan, Efek Samping, dan lainnya di sini."" data-next-head=""""/>",Konsultasikan dengan dokter,Flu & Pilek,,False,True,", dosis &amp; cara pakai, kandungan, efek samping, dan lainn",Sumber: KlikDokter,,,https://s3-publishing-cmn-svc-prd.s3.ap-southeast-1.amazonaws.com/drugs/2GXoUoB7pUGFhCDULE9AC/original/OBT0005273.jpg,https://www.klikdokter.com/obat/obat-antibiotik/amoxsan
Ampicillin,,", Dosis &amp; Cara pakai, Kandungan, Efek Samping, dan lainnya di sini."" data-next-head=""""/>",Konsultasikan dengan dokter,Flu & Pilek,,False,True,", dosis &amp; cara pakai, kandungan, efek samping, dan lainn",Sumber: KlikDokter,,,,https://www.klikdokter.com/obat/obat-antibiotik/ampicillin
Amratas,,"dan Cara Pemakaian"",""meta_description"":""Informasi lengkap obat Propolis SM; Harga, Manfaat, Dosis \u0026 Cara Pakai, Kandungan, Efek Samping, dan lainnya di sini."",""meta_robots_index"":""index"",""meta_robots_follow"":""follow"",""thumbnail_url"":""https://s3-publishing-cmn-svc-prd.s3.ap-southeast-1.amazonaws",Konsultasikan dengan dokter,Herbal & Tradisional,,False,True,"dan cara pemakaian"",""meta_description"":""informasi lengkap ob",Sumber: KlikDokter,,,,https://www.klikdokter.com/obat/obat-herbal/amratas
Amtocort,,", Dosis &amp; Cara pakai, Kandungan, Efek Samping, dan lainnya di sini."" data-next-head=""""/>",Konsultasikan dengan dokter,Nyeri & Demam,,False,True,", dosis &amp; cara pakai, kandungan, efek samping, dan lainn",Sumber: KlikDokter,,,https://s3-publishing-cmn-svc-prd.s3.ap-southeast-1.amazonaws.com/article/2KgdKSwB5ympLZxliuJwH/original/1673258161-6%20Obat%20Radang%20Tenggorokan%20yang%20Ampuh.jpg,https://www.klikdokter.com/obat/obat-antiinflamasi/amtocort
Amvar,,", Dosis &amp; Cara pakai, Kandungan, Efek Samping, dan lainnya di sini."" data-next-head=""""/>",Konsultasikan dengan dokter,Herbal & Tradisional,,False,True,", dosis &amp; cara pakai, kandungan, efek samping, dan lainn",Sumber: KlikDokter,,,,https://www.klikdokter.com/obat/obat-herbal/amvar
Anabion,,", Dosis &amp; Cara pakai, Kandungan, Efek Samping, dan lainnya di sini."" data-next-head=""""/>",Konsultasikan dengan dokter,Suplemen,,False,True,", dosis &amp; cara pakai, kandungan, efek samping, dan lainn",Sumber: KlikDokter,,,,https://www.klikdokter.com/obat/vitamin-dan-suplemen-dewasa/anabion
Anabion Plus,,", Dosis &amp; Cara minum, Kandungan, Efek Samping, dan lainnya di sini."" data-next-head=""""/>",Konsultasikan dengan dokter,Suplemen,,False,True,", dosis &amp; cara minum, kandungan, efek samping, dan lainn",Sumber: KlikDokter,,,,https://www.klikdokter.com/obat/vitamin-dan-suplemen-dewasa/anabion-plus
Anacetine,,", Dosis &amp; Cara pakai, Kandungan, Efek Samping, dan lainnya di sini."" data-next-head=""""/>",Konsultasikan dengan dokter,Flu & Pilek,,False,True,", dosis &amp; cara pakai, kandungan, efek samping, dan lainn",Sumber: KlikDokter,,,https://s3-publishing-cmn-svc-prd.s3.ap-southeast-1.amazonaws.com/article/ow1l0PkgyDMXhoFQL4PUn/original/006694100_1646376367-Penyebab_Batuk_Tak_Kunjung_Sembuh_yang_Mesti_Diwaspadai.jpg,https://www.klikdokter.com/obat/obat-batuk-pilek-dan-flu/anacetine
Anacetine Plus,,", Dosis &amp; Cara minum, Kandungan, Efek Samping, dan lainnya di sini."" data-next-head=""""/>",Konsultasikan dengan dokter,Flu & Pilek,,False,True,", dosis &amp; cara minum, kandungan, efek samping, dan lainn",Sumber: KlikDokter,,,,https://www.klikdokter.com/obat/obat-batuk-pilek-dan-flu/anacetine-plus
Anacof,,", Dosis, Cara Pakai dan Efek Samping"",""meta_description"":""Tramadol adalah obat untuk mengatasi nyeri yang bersifat sedang hingga berat. Cari tau Dosis \u0026 Cara pakai, Efek Samping, dan lainnya di sini."",""meta_robots_index"":""index"",""meta_robots_follow"":""follow"",""thumbnail_url"":""https://s3-publish",Konsultasikan dengan dokter,Nyeri & Demam,,False,True,nyeri,Sumber: KlikDokter,,,,https://www.klikdokter.com/obat/obat-antinyeri/anacof
Anadex,,", Dosis &amp; Cara pakai, Kandungan, Efek Samping, dan lainnya di sini."" data-next-head=""""/>",Konsultasikan dengan dokter,Flu & Pilek,,False,True,", dosis &amp; cara pakai, kandungan, efek samping, dan lainn",Sumber: KlikDokter,,,,https://www.klikdokter.com/obat/obat-batuk-pilek-dan-flu/anadex
Anadium,,", Dosis &amp; Cara minum, Kandungan, Efek Samping, dan lainnya di sini."" data-next-head=""""/>",Konsultasikan dengan dokter,Pencernaan & Diare,,False,True,", dosis &amp; cara minum, kandungan, efek samping, dan lainn",Sumber: KlikDokter,,,,https://www.klikdokter.com/obat/obat-gangguan-pencernaan/anadium
Anafen,,", Dosis &amp; Cara minum, Kandungan, Efek Samping, dan lainnya di sini."" data-next-head=""""/>",Konsultasikan dengan dokter,Herbal & Tradisional,,False,True,", dosis &amp; cara minum, kandungan, efek samping, dan lainn",Sumber: KlikDokter,,,,https://www.klikdokter.com/obat/obat-demam/anafen
Anakonidin,dari Anakonidin dapat terserap ke dalam ASI. Sebaiknya konsultasikan pada dokter jika akan mengonsumsi obat ini saat menyusui.,", Dosis &amp; Cara pakai, Kandungan, Efek Samping, dan lainnya di sini."" data-next-head=""""/>",Konsultasikan dengan dokter,Flu & Pilek,,False,True,", dosis &amp; cara pakai, kandungan, efek samping, dan lainn",Sumber: KlikDokter,,,https://s3-publishing-cmn-svc-prd.s3.ap-southeast-1.amazonaws.com/article/R7R4hHrKWK0N_9iKJ5kP8/original/044520400_1602155169-Bolehkah-Bayi-Konsumsi-Obat-Batuk-Berdahak-shutterstock_202768582.jpg,https://www.klikdokter.com/obat/obat-batuk-pilek-dan-flu/anakonidin
Anakonidin Herbal,,"dan Cara Pemakaian"",""meta_description"":""Informasi lengkap obat Propolis SM; Harga, Manfaat, Dosis \u0026 Cara Pakai, Kandungan, Efek Samping, dan lainnya di sini."",""meta_robots_index"":""index"",""meta_robots_follow"":""follow"",""thumbnail_url"":""https://s3-publishing-cmn-svc-prd.s3.ap-southeast-1.amazonaws",Konsultasikan dengan dokter,Herbal & Tradisional,,False,True,"dan cara pemakaian"",""meta_description"":""informasi lengkap ob",Sumber: KlikDokter,,,,https://www.klikdokter.com/obat/obat-herbal/anakonidin-herbal
Anakonidin OBH,,", Dosis &amp; Cara pakai, Kandungan, Efek Samping, dan lainnya di sini."" data-next-head=""""/>",Konsultasikan dengan dokter,Flu & Pilek,,False,True,", dosis &amp; cara pakai, kandungan, efek samping, dan lainn",Sumber: KlikDokter,,,,https://www.klikdokter.com/obat/obat-batuk-pilek-dan-flu/anakonidin-obh
Analpim,,", Dosis, dan Efek Samping"",""slug"":""mefenamic-acid-manfaat-dosis-dan-efek-samping"",""short_desc"":""Mefenamic Acid adalah obat resep untuk meredakan nyeri, peradangan, dan demam pada anak, tersedia dalam bentuk obat oral."",""url"":""obat-antinyeri/mefenamic-acid-manfaat-dosis-dan-efek-samping"",""amp_url"":""""",Konsultasikan dengan dokter,Nyeri & Demam,,False,True,demam; nyeri,Sumber: KlikDokter,,,,https://www.klikdokter.com/obat/obat-antinyeri/analpim
Analsik,,", Dosis &amp; Cara pakai, Kandungan, Efek Samping, dan lainnya di sini."" data-next-head=""""/>",Konsultasikan dengan dokter,Nyeri & Demam,,False,True,", dosis &amp; cara pakai, kandungan, efek samping, dan lainn",Sumber: KlikDokter,,,https://s3-publishing-cmn-svc-prd.s3.ap-southeast-1.amazonaws.com/article/S_-3FcdniYgcV2NEJKyEZ/original/021379400_1582342678-Mengatasi-Nyeri-Lutut-Kronis-dengan-Radiofrequency-Ablation-shutterstock_1335106691.jpg,https://www.klikdokter.com/obat/obat-antiinflamasi/analsik
Analspec,,", Dosis &amp; Cara pakai, Kandungan, Efek Samping, dan lainnya di sini."" data-next-head=""""/>",Konsultasikan dengan dokter,Nyeri & Demam,,False,True,", dosis &amp; cara pakai, kandungan, efek samping, dan lainn",Sumber: KlikDokter,,,,https://www.klikdokter.com/obat/obat-antinyeri/analspec
Analtram,,", Dosis &amp; Cara pakai, Kandungan, Efek Samping, dan lainnya di sini."" data-next-head=""""/>",Konsultasikan dengan dokter,Nyeri & Demam,,False,True,", dosis &amp; cara pakai, kandungan, efek samping, dan lainn",Sumber: KlikDokter,,,,https://www.klikdokter.com/obat/obat-antinyeri/analtram
Anaprin,,", Dosis, Cara Pakai dan Efek Samping"",""meta_description"":""Rhinos SR adalah obat untuk meredakan berbagai gejala terkait rhinitis alergi seperti bersin, hidung tersumbat. Cari tau Dosis \u0026 Cara pakai, Efek Samping, dan manfaat lainnya disini."",""meta_robots_index"":""index"",""meta_robots_follow"":""fol",Konsultasikan dengan dokter,Flu & Pilek,,False,True,alergi,Sumber: KlikDokter,,,,https://www.klikdokter.com/obat/obat-batuk-pilek-dan-flu/anaprin
Anaslim,,"dan Cara Pemakaian"",""meta_description"":""Informasi lengkap obat Propolis SM; Harga, Manfaat, Dosis \u0026 Cara Pakai, Kandungan, Efek Samping, dan lainnya di sini."",""meta_robots_index"":""index"",""meta_robots_follow"":""follow"",""thumbnail_url"":""https://s3-publishing-cmn-svc-prd.s3.ap-southeast-1.amazonaws",Konsultasikan dengan dokter,Herbal & Tradisional,,False,True,"dan cara pemakaian"",""meta_description"":""informasi lengkap ob",Sumber: KlikDokter,,,,https://www.klikdokter.com/obat/obat-herbal/anaslim
Anastan Forte,,", Dosis &amp; Cara pakai, Kandungan, Efek Samping, dan lainnya di sini."" data-next-head=""""/>",Konsultasikan dengan dokter,Nyeri & Demam,,False,True,", dosis &amp; cara pakai, kandungan, efek samping, dan lainn",Sumber: KlikDokter,,,,https://www.klikdokter.com/obat/obat-antinyeri/anastan-forte
Anaton,,", Dosis &amp; Cara pakai, Kandungan, Efek Samping, dan lainnya di sini."" data-next-head=""""/>",Konsultasikan dengan dokter,Flu & Pilek,,False,True,", dosis &amp; cara pakai, kandungan, efek samping, dan lainn",Sumber: KlikDokter,,,https://s3-publishing-cmn-svc-prd.s3.ap-southeast-1.amazonaws.com/drugs/FNJv4YDQCmYcy7O1Ig5Vg/original/OBT0005300.jpg,https://www.klikdokter.com/obat/obat-batuk-pilek-dan-flu/anaton
Anatuk,,"dan Cara Pemakaian"",""meta_description"":""Informasi lengkap obat Propolis SM; Harga, Manfaat, Dosis \u0026 Cara Pakai, Kandungan, Efek Samping, dan lainnya di sini."",""meta_robots_index"":""index"",""meta_robots_follow"":""follow"",""thumbnail_url"":""https://s3-publishing-cmn-svc-prd.s3.ap-southeast-1.amazonaws",Konsultasikan dengan dokter,Herbal & Tradisional,,False,True,"dan cara pemakaian"",""meta_description"":""informasi lengkap ob",Sumber: KlikDokter,,,,https://www.klikdokter.com/obat/obat-herbal/anatuk
Anbacim,,", Dosis &amp; Cara minum, Kandungan, Efek Samping, dan lainnya di sini."" data-next-head=""""/>",Konsultasikan dengan dokter,Flu & Pilek,,False,True,", dosis &amp; cara minum, kandungan, efek samping, dan lainn",Sumber: KlikDokter,,,,https://www.klikdokter.com/obat/obat-antibiotik/anbacim
Anbiolid,,", Dosis &amp; Cara pakai, Kandungan, Efek Samping, dan lainnya di sini."" data-next-head=""""/>",Konsultasikan dengan dokter,Flu & Pilek,,False,True,", dosis &amp; cara pakai, kandungan, efek samping, dan lainn",Sumber: KlikDokter,,,,https://www.klikdokter.com/obat/obat-antibiotik/anbiolid
Ancefa,,", Dosis &amp; Cara minum, Kandungan, Efek Samping, dan lainnya di sini."" data-next-head=""""/>",Konsultasikan dengan dokter,Nyeri & Demam,,False,True,", dosis &amp; cara minum, kandungan, efek samping, dan lainn",Sumber: KlikDokter,,,,https://www.klikdokter.com/obat/obat-hipertensi/ancefa
Ancholes,,", dan Efek Samping"",""meta_description"":""Informasi lengkap obat Vitamin B Kompleks IPI; Harga, Manfaat, Dosis \u0026 Cara pakai, Kandungan, Efek Samping, dan lainnya di sini."",""meta_robots_index"":""index"",""meta_robots_follow"":""follow"",""type"":""obat"",""media_images"":[{""original"":""https://asset-cdn.medkom",Konsultasikan dengan dokter,Suplemen,,False,True,vitamin,Sumber: KlikDokter,,,,https://www.klikdokter.com/obat/vitamin-dan-suplemen-dewasa/ancholes
Ancla,,", Dosis &amp; Cara minum, Kandungan, Efek Samping, dan lainnya di sini."" data-next-head=""""/>",Konsultasikan dengan dokter,Flu & Pilek,,False,True,", dosis &amp; cara minum, kandungan, efek samping, dan lainn",Sumber: KlikDokter,,,,https://www.klikdokter.com/obat/obat-antibiotik/ancla
Andalan,,", Dosis &amp; Cara pakai, Kandungan, Efek Samping, dan lainnya di sini."" data-next-head=""""/>",Konsultasikan dengan dokter,Herbal & Tradisional,,False,True,", dosis &amp; cara pakai, kandungan, efek samping, dan lainn",Sumber: KlikDokter,,,https://s3-publishing-cmn-svc-prd.s3.ap-southeast-1.amazonaws.com/drugs/CtChcHb-ovqOppHS4tad1/original/1661928836-OBT0000832.jpg,https://www.klikdokter.com/obat/kontrasepsi/andalan
Andalan FE,,", Dosis &amp; Cara minum, Kandungan, Efek Samping, dan lainnya di sini."" data-next-head=""""/>",Konsultasikan dengan dokter,Herbal & Tradisional,,False,True,", dosis &amp; cara minum, kandungan, efek samping, dan lainn",Sumber: KlikDokter,,,,https://www.klikdokter.com/obat/kontrasepsi/andalan-fe
Andalan Injeksi,,", Dosis &amp; Cara minum, Kandungan, Efek Samping, dan lainnya di sini."" data-next-head=""""/>",Konsultasikan dengan dokter,Herbal & Tradisional,,False,True,", dosis &amp; cara minum, kandungan, efek samping, dan lainn",Sumber: KlikDokter,,,,https://www.klikdokter.com/obat/kontrasepsi/andalan-injeksi
Andalan Laktasi,,", Dosis &amp; Cara pakai, Kandungan, Efek Samping, dan lainnya di sini."" data-next-head=""""/>",Konsultasikan dengan dokter,Herbal & Tradisional,,False,True,", dosis &amp; cara pakai, kandungan, efek samping, dan lainn",Sumber: KlikDokter,,,https://s3-publishing-cmn-svc-prd.s3.ap-southeast-1.amazonaws.com/article/Gz1iF5esclwAlmZHQCqWn/original/1667659698-Andalan%20Laktasi.jpg,https://www.klikdokter.com/obat/kontrasepsi/andalan-laktasi
Andalan Postpil,,", Dosis &amp; Cara minum, Kandungan, Efek Samping, dan lainnya di sini."" data-next-head=""""/>",Konsultasikan dengan dokter,Herbal & Tradisional,,False,True,", dosis &amp; cara minum, kandungan, efek samping, dan lainn",Sumber: KlikDokter,,,https://s3-publishing-cmn-svc-prd.s3.ap-southeast-1.amazonaws.com/drugs/3rJyZC1t35LuIbATHDFyp/original/gdy0m3ecg0210frcps1sxnq21mg8b25z.png,https://www.klikdokter.com/obat/kontrasepsi/andalan-postpil
Andantol Gel,,", Dosis, Cara Penggunaan dan Efek Samping"",""meta_description"":""Ingin tau Gentamicin obat apa, cari tau Manfaat, Dosis \u0026 Cara pakai, Kandungan, Efek Samping, dan lainnya di sini."",""meta_robots_index"":""index"",""meta_robots_follow"":""follow"",""thumbnail_url"":""https://s3-publishing-cmn-svc-prd.s3.ap-s",Konsultasikan dengan dokter,Antijamur & Kulit,,False,True,", dosis, cara penggunaan dan efek samping"",""meta_description",Sumber: KlikDokter,,,,https://www.klikdokter.com/obat/obat-kulit/andantol-gel
Andonex,,", Dosis &amp; Cara pakai, Kandungan, Efek Samping, dan lainnya di sini."" data-next-head=""""/>",Konsultasikan dengan dokter,Flu & Pilek,,False,True,", dosis &amp; cara pakai, kandungan, efek samping, dan lainn",Sumber: KlikDokter,,,,https://www.klikdokter.com/obat/obat-batuk-pilek-dan-flu/andonex
Androcur,,", Dosis, dan Efek Samping"",""meta_description"":""Tamofen adalah obat dengan kandungan tamoxifen untuk mengobati sekaligus mencegah kanker payudara pada laki-laki dan perempuan. Ini manfaat, dosis, efek sampingnya."",""meta_robots_index"":""index"",""meta_robots_follow"":""follow"",""thumbnail_url"":""https://s3-p",Konsultasikan dengan dokter,Herbal & Tradisional,,False,True,", dosis, dan efek samping"",""meta_description"":""tamofen adala",Sumber: KlikDokter,,,,https://www.klikdokter.com/obat/obat-kemoterapi/androcur
Androgia,,"dan Cara Pemakaian"",""meta_description"":""Informasi lengkap obat Propolis SM; Harga, Manfaat, Dosis \u0026 Cara Pakai, Kandungan, Efek Samping, dan lainnya di sini."",""meta_robots_index"":""index"",""meta_robots_follow"":""follow"",""thumbnail_url"":""https://s3-publishing-cmn-svc-prd.s3.ap-southeast-1.amazonaws",Konsultasikan dengan dokter,Herbal & Tradisional,,False,True,"dan cara pemakaian"",""meta_description"":""informasi lengkap ob",Sumber: KlikDokter,,,,https://www.klikdokter.com/obat/obat-herbal/androgia
Andromun,,"dan Cara Pemakaian"",""meta_description"":""Informasi lengkap obat Propolis SM; Harga, Manfaat, Dosis \u0026 Cara Pakai, Kandungan, Efek Samping, dan lainnya di sini."",""meta_robots_index"":""index"",""meta_robots_follow"":""follow"",""thumbnail_url"":""https://s3-publishing-cmn-svc-prd.s3.ap-southeast-1.amazonaws",Konsultasikan dengan dokter,Herbal & Tradisional,,False,True,"dan cara pemakaian"",""meta_description"":""informasi lengkap ob",Sumber: KlikDokter,,,,https://www.klikdokter.com/obat/obat-herbal/andromun
Andrononi,,"dan Cara Pemakaian"",""meta_description"":""Informasi lengkap obat Propolis SM; Harga, Manfaat, Dosis \u0026 Cara Pakai, Kandungan, Efek Samping, dan lainnya di sini."",""meta_robots_index"":""index"",""meta_robots_follow"":""follow"",""thumbnail_url"":""https://s3-publishing-cmn-svc-prd.s3.ap-southeast-1.amazonaws",Konsultasikan dengan dokter,Herbal & Tradisional,,False,True,"dan cara pemakaian"",""meta_description"":""informasi lengkap ob",Sumber: KlikDokter,,,,https://www.klikdokter.com/obat/obat-herbal/andrononi
Anelat,,", Dosis &amp; Cara minum, Kandungan, Efek Samping, dan lainnya di sini."" data-next-head=""""/>",Konsultasikan dengan dokter,Suplemen,,False,True,", dosis &amp; cara minum, kandungan, efek samping, dan lainn",Sumber: KlikDokter,,,https://s3-publishing-cmn-svc-prd.s3.ap-southeast-1.amazonaws.com/drugs/1x3DR5s7DF-ACoI_riHeu/original/jorvb6l17m43caio789zso99dm4eqdhf.png,https://www.klikdokter.com/obat/vitamin-dan-suplemen-dewasa/anelat
Anemolat,,", Dosis &amp; Cara minum, Kandungan, Efek Samping, dan lainnya di sini."" data-next-head=""""/>",Konsultasikan dengan dokter,Suplemen,,False,True,", dosis &amp; cara minum, kandungan, efek samping, dan lainn",Sumber: KlikDokter,,,,https://www.klikdokter.com/obat/vitamin-dan-suplemen-dewasa/anemolat
Anerocid,,", Dosis &amp; Cara pakai, Kandungan, Efek Samping, dan lainnya di sini."" data-next-head=""""/>",Konsultasikan dengan dokter,Flu & Pilek,,False,True,", dosis &amp; cara pakai, kandungan, efek samping, dan lainn",Sumber: KlikDokter,,,,https://www.klikdokter.com/obat/obat-antibiotik/anerocid
Anesfar,,", Dosis, dan Efek Samping"",""meta_description"":""Deprezac adalah Obat kandungan fluoxetine yang digunakan untuk mengatasi gangguan depresi berat pada orang dewasa, anak usia di atas 8 tahun dan Lanjut Usia."",""meta_robots_index"":""index"",""meta_robots_follow"":""follow"",""thumbnail_url"":""https://s3-publishi",Konsultasikan dengan dokter,Herbal & Tradisional,,False,True,flu,Sumber: KlikDokter,,,,https://www.klikdokter.com/obat/obat-kesehatan-mental/anesfar
Anfix,,", Dosis &amp; Cara minum, Kandungan, Efek Samping, dan lainnya di sini."" data-next-head=""""/>",Konsultasikan dengan dokter,Flu & Pilek,,False,True,", dosis &amp; cara minum, kandungan, efek samping, dan lainn",Sumber: KlikDokter,,,,https://www.klikdokter.com/obat/obat-antibiotik/anfix
Anflat,,", Dosis &amp; Cara minum, Kandungan, Efek Samping, dan lainnya di sini."" data-next-head=""""/>",Konsultasikan dengan dokter,Pencernaan & Diare,,False,True,", dosis &amp; cara minum, kandungan, efek samping, dan lainn",Sumber: KlikDokter,,,,https://www.klikdokter.com/obat/obat-gangguan-pencernaan/anflat
Anfuhex,,", Dosis &amp; Cara pakai, Kandungan, Efek Samping, dan lainnya di sini."" data-next-head=""""/>",Konsultasikan dengan dokter,Antijamur & Kulit,,False,True,", dosis &amp; cara pakai, kandungan, efek samping, dan lainn",Sumber: KlikDokter,,,,https://www.klikdokter.com/obat/obat-kulit/anfuhex
Angeliq,,", Dosis &amp; Cara pakai, Kandungan, Efek Samping, dan lainnya di sini."" data-next-head=""""/>",Konsultasikan dengan dokter,Herbal & Tradisional,,False,True,", dosis &amp; cara pakai, kandungan, efek samping, dan lainn",Sumber: KlikDokter,,,,https://www.klikdokter.com/obat/obat-gangguan-hormon-dan-kesuburan/angeliq
Angintriz MR,,", Dosis &amp; Cara pakai, Kandungan, Efek Samping, dan lainnya di sini."" data-next-head=""""/>",Konsultasikan dengan dokter,Herbal & Tradisional,,False,True,", dosis &amp; cara pakai, kandungan, efek samping, dan lainn",Sumber: KlikDokter,,,https://s3-publishing-cmn-svc-prd.s3.ap-southeast-1.amazonaws.com/article/b911ZvWcDeVqbd7yGswo9/original/017985400_1526539097-Kenali-Tanda-Serangan-Jantung-yang-Dialami-Ayah-Meghan-Markle-By-staras-shutterstock_743841955.jpg,https://www.klikdokter.com/obat/obat-jantung/angintriz-mr
Angioten,,", Dosis &amp; Cara pakai, Kandungan, Efek Samping, dan lainnya di sini."" data-next-head=""""/>",Konsultasikan dengan dokter,Nyeri & Demam,,False,True,", dosis &amp; cara pakai, kandungan, efek samping, dan lainn",Sumber: KlikDokter,,,https://s3-publishing-cmn-svc-prd.s3.ap-southeast-1.amazonaws.com/article/GtBUlmDQQEqceth8dzKbB/original/023359000_1588154384-Ilustrasai-Pria-Hipertensi-shutterstock_610636403.jpg,https://www.klikdokter.com/obat/obat-hipertensi/angioten
Angisis,,", Dosis, dan Efek Samping"",""meta_description"":""Informasi lengkap obat Neo Ultrasiline, harga, manfaat, dosis, cara pakai, kandungan, efek samping, dan lainnya di sini."",""meta_robots_index"":""index"",""meta_robots_follow"":""follow"",""thumbnail_url"":""https://s3-publishing-cmn-svc-prd.s3.ap-southeast-1.amaz",Konsultasikan dengan dokter,Herbal & Tradisional,,False,True,", dosis, dan efek samping"",""meta_description"":""informasi len",Sumber: KlikDokter,,,,https://www.klikdokter.com/obat/obat-antijamur/angisis
Angkak Kapsul,,", Dosis &amp; Cara pakai, Kandungan, Efek Samping, dan lainnya di sini."" data-next-head=""""/>",Konsultasikan dengan dokter,Herbal & Tradisional,,False,True,", dosis &amp; cara pakai, kandungan, efek samping, dan lainn",Sumber: KlikDokter,,,,https://www.klikdokter.com/obat/obat-herbal/angkak-kapsul
Angong Niuhuang Wan,,", Dosis &amp; Cara pakai, Kandungan, Efek Samping, dan lainnya di sini."" data-next-head=""""/>",Konsultasikan dengan dokter,Herbal & Tradisional,,False,True,", dosis &amp; cara pakai, kandungan, efek samping, dan lainn",Sumber: KlikDokter,,,https://s3-publishing-cmn-svc-prd.s3.ap-southeast-1.amazonaws.com/article/mFbaAVSM2b0fd5TzuJOgi/original/013174800_1576466857-_X_-Cara-Meningkatkan-Sirkulasi-Darah-Tubuh-Shutterstock_732432829.jpg,https://www.klikdokter.com/obat/obat-herbal/angong-niuhuang-wan
Anhissen,,", Dosis, dan Efek Samping"",""meta_description"":""Proxona adalah obat dengan kandungan dexchlorpheniramine maleate dan dexamethasone untuk meringankan gejala alergi dan radang. Ini manfaat, harga, dosis, efek sampingnya."",""meta_robots_index"":""index"",""meta_robots_follow"":""follow"",""thumbnail_url"":""https:",Konsultasikan dengan dokter,Alergi & Gatal,,False,True,alergi,Sumber: KlikDokter,,,,https://www.klikdokter.com/obat/obat-alergi/anhissen
Anitid,,", Dosis, dan Efek Samping"",""meta_description"":""Promag adalah yang digunakan untuk menetralisir kelebihan asam lambung. Promag mengandung hydrotalcite, magnesium hidroksida dan simethicone, "",""meta_robots_index"":""index"",""meta_robots_follow"":""follow"",""thumbnail_url"":""https://s3-publishing-cmn-svc-prd.",Konsultasikan dengan dokter,Pencernaan & Diare,,False,True,lambung,Sumber: KlikDokter,,,,https://www.klikdokter.com/obat/obat-gangguan-pencernaan/anitid
Anlene Actifit,,", Dosis &amp; Cara pakai, Kandungan, Efek Samping, dan lainnya di sini."" data-next-head=""""/>",Konsultasikan dengan dokter,Herbal & Tradisional,,False,True,", dosis &amp; cara pakai, kandungan, efek samping, dan lainn",Sumber: KlikDokter,,,https://s3-publishing-cmn-svc-prd.s3.ap-southeast-1.amazonaws.com/article/zGVOYQP0VlXmXols4TI1H/original/037887800_1606191152-Segudang-Manfaat-Susu-Kedelai-untuk-Kulit-Cantik-dan-Sehat-shutterstock_1566062584.jpg,https://www.klikdokter.com/obat/susu-dan-nutrisi/anlene-actifit
Anoral,,", Dosis &amp; Cara minum, Kandungan, Efek Samping, dan lainnya di sini."" data-next-head=""""/>",Konsultasikan dengan dokter,Herbal & Tradisional,,False,True,", dosis &amp; cara minum, kandungan, efek samping, dan lainn",Sumber: KlikDokter,,,,https://www.klikdokter.com/obat/obat-herbal/anoral
Anoxi,,", Dosis &amp; Cara minum, Kandungan, Efek Samping, dan lainnya di sini."" data-next-head=""""/>",Konsultasikan dengan dokter,Suplemen,,False,True,", dosis &amp; cara minum, kandungan, efek samping, dan lainn",Sumber: KlikDokter,,,,https://www.klikdokter.com/obat/vitamin-dan-suplemen-dewasa/anoxi
Anpiride,,", Dosis, dan Efek Samping"",""meta_description"":""Informasi lengkap obat Metformin; Harga, Manfaat, Dosis \u0026 Cara pakai, Kandungan, Efek Samping, dan lainnya di sini."",""meta_robots_index"":""index"",""meta_robots_follow"":""follow"",""thumbnail_url"":""https://s3-publishing-cmn-svc-prd.s3.ap-southeast-1.amaz",Konsultasikan dengan dokter,Suplemen,,False,True,", dosis, dan efek samping"",""meta_description"":""informasi len",Sumber: KlikDokter,,,,https://www.klikdokter.com/obat/obat-diabetes/anpiride
Ansinoma,,"dan Cara Pemakaian"",""meta_description"":""Informasi lengkap obat Propolis SM; Harga, Manfaat, Dosis \u0026 Cara Pakai, Kandungan, Efek Samping, dan lainnya di sini."",""meta_robots_index"":""index"",""meta_robots_follow"":""follow"",""thumbnail_url"":""https://s3-publishing-cmn-svc-prd.s3.ap-southeast-1.amazonaws",Konsultasikan dengan dokter,Herbal & Tradisional,,False,True,"dan cara pemakaian"",""meta_description"":""informasi lengkap ob",Sumber: KlikDokter,,,,https://www.klikdokter.com/obat/obat-herbal/ansinoma
Antalgin,,", Dosis &amp; Cara pakai, Kandungan, Efek Samping, dan lainnya di sini."" data-next-head=""""/>",Konsultasikan dengan dokter,Nyeri & Demam,,False,True,", dosis &amp; cara pakai, kandungan, efek samping, dan lainn",Sumber: KlikDokter,,,,https://www.klikdokter.com/obat/obat-antinyeri/antalgin
Antalinu,,", Dosis &amp; Cara pakai, Kandungan, Efek Samping, dan lainnya di sini."" data-next-head=""""/>",Konsultasikan dengan dokter,Herbal & Tradisional,,False,True,", dosis &amp; cara pakai, kandungan, efek samping, dan lainn",Sumber: KlikDokter,,,https://s3-publishing-cmn-svc-prd.s3.ap-southeast-1.amazonaws.com/article/-nPaj_xobBCLk78tMCLvl/original/006480700_1598357777-Membunyikan-Punggung-untuk-Atasi-Pegal_-Bahaya-atau-Tidak-shutterstock_718180360.jpg,https://www.klikdokter.com/obat/obat-herbal/antalinu
Antangin Fit,,", Dosis &amp; Cara minum, Kandungan, Efek Samping, dan lainnya di sini."" data-next-head=""""/>",Konsultasikan dengan dokter,Herbal & Tradisional,,False,True,", dosis &amp; cara minum, kandungan, efek samping, dan lainn",Sumber: KlikDokter,,,,https://www.klikdokter.com/obat/obat-herbal/antangin-fit
Antangin JRG,,", Dosis &amp; Cara minum, Kandungan, Efek Samping, dan lainnya di sini."" data-next-head=""""/>",Konsultasikan dengan dokter,Herbal & Tradisional,,False,True,", dosis &amp; cara minum, kandungan, efek samping, dan lainn",Sumber: KlikDokter,,,,https://www.klikdokter.com/obat/obat-herbal/antangin-jrg
Antangin Junior,,", Dosis &amp; Cara pakai, Kandungan, Efek Samping, dan lainnya di sini."" data-next-head=""""/>",Konsultasikan dengan dokter,Herbal & Tradisional,,False,True,", dosis &amp; cara pakai, kandungan, efek samping, dan lainn",Sumber: KlikDokter,,,,https://www.klikdokter.com/obat/obat-herbal/antangin-junior
Antasida Doen,,", Dosis &amp; Cara pakai, Kandungan, Efek Samping, dan lainnya di sini."" data-next-head=""""/>",Konsultasikan dengan dokter,Pencernaan & Diare,,False,True,", dosis &amp; cara pakai, kandungan, efek samping, dan lainn",Sumber: KlikDokter,,,https://s3-publishing-cmn-svc-prd.s3.ap-southeast-1.amazonaws.com/article/cKWBmh8FTNoCA-tPxgcJN/original/012046100_1641358289-Sakit_Mag_Sampai_Demam.jpg,https://www.klikdokter.com/obat/obat-gangguan-pencernaan/antasida-doen
Anthramed Krim,,", Dosis &amp; Cara pakai, Kandungan, Efek Samping, dan lainnya di sini."" data-next-head=""""/>",Konsultasikan dengan dokter,Antijamur & Kulit,,False,True,", dosis &amp; cara pakai, kandungan, efek samping, dan lainn",Sumber: KlikDokter,,,,https://www.klikdokter.com/obat/obat-kulit/anthramed-krim
Anti Tetanus Serum,,", Dosis &amp; Cara minum, Kandungan, Efek Samping, dan lainnya di sini."" data-next-head=""""/>",Konsultasikan dengan dokter,Antijamur & Kulit,,False,True,", dosis &amp; cara minum, kandungan, efek samping, dan lainn",Sumber: KlikDokter,,,,https://www.klikdokter.com/obat/obat-kulit/anti-tetanus-serum
Antibet,,"dan Cara Pemakaian"",""meta_description"":""Informasi lengkap obat Propolis SM; Harga, Manfaat, Dosis \u0026 Cara Pakai, Kandungan, Efek Samping, dan lainnya di sini."",""meta_robots_index"":""index"",""meta_robots_follow"":""follow"",""thumbnail_url"":""https://s3-publishing-cmn-svc-prd.s3.ap-southeast-1.amazonaws",Konsultasikan dengan dokter,Herbal & Tradisional,,False,True,"dan cara pemakaian"",""meta_description"":""informasi lengkap ob",Sumber: KlikDokter,,,,https://www.klikdokter.com/obat/obat-herbal/antibet
Antidia,,", Dosis &amp; Cara pakai, Kandungan, Efek Samping, dan lainnya di sini."" data-next-head=""""/>",Konsultasikan dengan dokter,Pencernaan & Diare,,False,True,", dosis &amp; cara pakai, kandungan, efek samping, dan lainn",Sumber: KlikDokter,,,,https://www.klikdokter.com/obat/obat-gangguan-pencernaan/antidia
Antihemoroid,,", Dosis &amp; Cara pakai, Kandungan, Efek Samping, dan lainnya sini."" data-next-head=""""/>",Konsultasikan dengan dokter,Herbal & Tradisional,,False,True,", dosis &amp; cara pakai, kandungan, efek samping, dan lainn",Sumber: KlikDokter,,,https://s3-publishing-cmn-svc-prd.s3.ap-southeast-1.amazonaws.com/article/A4XCcVXI7JPqIi_HI7rrJ/original/1666529776-Jenis-jenis%20Operasi%20Wasir%20yang%20Wajib%20Diketahui.jpg,https://www.klikdokter.com/obat/obat-ambeien/antihemoroid
Antilep,,", Dosis, dan Efek Samping"",""meta_description"":""Clorilex adalah obat dengan kandungan clozapine yang menjadi terapi Skizofrenia terutama pada pasien yang tidak responsif terhadap neuroleptik klasik."",""meta_robots_index"":""index"",""meta_robots_follow"":""follow"",""thumbnail_url"":""https://s3-publishing-cmn-",Konsultasikan dengan dokter,Herbal & Tradisional,,False,True,", dosis, dan efek samping"",""meta_description"":""clorilex adal",Sumber: KlikDokter,,,,https://www.klikdokter.com/obat/obat-gangguan-saraf-pusat/antilep
Antimo,,", Dosis &amp; Cara pakai, Kandungan, Efek Samping, dan lainnya di sini."" data-next-head=""""/>",Konsultasikan dengan dokter,Pencernaan & Diare,,False,True,", dosis &amp; cara pakai, kandungan, efek samping, dan lainn",Sumber: KlikDokter,,,https://s3-publishing-cmn-svc-prd.s3.ap-southeast-1.amazonaws.com/drugs/ywnwIikE6ZmwPgQ7sLoEG/original/OBT0005356.jpg,https://www.klikdokter.com/obat/obat-gangguan-pencernaan/antimo
Antimo Anak,,", Dosis &amp; Cara minum, Kandungan, Efek Samping, dan lainnya di sini."" data-next-head=""""/>",Konsultasikan dengan dokter,Pencernaan & Diare,,False,True,", dosis &amp; cara minum, kandungan, efek samping, dan lainn",Sumber: KlikDokter,,,,https://www.klikdokter.com/obat/obat-gangguan-pencernaan/antimo-anak
Antimo Herbal,,", Dosis &amp; Cara minum, Kandungan, Efek Samping, dan lainnya di sini."" data-next-head=""""/>",Konsultasikan dengan dokter,Pencernaan & Diare,,False,True,", dosis &amp; cara minum, kandungan, efek samping, dan lainn",Sumber: KlikDokter,,,,https://www.klikdokter.com/obat/obat-gangguan-pencernaan/antimo-herbal
Antiplat,,", Dosis, dan Efek Samping"",""slug"":""candesartan-cilexetil-manfaat-dosis-dan-efek-samping"",""short_desc"":"" Candesartan Cilexetil adalah obat untuk menurunkan tekanan darah tinggi dan mengobati gagal jantung."",""url"":""obat-jantung/candesartan-cilexetil-manfaat-dosis-dan-efek-samping"",""amp_url"":"""",""canoni",Konsultasikan dengan dokter,Herbal & Tradisional,,False,True,", dosis, dan efek samping"",""slug"":""candesartan-cilexetil-man",Sumber: KlikDokter,,,,https://www.klikdokter.com/obat/obat-jantung/antiplat
Antiprestin,,", Dosis, dan Efek Samping"" data-next-head=""""/>",Konsultasikan dengan dokter,Herbal & Tradisional,,False,True,", dosis, dan efek samping"" data-next-head=""""/>",Sumber: KlikDokter,,,https://s3-publishing-cmn-svc-prd.s3.ap-southeast-1.amazonaws.com/article/bgnZMIF1YqnJ14IACRvS-/original/1665033274-Mudah%20Depresi.jpg,https://www.klikdokter.com/obat/obat-kesehatan-mental/antiprestin
Antiza,"ketiganya dapat membantu menurunkan demam dan nyeri, melegakan hidung tersumbat, mengatasi gejala alergi, serta meredakan batuk kering.",", Dosis &amp; Cara pakai, Kandungan, Efek Samping, dan lainnya di sini."" data-next-head=""""/>",Konsultasikan dengan dokter,Flu & Pilek,,False,True,", dosis &amp; cara pakai, kandungan, efek samping, dan lainn",Sumber: KlikDokter,,,https://s3-publishing-cmn-svc-prd.s3.ap-southeast-1.amazonaws.com/drugs/SUMfquqDtbq48UcRO2Zxv/original/OBT0005363.jpg,https://www.klikdokter.com/obat/obat-batuk-pilek-dan-flu/antiza
Antoksid,,", dan Efek Samping"",""meta_description"":""Informasi lengkap obat Vitamin B Kompleks IPI; Harga, Manfaat, Dosis \u0026 Cara pakai, Kandungan, Efek Samping, dan lainnya di sini."",""meta_robots_index"":""index"",""meta_robots_follow"":""follow"",""type"":""obat"",""media_images"":[{""original"":""https://asset-cdn.medkom",Konsultasikan dengan dokter,Suplemen,,False,True,vitamin,Sumber: KlikDokter,,,,https://www.klikdokter.com/obat/vitamin-dan-suplemen-dewasa/antoksid
Antox,,", dan Efek Samping"",""meta_description"":""Informasi lengkap obat Vitamin B Kompleks IPI; Harga, Manfaat, Dosis \u0026 Cara pakai, Kandungan, Efek Samping, dan lainnya di sini."",""meta_robots_index"":""index"",""meta_robots_follow"":""follow"",""type"":""obat"",""media_images"":[{""original"":""https://asset-cdn.medkom",Konsultasikan dengan dokter,Suplemen,,False,True,vitamin,Sumber: KlikDokter,,,,https://www.klikdokter.com/obat/vitamin-dan-suplemen-dewasa/antox
Antrain,,", Dosis &amp; Cara minum, Kandungan, Efek Samping, dan lainnya di sini."" data-next-head=""""/>",Konsultasikan dengan dokter,Nyeri & Demam,,False,True,", dosis &amp; cara minum, kandungan, efek samping, dan lainn",Sumber: KlikDokter,,,https://s3-publishing-cmn-svc-prd.s3.ap-southeast-1.amazonaws.com/drugs/QAlGdw3s4GONoqV9C-hsd/original/mgakl84r1e3gisv7osnvhtjp97ia78a5.png,https://www.klikdokter.com/obat/obat-antinyeri/antrain
Anturat,,"dan Cara Pemakaian"",""meta_description"":""Informasi lengkap obat Propolis SM; Harga, Manfaat, Dosis \u0026 Cara Pakai, Kandungan, Efek Samping, dan lainnya di sini."",""meta_robots_index"":""index"",""meta_robots_follow"":""follow"",""thumbnail_url"":""https://s3-publishing-cmn-svc-prd.s3.ap-southeast-1.amazonaws",Konsultasikan dengan dokter,Herbal & Tradisional,,False,True,"dan cara pemakaian"",""meta_description"":""informasi lengkap ob",Sumber: KlikDokter,,,,https://www.klikdokter.com/obat/obat-herbal/anturat
Anturin,,"dan Cara Pemakaian"",""meta_description"":""Informasi lengkap obat Propolis SM; Harga, Manfaat, Dosis \u0026 Cara Pakai, Kandungan, Efek Samping, dan lainnya di sini."",""meta_robots_index"":""index"",""meta_robots_follow"":""follow"",""thumbnail_url"":""https://s3-publishing-cmn-svc-prd.s3.ap-southeast-1.amazonaws",Konsultasikan dengan dokter,Herbal & Tradisional,,False,True,"dan cara pemakaian"",""meta_description"":""informasi lengkap ob",Sumber: KlikDokter,,,,https://www.klikdokter.com/obat/obat-herbal/anturin
Anuric,,", Dosis, Efek Samping"",""meta_description"":""Informasi lengkap obat Recolfar; Harga, Fungsi, Dosis \u0026 Cara Penggunaan, Cara Penyimpanan, Efek Samping, dan lainnya di sini."",""meta_robots_index"":""index"",""meta_robots_follow"":""follow"",""thumbnail_url"":""https://s3-publishing-cmn-svc-prd.s3.ap-southeast-",Konsultasikan dengan dokter,Herbal & Tradisional,,False,True,", dosis, efek samping"",""meta_description"":""informasi lengkap",Sumber: KlikDokter,,,,https://www.klikdokter.com/obat/obat-asam-urat/anuric
Anuva,,", Dosis, Cara Pakai dan Efek Samping"",""meta_description"":""Tramadol adalah obat untuk mengatasi nyeri yang bersifat sedang hingga berat. Cari tau Dosis \u0026 Cara pakai, Efek Samping, dan lainnya di sini."",""meta_robots_index"":""index"",""meta_robots_follow"":""follow"",""thumbnail_url"":""https://s3-publish",Konsultasikan dengan dokter,Nyeri & Demam,,False,True,nyeri,Sumber: KlikDokter,,,,https://www.klikdokter.com/obat/obat-antinyeri/anuva
Anvifus,,"dan Cara Pemakaian"",""meta_description"":""Informasi lengkap obat Propolis SM; Harga, Manfaat, Dosis \u0026 Cara Pakai, Kandungan, Efek Samping, dan lainnya di sini."",""meta_robots_index"":""index"",""meta_robots_follow"":""follow"",""thumbnail_url"":""https://s3-publishing-cmn-svc-prd.s3.ap-southeast-1.amazonaws",Konsultasikan dengan dokter,Herbal & Tradisional,,False,True,"dan cara pemakaian"",""meta_description"":""informasi lengkap ob",Sumber: KlikDokter,,,,https://www.klikdokter.com/obat/obat-herbal/anvifus
Anvomer B6,,", Dosis, dan Efek Samping"",""meta_description"":""Promag adalah yang digunakan untuk menetralisir kelebihan asam lambung. Promag mengandung hydrotalcite, magnesium hidroksida dan simethicone, "",""meta_robots_index"":""index"",""meta_robots_follow"":""follow"",""thumbnail_url"":""https://s3-publishing-cmn-svc-prd.",Konsultasikan dengan dokter,Pencernaan & Diare,,False,True,lambung,Sumber: KlikDokter,,,,https://www.klikdokter.com/obat/obat-gangguan-pencernaan/anvomer-b6
Anzhen Punau Pian,,"dan Cara Pemakaian"",""meta_description"":""Informasi lengkap obat Propolis SM; Harga, Manfaat, Dosis \u0026 Cara Pakai, Kandungan, Efek Samping, dan lainnya di sini."",""meta_robots_index"":""index"",""meta_robots_follow"":""follow"",""thumbnail_url"":""https://s3-publishing-cmn-svc-prd.s3.ap-southeast-1.amazonaws",Konsultasikan dengan dokter,Herbal & Tradisional,,False,True,"dan cara pemakaian"",""meta_description"":""informasi lengkap ob",Sumber: KlikDokter,,,,https://www.klikdokter.com/obat/obat-herbal/anzhen-punau-pian
Apazol,,", Dosis, dan Efek Samping"",""meta_description"":""Clorilex adalah obat dengan kandungan clozapine yang menjadi terapi Skizofrenia terutama pada pasien yang tidak responsif terhadap neuroleptik klasik."",""meta_robots_index"":""index"",""meta_robots_follow"":""follow"",""thumbnail_url"":""https://s3-publishing-cmn-",Konsultasikan dengan dokter,Herbal & Tradisional,,False,True,", dosis, dan efek samping"",""meta_description"":""clorilex adal",Sumber: KlikDokter,,,,https://www.klikdokter.com/obat/obat-gangguan-saraf-pusat/apazol
Apecur,,", dan Efek Samping"",""meta_description"":""Informasi lengkap obat Vitamin B Kompleks IPI; Harga, Manfaat, Dosis \u0026 Cara pakai, Kandungan, Efek Samping, dan lainnya di sini."",""meta_robots_index"":""index"",""meta_robots_follow"":""follow"",""type"":""obat"",""media_images"":[{""original"":""https://asset-cdn.medkom",Konsultasikan dengan dokter,Suplemen,,False,True,vitamin,Sumber: KlikDokter,,,,https://www.klikdokter.com/obat/vitamin-dan-suplemen-dewasa/apecur
Apetic,,", Dosis, Cara Penggunaan dan Efek Samping"",""meta_description"":""Sanmol adalah obat yang mengandung paracetamol. Sanmol digunakan untuk mengobati demam dan meringankan sakit gigi serta meredakan sakit kepala."",""meta_robots_index"":""index"",""meta_robots_follow"":""follow"",""thumbnail_url"":""https://s3-publis",Konsultasikan dengan dokter,Herbal & Tradisional,,False,True,demam; sakit kepala,Sumber: KlikDokter,,,,https://www.klikdokter.com/obat/obat-demam/apetic
Aphrodex,,"dan Cara Pemakaian"",""meta_description"":""Informasi lengkap obat Propolis SM; Harga, Manfaat, Dosis \u0026 Cara Pakai, Kandungan, Efek Samping, dan lainnya di sini."",""meta_robots_index"":""index"",""meta_robots_follow"":""follow"",""thumbnail_url"":""https://s3-publishing-cmn-svc-prd.s3.ap-southeast-1.amazonaws",Konsultasikan dengan dokter,Herbal & Tradisional,,False,True,"dan cara pemakaian"",""meta_description"":""informasi lengkap ob",Sumber: KlikDokter,,,,https://www.klikdokter.com/obat/obat-herbal/aphrodex
Apialys,,", Dosis, Efek Samping"" data-next-head=""""/>",Konsultasikan dengan dokter,Suplemen,,False,True,", dosis, efek samping"" data-next-head=""""/>",Sumber: KlikDokter,,,https://s3-publishing-cmn-svc-prd.s3.ap-southeast-1.amazonaws.com/drugs/nkOPSjm3XgVUwS9gNai2R/original/079azuc3et8sz0g0qtzzve33fj8npdqb.png,https://www.klikdokter.com/obat/vitamin-dan-suplemen-dewasa/apialys
Apidra,,", Dosis, dan Efek Samping"",""meta_description"":""Informasi lengkap obat Metformin; Harga, Manfaat, Dosis \u0026 Cara pakai, Kandungan, Efek Samping, dan lainnya di sini."",""meta_robots_index"":""index"",""meta_robots_follow"":""follow"",""thumbnail_url"":""https://s3-publishing-cmn-svc-prd.s3.ap-southeast-1.amaz",Konsultasikan dengan dokter,Suplemen,,False,True,", dosis, dan efek samping"",""meta_description"":""informasi len",Sumber: KlikDokter,,,,https://www.klikdokter.com/obat/obat-diabetes/apidra
Apiquna,,"dan Cara Pemakaian"",""meta_description"":""Informasi lengkap obat Propolis SM; Harga, Manfaat, Dosis \u0026 Cara Pakai, Kandungan, Efek Samping, dan lainnya di sini."",""meta_robots_index"":""index"",""meta_robots_follow"":""follow"",""thumbnail_url"":""https://s3-publishing-cmn-svc-prd.s3.ap-southeast-1.amazonaws",Konsultasikan dengan dokter,Herbal & Tradisional,,False,True,"dan cara pemakaian"",""meta_description"":""informasi lengkap ob",Sumber: KlikDokter,,,,https://www.klikdokter.com/obat/obat-herbal/apiquna
Apolar,,", Dosis, Cara Penggunaan dan Efek Samping"",""meta_description"":""Ingin tau Gentamicin obat apa, cari tau Manfaat, Dosis \u0026 Cara pakai, Kandungan, Efek Samping, dan lainnya di sini."",""meta_robots_index"":""index"",""meta_robots_follow"":""follow"",""thumbnail_url"":""https://s3-publishing-cmn-svc-prd.s3.ap-s",Konsultasikan dengan dokter,Antijamur & Kulit,,False,True,", dosis, cara penggunaan dan efek samping"",""meta_description",Sumber: KlikDokter,,,,https://www.klikdokter.com/obat/obat-kulit/apolar
Apolar N,,", Dosis &amp; Cara minum, Kandungan, Efek Samping, dan lainnya di sini."" data-next-head=""""/>",Konsultasikan dengan dokter,Antijamur & Kulit,,False,True,", dosis &amp; cara minum, kandungan, efek samping, dan lainn",Sumber: KlikDokter,,,,https://www.klikdokter.com/obat/obat-kulit/apolar-n
Appeton 60+,,", dan Efek Samping"",""meta_description"":""Informasi lengkap obat Vitamin B Kompleks IPI; Harga, Manfaat, Dosis \u0026 Cara pakai, Kandungan, Efek Samping, dan lainnya di sini."",""meta_robots_index"":""index"",""meta_robots_follow"":""follow"",""type"":""obat"",""media_images"":[{""original"":""https://asset-cdn.medkom",Konsultasikan dengan dokter,Suplemen,,False,True,vitamin,Sumber: KlikDokter,,,,https://www.klikdokter.com/obat/vitamin-dan-suplemen-dewasa/appeton-60
Appeton Activ-C,,", dan Efek Samping"",""meta_description"":""Informasi lengkap obat Vitamin B Kompleks IPI; Harga, Manfaat, Dosis \u0026 Cara pakai, Kandungan, Efek Samping, dan lainnya di sini."",""meta_robots_index"":""index"",""meta_robots_follow"":""follow"",""type"":""obat"",""media_images"":[{""original"":""https://asset-cdn.medkom",Konsultasikan dengan dokter,Suplemen,,False,True,vitamin,Sumber: KlikDokter,,,,https://www.klikdokter.com/obat/vitamin-dan-suplemen-dewasa/appeton-activ-c
Appeton Lysine,,", dan Efek Samping"",""meta_description"":""Informasi lengkap obat Vitamin B Kompleks IPI; Harga, Manfaat, Dosis \u0026 Cara pakai, Kandungan, Efek Samping, dan lainnya di sini."",""meta_robots_index"":""index"",""meta_robots_follow"":""follow"",""type"":""obat"",""media_images"":[{""original"":""https://asset-cdn.medkom",Konsultasikan dengan dokter,Suplemen,,False,True,vitamin,Sumber: KlikDokter,,,,https://www.klikdokter.com/obat/vitamin-dan-suplemen-dewasa/appeton-lysine
Appeton Taurine,,", dan Efek Samping"",""meta_description"":""Informasi lengkap obat Vitamin B Kompleks IPI; Harga, Manfaat, Dosis \u0026 Cara pakai, Kandungan, Efek Samping, dan lainnya di sini."",""meta_robots_index"":""index"",""meta_robots_follow"":""follow"",""type"":""obat"",""media_images"":[{""original"":""https://asset-cdn.medkom",Konsultasikan dengan dokter,Suplemen,,False,True,vitamin,Sumber: KlikDokter,,,,https://www.klikdokter.com/obat/vitamin-dan-suplemen-dewasa/appeton-taurine
Apricot (Obat Batuk),,"dan Cara Pemakaian"",""meta_description"":""Informasi lengkap obat Propolis SM; Harga, Manfaat, Dosis \u0026 Cara Pakai, Kandungan, Efek Samping, dan lainnya di sini."",""meta_robots_index"":""index"",""meta_robots_follow"":""follow"",""thumbnail_url"":""https://s3-publishing-cmn-svc-prd.s3.ap-southeast-1.amazonaws",Konsultasikan dengan dokter,Herbal & Tradisional,,False,True,"dan cara pemakaian"",""meta_description"":""informasi lengkap ob",Sumber: KlikDokter,,,,https://www.klikdokter.com/obat/obat-herbal/apricot-obat-batuk
Aprion,,", Dosis, dan Efek Samping"",""meta_description"":""Informasi lengkap obat Mecobalamin; Harga, Manfaat, Dosis \u0026 Cara pakai, Kandungan, Efek Samping, dan lainnya di sini."",""meta_robots_index"":""index"",""meta_robots_follow"":""follow"",""thumbnail_url"":""https://s3-publishing-cmn-svc-prd.s3.ap-southeast-1.am",Konsultasikan dengan dokter,Herbal & Tradisional,,False,True,", dosis, dan efek samping"",""meta_description"":""informasi len",Sumber: KlikDokter,,,,https://www.klikdokter.com/obat/obat-gangguan-saraf/aprion
Aprofit,,", dan Efek Samping"",""meta_description"":""Informasi lengkap obat Vitamin B Kompleks IPI; Harga, Manfaat, Dosis \u0026 Cara pakai, Kandungan, Efek Samping, dan lainnya di sini."",""meta_robots_index"":""index"",""meta_robots_follow"":""follow"",""type"":""obat"",""media_images"":[{""original"":""https://asset-cdn.medkom",Konsultasikan dengan dokter,Suplemen,,False,True,vitamin,Sumber: KlikDokter,,,,https://www.klikdokter.com/obat/vitamin-dan-suplemen-dewasa/aprofit
Aprovel,,", Dosis, dan Efek Samping"",""meta_description"":""Mediresix adalah obat yang mengandung furosemide untuk mengatasi hipertensi dan pembengkakan pada jaringan. Ini dosis minum, manfaat, dan efek sampingnya."",""meta_robots_index"":""index"",""meta_robots_follow"":""follow"",""thumbnail_url"":""https://s3-publishing-",Konsultasikan dengan dokter,Nyeri & Demam,,False,True,", dosis, dan efek samping"",""meta_description"":""mediresix ada",Sumber: KlikDokter,,,,https://www.klikdokter.com/obat/obat-hipertensi/aprovel
Aptor,,", Dosis &amp; Cara pakai, Kandungan, Efek Samping, dan lainnya di sini."" data-next-head=""""/>",Konsultasikan dengan dokter,Herbal & Tradisional,,False,True,", dosis &amp; cara pakai, kandungan, efek samping, dan lainn",Sumber: KlikDokter,,,https://s3-publishing-cmn-svc-prd.s3.ap-southeast-1.amazonaws.com/article/TTMZTNfGN9k0IsZXrohKv/original/090685900_1594698613-Minum-Obat-shutterstock_1767443339.jpg,https://www.klikdokter.com/obat/obat-jantung/aptor
Apusirih,,"dan Cara Pemakaian"",""meta_description"":""Informasi lengkap obat Propolis SM; Harga, Manfaat, Dosis \u0026 Cara Pakai, Kandungan, Efek Samping, dan lainnya di sini."",""meta_robots_index"":""index"",""meta_robots_follow"":""follow"",""thumbnail_url"":""https://s3-publishing-cmn-svc-prd.s3.ap-southeast-1.amazonaws",Konsultasikan dengan dokter,Herbal & Tradisional,,False,True,"dan cara pemakaian"",""meta_description"":""informasi lengkap ob",Sumber: KlikDokter,,,,https://www.klikdokter.com/obat/obat-herbal/apusirih
Aqua Pro Injection,,", Dosis, Cara Pakai dan Efek Samping"",""meta_description"":""Rhinos SR adalah obat untuk meredakan berbagai gejala terkait rhinitis alergi seperti bersin, hidung tersumbat. Cari tau Dosis \u0026 Cara pakai, Efek Samping, dan manfaat lainnya disini."",""meta_robots_index"":""index"",""meta_robots_follow"":""fol",Konsultasikan dengan dokter,Flu & Pilek,,False,True,alergi,Sumber: KlikDokter,,,,https://www.klikdokter.com/obat/obat-batuk-pilek-dan-flu/aqua-pro-injection
Ar-Gout,,", Dosis &amp; Cara pakai, Kandungan, Efek Samping, dan lainnya di sini."" data-next-head=""""/>",Konsultasikan dengan dokter,Herbal & Tradisional,,False,True,", dosis &amp; cara pakai, kandungan, efek samping, dan lainn",Sumber: KlikDokter,,,https://s3-publishing-cmn-svc-prd.s3.ap-southeast-1.amazonaws.com/article/0umzdAjPlg3VKGXckpRXN/original/046655500_1551691221-6-Cara-Mengatasi-Serangan-Asam-Urat-By-Dragana-Gordic-Shutterstock.jpg,https://www.klikdokter.com/obat/obat-asam-urat/ar-gout
Araclof,,", Dosis, Cara Pakai dan Efek Samping"",""meta_description"":""Tramadol adalah obat untuk mengatasi nyeri yang bersifat sedang hingga berat. Cari tau Dosis \u0026 Cara pakai, Efek Samping, dan lainnya di sini."",""meta_robots_index"":""index"",""meta_robots_follow"":""follow"",""thumbnail_url"":""https://s3-publish",Konsultasikan dengan dokter,Nyeri & Demam,,False,True,nyeri,Sumber: KlikDokter,,,,https://www.klikdokter.com/obat/obat-antinyeri/araclof
Aragin,,"dan Cara Pemakaian"",""meta_description"":""Informasi lengkap obat Propolis SM; Harga, Manfaat, Dosis \u0026 Cara Pakai, Kandungan, Efek Samping, dan lainnya di sini."",""meta_robots_index"":""index"",""meta_robots_follow"":""follow"",""thumbnail_url"":""https://s3-publishing-cmn-svc-prd.s3.ap-southeast-1.amazonaws",Konsultasikan dengan dokter,Herbal & Tradisional,,False,True,"dan cara pemakaian"",""meta_description"":""informasi lengkap ob",Sumber: KlikDokter,,,,https://www.klikdokter.com/obat/obat-herbal/aragin
Arava,,", Dosis, dan Efek Samping"",""meta_description"":""Roculax adalah obat pelengkap anestesi umum dengan kandungan rocuronium bromide untuk mengendurkan otot selama tindakan operasi. Ini manfaat, harga, dosis, efek sampingnya."",""meta_robots_index"":""index"",""meta_robots_follow"":""follow"",""thumbnail_url"":""http",Konsultasikan dengan dokter,Nyeri & Demam,,False,True,", dosis, dan efek samping"",""meta_description"":""roculax adala",Sumber: KlikDokter,,,,https://www.klikdokter.com/obat/gangguan-tulang-otot-dan-sendi/arava
Arbupon,,", Dosis, Cara Penggunaan dan Efek Samping"",""meta_description"":""Sanmol adalah obat yang mengandung paracetamol. Sanmol digunakan untuk mengobati demam dan meringankan sakit gigi serta meredakan sakit kepala."",""meta_robots_index"":""index"",""meta_robots_follow"":""follow"",""thumbnail_url"":""https://s3-publis",Konsultasikan dengan dokter,Herbal & Tradisional,,False,True,demam; sakit kepala,Sumber: KlikDokter,,,,https://www.klikdokter.com/obat/obat-demam/arbupon
Arcalion,,", Dosis &amp; Cara pakai, Kandungan, Efek Samping, dan lainnya di sini."" data-next-head=""""/>",Konsultasikan dengan dokter,Suplemen,,False,True,", dosis &amp; cara pakai, kandungan, efek samping, dan lainn",Sumber: KlikDokter,,,https://s3-publishing-cmn-svc-prd.s3.ap-southeast-1.amazonaws.com/article/cV9fVfDfpu2mA60zHAS3I/original/052959900_1635411878-Tak-Cuma-Anak-Orang-Dewasa-Juga-Perlu-Minum-Obat-Cacing-shutterstock_1977083360.jpg,https://www.klikdokter.com/obat/vitamin-dan-suplemen-dewasa/arcalion
Arcamox,,", Dosis, dan Efek Samping"",""meta_description"":""Informasi lengkap obat Yusimox; Harga, Manfaat, Dosis \u0026 Cara pakai, Kandungan, Efek Samping, dan lainnya di sini."",""meta_robots_index"":""index"",""meta_robots_follow"":""follow"",""thumbnail_url"":""https://s3-publishing-cmn-svc-prd.s3.ap-southeast-1.amazon",Konsultasikan dengan dokter,Flu & Pilek,,False,True,", dosis, dan efek samping"",""meta_description"":""informasi len",Sumber: KlikDokter,,,,https://www.klikdokter.com/obat/obat-antibiotik/arcamox
Arcapec,,", Dosis, dan Efek Samping"" data-next-head=""""/>",Konsultasikan dengan dokter,Pencernaan & Diare,,False,True,", dosis, dan efek samping"" data-next-head=""""/>",Sumber: KlikDokter,,,https://s3-publishing-cmn-svc-prd.s3.ap-southeast-1.amazonaws.com/drugs/W3xDkboDDgDvB57j9WZMe/original/1660754290-Arcapec_Tablet_1.JPG,https://www.klikdokter.com/obat/obat-gangguan-pencernaan/arcapec
Arcerin MR,,", Dosis, dan Efek Samping"",""slug"":""candesartan-cilexetil-manfaat-dosis-dan-efek-samping"",""short_desc"":"" Candesartan Cilexetil adalah obat untuk menurunkan tekanan darah tinggi dan mengobati gagal jantung."",""url"":""obat-jantung/candesartan-cilexetil-manfaat-dosis-dan-efek-samping"",""amp_url"":"""",""canoni",Konsultasikan dengan dokter,Herbal & Tradisional,,False,True,", dosis, dan efek samping"",""slug"":""candesartan-cilexetil-man",Sumber: KlikDokter,,,,https://www.klikdokter.com/obat/obat-jantung/arcerin-mr
Arcoxia,,", Dosis &amp; Cara pakai, Kandungan, Efek Samping, dan lainnya di sini."" data-next-head=""""/>",Konsultasikan dengan dokter,Nyeri & Demam,,False,True,", dosis &amp; cara pakai, kandungan, efek samping, dan lainn",Sumber: KlikDokter,,,,https://www.klikdokter.com/obat/obat-antiinflamasi/arcoxia
Ardium,,", Dosis &amp; Cara pakai, Kandungan, Efek Samping, dan lainnya di sini."" data-next-head=""""/>",Konsultasikan dengan dokter,Pencernaan & Diare,,False,True,", dosis &amp; cara pakai, kandungan, efek samping, dan lainn",Sumber: KlikDokter,,,,https://www.klikdokter.com/obat/obat-gangguan-pencernaan/ardium
Arespin,,", Dosis, dan Efek Samping"",""slug"":""candesartan-cilexetil-manfaat-dosis-dan-efek-samping"",""short_desc"":"" Candesartan Cilexetil adalah obat untuk menurunkan tekanan darah tinggi dan mengobati gagal jantung."",""url"":""obat-jantung/candesartan-cilexetil-manfaat-dosis-dan-efek-samping"",""amp_url"":"""",""canoni",Konsultasikan dengan dokter,Herbal & Tradisional,,False,True,", dosis, dan efek samping"",""slug"":""candesartan-cilexetil-man",Sumber: KlikDokter,,,,https://www.klikdokter.com/obat/obat-jantung/arespin
Arfen,,", Dosis &amp; Cara pakai, Kandungan, Efek Samping, dan lainnya di sini."" data-next-head=""""/>",Konsultasikan dengan dokter,Herbal & Tradisional,,False,True,", dosis &amp; cara pakai, kandungan, efek samping, dan lainn",Sumber: KlikDokter,,,https://s3-publishing-cmn-svc-prd.s3.ap-southeast-1.amazonaws.com/article/-6OPSbIqnqADNKyucOyRV/original/1669005499-Manfaat%20dan%20Dosis%20Sodium%20Diklofenak%20untuk%20Obati%20Sakit%20Gigi.jpg,https://www.klikdokter.com/obat/obat-demam/arfen
Argesid,,"dan Efek Samping"" data-next-head=""""/>",Konsultasikan dengan dokter,Nyeri & Demam,,False,True,"dan efek samping"" data-next-head=""""/>",Sumber: KlikDokter,,,,https://www.klikdokter.com/obat/obat-antinyeri/argesid
Aricept,,", Dosis, dan Efek Samping"",""meta_description"":""Clorilex adalah obat dengan kandungan clozapine yang menjadi terapi Skizofrenia terutama pada pasien yang tidak responsif terhadap neuroleptik klasik."",""meta_robots_index"":""index"",""meta_robots_follow"":""follow"",""thumbnail_url"":""https://s3-publishing-cmn-",Konsultasikan dengan dokter,Herbal & Tradisional,,False,True,", dosis, dan efek samping"",""meta_description"":""clorilex adal",Sumber: KlikDokter,,,,https://www.klikdokter.com/obat/obat-gangguan-saraf-pusat/aricept
Arimed,,", Dosis, dan Efek Samping"",""slug"":""mefenamic-acid-manfaat-dosis-dan-efek-samping"",""short_desc"":""Mefenamic Acid adalah obat resep untuk meredakan nyeri, peradangan, dan demam pada anak, tersedia dalam bentuk obat oral."",""url"":""obat-antinyeri/mefenamic-acid-manfaat-dosis-dan-efek-samping"",""amp_url"":""""",Konsultasikan dengan dokter,Nyeri & Demam,,False,True,demam; nyeri,Sumber: KlikDokter,,,,https://www.klikdokter.com/obat/obat-antinyeri/arimed
Arimidex,,", Dosis, dan Efek Samping"",""meta_description"":""Duphaston adalah Obat dengan kandungan dydrogesterone untuk mengatasi Infertilitas dan mengontrol Menstruasi. Ini manfaat, dosis, harga dan efek sampingnya."",""meta_robots_index"":""index"",""meta_robots_follow"":""follow"",""thumbnail_url"":""https://s3-publishin",Konsultasikan dengan dokter,Herbal & Tradisional,,False,True,", dosis, dan efek samping"",""meta_description"":""duphaston ada",Sumber: KlikDokter,,,,https://www.klikdokter.com/obat/obat-gangguan-hormon-dan-kesuburan/arimidex
Arinia,,", Dosis &amp; Cara pakai, Kandungan, Efek Samping, dan lainnya di sini."" data-next-head=""""/>",Konsultasikan dengan dokter,Herbal & Tradisional,,False,True,", dosis &amp; cara pakai, kandungan, efek samping, dan lainn",Sumber: KlikDokter,,,https://s3-publishing-cmn-svc-prd.s3.ap-southeast-1.amazonaws.com/article/9VoTExsCGIRb7WywOS6u9/original/028207000_1639726373-Orangtua-Bipolar.jpg,https://www.klikdokter.com/obat/obat-gangguan-saraf-pusat/arinia
Aripi,,", Dosis, dan Efek Samping"",""meta_description"":""Clorilex adalah obat dengan kandungan clozapine yang menjadi terapi Skizofrenia terutama pada pasien yang tidak responsif terhadap neuroleptik klasik."",""meta_robots_index"":""index"",""meta_robots_follow"":""follow"",""thumbnail_url"":""https://s3-publishing-cmn-",Konsultasikan dengan dokter,Herbal & Tradisional,,False,True,", dosis, dan efek samping"",""meta_description"":""clorilex adal",Sumber: KlikDokter,,,,https://www.klikdokter.com/obat/obat-gangguan-saraf-pusat/aripi
Aripiprazole,,", Dosis, dan Efek Samping"",""meta_description"":""Deprezac adalah Obat kandungan fluoxetine yang digunakan untuk mengatasi gangguan depresi berat pada orang dewasa, anak usia di atas 8 tahun dan Lanjut Usia."",""meta_robots_index"":""index"",""meta_robots_follow"":""follow"",""thumbnail_url"":""https://s3-publishi",Konsultasikan dengan dokter,Herbal & Tradisional,,False,True,flu,Sumber: KlikDokter,,,,https://www.klikdokter.com/obat/obat-kesehatan-mental/aripiprazole
Ariski,,", Dosis &amp; Cara pakai, Kandungan, Efek Samping, dan lainnya di sini."" data-next-head=""""/>",Konsultasikan dengan dokter,Herbal & Tradisional,,False,True,", dosis &amp; cara pakai, kandungan, efek samping, dan lainn",Sumber: KlikDokter,,,https://s3-publishing-cmn-svc-prd.s3.ap-southeast-1.amazonaws.com/article/qD1teYaWhl16SAk7ZoQOx/original/068637400_1593516466-Ini-Cara-Kerja-Emosi-yang-Perlu-Anda-Ketahui-shutterstock_1337791595.jpg,https://www.klikdokter.com/obat/obat-gangguan-saraf-pusat/ariski
Arixtra,,", Dosis &amp; Cara pakai, Kandungan, Efek Samping, dan lainnya di sini."" data-next-head=""""/>",Konsultasikan dengan dokter,Herbal & Tradisional,,False,True,", dosis &amp; cara pakai, kandungan, efek samping, dan lainn",Sumber: KlikDokter,,,https://s3-publishing-cmn-svc-prd.s3.ap-southeast-1.amazonaws.com/article/-MJHhlEFP5cNjt8EtRcvu/original/089440800_1589251319-Tekuk-Kedua-Lutut-untuk-Mencegah-DVT-shutterstock_756426184.jpg,https://www.klikdokter.com/obat/obat-gangguan-darah/arixtra
Arkavit,,", Dosis &amp; Cara pakai, Kandungan, Efek Samping, dan lainnya di sini."" data-next-head=""""/>",Konsultasikan dengan dokter,Suplemen,,False,True,", dosis &amp; cara pakai, kandungan, efek samping, dan lainn",Sumber: KlikDokter,,,https://s3-publishing-cmn-svc-prd.s3.ap-southeast-1.amazonaws.com/article/C74mKURQ-VqeJQZ-qz5x9/original/080811900_1585285253-Penderita-Penyakit-Jantung-Tak-Boleh-Minum-Vitamin-B-shutterstock_695666989.jpg,https://www.klikdokter.com/obat/vitamin-dan-suplemen-dewasa/arkavit
Arkavit-C,,", dan Efek Samping"",""meta_description"":""Informasi lengkap obat Vitamin B Kompleks IPI; Harga, Manfaat, Dosis \u0026 Cara pakai, Kandungan, Efek Samping, dan lainnya di sini."",""meta_robots_index"":""index"",""meta_robots_follow"":""follow"",""type"":""obat"",""media_images"":[{""original"":""https://asset-cdn.medkom",Konsultasikan dengan dokter,Suplemen,,False,True,vitamin,Sumber: KlikDokter,,,,https://www.klikdokter.com/obat/vitamin-dan-suplemen-dewasa/arkavit-c
Arkine,,", Dosis &amp; Cara pakai, Kandungan, Efek Samping, dan lainnya di sini."" data-next-head=""""/>",Konsultasikan dengan dokter,Herbal & Tradisional,,False,True,", dosis &amp; cara pakai, kandungan, efek samping, dan lainn",Sumber: KlikDokter,,,https://s3-publishing-cmn-svc-prd.s3.ap-southeast-1.amazonaws.com/article/NTf7prDmf6eA4eic_akJM/original/1675648234-Arkine.jpg,https://www.klikdokter.com/obat/obat-gangguan-saraf-pusat/arkine
Armacort,,", Dosis, Cara Penggunaan dan Efek Samping"",""meta_description"":""Ingin tau Gentamicin obat apa, cari tau Manfaat, Dosis \u0026 Cara pakai, Kandungan, Efek Samping, dan lainnya di sini."",""meta_robots_index"":""index"",""meta_robots_follow"":""follow"",""thumbnail_url"":""https://s3-publishing-cmn-svc-prd.s3.ap-s",Konsultasikan dengan dokter,Antijamur & Kulit,,False,True,", dosis, cara penggunaan dan efek samping"",""meta_description",Sumber: KlikDokter,,,,https://www.klikdokter.com/obat/obat-kulit/armacort
Armolev,,", Dosis, dan Efek Samping"",""meta_description"":""Informasi lengkap obat Yusimox; Harga, Manfaat, Dosis \u0026 Cara pakai, Kandungan, Efek Samping, dan lainnya di sini."",""meta_robots_index"":""index"",""meta_robots_follow"":""follow"",""thumbnail_url"":""https://s3-publishing-cmn-svc-prd.s3.ap-southeast-1.amazon",Konsultasikan dengan dokter,Flu & Pilek,,False,True,", dosis, dan efek samping"",""meta_description"":""informasi len",Sumber: KlikDokter,,,,https://www.klikdokter.com/obat/obat-antibiotik/armolev
Armovit,,", dan Efek Samping"",""meta_description"":""Informasi lengkap obat Vitamin B Kompleks IPI; Harga, Manfaat, Dosis \u0026 Cara pakai, Kandungan, Efek Samping, dan lainnya di sini."",""meta_robots_index"":""index"",""meta_robots_follow"":""follow"",""type"":""obat"",""media_images"":[{""original"":""https://asset-cdn.medkom",Konsultasikan dengan dokter,Suplemen,,False,True,vitamin,Sumber: KlikDokter,,,,https://www.klikdokter.com/obat/vitamin-dan-suplemen-dewasa/armovit
Aromasin,,", Dosis, dan Efek Samping"",""meta_description"":""Tamofen adalah obat dengan kandungan tamoxifen untuk mengobati sekaligus mencegah kanker payudara pada laki-laki dan perempuan. Ini manfaat, dosis, efek sampingnya."",""meta_robots_index"":""index"",""meta_robots_follow"":""follow"",""thumbnail_url"":""https://s3-p",Konsultasikan dengan dokter,Herbal & Tradisional,,False,True,", dosis, dan efek samping"",""meta_description"":""tamofen adala",Sumber: KlikDokter,,,,https://www.klikdokter.com/obat/obat-kemoterapi/aromasin
Arsila,,"dan Cara Pemakaian"",""meta_description"":""Informasi lengkap obat Propolis SM; Harga, Manfaat, Dosis \u0026 Cara Pakai, Kandungan, Efek Samping, dan lainnya di sini."",""meta_robots_index"":""index"",""meta_robots_follow"":""follow"",""thumbnail_url"":""https://s3-publishing-cmn-svc-prd.s3.ap-southeast-1.amazonaws",Konsultasikan dengan dokter,Herbal & Tradisional,,False,True,"dan cara pemakaian"",""meta_description"":""informasi lengkap ob",Sumber: KlikDokter,,,,https://www.klikdokter.com/obat/obat-herbal/arsila
Arsinal,,", Dosis, Cara Pakai dan Efek Samping"",""meta_description"":""Tramadol adalah obat untuk mengatasi nyeri yang bersifat sedang hingga berat. Cari tau Dosis \u0026 Cara pakai, Efek Samping, dan lainnya di sini."",""meta_robots_index"":""index"",""meta_robots_follow"":""follow"",""thumbnail_url"":""https://s3-publish",Konsultasikan dengan dokter,Nyeri & Demam,,False,True,nyeri,Sumber: KlikDokter,,,,https://www.klikdokter.com/obat/obat-antinyeri/arsinal
Arsitam,,", Dosis, dan Efek Samping"",""meta_description"":""Informasi lengkap obat Yusimox; Harga, Manfaat, Dosis \u0026 Cara pakai, Kandungan, Efek Samping, dan lainnya di sini."",""meta_robots_index"":""index"",""meta_robots_follow"":""follow"",""thumbnail_url"":""https://s3-publishing-cmn-svc-prd.s3.ap-southeast-1.amazon",Konsultasikan dengan dokter,Flu & Pilek,,False,True,", dosis, dan efek samping"",""meta_description"":""informasi len",Sumber: KlikDokter,,,,https://www.klikdokter.com/obat/obat-antibiotik/arsitam
Arteoptic LA,,", Dosis, dan Efek Samping"",""meta_description"":""Cendo Protagenta adalah obat tetes mata steril dengan kandungan Polyvinylpyrrolidone yang digunakan untuk mengatasi mata kering dan iritasi mata."",""meta_robots_index"":""index"",""meta_robots_follow"":""follow"",""thumbnail_url"":""https://s3-publishing-cmn-svc-p",Konsultasikan dengan dokter,Mata & Telinga,,False,True,mata,Sumber: KlikDokter,,,,https://www.klikdokter.com/obat/obat-mata/arteoptic-la
Artepid,,", Dosis, dan Efek Samping"" data-next-head=""""/>",Konsultasikan dengan dokter,Herbal & Tradisional,,False,True,", dosis, dan efek samping"" data-next-head=""""/>",Sumber: KlikDokter,,,https://s3-publishing-cmn-svc-prd.s3.ap-southeast-1.amazonaws.com/article/tzZZexhldMhUfqSMrWSyU/original/070595100_1540345689-Mengatasi-Masalah-Kekentalan-Darah-By-Kateryna-Kon-Shutterstock.jpg,https://www.klikdokter.com/obat/obat-jantung/artepid
Arthrifen,,"nya adalah membantu mengurangi bengkak, nyeri, atau demam.",Konsultasikan dengan dokter,Herbal & Tradisional,,False,True,demam; nyeri,Sumber: KlikDokter,,,,https://www.klikdokter.com/obat/obat-demam/arthrifen
Artimatic,,", Dosis, Cara Pakai dan Efek Samping"",""meta_description"":""Tramadol adalah obat untuk mengatasi nyeri yang bersifat sedang hingga berat. Cari tau Dosis \u0026 Cara pakai, Efek Samping, dan lainnya di sini."",""meta_robots_index"":""index"",""meta_robots_follow"":""follow"",""thumbnail_url"":""https://s3-publish",Konsultasikan dengan dokter,Nyeri & Demam,,False,True,nyeri,Sumber: KlikDokter,,,,https://www.klikdokter.com/obat/obat-antinyeri/artimatic
Artoferrum,,", dan Efek Samping"",""meta_description"":""Informasi lengkap obat Vitamin B Kompleks IPI; Harga, Manfaat, Dosis \u0026 Cara pakai, Kandungan, Efek Samping, dan lainnya di sini."",""meta_robots_index"":""index"",""meta_robots_follow"":""follow"",""type"":""obat"",""media_images"":[{""original"":""https://asset-cdn.medkom",Konsultasikan dengan dokter,Suplemen,,False,True,vitamin,Sumber: KlikDokter,,,,https://www.klikdokter.com/obat/vitamin-dan-suplemen-dewasa/artoferrum
Artoflam,,", Dosis, dan Efek Samping"",""meta_description"":""Roculax adalah obat pelengkap anestesi umum dengan kandungan rocuronium bromide untuk mengendurkan otot selama tindakan operasi. Ini manfaat, harga, dosis, efek sampingnya."",""meta_robots_index"":""index"",""meta_robots_follow"":""follow"",""thumbnail_url"":""http",Konsultasikan dengan dokter,Nyeri & Demam,,False,True,", dosis, dan efek samping"",""meta_description"":""roculax adala",Sumber: KlikDokter,,,,https://www.klikdokter.com/obat/gangguan-tulang-otot-dan-sendi/artoflam
Artrilox,,", Dosis, dan Efek Samping"",""meta_description"":""Informasi lengkap obat Yusimox; Harga, Manfaat, Dosis \u0026 Cara pakai, Kandungan, Efek Samping, dan lainnya di sini."",""meta_robots_index"":""index"",""meta_robots_follow"":""follow"",""thumbnail_url"":""https://s3-publishing-cmn-svc-prd.s3.ap-southeast-1.amazon",Konsultasikan dengan dokter,Flu & Pilek,,False,True,", dosis, dan efek samping"",""meta_description"":""informasi len",Sumber: KlikDokter,,,,https://www.klikdokter.com/obat/obat-antibiotik/artrilox
Artriox,,", dan Efek Samping"",""meta_description"":""Informasi lengkap obat Vitamin B Kompleks IPI; Harga, Manfaat, Dosis \u0026 Cara pakai, Kandungan, Efek Samping, dan lainnya di sini."",""meta_robots_index"":""index"",""meta_robots_follow"":""follow"",""type"":""obat"",""media_images"":[{""original"":""https://asset-cdn.medkom",Konsultasikan dengan dokter,Suplemen,,False,True,vitamin,Sumber: KlikDokter,,,,https://www.klikdokter.com/obat/vitamin-dan-suplemen-dewasa/artriox
Artro Plus,,", Dosis, dan Efek Samping"",""meta_description"":""Roculax adalah obat pelengkap anestesi umum dengan kandungan rocuronium bromide untuk mengendurkan otot selama tindakan operasi. Ini manfaat, harga, dosis, efek sampingnya."",""meta_robots_index"":""index"",""meta_robots_follow"":""follow"",""thumbnail_url"":""http",Konsultasikan dengan dokter,Nyeri & Demam,,False,True,", dosis, dan efek samping"",""meta_description"":""roculax adala",Sumber: KlikDokter,,,,https://www.klikdokter.com/obat/gangguan-tulang-otot-dan-sendi/artro-plus
Artrodar,,", Dosis, dan Efek Samping"",""meta_description"":""Roculax adalah obat pelengkap anestesi umum dengan kandungan rocuronium bromide untuk mengendurkan otot selama tindakan operasi. Ini manfaat, harga, dosis, efek sampingnya."",""meta_robots_index"":""index"",""meta_robots_follow"":""follow"",""thumbnail_url"":""http",Konsultasikan dengan dokter,Nyeri & Demam,,False,True,", dosis, dan efek samping"",""meta_description"":""roculax adala",Sumber: KlikDokter,,,,https://www.klikdokter.com/obat/gangguan-tulang-otot-dan-sendi/artrodar
Asabium,,", Dosis &amp; Cara pakai, Kandungan, Efek Samping, dan lainnya di sini."" data-next-head=""""/>",Konsultasikan dengan dokter,Herbal & Tradisional,,False,True,", dosis &amp; cara pakai, kandungan, efek samping, dan lainn",Sumber: KlikDokter,,,https://s3-publishing-cmn-svc-prd.s3.ap-southeast-1.amazonaws.com/article/4WOZKevu_mU20AUWu1-L8/original/061463800_1582344660-Hidup-Sendiri-Ini-Tips-Hidup-Sehat-dan-Aman-untuk-Penderita-Epilepsi-shutterstock_1562279701.jpg,https://www.klikdokter.com/obat/obat-gangguan-saraf-pusat/asabium
Asam Mefenamat,,", Dosis &amp; Cara pakai, Kandungan, Efek Samping, dan lainnya di sini."" data-next-head=""""/>",Konsultasikan dengan dokter,Nyeri & Demam,,False,True,", dosis &amp; cara pakai, kandungan, efek samping, dan lainn",Sumber: KlikDokter,,,https://s3-publishing-cmn-svc-prd.s3.ap-southeast-1.amazonaws.com/drugs/BjOoCBSYRYtfgquPa6Mxw/original/OBT0005410.jpg,https://www.klikdokter.com/obat/obat-antinyeri/asam-mefenamat
Asam Traneksamat,,", Dosis, Cara Pakai dan Efek Samping"",""meta_description"":""Tramadol adalah obat untuk mengatasi nyeri yang bersifat sedang hingga berat. Cari tau Dosis \u0026 Cara pakai, Efek Samping, dan lainnya di sini."",""meta_robots_index"":""index"",""meta_robots_follow"":""follow"",""thumbnail_url"":""https://s3-publish",Konsultasikan dengan dokter,Nyeri & Demam,,False,True,nyeri,Sumber: KlikDokter,,,,https://www.klikdokter.com/obat/obat-antinyeri/asam-traneksamat
Asamnex,,", Dosis, dan Efek Samping"",""meta_description"":""Leucogen adalah obat dengan kandungan filgrastim yang digunakan untuk mengurangi gejala infeksi yang disebabkan oleh kekurangan jumlah neutrofil dalam darah."",""meta_robots_index"":""index"",""meta_robots_follow"":""follow"",""thumbnail_url"":""https://s3-publishi",Konsultasikan dengan dokter,Herbal & Tradisional,,False,True,infeksi,Sumber: KlikDokter,,,,https://www.klikdokter.com/obat/obat-gangguan-darah/asamnex
Asamuric,,"dan Cara Pemakaian"",""meta_description"":""Informasi lengkap obat Propolis SM; Harga, Manfaat, Dosis \u0026 Cara Pakai, Kandungan, Efek Samping, dan lainnya di sini."",""meta_robots_index"":""index"",""meta_robots_follow"":""follow"",""thumbnail_url"":""https://s3-publishing-cmn-svc-prd.s3.ap-southeast-1.amazonaws",Konsultasikan dengan dokter,Herbal & Tradisional,,False,True,"dan cara pemakaian"",""meta_description"":""informasi lengkap ob",Sumber: KlikDokter,,,,https://www.klikdokter.com/obat/obat-herbal/asamuric
Ascardia,,", Dosis, dan Efek Samping"",""slug"":""candesartan-cilexetil-manfaat-dosis-dan-efek-samping"",""short_desc"":"" Candesartan Cilexetil adalah obat untuk menurunkan tekanan darah tinggi dan mengobati gagal jantung."",""url"":""obat-jantung/candesartan-cilexetil-manfaat-dosis-dan-efek-samping"",""amp_url"":"""",""canoni",Konsultasikan dengan dokter,Herbal & Tradisional,,False,True,", dosis, dan efek samping"",""slug"":""candesartan-cilexetil-man",Sumber: KlikDokter,,,,https://www.klikdokter.com/obat/obat-jantung/ascardia
Ascavin,,", dan Efek Samping"",""meta_description"":""Informasi lengkap obat Vitamin B Kompleks IPI; Harga, Manfaat, Dosis \u0026 Cara pakai, Kandungan, Efek Samping, dan lainnya di sini."",""meta_robots_index"":""index"",""meta_robots_follow"":""follow"",""type"":""obat"",""media_images"":[{""original"":""https://asset-cdn.medkom",Konsultasikan dengan dokter,Suplemen,,False,True,vitamin,Sumber: KlikDokter,,,,https://www.klikdokter.com/obat/vitamin-dan-suplemen-dewasa/ascavin
Ascoplex,,", dan Efek Samping"",""meta_description"":""Informasi lengkap obat Vitamin B Kompleks IPI; Harga, Manfaat, Dosis \u0026 Cara pakai, Kandungan, Efek Samping, dan lainnya di sini."",""meta_robots_index"":""index"",""meta_robots_follow"":""follow"",""type"":""obat"",""media_images"":[{""original"":""https://asset-cdn.medkom",Konsultasikan dengan dokter,Suplemen,,False,True,vitamin,Sumber: KlikDokter,,,,https://www.klikdokter.com/obat/vitamin-dan-suplemen-dewasa/ascoplex
Ascorbic Acid,,", Dosis, Efek Samping"" data-next-head=""""/>",Konsultasikan dengan dokter,Suplemen,,False,True,", dosis, efek samping"" data-next-head=""""/>",Sumber: KlikDokter,,,,https://www.klikdokter.com/obat/vitamin-dan-suplemen-dewasa/ascorbic-acid
Asedas,,", dan Efek Samping"",""meta_description"":""Informasi lengkap obat Vitamin B Kompleks IPI; Harga, Manfaat, Dosis \u0026 Cara pakai, Kandungan, Efek Samping, dan lainnya di sini."",""meta_robots_index"":""index"",""meta_robots_follow"":""follow"",""type"":""obat"",""media_images"":[{""original"":""https://asset-cdn.medkom",Konsultasikan dengan dokter,Suplemen,,False,True,vitamin,Sumber: KlikDokter,,,,https://www.klikdokter.com/obat/vitamin-dan-suplemen-dewasa/asedas
Asepso,,", Dosis &amp; Cara pakai, Kandungan, Efek Samping, dan lainnya di sini."" data-next-head=""""/>",Konsultasikan dengan dokter,Antijamur & Kulit,,False,True,", dosis &amp; cara pakai, kandungan, efek samping, dan lainn",Sumber: KlikDokter,,,https://s3-publishing-cmn-svc-prd.s3.ap-southeast-1.amazonaws.com/article/dSZPbF4vMaRXS5eMz00ME/original/055580600_1604319172-Awas-Sabun-Mandi-Ini-Bisa-Jadi-Pemicu-Kanker-shutterstock_769972390.jpg,https://www.klikdokter.com/obat/perawatan-kulit-dan-tubuh/asepso
Asepso Clean Soap,,", Dosis, dan Efek Samping"",""slug"":""blephasep-manfaat-dosis-dan-efek-samping"",""short_desc"":""Blephasep adalah produk kecantikan yang digunakan untuk membersihkan kelopak dan bulu mata dari debu, kotoran hingga minyak dengan kandungan babassu oil yang dibuat dalam bentuk sediaan gel. "",""url"":""perawatan",Konsultasikan dengan dokter,Antijamur & Kulit,,False,True,mata,Sumber: KlikDokter,,,,https://www.klikdokter.com/obat/perawatan-kulit-dan-tubuh/asepso-clean-soap
Asering Infus,,", Dosis &amp; Cara pakai, Kandungan, Efek Samping, dan lainnya di sini."" data-next-head=""""/>",Konsultasikan dengan dokter,Herbal & Tradisional,,False,True,", dosis &amp; cara pakai, kandungan, efek samping, dan lainn",Sumber: KlikDokter,,,https://s3-publishing-cmn-svc-prd.s3.ap-southeast-1.amazonaws.com/article/BWmLyf8xEYePC4VgbFRXi/original/006104700_1561358695-Darah-Naik-ke-Selang-Infus-Bahayakah-By-Still-AB-Shutterstock.jpg,https://www.klikdokter.com/obat/larutan-steril/asering-infus
Ashitabaqu,,"dan Cara Pemakaian"",""meta_description"":""Informasi lengkap obat Propolis SM; Harga, Manfaat, Dosis \u0026 Cara Pakai, Kandungan, Efek Samping, dan lainnya di sini."",""meta_robots_index"":""index"",""meta_robots_follow"":""follow"",""thumbnail_url"":""https://s3-publishing-cmn-svc-prd.s3.ap-southeast-1.amazonaws",Konsultasikan dengan dokter,Herbal & Tradisional,,False,True,"dan cara pemakaian"",""meta_description"":""informasi lengkap ob",Sumber: KlikDokter,,,,https://www.klikdokter.com/obat/obat-herbal/ashitabaqu
Asi Mommy,,"dan Cara Pemakaian"",""meta_description"":""Informasi lengkap obat Propolis SM; Harga, Manfaat, Dosis \u0026 Cara Pakai, Kandungan, Efek Samping, dan lainnya di sini."",""meta_robots_index"":""index"",""meta_robots_follow"":""follow"",""thumbnail_url"":""https://s3-publishing-cmn-svc-prd.s3.ap-southeast-1.amazonaws",Konsultasikan dengan dokter,Herbal & Tradisional,,False,True,"dan cara pemakaian"",""meta_description"":""informasi lengkap ob",Sumber: KlikDokter,,,,https://www.klikdokter.com/obat/obat-herbal/asi-mommy
Asicum,,", Dosis, Efek Samping"",""meta_description"":""Informasi lengkap obat Asifit; Harga, Manfaat, Dosis \u0026 Cara pakai, Kandungan, Efek Samping, dan lainnya di sini."",""meta_robots_index"":""index"",""meta_robots_follow"":""follow"",""thumbnail_url"":""https://s3-publishing-cmn-svc-prd.s3.ap-southeast-1.amazonaws.c",Konsultasikan dengan dokter,Herbal & Tradisional,,False,True,", dosis, efek samping"",""meta_description"":""informasi lengkap",Sumber: KlikDokter,,,,https://www.klikdokter.com/obat/vitamin-dan-suplemen-ibu/asicum
Asifast,,"dan Cara Pemakaian"",""meta_description"":""Informasi lengkap obat Propolis SM; Harga, Manfaat, Dosis \u0026 Cara Pakai, Kandungan, Efek Samping, dan lainnya di sini."",""meta_robots_index"":""index"",""meta_robots_follow"":""follow"",""thumbnail_url"":""https://s3-publishing-cmn-svc-prd.s3.ap-southeast-1.amazonaws",Konsultasikan dengan dokter,Herbal & Tradisional,,False,True,"dan cara pemakaian"",""meta_description"":""informasi lengkap ob",Sumber: KlikDokter,,,,https://www.klikdokter.com/obat/obat-herbal/asifast
Asifit,,", Dosis &amp; Cara pakai, Kandungan, Efek Samping, dan lainnya di sini."" data-next-head=""""/>",Konsultasikan dengan dokter,Herbal & Tradisional,,False,True,", dosis &amp; cara pakai, kandungan, efek samping, dan lainn",Sumber: KlikDokter,,,https://s3-publishing-cmn-svc-prd.s3.ap-southeast-1.amazonaws.com/drugs/VFEs0OHF-CCqViWrKbA_t/original/ojirnfmgx7f86sagbq4bus71b2yjm58m.png,https://www.klikdokter.com/obat/vitamin-dan-suplemen-ibu/asifit
Asimat,,", Dosis, dan Efek Samping"" data-next-head=""""/>",Konsultasikan dengan dokter,Nyeri & Demam,,False,True,", dosis, dan efek samping"" data-next-head=""""/>",Sumber: KlikDokter,,,https://s3-publishing-cmn-svc-prd.s3.ap-southeast-1.amazonaws.com/article/Fdy7ZYTc4K-BTTx1IDPyN/original/1666921504-Pusing.jpg,https://www.klikdokter.com/obat/obat-antinyeri/asimat
Asira,,"dan Cara Pemakaian"",""meta_description"":""Informasi lengkap obat Propolis SM; Harga, Manfaat, Dosis \u0026 Cara Pakai, Kandungan, Efek Samping, dan lainnya di sini."",""meta_robots_index"":""index"",""meta_robots_follow"":""follow"",""thumbnail_url"":""https://s3-publishing-cmn-svc-prd.s3.ap-southeast-1.amazonaws",Konsultasikan dengan dokter,Herbal & Tradisional,,False,True,"dan cara pemakaian"",""meta_description"":""informasi lengkap ob",Sumber: KlikDokter,,,,https://www.klikdokter.com/obat/obat-herbal/asira
Askamex,,", Dosis, dan Efek Samping"",""meta_description"":""Promag adalah yang digunakan untuk menetralisir kelebihan asam lambung. Promag mengandung hydrotalcite, magnesium hidroksida dan simethicone, "",""meta_robots_index"":""index"",""meta_robots_follow"":""follow"",""thumbnail_url"":""https://s3-publishing-cmn-svc-prd.",Konsultasikan dengan dokter,Pencernaan & Diare,,False,True,lambung,Sumber: KlikDokter,,,,https://www.klikdokter.com/obat/obat-gangguan-pencernaan/askamex
Asmadex,,", Dosis, Cara Penggunaan dan Efek Samping"",""meta_description"":""Salbutamol adalah obat yang digunakan meringankan gangguan pernafasan seperti asma dan bronkitis kronis. Cari tau salbutamol manfaat, dosis, dan efek sampingnya."",""meta_robots_index"":""index"",""meta_robots_follow"":""follow"",""thumbnail_url"":",Konsultasikan dengan dokter,Herbal & Tradisional,,False,True,", dosis, cara penggunaan dan efek samping"",""meta_description",Sumber: KlikDokter,,,,https://www.klikdokter.com/obat/obat-asma-dan-gangguan-pernapasan/asmadex
Asmasolon,,", Dosis, Cara Penggunaan dan Efek Samping"",""meta_description"":""Salbutamol adalah obat yang digunakan meringankan gangguan pernafasan seperti asma dan bronkitis kronis. Cari tau salbutamol manfaat, dosis, dan efek sampingnya."",""meta_robots_index"":""index"",""meta_robots_follow"":""follow"",""thumbnail_url"":",Konsultasikan dengan dokter,Herbal & Tradisional,,False,True,", dosis, cara penggunaan dan efek samping"",""meta_description",Sumber: KlikDokter,,,,https://www.klikdokter.com/obat/obat-asma-dan-gangguan-pernapasan/asmasolon
Asmurafit,,"dan Cara Pemakaian"",""meta_description"":""Informasi lengkap obat Propolis SM; Harga, Manfaat, Dosis \u0026 Cara Pakai, Kandungan, Efek Samping, dan lainnya di sini."",""meta_robots_index"":""index"",""meta_robots_follow"":""follow"",""thumbnail_url"":""https://s3-publishing-cmn-svc-prd.s3.ap-southeast-1.amazonaws",Konsultasikan dengan dokter,Herbal & Tradisional,,False,True,"dan cara pemakaian"",""meta_description"":""informasi lengkap ob",Sumber: KlikDokter,,,,https://www.klikdokter.com/obat/obat-herbal/asmurafit
Asmurakho,,"dan Cara Pemakaian"",""meta_description"":""Informasi lengkap obat Propolis SM; Harga, Manfaat, Dosis \u0026 Cara Pakai, Kandungan, Efek Samping, dan lainnya di sini."",""meta_robots_index"":""index"",""meta_robots_follow"":""follow"",""thumbnail_url"":""https://s3-publishing-cmn-svc-prd.s3.ap-southeast-1.amazonaws",Konsultasikan dengan dokter,Herbal & Tradisional,,False,True,"dan cara pemakaian"",""meta_description"":""informasi lengkap ob",Sumber: KlikDokter,,,,https://www.klikdokter.com/obat/obat-herbal/asmurakho
Asmurathib,,"dan Cara Pemakaian"",""meta_description"":""Informasi lengkap obat Propolis SM; Harga, Manfaat, Dosis \u0026 Cara Pakai, Kandungan, Efek Samping, dan lainnya di sini."",""meta_robots_index"":""index"",""meta_robots_follow"":""follow"",""thumbnail_url"":""https://s3-publishing-cmn-svc-prd.s3.ap-southeast-1.amazonaws",Konsultasikan dengan dokter,Herbal & Tradisional,,False,True,"dan cara pemakaian"",""meta_description"":""informasi lengkap ob",Sumber: KlikDokter,,,,https://www.klikdokter.com/obat/obat-herbal/asmurathib
Asonfen,,", Dosis &amp; Cara pakai, Kandungan, Efek Samping, dan lainnya di sini."" data-next-head=""""/>",Konsultasikan dengan dokter,Nyeri & Demam,,False,True,", dosis &amp; cara pakai, kandungan, efek samping, dan lainn",Sumber: KlikDokter,,,https://s3-publishing-cmn-svc-prd.s3.ap-southeast-1.amazonaws.com/article/82mGJVGwxfEc-4ljdFo1G/original/093530100_1605267823-Pilihan-Obat-Dermatitis-Atopik-Sesuai-Kondisi-Kulit-shutterstock_579017614.jpg,https://www.klikdokter.com/obat/obat-antiinflamasi/asonfen
Aspar K,,", Dosis &amp; Cara pakai, Kandungan, Efek Samping, dan lainnya di sini."" data-next-head=""""/>",Konsultasikan dengan dokter,Herbal & Tradisional,,False,True,", dosis &amp; cara pakai, kandungan, efek samping, dan lainn",Sumber: KlikDokter,,,https://s3-publishing-cmn-svc-prd.s3.ap-southeast-1.amazonaws.com/article/R0Duczs5Ds7qYpCsW4E_7/original/065638800_1629361335-Hipokalemia.jpg,https://www.klikdokter.com/obat/obat-gangguan-hormon-dan-kesuburan/aspar-k
Aspil,,", Dosis, dan Efek Samping"",""meta_description"":""Informasi lengkap obat Yusimox; Harga, Manfaat, Dosis \u0026 Cara pakai, Kandungan, Efek Samping, dan lainnya di sini."",""meta_robots_index"":""index"",""meta_robots_follow"":""follow"",""thumbnail_url"":""https://s3-publishing-cmn-svc-prd.s3.ap-southeast-1.amazon",Konsultasikan dengan dokter,Flu & Pilek,,False,True,", dosis, dan efek samping"",""meta_description"":""informasi len",Sumber: KlikDokter,,,,https://www.klikdokter.com/obat/obat-antibiotik/aspil
Aspilets,,", Dosis &amp; Cara pakai, Kandungan, Efek Samping, dan lainnya di sini."" data-next-head=""""/>",Konsultasikan dengan dokter,Herbal & Tradisional,,False,True,", dosis &amp; cara pakai, kandungan, efek samping, dan lainn",Sumber: KlikDokter,,,https://s3-publishing-cmn-svc-prd.s3.ap-southeast-1.amazonaws.com/article/ue887w9qsksdaHpBbYCB0/original/085362500_1615791142-beda-serangan-jantung-gagal-jantung-dan-henti-jantung.jpg,https://www.klikdokter.com/obat/obat-jantung/aspilets
Aspirin,,", Dosis &amp; Cara pakai, Kandungan, Efek Samping, dan lainnya di sini."" data-next-head=""""/>",Konsultasikan dengan dokter,Nyeri & Demam,,False,True,", dosis &amp; cara pakai, kandungan, efek samping, dan lainn",Sumber: KlikDokter,,,https://s3-publishing-cmn-svc-prd.s3.ap-southeast-1.amazonaws.com/article/v3z52llAlvIFcaeHPmIKu/original/043913000_1638490446-Aspirin-.jpg,https://www.klikdokter.com/obat/obat-antinyeri/aspirin
Asrep Herba,,"dan Cara Pemakaian"",""meta_description"":""Informasi lengkap obat Propolis SM; Harga, Manfaat, Dosis \u0026 Cara Pakai, Kandungan, Efek Samping, dan lainnya di sini."",""meta_robots_index"":""index"",""meta_robots_follow"":""follow"",""thumbnail_url"":""https://s3-publishing-cmn-svc-prd.s3.ap-southeast-1.amazonaws",Konsultasikan dengan dokter,Herbal & Tradisional,,False,True,"dan cara pemakaian"",""meta_description"":""informasi lengkap ob",Sumber: KlikDokter,,,,https://www.klikdokter.com/obat/obat-herbal/asrep-herba
Asrirapat,,"dan Cara Pemakaian"",""meta_description"":""Informasi lengkap obat Propolis SM; Harga, Manfaat, Dosis \u0026 Cara Pakai, Kandungan, Efek Samping, dan lainnya di sini."",""meta_robots_index"":""index"",""meta_robots_follow"":""follow"",""thumbnail_url"":""https://s3-publishing-cmn-svc-prd.s3.ap-southeast-1.amazonaws",Konsultasikan dengan dokter,Herbal & Tradisional,,False,True,"dan cara pemakaian"",""meta_description"":""informasi lengkap ob",Sumber: KlikDokter,,,,https://www.klikdokter.com/obat/obat-herbal/asrirapat
Asta Plus,,", Dosis &amp; Cara pakai, Kandungan, Efek Samping, dan lainnya di sini."" data-next-head=""""/>",Konsultasikan dengan dokter,Suplemen,,False,True,", dosis &amp; cara pakai, kandungan, efek samping, dan lainn",Sumber: KlikDokter,,,https://s3-publishing-cmn-svc-prd.s3.ap-southeast-1.amazonaws.com/drugs/LpIFldegN4dH0CXG1dY7G/original/1675646730-Asta%20Plus.jpg,https://www.klikdokter.com/obat/vitamin-dan-suplemen-dewasa/asta-plus
Astabron Herba,,"dan Cara Pemakaian"",""meta_description"":""Informasi lengkap obat Propolis SM; Harga, Manfaat, Dosis \u0026 Cara Pakai, Kandungan, Efek Samping, dan lainnya di sini."",""meta_robots_index"":""index"",""meta_robots_follow"":""follow"",""thumbnail_url"":""https://s3-publishing-cmn-svc-prd.s3.ap-southeast-1.amazonaws",Konsultasikan dengan dokter,Herbal & Tradisional,,False,True,"dan cara pemakaian"",""meta_description"":""informasi lengkap ob",Sumber: KlikDokter,,,,https://www.klikdokter.com/obat/obat-herbal/astabron-herba
Astamax,,", dan Efek Samping"",""meta_description"":""Informasi lengkap obat Vitamin B Kompleks IPI; Harga, Manfaat, Dosis \u0026 Cara pakai, Kandungan, Efek Samping, dan lainnya di sini."",""meta_robots_index"":""index"",""meta_robots_follow"":""follow"",""type"":""obat"",""media_images"":[{""original"":""https://asset-cdn.medkom",Konsultasikan dengan dokter,Suplemen,,False,True,vitamin,Sumber: KlikDokter,,,,https://www.klikdokter.com/obat/vitamin-dan-suplemen-dewasa/astamax
Astamor,,", dan Efek Samping"",""meta_description"":""Informasi lengkap obat Vitamin B Kompleks IPI; Harga, Manfaat, Dosis \u0026 Cara pakai, Kandungan, Efek Samping, dan lainnya di sini."",""meta_robots_index"":""index"",""meta_robots_follow"":""follow"",""type"":""obat"",""media_images"":[{""original"":""https://asset-cdn.medkom",Konsultasikan dengan dokter,Suplemen,,False,True,vitamin,Sumber: KlikDokter,,,,https://www.klikdokter.com/obat/vitamin-dan-suplemen-dewasa/astamor
Astar C,,", dan Efek Samping"",""meta_description"":""Informasi lengkap obat Vitamin B Kompleks IPI; Harga, Manfaat, Dosis \u0026 Cara pakai, Kandungan, Efek Samping, dan lainnya di sini."",""meta_robots_index"":""index"",""meta_robots_follow"":""follow"",""type"":""obat"",""media_images"":[{""original"":""https://asset-cdn.medkom",Konsultasikan dengan dokter,Suplemen,,False,True,vitamin,Sumber: KlikDokter,,,,https://www.klikdokter.com/obat/vitamin-dan-suplemen-dewasa/astar-c
Astatin,,", dan Efek Samping"",""meta_description"":""Informasi lengkap obat Vitamin B Kompleks IPI; Harga, Manfaat, Dosis \u0026 Cara pakai, Kandungan, Efek Samping, dan lainnya di sini."",""meta_robots_index"":""index"",""meta_robots_follow"":""follow"",""type"":""obat"",""media_images"":[{""original"":""https://asset-cdn.medkom",Konsultasikan dengan dokter,Suplemen,,False,True,vitamin,Sumber: KlikDokter,,,,https://www.klikdokter.com/obat/vitamin-dan-suplemen-dewasa/astatin
Astaxanthin Natural MPL,,", dan Efek Samping"",""meta_description"":""Informasi lengkap obat Vitamin B Kompleks IPI; Harga, Manfaat, Dosis \u0026 Cara pakai, Kandungan, Efek Samping, dan lainnya di sini."",""meta_robots_index"":""index"",""meta_robots_follow"":""follow"",""type"":""obat"",""media_images"":[{""original"":""https://asset-cdn.medkom",Konsultasikan dengan dokter,Suplemen,,False,True,vitamin,Sumber: KlikDokter,,,,https://www.klikdokter.com/obat/vitamin-dan-suplemen-dewasa/astaxanthin-natural-mpl
Asthafull,,", dan Efek Samping"",""meta_description"":""Informasi lengkap obat Vitamin B Kompleks IPI; Harga, Manfaat, Dosis \u0026 Cara pakai, Kandungan, Efek Samping, dan lainnya di sini."",""meta_robots_index"":""index"",""meta_robots_follow"":""follow"",""type"":""obat"",""media_images"":[{""original"":""https://asset-cdn.medkom",Konsultasikan dengan dokter,Suplemen,,False,True,vitamin,Sumber: KlikDokter,,,,https://www.klikdokter.com/obat/vitamin-dan-suplemen-dewasa/asthafull
Astharol,,", Dosis, Cara Penggunaan dan Efek Samping"",""meta_description"":""Salbutamol adalah obat yang digunakan meringankan gangguan pernafasan seperti asma dan bronkitis kronis. Cari tau salbutamol manfaat, dosis, dan efek sampingnya."",""meta_robots_index"":""index"",""meta_robots_follow"":""follow"",""thumbnail_url"":",Konsultasikan dengan dokter,Herbal & Tradisional,,False,True,", dosis, cara penggunaan dan efek samping"",""meta_description",Sumber: KlikDokter,,,,https://www.klikdokter.com/obat/obat-asma-dan-gangguan-pernapasan/astharol
Astherin,,", Dosis, Cara Penggunaan dan Efek Samping"",""meta_description"":""Salbutamol adalah obat yang digunakan meringankan gangguan pernafasan seperti asma dan bronkitis kronis. Cari tau salbutamol manfaat, dosis, dan efek sampingnya."",""meta_robots_index"":""index"",""meta_robots_follow"":""follow"",""thumbnail_url"":",Konsultasikan dengan dokter,Herbal & Tradisional,,False,True,", dosis, cara penggunaan dan efek samping"",""meta_description",Sumber: KlikDokter,,,,https://www.klikdokter.com/obat/obat-asma-dan-gangguan-pernapasan/astherin
Asthin B-Ond,,", Dosis, dan Efek Samping"" data-next-head=""""/>",Konsultasikan dengan dokter,Suplemen,,False,True,", dosis, dan efek samping"" data-next-head=""""/>",Sumber: KlikDokter,,,https://s3-publishing-cmn-svc-prd.s3.ap-southeast-1.amazonaws.com/drugs/3Ye5ri2S09vdNg5NcO6wp/original/uihaqdozik2bwnve9qh11abre86s9sj7.png,https://www.klikdokter.com/obat/vitamin-dan-suplemen-dewasa/asthin-b-ond
Asthin Cor,,", dan Efek Samping"",""meta_description"":""Informasi lengkap obat Vitamin B Kompleks IPI; Harga, Manfaat, Dosis \u0026 Cara pakai, Kandungan, Efek Samping, dan lainnya di sini."",""meta_robots_index"":""index"",""meta_robots_follow"":""follow"",""type"":""obat"",""media_images"":[{""original"":""https://asset-cdn.medkom",Konsultasikan dengan dokter,Suplemen,,False,True,vitamin,Sumber: KlikDokter,,,,https://www.klikdokter.com/obat/vitamin-dan-suplemen-dewasa/asthin-cor
Asthin Force Kapsul,,", Dosis, dan Efek Samping"" data-next-head=""""/>",Konsultasikan dengan dokter,Suplemen,,False,True,", dosis, dan efek samping"" data-next-head=""""/>",Sumber: KlikDokter,,,https://s3-publishing-cmn-svc-prd.s3.ap-southeast-1.amazonaws.com/drugs/DBVneTy2toYSFTKKl7RCw/original/VTS0005439.jpg,https://www.klikdokter.com/obat/vitamin-dan-suplemen-dewasa/asthin-force
Asthin Force Cream,,", Dosis, dan Efek Samping "" data-next-head=""""/>",Konsultasikan dengan dokter,Suplemen,,False,True,", dosis, dan efek samping "" data-next-head=""""/>",Sumber: KlikDokter,,,,https://www.klikdokter.com/obat/vitamin-dan-suplemen-dewasa/asthin-force-cream
Asthin Force Gel,,", dan Efek Samping"",""meta_description"":""Informasi lengkap obat Vitamin B Kompleks IPI; Harga, Manfaat, Dosis \u0026 Cara pakai, Kandungan, Efek Samping, dan lainnya di sini."",""meta_robots_index"":""index"",""meta_robots_follow"":""follow"",""type"":""obat"",""media_images"":[{""original"":""https://asset-cdn.medkom",Konsultasikan dengan dokter,Suplemen,,False,True,vitamin,Sumber: KlikDokter,,,,https://www.klikdokter.com/obat/vitamin-dan-suplemen-dewasa/asthin-force-gel
Asthma Soho,,", Dosis, Cara Penggunaan dan Efek Samping"",""meta_description"":""Salbutamol adalah obat yang digunakan meringankan gangguan pernafasan seperti asma dan bronkitis kronis. Cari tau salbutamol manfaat, dosis, dan efek sampingnya."",""meta_robots_index"":""index"",""meta_robots_follow"":""follow"",""thumbnail_url"":",Konsultasikan dengan dokter,Herbal & Tradisional,,False,True,", dosis, cara penggunaan dan efek samping"",""meta_description",Sumber: KlikDokter,,,,https://www.klikdokter.com/obat/obat-asma-dan-gangguan-pernapasan/asthma-soho
Astifen,,", Dosis, Cara Penggunaan dan Efek Samping"",""meta_description"":""Salbutamol adalah obat yang digunakan meringankan gangguan pernafasan seperti asma dan bronkitis kronis. Cari tau salbutamol manfaat, dosis, dan efek sampingnya."",""meta_robots_index"":""index"",""meta_robots_follow"":""follow"",""thumbnail_url"":",Konsultasikan dengan dokter,Herbal & Tradisional,,False,True,", dosis, cara penggunaan dan efek samping"",""meta_description",Sumber: KlikDokter,,,,https://www.klikdokter.com/obat/obat-asma-dan-gangguan-pernapasan/astifen
Astika,,", Dosis, dan Efek Samping"",""meta_description"":""Informasi lengkap obat Yusimox; Harga, Manfaat, Dosis \u0026 Cara pakai, Kandungan, Efek Samping, dan lainnya di sini."",""meta_robots_index"":""index"",""meta_robots_follow"":""follow"",""thumbnail_url"":""https://s3-publishing-cmn-svc-prd.s3.ap-southeast-1.amazon",Konsultasikan dengan dokter,Flu & Pilek,,False,True,", dosis, dan efek samping"",""meta_description"":""informasi len",Sumber: KlikDokter,,,,https://www.klikdokter.com/obat/obat-antibiotik/astika
Astina,,", dan Efek Samping"",""meta_description"":""Informasi lengkap obat Vitamin B Kompleks IPI; Harga, Manfaat, Dosis \u0026 Cara pakai, Kandungan, Efek Samping, dan lainnya di sini."",""meta_robots_index"":""index"",""meta_robots_follow"":""follow"",""type"":""obat"",""media_images"":[{""original"":""https://asset-cdn.medkom",Konsultasikan dengan dokter,Suplemen,,False,True,vitamin,Sumber: KlikDokter,,,,https://www.klikdokter.com/obat/vitamin-dan-suplemen-dewasa/astina
Astinox,,", dan Efek Samping"",""meta_description"":""Informasi lengkap obat Vitamin B Kompleks IPI; Harga, Manfaat, Dosis \u0026 Cara pakai, Kandungan, Efek Samping, dan lainnya di sini."",""meta_robots_index"":""index"",""meta_robots_follow"":""follow"",""type"":""obat"",""media_images"":[{""original"":""https://asset-cdn.medkom",Konsultasikan dengan dokter,Suplemen,,False,True,vitamin,Sumber: KlikDokter,,,,https://www.klikdokter.com/obat/vitamin-dan-suplemen-dewasa/astinox
Astma Soho,,", Dosis, Cara Penggunaan dan Efek Samping"",""meta_description"":""Salbutamol adalah obat yang digunakan meringankan gangguan pernafasan seperti asma dan bronkitis kronis. Cari tau salbutamol manfaat, dosis, dan efek sampingnya."",""meta_robots_index"":""index"",""meta_robots_follow"":""follow"",""thumbnail_url"":",Konsultasikan dengan dokter,Herbal & Tradisional,,False,True,", dosis, cara penggunaan dan efek samping"",""meta_description",Sumber: KlikDokter,,,,https://www.klikdokter.com/obat/obat-asma-dan-gangguan-pernapasan/astma-soho
Astramuno,,", dan Efek Samping"",""meta_description"":""Informasi lengkap obat Vitamin B Kompleks IPI; Harga, Manfaat, Dosis \u0026 Cara pakai, Kandungan, Efek Samping, dan lainnya di sini."",""meta_robots_index"":""index"",""meta_robots_follow"":""follow"",""type"":""obat"",""media_images"":[{""original"":""https://asset-cdn.medkom",Konsultasikan dengan dokter,Suplemen,,False,True,vitamin,Sumber: KlikDokter,,,,https://www.klikdokter.com/obat/vitamin-dan-suplemen-dewasa/astramuno
Astria,,", Dosis &amp; Cara pakai, Kandungan, Efek Samping, dan lainnya di sini."" data-next-head=""""/>",Konsultasikan dengan dokter,Suplemen,,False,True,", dosis &amp; cara pakai, kandungan, efek samping, dan lainn",Sumber: KlikDokter,,,https://s3-publishing-cmn-svc-prd.s3.ap-southeast-1.amazonaws.com/drugs/lJxm_JXYXSOaaXJBNseQ_/original/1660756068-VTS0000800.jpg,https://www.klikdokter.com/obat/vitamin-dan-suplemen-dewasa/astria
Asur Jamil,,"dan Cara Pemakaian"",""meta_description"":""Informasi lengkap obat Propolis SM; Harga, Manfaat, Dosis \u0026 Cara Pakai, Kandungan, Efek Samping, dan lainnya di sini."",""meta_robots_index"":""index"",""meta_robots_follow"":""follow"",""thumbnail_url"":""https://s3-publishing-cmn-svc-prd.s3.ap-southeast-1.amazonaws",Konsultasikan dengan dokter,Herbal & Tradisional,,False,True,"dan cara pemakaian"",""meta_description"":""informasi lengkap ob",Sumber: KlikDokter,,,,https://www.klikdokter.com/obat/obat-herbal/asur-jamil
Asurmed,,"dan Cara Pemakaian"",""meta_description"":""Informasi lengkap obat Propolis SM; Harga, Manfaat, Dosis \u0026 Cara Pakai, Kandungan, Efek Samping, dan lainnya di sini."",""meta_robots_index"":""index"",""meta_robots_follow"":""follow"",""thumbnail_url"":""https://s3-publishing-cmn-svc-prd.s3.ap-southeast-1.amazonaws",Konsultasikan dengan dokter,Herbal & Tradisional,,False,True,"dan cara pemakaian"",""meta_description"":""informasi lengkap ob",Sumber: KlikDokter,,,,https://www.klikdokter.com/obat/obat-herbal/asurmed
Asvex,,", Dosis &amp; Cara pakai, Kandungan, Efek Samping, dan lainnya di sini."" data-next-head=""""/>",Konsultasikan dengan dokter,Flu & Pilek,,False,True,", dosis &amp; cara pakai, kandungan, efek samping, dan lainn",Sumber: KlikDokter,,,https://s3-publishing-cmn-svc-prd.s3.ap-southeast-1.amazonaws.com/article/A8IqJIMoNnW5lcXYr5Ox8/original/1674723860-Untitled%20design%2834%29.jpg,https://www.klikdokter.com/obat/obat-batuk-pilek-dan-flu/asvex
Asylate,,", Dosis, dan Efek Samping"",""meta_description"":""Mediresix adalah obat yang mengandung furosemide untuk mengatasi hipertensi dan pembengkakan pada jaringan. Ini dosis minum, manfaat, dan efek sampingnya."",""meta_robots_index"":""index"",""meta_robots_follow"":""follow"",""thumbnail_url"":""https://s3-publishing-",Konsultasikan dengan dokter,Nyeri & Demam,,False,True,", dosis, dan efek samping"",""meta_description"":""mediresix ada",Sumber: KlikDokter,,,,https://www.klikdokter.com/obat/obat-hipertensi/asylate
Atagip,,", Dosis &amp; Cara pakai, Kandungan, Efek Samping, dan lainnya di sini."" data-next-head=""""/>",Konsultasikan dengan dokter,Herbal & Tradisional,,False,True,", dosis &amp; cara pakai, kandungan, efek samping, dan lainn",Sumber: KlikDokter,,,https://s3-publishing-cmn-svc-prd.s3.ap-southeast-1.amazonaws.com/article/MhS7Zo-9JuJNeH7rsyzqh/original/1662608621-Membedakan%20Diare%20Akut%20dan%20Diare%20Kronis.jpg,https://www.klikdokter.com/obat/obat-diare/atagip
Atarax,,", Dosis &amp; Cara minum, Kandungan, Efek Samping, dan lainnya di sini."" data-next-head=""""/>",Konsultasikan dengan dokter,Herbal & Tradisional,,False,True,", dosis &amp; cara minum, kandungan, efek samping, dan lainn",Sumber: KlikDokter,,,https://s3-publishing-cmn-svc-prd.s3.ap-southeast-1.amazonaws.com/article/l135zRVS-pXdqN361aXDb/original/1683788144-gangguan%20kecemasan.jpg,https://www.klikdokter.com/obat/obat-gangguan-saraf/atarax
Ataroc,,", Dosis &amp; Cara pakai, Kandungan, Efek Samping, dan lainnya di sini."" data-next-head=""""/>",Konsultasikan dengan dokter,Herbal & Tradisional,,False,True,", dosis &amp; cara pakai, kandungan, efek samping, dan lainn",Sumber: KlikDokter,,,https://s3-publishing-cmn-svc-prd.s3.ap-southeast-1.amazonaws.com/drugs/cHdXJb5ahYOa0Twr6kl0A/original/OBT0005446.jpg,https://www.klikdokter.com/obat/obat-asma-dan-gangguan-pernapasan/ataroc
Atenolol,,", Dosis, dan Efek Samping"",""slug"":""candesartan-cilexetil-manfaat-dosis-dan-efek-samping"",""short_desc"":"" Candesartan Cilexetil adalah obat untuk menurunkan tekanan darah tinggi dan mengobati gagal jantung."",""url"":""obat-jantung/candesartan-cilexetil-manfaat-dosis-dan-efek-samping"",""amp_url"":"""",""canoni",Konsultasikan dengan dokter,Herbal & Tradisional,,False,True,", dosis, dan efek samping"",""slug"":""candesartan-cilexetil-man",Sumber: KlikDokter,,,,https://www.klikdokter.com/obat/obat-jantung/atenolol
